34200.583939553,1,1,100,1396031,1
34201.165926878,5,1,100,1396031,1
34201.492587388,1,2,100,1399877,1
34201.793991298,1,3,100,1399988,1
34202.284779559,3,2,100,1399877,1
34203.520721367,1,4,100,1402636,-1
34203.811833721,5,3,100,1399988,1
34205.15148262,5,4,100,1402636,-1
34205.916032282,1,5,100,1399108,1
34206.653024955,5,5,100,1399108,1
34207.312931248,1,6,100,1401135,1
34207.580375354,3,6,100,1401135,1
34208.284555043,1,7,100,1403455,-1
34208.595470084,3,7,100,1403455,-1
34209.132295486,1,8,100,1406681,-1
34209.872841438,3,8,100,1406681,-1
34210.523410418,1,9,100,1405245,-1
34211.233711817,1,10,100,1406748,-1
34211.526857642,5,9,100,1405245,-1
34212.083665729,1,11,100,1403038,1
34212.460872011,1,12,100,1402507,1
34213.135500272,1,13,100,1405365,-1
34213.597560068,1,14,100,1403972,1
34214.31395076,3,13,100,1405365,-1
34214.843045119,1,15,100,1403356,1
34215.381175307,1,16,100,1401641,1
34215.742068902,1,17,100,1408856,-1
34216.28671142,1,18,100,1404737,1
34216.708866777,3,15,100,1403356,1
34217.347481886,1,19,100,1409433,-1
34217.760556535,1,20,100,1405229,1
34218.08659528,1,21,100,1407091,1
34218.399213867,4,17,100,1408856,-1
34218.955616016,1,22,100,1407973,-1
34219.424885422,1,23,100,1404737,1
34219.759236706,1,24,100,1409192,1
34220.155808878,1,25,100,1406788,1
34220.671759294,1,26,100,1410377,1
34221.890126723,1,27,100,1402827,1
34222.932334233,3,11,100,1403038,1
34223.284212265,1,28,100,1405354,1
34223.686453935,4,21,100,1407091,1
34224.190854492,1,29,100,1408841,-1
34224.555849468,1,30,100,1407215,-1
34224.883886504,1,31,100,1407733,-1
34226.615121561,1,32,100,1409386,-1
34227.054509607,1,33,100,1407596,-1
34227.400253671,3,10,100,1406748,-1
34227.688498965,1,34,100,1405971,1
34228.45939676,1,35,100,1403076,1
34228.783890308,3,23,100,1404737,1
34229.518118667,1,36,100,1399335,1
34230.176458099,3,35,100,1403076,1
34231.225371042,5,12,100,1402507,1
34231.496106588,1,37,100,1404162,1
34232.082433437,3,19,100,1409433,-1
34232.398217531,1,38,100,1402190,1
34232.807862237,1,39,100,1405053,-1
34233.282609349,1,40,100,1411958,-1
34233.948971426,3,28,100,1405354,1
34234.593337051,5,37,100,1404162,1
34235.04495827,5,34,100,1405971,1
34235.565376404,5,36,100,1399335,1
34236.027916158,4,39,100,1405053,-1
34236.67162449,1,41,100,1401969,1
34237.338765357,1,42,100,1408795,-1
34238.059432389,4,26,100,1410377,1
34238.543275629,3,32,100,1409386,-1
34238.815323525,4,14,100,1403972,1
34239.107914723,1,43,100,1403032,1
34239.859903818,1,44,100,1401761,1
34240.304982469,1,45,100,1403828,-1
34240.733386685,1,46,100,1402430,1
34241.452285898,1,47,100,1403316,-1
34241.872998731,1,48,100,1397822,1
34242.418885904,1,49,100,1400600,-1
34243.122277291,1,50,100,1393763,1
34243.71595058,5,44,100,1401761,1
34244.437849274,1,51,100,1399249,-1
34245.189751546,4,46,100,1402430,1
34245.949212486,4,25,100,1406788,1
34246.316480694,5,41,100,1401969,1
34246.979745439,4,50,100,1393763,1
34247.355052453,3,29,100,1408841,-1
34247.718078297,3,20,100,1405229,1
34248.332723345,1,52,100,1393742,-1
34249.069172735,4,38,100,1402190,1
34249.335700856,5,22,100,1407973,-1
34249.911602258,3,45,100,1403828,-1
34251.944131368,1,53,100,1390139,-1
34252.359335801,3,33,100,1407596,-1
34252.762043025,1,54,100,1388022,-1
34253.395668416,1,55,100,1388281,-1
34253.9027831,3,40,100,1411958,-1
34254.644573888,1,56,100,1388071,-1
34255.207228223,3,56,100,1388071,-1
34255.592879842,1,57,100,1383259,1
34256.224203248,1,58,100,1386866,1
34256.659499923,3,27,100,1402827,1
34257.294761003,1,59,100,1385719,-1
34258.063566494,1,60,100,1390034,-1
34258.687582135,3,47,100,1403316,-1
34259.168158541,5,16,100,1401641,1
34259.62647012,1,61,100,1390375,-1
34260.028260827,3,43,100,1403032,1
34260.738935678,5,49,100,1400600,-1
34261.278494456,1,62,100,1386405,1
34262.052540054,1,63,100,1390726,-1
34263.35278222,1,64,100,1391258,-1
34263.708233385,5,59,100,1385719,-1
34264.377934963,3,31,100,1407733,-1
34265.343806171,3,57,100,1383259,1
34266.005722154,3,63,100,1390726,-1
34266.711557893,3,30,100,1407215,-1
34267.287400593,4,48,100,1397822,1
34267.626782066,4,18,100,1404737,1
34268.257963331,1,65,100,1385095,1
34268.818277487,1,66,100,1388177,1
34269.588577004,5,62,100,1386405,1
34270.130953012,3,51,100,1399249,-1
34270.899967426,3,66,100,1388177,1
34271.3235087,4,24,100,1409192,1
34272.045740459,4,53,100,1390139,-1
34273.154362716,1,67,100,1389931,1
34274.25564252,4,64,100,1391258,-1
34274.62570252,1,68,100,1386846,1
34274.968467692,1,69,100,1391052,-1
34275.695133207,1,70,100,1391515,-1
34275.99799789,3,55,100,1388281,-1
34276.669080581,5,65,100,1385095,1
34277.311430879,3,67,100,1389931,1
34277.621387259,4,68,100,1386846,1
34278.07692924,5,70,100,1391515,-1
34278.3449854,3,42,100,1408795,-1
34279.22260144,1,71,100,1393434,-1
34279.937218398,1,72,100,1388672,1
34280.679222659,1,73,100,1393448,-1
34281.259103356,4,60,100,1390034,-1
34282.042783833,1,74,100,1389822,1
34282.750287578,3,54,100,1388022,-1
34283.135767045,5,69,100,1391052,-1
34283.646327483,4,72,100,1388672,1
34284.399254849,1,75,100,1388147,1
34284.963886763,4,71,100,1393434,-1
34285.330440558,4,73,100,1393448,-1
34286.378688675,3,58,100,1386866,1
34287.078707802,4,52,100,1393742,-1
34287.568076082,4,61,100,1390375,-1
34288.909332568,1,76,100,1397103,-1
34289.259546313,5,76,100,1397103,-1
34290.01882648,1,77,100,1396113,-1
34290.663470359,4,75,100,1388147,1
34291.434802019,1,78,100,1389031,1
34292.082456207,1,79,100,1390177,1
34292.768052549,4,74,100,1389822,1
34293.22887011,3,79,100,1390177,1
34294.228146453,1,80,100,1397716,-1
34294.687748603,1,81,100,1394393,-1
34294.960173934,3,78,100,1389031,1
34295.728684063,5,80,100,1397716,-1
34296.417413492,4,81,100,1394393,-1
34296.862453675,1,82,100,1389768,-1
34297.199894112,1,83,100,1394058,-1
34297.521128403,3,83,100,1394058,-1
34298.093674969,3,82,100,1389768,-1
34298.797256091,4,77,100,1396113,-1
34299.47355654,1,84,100,1391445,-1
34299.828108291,1,85,100,1385554,1
34300.976299691,1,86,100,1392546,-1
34301.419495994,1,87,100,1388359,1
34301.763876419,3,87,100,1388359,1
34302.395879571,1,88,100,1390871,1
34303.834507316,1,89,100,1391967,1
34304.447313636,1,90,100,1397021,-1
34304.978463139,4,84,100,1391445,-1
34305.699929463,1,91,100,1390083,1
34306.111388209,3,90,100,1397021,-1
34306.810816129,1,92,100,1388358,1
34307.511225628,4,91,100,1390083,1
34308.147599119,1,93,100,1386437,1
34308.92924768,5,92,100,1388358,1
34309.662712389,3,93,100,1386437,1
34310.077108201,3,89,100,1391967,1
34310.395057446,1,94,100,1388123,-1
34310.925807856,1,95,100,1386467,-1
34311.453569103,1,96,100,1386527,1
34312.123573807,4,85,100,1385554,1
34312.890676579,4,88,100,1390871,1
34313.549567773,1,97,100,1387365,-1
34314.160132048,4,96,100,1386527,1
34314.817497949,5,97,100,1387365,-1
34315.209629238,1,98,100,1384441,1
34315.91169936,3,94,100,1388123,-1
34316.439918753,4,95,100,1386467,-1
34316.987864141,1,99,100,1386147,1
34317.574266741,4,98,100,1384441,1
34317.861471479,4,86,100,1392546,-1
34318.461710226,5,99,100,1386147,1
34318.729309824,1,100,100,1388992,1
34320.794297943,1,101,100,1385143,1
34321.073649445,1,102,100,1386526,1
34321.656988824,4,102,100,1386526,1
34322.003877155,3,101,100,1385143,1
34322.269818648,5,100,100,1388992,1
34322.881019242,1,103,100,1390357,-1
34323.451170948,3,103,100,1390357,-1
34324.068111441,1,104,100,1384379,1
34324.849092775,4,104,100,1384379,1
34325.278234267,1,105,100,1388259,-1
34325.588254567,3,105,100,1388259,-1
34326.239884037,1,106,200,1386536,1
34326.911706175,4,106,100,1386536,1
34327.360364283,3,106,100,1386536,1
34328.099294376,1,107,100,1386690,-1
34328.806629649,3,107,100,1386690,-1
34329.424167386,1,108,100,1383691,-1
34330.204764182,1,109,100,1381689,1
34331.644187751,4,109,100,1381689,1
34332.009021156,4,108,100,1383691,-1
34332.473729968,1,110,100,1383540,-1
34333.025400225,5,110,100,1383540,-1
34333.766317168,1,111,100,1383415,1
34334.044665726,1,112,100,1385291,-1
34334.371409038,5,112,100,1385291,-1
34334.827605011,1,113,100,1381167,1
34335.594431742,1,114,100,1386928,-1
34336.245170558,4,111,100,1383415,1
34336.588956127,1,115,100,1385296,-1
34336.978222972,3,114,100,1386928,-1
34337.348899578,1,116,100,1380430,1
34337.910043658,1,117,100,1388027,-1
34338.207407863,3,113,100,1381167,1
34339.171222254,4,117,100,1388027,-1
34339.631360543,3,116,100,1380430,1
34340.050537871,3,115,100,1385296,-1
34340.800140502,1,118,100,1391472,1
34341.540691772,4,118,100,1391472,1
34342.222135191,1,119,100,1398207,-1
34342.486036694,4,119,100,1398207,-1
34343.054054104,1,120,100,1389155,1
34343.503215926,1,121,100,1395448,-1
34343.969130699,3,120,100,1389155,1
34344.64933604,5,121,100,1395448,-1
34345.052141539,1,122,100,1392239,1
34345.668686745,5,122,100,1392239,1
34346.203348943,1,123,100,1393113,-1
34346.852602277,1,124,100,1392199,-1
34347.604007455,5,124,100,1392199,-1
34348.237244077,4,123,100,1393113,-1
34348.860784489,1,125,100,1390588,1
34349.136302777,1,126,100,1390620,-1
34349.652041632,1,127,100,1392621,-1
34350.290143896,4,126,100,1390620,-1
34350.896595136,4,125,100,1390588,1
34351.708335872,3,127,100,1392621,-1
34352.230122254,1,128,100,1392657,-1
34353.911711789,1,129,100,1386800,-1
34354.392812291,1,130,100,1383335,1
34354.811683752,1,131,100,1385021,-1
34355.227468476,3,129,100,1386800,-1
34355.493815121,5,128,100,1392657,-1
34355.972820129,1,132,100,1382940,-1
34356.237746886,3,132,100,1382940,-1
34356.606051688,1,133,100,1387499,-1
34356.909951549,1,134,100,1389702,-1
34357.204589654,5,131,100,1385021,-1
34357.487643194,1,135,100,1380701,1
34357.856165698,1,136,100,1388176,-1
34358.179542138,5,135,100,1380701,1
34358.840673221,3,134,100,1389702,-1
34359.300735901,3,130,100,1383335,1
34359.640197217,1,137,100,1380991,1
34360.116805934,5,137,100,1380991,1
34360.842779307,1,138,100,1385132,-1
34361.425714044,4,138,100,1385132,-1
34361.713150429,1,139,100,1381283,1
34362.330244583,1,140,100,1383939,-1
34363.604038387,3,139,100,1381283,1
34364.136480334,1,141,100,1385713,-1
34364.638915748,1,142,100,1378439,1
34364.985977623,1,143,100,1380867,1
34365.366082206,3,142,100,1378439,1
34365.972459956,3,141,100,1385713,-1
34366.526330757,1,144,100,1381711,-1
34367.982473942,1,145,100,1379793,1
34368.464378077,1,146,100,1380459,1
34368.906584256,3,146,100,1380459,1
34369.65990101,3,140,100,1383939,-1
34369.986883726,1,147,100,1379304,1
34370.335494671,1,148,100,1378535,1
34370.66388942,1,149,100,1382709,1
34371.39247123,3,145,100,1379793,1
34372.105789906,1,150,100,1385417,-1
34372.979012355,1,151,100,1384224,1
34373.688803263,4,151,100,1384224,1
34374.108820269,4,144,100,1381711,-1
34374.786812229,5,150,100,1385417,-1
34375.562483391,1,152,100,1383435,1
34376.266891214,1,153,100,1383947,1
34376.598331323,1,154,100,1389718,-1
34377.00871205,4,153,100,1383947,1
34377.664566085,1,155,100,1384404,1
34377.997677941,3,155,100,1384404,1
34378.421688534,1,156,100,1390433,-1
34378.907475301,1,157,100,1389812,-1
34379.472967449,1,158,100,1385687,1
34380.107932089,3,133,100,1387499,-1
34380.475752666,4,154,100,1389718,-1
34381.049716586,1,159,100,1395505,-1
34381.66028654,3,158,100,1385687,1
34381.984450898,1,160,100,1389800,-1
34382.563392018,3,156,100,1390433,-1
34383.095638008,4,136,100,1388176,-1
34384.326477475,3,160,100,1389800,-1
34384.781486956,4,157,100,1389812,-1
34386.432279218,1,161,100,1391845,-1
34386.936350508,1,162,100,1391607,-1
34387.33490911,1,163,100,1391469,1
34387.695003484,1,164,200,1391706,-1
34388.27266139,5,164,100,1391706,-1
34388.913345872,1,165,100,1388512,-1
34389.398717251,4,162,100,1391607,-1
34389.756867414,5,149,100,1382709,1
34390.117170288,1,166,100,1388070,1
34390.837105894,4,161,100,1391845,-1
34391.188238645,1,167,100,1394383,-1
34391.849985325,1,168,100,1396424,-1
34392.812046477,1,169,100,1390395,1
34393.489702557,1,170,100,1397400,-1
34393.874538705,3,148,100,1378535,1
34394.589270605,1,171,100,1391616,1
34394.951232239,3,168,100,1396424,-1
34395.719890513,1,172,100,1394771,1
34396.082782439,4,165,100,1388512,-1
34396.765708071,4,170,100,1397400,-1
34397.464258232,4,164,100,1391706,-1
34397.852312542,5,159,100,1395505,-1
34398.499054379,3,167,100,1394383,-1
34398.814730366,3,166,100,1388070,1
34399.287106472,1,173,100,1394308,1
34399.752095632,3,169,100,1390395,1
34400.35175669,3,173,100,1394308,1
34400.825282624,1,174,100,1394113,1
34402.09611217,1,175,100,1399586,-1
34402.508047229,4,175,100,1399586,-1
34402.80301448,4,172,100,1394771,1
34403.336230987,1,176,100,1397167,1
34405.157060391,4,163,100,1391469,1
34405.773465328,4,176,100,1397167,1
34406.310036625,3,143,100,1380867,1
34407.060739106,1,177,100,1402718,-1
34407.817242401,1,178,100,1401037,-1
34409.278003186,5,178,100,1401037,-1
34409.689995255,5,147,100,1379304,1
34411.616885929,1,179,100,1401502,-1
34412.109544655,1,180,100,1394737,1
34412.819773353,3,179,100,1401502,-1
34413.999408057,3,152,100,1383435,1
34414.577234221,1,181,100,1396030,-1
34415.031916472,1,182,100,1394440,1
34415.792621937,3,181,100,1396030,-1
34416.956393525,1,183,100,1395341,1
34417.652901912,3,171,100,1391616,1
34418.070366202,5,183,100,1395341,1
34419.439091745,1,184,100,1398898,1
34420.098812936,3,174,100,1394113,1
34420.557456846,3,184,100,1398898,1
34421.299928036,1,185,100,1404808,-1
34421.650211865,3,185,100,1404808,-1
34422.275872945,4,177,100,1402718,-1
34423.029960254,3,182,100,1394440,1
34423.407809887,4,180,100,1394737,1
34424.048403552,1,186,100,1400843,-1
34424.733831923,1,187,100,1397209,1
34425.273797314,3,187,100,1397209,1
34425.89973343,1,188,100,1403451,-1
34426.687828301,3,186,100,1400843,-1
34427.458301992,1,189,100,1397224,-1
34427.892668261,1,190,100,1394044,1
34428.616529233,4,190,100,1394044,1
34428.897215298,3,188,100,1403451,-1
34429.180722816,1,191,100,1398077,-1
34429.502253022,1,192,100,1398996,-1
34430.278199477,1,193,100,1396129,-1
34430.900169543,1,194,100,1397385,-1
34431.27921291,3,193,100,1396129,-1
34431.664314906,1,195,100,1395535,1
34432.213377792,1,196,100,1400075,-1
34432.707282115,1,197,100,1399171,-1
34433.18116835,3,194,100,1397385,-1
34433.501309991,5,196,100,1400075,-1
34433.965981858,1,198,100,1401651,-1
34434.377824141,3,197,100,1399171,-1
34434.875586748,4,189,100,1397224,-1
34435.574288657,5,192,100,1398996,-1
34435.999951574,1,199,100,1398813,1
34436.38144071,3,191,100,1398077,-1
34437.077826545,3,198,100,1401651,-1
34437.647095289,3,195,100,1395535,1
34438.089618827,1,200,100,1405941,-1
34438.783081326,5,200,100,1405941,-1
34439.423288279,3,199,100,1398813,1
34439.808846397,1,201,100,1402178,1
34440.539416536,1,202,100,1403803,1
34441.690653256,1,203,100,1406111,-1
34443.603811524,4,201,100,1402178,1
34444.174708057,4,202,100,1403803,1
34444.803091803,3,203,100,1406111,-1
34445.142803037,1,204,100,1403882,-1
34445.555432487,4,204,100,1403882,-1
34445.966112245,1,205,100,1404976,-1
34446.307570643,1,206,100,1398432,1
34446.617178566,1,207,100,1405762,-1
34447.184363391,1,208,100,1402223,1
34447.819032673,1,209,100,1407125,-1
34448.096038462,1,210,100,1403635,1
34448.564726428,1,211,100,1399703,1
34449.313315317,1,212,100,1402935,1
34450.031296619,5,212,100,1402935,1
34450.442930508,1,213,100,1404665,-1
34450.862285466,3,213,100,1404665,-1
34451.330124258,3,207,100,1405762,-1
34451.608827916,1,214,100,1397658,-1
34452.364626757,3,209,100,1407125,-1
34452.700499788,1,215,100,1396373,1
34453.235415499,1,216,100,1398822,-1
34453.886074664,3,215,100,1396373,1
34454.530998019,3,208,100,1402223,1
34455.308807199,4,214,100,1397658,-1
34455.582096739,5,205,100,1404976,-1
34456.123879624,4,206,100,1398432,1
34456.979291031,1,217,100,1390318,-1
34457.691427837,1,218,100,1391708,-1
34458.293317862,1,219,100,1387014,1
34459.030807369,3,211,100,1399703,1
34459.759610024,1,220,100,1394559,-1
34460.198738105,4,217,100,1390318,-1
34460.582098219,1,221,100,1391071,-1
34461.660004328,3,210,100,1403635,1
34462.417229663,1,222,100,1389961,1
34463.140743436,1,223,100,1388797,1
34464.490015985,3,219,100,1387014,1
34465.207217252,3,218,100,1391708,-1
34465.726869681,3,216,100,1398822,-1
34466.148559472,1,224,100,1393215,-1
34467.250711284,1,225,100,1388246,1
34467.539658916,1,226,200,1388619,1
34468.321163534,1,227,100,1393869,-1
34468.733126671,1,228,100,1391591,1
34469.204104349,1,229,100,1391764,1
34469.672071657,3,225,100,1388246,1
34470.25217456,4,229,100,1391764,1
34470.75181748,4,224,100,1393215,-1
34471.821046804,3,227,100,1393869,-1
34472.570773602,4,221,100,1391071,-1
34473.05125292,4,228,100,1391591,1
34473.328335084,4,220,100,1394559,-1
34474.011032508,3,226,200,1388619,1
34475.253123637,4,223,100,1388797,1
34475.561696773,1,230,100,1396214,-1
34476.022138234,5,222,100,1389961,1
34476.813763796,3,230,100,1396214,-1
34477.168182791,1,231,100,1388558,1
34477.672804252,1,232,100,1386991,1
34478.401404027,5,232,100,1386991,1
34478.710661446,4,231,100,1388558,1
34479.298496986,1,233,100,1394803,-1
34480.030984943,3,233,100,1394803,-1
34480.338228899,1,234,100,1392248,-1
34480.737666648,1,235,100,1392007,-1
34481.207003058,5,234,100,1392248,-1
34481.935259858,3,235,100,1392007,-1
34482.644942001,1,236,100,1393538,-1
34483.637049586,1,237,100,1396753,-1
34484.127961914,1,238,100,1394925,-1
34484.837026142,1,239,100,1393978,1
34485.503091799,3,239,100,1393978,1
34486.082291833,4,236,100,1393538,-1
34486.747112297,1,240,100,1395953,1
34487.154237475,1,241,100,1394593,1
34487.653904929,3,240,100,1395953,1
34488.118022513,1,242,100,1398877,-1
34488.421604424,4,238,100,1394925,-1
34489.057309978,3,237,100,1396753,-1
34489.842713776,3,242,100,1398877,-1
34490.487484916,3,241,100,1394593,1
34490.840496246,1,243,100,1394315,1
34491.740855224,1,244,100,1395851,1
34492.530235313,3,244,100,1395851,1
34493.312520465,4,243,100,1394315,1
34494.022709506,1,245,100,1397969,-1
34494.686196769,3,245,100,1397969,-1
34495.294666476,1,246,100,1400012,-1
34495.597421555,1,247,100,1396706,-1
34495.929259916,4,247,100,1396706,-1
34496.715820297,3,246,100,1400012,-1
34497.373828592,1,248,100,1401477,-1
34497.790734586,1,249,100,1396933,1
34498.492989034,1,250,100,1404381,-1
34499.600678763,1,251,100,1395128,1
34500.007913397,4,249,100,1396933,1
34500.617843817,1,252,100,1398466,-1
34501.074297576,4,252,100,1398466,-1
34501.630447072,5,248,100,1401477,-1
34502.044578281,1,253,100,1394914,1
34502.534475771,1,254,100,1393580,1
34502.984499111,1,255,300,1399927,-1
34503.384394242,4,251,100,1395128,1
34504.023482379,1,256,100,1392400,1
34504.306912881,3,255,300,1399927,-1
34504.743114614,1,257,100,1394928,1
34505.448616578,1,258,100,1398136,-1
34505.97635784,5,254,100,1393580,1
34506.268382762,1,259,100,1400062,-1
34506.699415284,1,260,100,1395182,-1
34507.438618789,1,261,100,1390159,1
34507.771038392,1,262,100,1392414,-1
34508.326799966,1,263,100,1390035,1
34508.909871329,4,262,100,1392414,-1
34509.533281382,1,264,100,1392684,1
34510.22569863,1,265,100,1396281,-1
34510.583584394,1,266,100,1396342,1
34511.181598313,1,267,100,1395510,-1
34511.561707821,4,257,100,1394928,1
34512.290821132,1,268,100,1392736,1
34512.78107619,1,269,100,1396121,1
34513.490247603,1,270,100,1392255,1
34513.940013622,3,266,100,1396342,1
34514.337464816,1,271,100,1390463,1
34515.562842702,5,250,100,1404381,-1
34516.031093541,3,267,100,1395510,-1
34516.319286985,4,260,100,1395182,-1
34516.912995996,4,253,100,1394914,1
34517.198022608,3,259,100,1400062,-1
34517.530936079,4,268,100,1392736,1
34517.92087132,1,272,100,1395921,-1
34518.310901744,1,273,100,1390275,1
34518.681954112,4,269,100,1396121,1
34519.147756839,1,274,100,1390771,1
34519.747157346,4,256,100,1392400,1
34520.226846364,3,261,100,1390159,1
34520.798540489,1,275,100,1397498,-1
34521.28753416,1,276,100,1397554,-1
34521.835864223,3,270,100,1392255,1
34522.282912167,1,277,100,1392947,1
34523.782872185,3,277,100,1392947,1
34524.121562531,1,278,100,1394868,-1
34525.088810859,4,264,100,1392684,1
34525.441216504,1,279,100,1390018,1
34525.904419011,4,263,100,1390035,1
34526.759844514,1,280,100,1391569,-1
34527.375307668,3,275,100,1397498,-1
34527.925899922,1,281,100,1389564,-1
34528.518792805,1,282,100,1384371,1
34528.954332046,3,282,100,1384371,1
34529.736057377,1,283,100,1388508,-1
34530.104354118,4,271,100,1390463,1
34530.70677651,3,273,100,1390275,1
34532.129799339,3,279,100,1390018,1
34533.320063469,3,274,100,1390771,1
34533.896968222,5,265,100,1396281,-1
34534.229210609,4,278,100,1394868,-1
34534.966831666,4,272,100,1395921,-1
34535.769893314,3,276,100,1397554,-1
34536.097323125,4,280,100,1391569,-1
34536.647468612,1,284,100,1381305,-1
34537.046871933,4,284,100,1381305,-1
34537.80106112,1,285,100,1385496,-1
34538.41079605,1,286,100,1380171,1
34539.376668163,4,286,100,1380171,1
34540.044649782,1,287,100,1381306,-1
34540.652132841,1,288,100,1381019,-1
34541.305651143,3,285,100,1385496,-1
34541.876298407,1,289,100,1381472,-1
34542.363729969,1,290,100,1381817,-1
34543.136869339,1,291,100,1377710,1
34543.478484055,1,292,200,1383079,-1
34543.770615225,4,291,100,1377710,1
34544.563985327,1,293,100,1381811,-1
34545.003629823,3,289,100,1381472,-1
34545.745007627,4,287,100,1381306,-1
34546.540366011,1,294,100,1381438,-1
34547.139308719,1,295,100,1377589,1
34547.64605695,1,296,100,1379082,-1
34548.010416437,1,297,100,1374702,1
34548.663999641,4,295,100,1377589,1
34549.399385736,1,298,100,1373849,1
34549.996064579,4,298,100,1373849,1
34550.698838377,3,283,100,1388508,-1
34551.200848491,1,299,100,1377916,1
34551.787987476,1,300,100,1379061,-1
34552.586793766,3,297,100,1374702,1
34553.287731237,1,301,100,1375044,1
34553.991850737,1,302,100,1373510,1
34555.382563859,3,281,100,1389564,-1
34555.859632314,3,294,100,1381438,-1
34556.47518618,3,299,100,1377916,1
34557.570422545,4,301,100,1375044,1
34558.283343398,3,290,100,1381817,-1
34558.591195195,5,300,100,1379061,-1
34559.216048014,3,288,100,1381019,-1
34559.637706432,3,302,100,1373510,1
34560.166556913,5,293,100,1381811,-1
34560.689443285,1,303,100,1369784,1
34561.790093635,3,258,100,1398136,-1
34562.393129069,3,296,100,1379082,-1
34562.735326405,1,304,100,1371932,-1
34563.140095079,5,303,100,1369784,1
34563.469921212,1,305,100,1369825,-1
34564.240457871,1,306,100,1373832,-1
34565.203486014,2,292,100,1383079,-1
34566.003667166,3,306,100,1373832,-1
34566.512914286,1,307,100,1366882,1
34566.845526569,4,305,100,1369825,-1
34567.651964212,5,292,100,1383079,-1
34567.994405987,1,308,100,1369393,-1
34568.308046747,3,308,100,1369393,-1
34569.475649651,5,307,100,1366882,1
34569.99827298,4,304,100,1371932,-1
34570.508741994,1,309,100,1359056,1
34571.256915154,1,310,100,1359228,1
34571.792187548,1,311,100,1359434,1
34572.372710683,1,312,100,1362076,-1
34572.930071141,1,313,100,1362168,-1
34573.591111568,4,311,100,1359434,1
34574.373588213,1,314,100,1364115,-1
34574.850814523,1,315,100,1362949,1
34575.302120242,1,316,100,1362777,1
34575.884130521,4,312,100,1362076,-1
34576.408553544,1,317,100,1364703,1
34576.69559628,3,317,100,1364703,1
34577.247434828,1,318,100,1364835,1
34577.634988508,1,319,100,1366111,1
34578.069652874,1,320,100,1373858,-1
34578.707499194,1,321,100,1368896,1
34579.236174777,4,314,100,1364115,-1
34579.896504565,4,313,100,1362168,-1
34580.309129161,4,309,100,1359056,1
34580.607545773,4,321,100,1368896,1
34581.261150526,1,322,100,1372317,-1
34581.54121252,1,323,100,1367907,1
34582.040111742,1,324,100,1371198,-1
34582.589547802,1,325,100,1374997,-1
34583.026876973,1,326,100,1372620,-1
34583.577393662,5,316,100,1362777,1
34584.114102725,1,327,100,1371975,1
34584.506163275,3,326,100,1372620,-1
34585.23575265,3,310,100,1359228,1
34585.990933361,3,325,100,1374997,-1
34586.506473942,3,320,100,1373858,-1
34587.810740126,3,322,100,1372317,-1
34588.339337083,3,315,100,1362949,1
34588.732130167,3,319,100,1366111,1
34589.262206094,1,328,100,1376103,1
34589.796319671,3,318,100,1364835,1
34590.563031736,1,329,100,1375013,1
34591.139823737,4,324,100,1371198,-1
34591.786106572,1,330,100,1380976,-1
34592.222735254,1,331,100,1378545,1
34592.545467089,1,332,100,1379500,-1
34593.589703975,4,331,100,1378545,1
34594.176572415,3,328,100,1376103,1
34594.699347576,1,333,100,1381019,-1
34595.720506951,1,334,100,1376853,1
34596.358288886,1,335,100,1379794,1
34596.967289437,3,332,100,1379500,-1
34597.558809947,1,336,100,1380856,-1
34598.194855347,3,334,100,1376853,1
34598.498067698,1,337,100,1380735,-1
34598.871800812,3,327,100,1371975,1
34599.179077981,1,338,100,1379206,1
34600.317784339,4,330,100,1380976,-1
34600.677208591,4,333,100,1381019,-1
34601.201493137,3,329,100,1375013,1
34602.187163285,5,337,100,1380735,-1
34602.711415621,3,336,100,1380856,-1
34603.667907336,3,335,100,1379794,1
34604.455469189,1,339,100,1377048,-1
34605.061105408,3,339,100,1377048,-1
34605.763130566,3,323,100,1367907,1
34606.451860113,1,340,100,1379137,1
34607.229604411,3,338,100,1379206,1
34607.604260589,4,340,100,1379137,1
34608.222423266,1,341,100,1376448,-1
34608.62505696,1,342,100,1378218,-1
34609.064702609,1,343,100,1373459,1
34609.632060777,1,344,100,1373646,-1
34610.294005065,5,342,100,1378218,-1
34610.680095154,1,345,100,1375828,1
34611.257740428,1,346,100,1378000,1
34611.868456681,3,346,100,1378000,1
34612.561446056,4,344,100,1373646,-1
34612.913951048,1,347,100,1377247,1
34613.457198789,1,348,100,1378906,1
34613.857773655,1,349,100,1374311,1
34614.530246278,1,350,100,1381246,1
34614.834394085,3,349,100,1374311,1
34615.33741724,1,351,100,1384997,-1
34615.621401136,4,350,100,1381246,1
34616.194804169,4,341,100,1376448,-1
34616.595517109,3,345,100,1375828,1
34617.372070217,1,352,100,1386989,-1
34618.020665881,1,353,100,1386986,-1
34618.750149647,5,352,100,1386989,-1
34619.192846532,1,354,100,1381867,-1
34619.601452614,1,355,100,1381046,1
34620.380814373,1,356,100,1384630,-1
34620.861475069,3,343,100,1373459,1
34621.315163215,3,351,100,1384997,-1
34621.847859827,5,354,100,1381867,-1
34622.334513903,1,357,100,1387001,-1
34622.825214704,5,356,100,1384630,-1
34623.577164058,1,358,100,1391693,-1
34624.084763703,3,355,100,1381046,1
34624.482373051,3,357,100,1387001,-1
34624.805356832,3,348,100,1378906,1
34625.394953982,1,359,100,1392114,-1
34625.738022259,1,360,100,1394618,-1
34626.389515578,4,358,100,1391693,-1
34626.824139432,1,361,100,1394267,-1
34627.450252484,1,362,100,1393312,-1
34628.071848805,3,347,100,1377247,1
34628.362615684,3,361,100,1394267,-1
34628.790704935,3,360,100,1394618,-1
34629.217302953,4,353,100,1386986,-1
34629.528845999,1,363,100,1385524,1
34630.265141821,5,363,100,1385524,1
34630.580040078,1,364,100,1388565,-1
34631.254626723,4,362,100,1393312,-1
34631.892209505,5,359,100,1392114,-1
34632.602115736,3,364,100,1388565,-1
34633.131102669,1,365,100,1385258,-1
34633.75561069,1,366,100,1381404,1
34634.267985597,1,367,100,1389022,-1
34634.689697181,1,368,100,1389415,-1
34634.98916154,1,369,100,1383307,1
34636.404054164,4,365,100,1385258,-1
34636.684037401,3,367,100,1389022,-1
34637.219634344,1,370,100,1385173,1
34637.723485267,3,368,100,1389415,-1
34638.763838927,1,371,200,1381848,1
34639.460075645,1,372,100,1390087,-1
34639.987273349,5,371,100,1381848,1
34640.602731695,1,373,100,1390465,-1
34641.335485961,1,374,100,1382822,1
34641.938113641,1,375,100,1386512,1
34642.739358324,4,375,100,1386512,1
34643.093666741,1,376,100,1390625,-1
34643.649372576,1,377,100,1384369,1
34644.850879078,1,378,100,1387020,-1
34645.535919144,1,379,100,1386177,1
34645.966044964,1,380,100,1383542,1
34646.586195833,3,366,100,1381404,1
34647.238721543,4,371,100,1381848,1
34647.927121281,1,381,100,1382992,1
34648.692596937,3,372,100,1390087,-1
34649.03936783,1,382,100,1380073,-1
34649.647204663,3,370,100,1385173,1
34650.313125046,5,373,100,1390465,-1
34651.275723507,3,376,100,1390625,-1
34651.800917402,1,383,100,1380053,1
34652.361109012,1,384,100,1380169,-1
34652.796658837,4,374,100,1382822,1
34653.249694778,1,385,100,1379875,-1
34653.627713844,1,386,100,1376264,1
34654.163049541,4,384,100,1380169,-1
34654.846153422,1,387,100,1380354,-1
34655.436691209,5,386,100,1376264,1
34656.099647962,1,388,100,1381491,-1
34656.502813953,4,383,100,1380053,1
34657.98746849,1,389,100,1383182,-1
34659.643584328,5,380,100,1383542,1
34660.170388741,3,382,100,1380073,-1
34660.850808285,3,389,100,1383182,-1
34661.220828154,4,385,100,1379875,-1
34661.911973855,5,387,100,1380354,-1
34662.45163875,3,381,100,1382992,1
34663.168217326,1,390,100,1375955,1
34663.744205457,1,391,100,1374148,1
34664.148909608,1,392,100,1377584,-1
34664.916354497,1,393,100,1376280,-1
34665.437596067,3,377,100,1384369,1
34665.934182739,1,394,100,1372695,-1
34666.679315029,3,393,100,1376280,-1
34667.401401979,3,378,100,1387020,-1
34667.869379405,4,390,100,1375955,1
34669.282026036,1,395,100,1372995,1
34669.710023069,3,392,100,1377584,-1
34669.993000649,3,391,100,1374148,1
34670.708930043,3,369,100,1383307,1
34671.454380166,3,379,100,1386177,1
34672.59830832,1,396,100,1373450,1
34673.257272702,1,397,100,1372510,1
34673.566977789,4,396,100,1373450,1
34673.993532189,1,398,100,1371181,1
34675.259020033,1,399,100,1364804,1
34675.595069015,5,394,100,1372695,-1
34676.239566372,3,399,100,1364804,1
34677.027027452,3,395,100,1372995,1
34677.505512993,5,398,100,1371181,1
34677.861335627,1,400,100,1370368,-1
34678.563753159,1,401,100,1364691,1
34679.203440325,1,402,100,1368722,-1
34679.784935379,1,403,100,1366977,-1
34680.120172364,1,404,100,1369107,-1
34680.576216151,4,403,100,1366977,-1
34681.148813138,5,402,100,1368722,-1
34681.63179446,4,397,100,1372510,1
34682.239439375,1,405,100,1368598,1
34682.858032598,3,405,100,1368598,1
34683.662266878,1,406,100,1368377,1
34684.150549723,4,400,100,1370368,-1
34684.7389772,3,404,100,1369107,-1
34685.514764291,1,407,100,1369029,1
34686.089799829,5,401,100,1364691,1
34686.803879048,3,388,100,1381491,-1
34687.127205334,1,408,100,1374152,-1
34688.522873662,1,409,100,1376669,-1
34690.743238309,1,410,100,1374909,-1
34691.033930832,1,411,100,1371467,1
34691.719890068,1,412,100,1376329,-1
34692.216452,4,410,100,1374909,-1
34692.896675629,5,407,100,1369029,1
34693.266821065,3,411,100,1371467,1
34693.910876221,4,408,100,1374152,-1
34694.338300853,3,406,100,1368377,1
34694.694009407,1,413,100,1373945,-1
34695.219146095,3,413,100,1373945,-1
34695.900102118,1,414,100,1372015,1
34696.450448616,5,414,100,1372015,1
34696.837165016,1,415,100,1375994,-1
34697.297721968,1,416,100,1372804,1
34697.656847496,3,412,100,1376329,-1
34698.692601223,1,417,100,1375287,-1
34699.257853336,1,418,100,1375532,-1
34699.849648226,1,419,100,1380550,-1
34700.477778991,3,419,100,1380550,-1
34701.216033467,1,420,100,1376662,1
34701.65892314,3,417,100,1375287,-1
34702.400616476,1,421,100,1378236,-1
34702.903041669,1,422,100,1376845,-1
34703.438045431,1,423,100,1377089,-1
34703.822903244,3,416,100,1372804,1
34704.541975633,1,424,100,1370540,1
34705.217565452,3,415,100,1375994,-1
34705.764027957,1,425,100,1371593,1
34706.270026251,4,420,100,1376662,1
34707.667659235,1,426,100,1376079,-1
34708.030233192,3,418,100,1375532,-1
34708.835002794,1,427,100,1377499,-1
34709.250712432,5,426,100,1376079,-1
34709.652764064,3,421,100,1378236,-1
34710.150974046,1,428,100,1376953,-1
34710.960891292,3,423,100,1377089,-1
34712.209770975,3,424,100,1370540,1
34713.480643481,1,429,100,1372287,1
34713.877397204,1,430,100,1371824,1
34714.548887867,1,431,100,1370149,1
34714.822052169,5,427,100,1377499,-1
34716.296164289,4,430,100,1371824,1
34716.952291741,1,432,100,1375653,-1
34717.284697943,4,431,100,1370149,1
34718.076379797,3,428,100,1376953,-1
34718.879553804,1,433,100,1370097,-1
34719.488499793,1,434,100,1373213,-1
34719.952692416,1,435,100,1372110,-1
34720.427012978,1,436,100,1371070,1
34720.706964011,4,434,100,1373213,-1
34721.133835149,4,433,100,1370097,-1
34721.455772904,4,435,100,1372110,-1
34721.957781042,1,437,100,1371235,1
34722.479853534,1,438,100,1370747,1
34722.967871488,1,439,100,1375628,-1
34723.486479799,1,440,100,1377363,-1
34723.955890884,1,441,100,1376438,-1
34724.264131239,4,429,100,1372287,1
34724.670888355,5,422,100,1376845,-1
34725.254584898,3,432,100,1375653,-1
34725.870835876,3,436,100,1371070,1
34726.306793819,5,425,100,1371593,1
34726.583827869,3,439,100,1375628,-1
34726.955097064,1,442,100,1366482,1
34727.413177362,4,437,100,1371235,1
34728.039196941,1,443,100,1372294,-1
34728.832566623,3,409,100,1376669,-1
34729.480653221,1,444,100,1376315,-1
34730.03465668,1,445,100,1373422,1
34730.694196577,4,445,100,1373422,1
34731.036835072,4,443,100,1372294,-1
34731.500206779,1,446,100,1373474,1
34732.199804699,3,438,100,1370747,1
34732.511411237,1,447,100,1381213,-1
34733.191304415,1,448,100,1377665,-1
34733.900699492,3,440,100,1377363,-1
34734.266540417,1,449,100,1374670,1
34735.053248562,3,449,100,1374670,1
34735.693116648,4,448,100,1377665,-1
34736.089922251,3,442,100,1366482,1
34737.269490097,1,450,100,1378944,-1
34737.603891564,1,451,100,1377832,1
34738.018507467,1,452,100,1378451,1
34738.673773942,1,453,100,1378224,-1
34739.388964534,3,444,100,1376315,-1
34739.923744003,1,454,100,1383886,-1
34740.405469828,1,455,100,1377548,1
34741.057629304,5,450,100,1378944,-1
34741.358954938,3,441,100,1376438,-1
34741.816795268,3,454,100,1383886,-1
34742.26569014,1,456,100,1372794,1
34742.666816079,1,457,100,1380031,-1
34743.165800115,5,446,100,1373474,1
34743.455148795,3,457,100,1380031,-1
34744.835277416,3,456,100,1372794,1
34745.271134496,4,451,100,1377832,1
34745.88495621,3,452,100,1378451,1
34746.299339412,4,453,100,1378224,-1
34746.613265539,1,458,100,1380019,-1
34747.334577425,1,459,100,1373433,1
34747.786770701,1,460,100,1376617,-1
34748.573034794,1,461,100,1377139,-1
34748.896532604,3,458,100,1380019,-1
34749.540400949,1,462,100,1373315,-1
34749.819052513,4,461,100,1377139,-1
34750.146732809,3,459,100,1373433,1
34750.773223885,5,460,100,1376617,-1
34751.184983339,4,455,100,1377548,1
34751.899323634,3,447,100,1381213,-1
34752.500985673,1,463,100,1377986,-1
34753.588421627,1,464,100,1375000,1
34753.942346639,4,462,100,1373315,-1
34754.612956659,3,463,100,1377986,-1
34755.028919204,4,464,100,1375000,1
34755.482735172,1,465,100,1378497,-1
34755.922431274,3,465,100,1378497,-1
34756.555099942,1,466,100,1376582,1
34756.842583042,3,466,100,1376582,1
34757.502744866,1,467,100,1379434,-1
34758.053623626,3,467,100,1379434,-1
34758.497220773,1,468,100,1378498,1
34759.296902871,1,469,100,1382050,-1
34759.713245952,1,470,100,1382249,-1
34760.351051766,3,469,100,1382050,-1
34761.245291459,1,471,100,1383819,-1
34761.989232981,1,472,100,1378194,1
34762.417145532,1,473,100,1386214,-1
34762.964554699,1,474,100,1382049,1
34763.731728153,3,468,100,1378498,1
34764.525392216,1,475,100,1381108,1
34764.804295157,1,476,100,1386253,-1
34765.447935457,3,473,100,1386214,-1
34765.879749342,5,474,100,1382049,1
34766.317871601,3,471,100,1383819,-1
34767.145199047,1,477,100,1377756,1
34767.526261532,4,475,100,1381108,1
34767.940680786,1,478,100,1379938,1
34768.253808724,1,479,100,1383649,-1
34768.560336042,1,480,100,1385832,-1
34770.299298538,1,481,100,1385843,-1
34770.884856478,5,477,100,1377756,1
34771.594921786,1,482,100,1384429,1
34772.815655953,4,480,100,1385832,-1
34773.59939452,1,483,100,1386590,1
34774.374338095,1,484,100,1391841,-1
34774.763075565,4,479,100,1383649,-1
34775.217784071,1,485,100,1390542,1
34775.923830992,1,486,100,1395461,-1
34776.249379151,3,485,100,1390542,1
34776.975422672,1,487,100,1395139,1
34777.457319232,1,488,100,1394358,-1
34778.195044448,1,489,100,1393401,-1
34778.518056847,5,476,100,1386253,-1
34778.907815837,4,484,100,1391841,-1
34779.182521764,1,490,100,1390209,1
34779.497352635,4,490,100,1390209,1
34779.867794724,4,487,100,1395139,1
34780.420882944,3,488,100,1394358,-1
34781.052607576,5,472,100,1378194,1
34781.64143477,3,481,100,1385843,-1
34782.46305904,1,491,100,1388929,-1
34783.158183668,4,483,100,1386590,1
34783.689211306,4,470,100,1382249,-1
34784.460942142,1,492,100,1384026,1
34785.124433445,3,478,100,1379938,1
34785.429861073,4,492,100,1384026,1
34786.116229092,1,493,100,1383433,1
34786.725477775,3,493,100,1383433,1
34787.374535858,1,494,100,1389792,-1
34787.811818879,1,495,100,1383770,1
34788.60849614,1,496,100,1380011,1
34789.309257321,1,497,100,1380903,1
34789.845736784,3,491,100,1388929,-1
34790.307357485,1,498,100,1385283,-1
34791.923036636,3,495,100,1383770,1
34792.41316031,1,499,100,1382814,1
34792.934884757,1,500,100,1387335,-1
34793.584951911,1,501,100,1386087,-1
34794.080960913,3,482,100,1384429,1
34794.510894724,4,499,100,1382814,1
34794.860966659,4,497,100,1380903,1
34795.50207311,3,498,100,1385283,-1
34796.561749714,1,502,100,1376336,1
34796.954824348,1,503,100,1382009,-1
34797.684915063,1,504,100,1374939,1
34798.231865008,1,505,100,1376558,1
34799.269969536,4,496,100,1380011,1
34799.585550254,4,505,100,1376558,1
34800.045628046,1,506,100,1376510,-1
34800.476053947,1,507,100,1373121,-1
34801.084431302,1,508,100,1370874,1
34801.387121551,1,509,100,1371793,1
34801.802133271,1,510,100,1378046,-1
34802.293457592,3,486,100,1395461,-1
34802.65430514,4,502,100,1376336,1
34803.705416895,1,511,100,1377836,-1
34805.040471781,5,508,100,1370874,1
34805.650519667,4,506,100,1376510,-1
34806.507182971,4,511,100,1377836,-1
34807.652756004,3,489,100,1393401,-1
34808.937376538,5,501,100,1386087,-1
34809.255608097,3,494,100,1389792,-1
34810.186622998,4,510,100,1378046,-1
34810.885204355,3,504,100,1374939,1
34811.489077643,3,509,100,1371793,1
34812.203220497,1,512,100,1378320,1
34812.675645543,1,513,100,1376197,-1
34813.006476007,3,512,100,1378320,1
34813.512373375,3,500,100,1387335,-1
34813.891993732,1,514,100,1374734,-1
34814.608516206,3,513,100,1376197,-1
34815.221941576,3,503,100,1382009,-1
34815.559223587,3,514,100,1374734,-1
34816.103499661,1,515,100,1378477,1
34816.494316775,3,507,100,1373121,-1
34817.149876251,1,516,100,1375528,1
34817.965529442,4,516,100,1375528,1
34818.322565986,1,517,100,1375934,1
34818.943719599,3,517,100,1375934,1
34819.484305838,1,518,100,1378309,-1
34819.95778935,3,518,100,1378309,-1
34820.566620826,1,519,100,1374463,1
34820.964149035,4,515,100,1378477,1
34821.697416535,5,519,100,1374463,1
34822.190165499,1,520,100,1373686,1
34822.905060025,5,520,100,1373686,1
34823.504650127,1,521,100,1379104,-1
34824.247207625,3,521,100,1379104,-1
34825.045698438,1,522,100,1374665,1
34825.364181986,3,522,100,1374665,1
34825.835093092,1,523,100,1373803,1
34826.31657116,1,524,100,1372152,1
34826.811717747,3,523,100,1373803,1
34827.90463878,1,525,100,1370423,1
34828.245144487,3,525,100,1370423,1
34828.67583412,3,524,100,1372152,1
34829.281904815,1,526,100,1374495,1
34830.101359229,1,527,100,1375190,-1
34830.40880145,3,526,100,1374495,1
34831.107268335,1,528,100,1375665,1
34831.57595285,1,529,100,1380050,1
34832.376390914,5,529,100,1380050,1
34833.105801886,3,527,100,1375190,-1
34834.125303354,1,530,100,1382259,-1
34834.449982728,5,530,100,1382259,-1
34835.092567481,3,528,100,1375665,1
34835.807214135,1,531,100,1379808,-1
34836.47015372,4,531,100,1379808,-1
34837.294177412,1,532,100,1378261,1
34838.105211553,1,533,100,1379214,1
34838.591544681,3,533,100,1379214,1
34839.379540917,1,534,100,1386554,-1
34839.94310675,4,532,100,1378261,1
34840.661027008,4,534,100,1386554,-1
34841.170147447,1,535,100,1387793,-1
34841.990175322,1,536,100,1385421,1
34842.524140181,1,537,100,1385745,1
34843.201164911,1,538,100,1386153,1
34843.969918046,1,539,100,1387092,-1
34844.309111393,1,540,100,1383190,1
34845.080795995,1,541,100,1384162,1
34845.841095044,1,542,100,1389762,-1
34846.424299699,4,535,100,1387793,-1
34848.082754599,3,540,100,1383190,1
34848.835479362,3,536,100,1385421,1
34849.272663032,1,543,100,1387903,1
34849.798720676,3,543,100,1387903,1
34850.169839818,3,541,100,1384162,1
34850.489278729,1,544,100,1388110,1
34850.786774296,3,537,100,1385745,1
34851.158501766,1,545,100,1394183,-1
34851.533992686,5,545,100,1394183,-1
34852.091729526,3,544,100,1388110,1
34852.381810601,3,542,100,1389762,-1
34852.805315946,1,546,100,1394029,-1
34853.572814331,3,538,100,1386153,1
34854.050782386,1,547,100,1396056,1
34854.651997091,3,539,100,1387092,-1
34855.349490777,4,546,100,1394029,-1
34856.005368927,1,548,100,1399812,-1
34856.296992275,3,548,100,1399812,-1
34857.028026294,1,549,100,1403313,-1
34857.624031451,4,549,100,1403313,-1
34858.12459163,3,547,100,1396056,1
34858.938605257,1,550,100,1404835,-1
34859.241521761,5,550,100,1404835,-1
34859.949064007,1,551,100,1404644,1
34860.25741842,5,551,100,1404644,1
34860.889330078,1,552,100,1406928,-1
34861.26232479,1,553,100,1405458,-1
34862.002896745,4,553,100,1405458,-1
34862.334860659,4,552,100,1406928,-1
34862.92538702,1,554,100,1404451,1
34863.342579458,1,555,100,1409180,-1
34864.135346939,3,555,100,1409180,-1
34864.901953087,1,556,100,1408314,-1
34865.445020867,1,557,100,1408486,-1
34866.523304154,1,558,100,1405394,1
34867.194770776,3,558,100,1405394,1
34867.707942554,4,556,100,1408314,-1
34868.495571246,1,559,100,1409436,-1
34869.358468724,4,554,100,1404451,1
34870.58629187,1,560,100,1402763,1
34870.966003569,1,561,100,1406367,1
34871.696692725,4,560,100,1402763,1
34872.978183267,5,559,100,1409436,-1
34873.355730732,3,557,100,1408486,-1
34873.851101432,1,562,100,1403091,-1
34874.338118939,1,563,100,1403521,-1
34874.80228092,1,564,100,1404644,-1
34875.325836331,1,565,100,1401790,1
34876.070708371,1,566,100,1406689,-1
34876.865114462,5,562,100,1403091,-1
34877.92090809,3,566,100,1406689,-1
34878.205785442,4,563,100,1403521,-1
34878.727124345,1,567,100,1406328,-1
34879.121042215,4,564,100,1404644,-1
34879.668719019,4,567,100,1406328,-1
34879.986950533,1,568,100,1410150,-1
34880.501145263,4,561,100,1406367,1
34881.767220874,5,565,100,1401790,1
34882.210580497,1,569,100,1402167,1
34882.948524314,3,569,100,1402167,1
34884.106892718,1,570,100,1403802,1
34884.750650626,1,571,100,1405043,1
34885.238495839,1,572,100,1406023,1
34885.828239464,4,572,100,1406023,1
34886.811022943,1,573,100,1414448,-1
34887.266239373,1,574,100,1407346,1
34887.911646244,1,575,100,1407109,1
34888.439580972,4,575,100,1407109,1
34888.92472948,1,576,100,1406234,1
34889.285729261,3,574,100,1407346,1
34889.906752987,4,576,100,1406234,1
34890.664933015,1,577,100,1404050,1
34890.954992491,5,577,100,1404050,1
34891.741387374,1,578,100,1410229,-1
34892.061149484,1,579,100,1413481,-1
34892.76899279,1,580,100,1410046,-1
34894.362064963,4,568,100,1410150,-1
34894.932337629,1,581,100,1408242,1
34895.443811625,1,582,100,1412502,-1
34896.254786065,3,580,100,1410046,-1
34896.778917441,1,583,100,1409621,1
34897.843055675,1,584,100,1406884,1
34898.385920162,1,585,100,1410677,-1
34899.424222393,4,581,100,1408242,1
34899.843973496,1,586,100,1404280,1
34901.157741263,1,587,100,1407140,-1
34901.520176433,3,579,100,1413481,-1
34902.341425309,3,578,100,1410229,-1
34902.736862924,1,588,100,1404506,1
34903.287886039,4,583,100,1409621,1
34904.00222397,1,589,100,1409713,1
34904.344194918,1,590,100,1410670,-1
34905.146177262,4,584,100,1406884,1
34906.781826484,3,582,100,1412502,-1
34907.153741381,4,589,100,1409713,1
34907.774020432,4,585,100,1410677,-1
34908.377642528,1,591,100,1410991,-1
34908.712769707,3,573,100,1414448,-1
34909.353845474,1,592,100,1412213,-1
34909.716109767,3,587,100,1407140,-1
34910.462081926,4,590,100,1410670,-1
34911.125776299,1,593,100,1416823,-1
34911.493830572,1,594,100,1415367,-1
34911.903779211,1,595,100,1419429,-1
34912.26559337,3,588,100,1404506,1
34913.03997084,3,586,100,1404280,1
34913.633485941,1,596,100,1412082,1
34914.023833401,1,597,100,1416770,-1
34914.843409244,3,597,100,1416770,-1
34915.510477491,1,598,100,1412132,1
34916.04419541,4,591,100,1410991,-1
34916.856596538,1,599,100,1416535,-1
34917.584591033,3,598,100,1412132,1
34919.406091974,3,570,100,1403802,1
34920.133079711,5,599,100,1416535,-1
34920.762249363,1,600,100,1418073,-1
34921.297802339,4,595,100,1419429,-1
34922.122120099,4,594,100,1415367,-1
34922.61246577,3,593,100,1416823,-1
34923.377969692,4,592,100,1412213,-1
34924.046799842,5,571,100,1405043,1
34924.733324753,1,601,100,1420648,-1
34925.087139043,1,602,100,1420356,-1
34926.7930151,3,602,100,1420356,-1
34927.208735268,3,601,100,1420648,-1
34928.703943386,3,600,100,1418073,-1
34929.016541252,1,603,100,1420664,-1
34929.774377436,1,604,100,1421409,-1
34930.068033618,1,605,100,1424120,-1
34930.881581611,3,605,100,1424120,-1
34931.321318354,4,596,100,1412082,1
34932.13326377,3,603,100,1420664,-1
34932.912730132,1,606,100,1417825,-1
34933.225392588,5,606,100,1417825,-1
34933.764414116,3,604,100,1421409,-1
34934.232632454,1,607,100,1414433,-1
34934.729483814,1,608,100,1417972,-1
34935.154027356,3,607,100,1414433,-1
34935.86911635,3,608,100,1417972,-1
34936.501895624,1,609,100,1415525,1
34937.039084072,1,610,100,1417623,-1
34938.36093492,1,611,100,1422043,1
34938.735660614,1,612,200,1423161,1
34939.184222937,1,613,100,1424487,-1
34939.696394039,1,614,100,1422860,-1
34940.076441906,4,612,200,1423161,1
34940.378987755,4,610,100,1417623,-1
34942.173974446,5,614,100,1422860,-1
34942.823582235,1,615,100,1422913,-1
34943.226600456,4,615,100,1422913,-1
34943.56212237,1,616,100,1419631,1
34944.27712747,3,616,100,1419631,1
34945.018586046,1,617,100,1420526,1
34945.732904096,3,613,100,1424487,-1
34947.611472668,1,618,100,1420979,-1
34948.115792317,1,619,100,1419878,1
34948.51862455,1,620,100,1425329,1
34949.277852854,1,621,100,1427465,-1
34949.939484531,3,618,100,1420979,-1
34950.244643033,4,620,100,1425329,1
34950.752899232,1,622,100,1430011,-1
34951.456969107,1,623,100,1432867,-1
34952.066702438,1,624,100,1423265,1
34952.504260026,1,625,100,1428798,-1
34953.145908913,4,621,100,1427465,-1
34953.561456052,1,626,100,1429766,-1
34954.069628888,3,609,100,1415525,1
34954.704254817,3,617,100,1420526,1
34955.184906772,3,625,100,1428798,-1
34955.922661642,1,627,100,1421369,1
34957.287935739,1,628,100,1422622,-1
34958.012254203,1,629,100,1425637,-1
34958.568804781,1,630,100,1418780,1
34958.939092778,3,623,100,1432867,-1
34959.627771795,1,631,100,1425489,-1
34959.982350246,1,632,100,1429657,-1
34960.59223577,1,633,100,1422688,1
34961.268211139,3,619,100,1419878,1
34961.88674694,1,634,100,1421761,1
34962.614845475,4,611,100,1422043,1
34963.166940565,3,626,100,1429766,-1
34963.637448636,3,628,100,1422622,-1
34964.104084875,4,624,100,1423265,1
34964.545378918,4,633,100,1422688,1
34965.149544702,4,627,100,1421369,1
34965.506979521,1,635,100,1419750,1
34965.786265291,4,630,100,1418780,1
34966.114534819,4,634,100,1421761,1
34966.488156401,3,632,100,1429657,-1
34967.220781096,3,635,100,1419750,1
34967.750529753,4,622,100,1430011,-1
34968.616495899,1,636,100,1417854,1
34969.242365221,4,629,100,1425637,-1
34970.069430018,3,636,100,1417854,1
34970.721768316,3,631,100,1425489,-1
34971.336489282,1,637,100,1426484,-1
34971.838178167,4,637,100,1426484,-1
34972.401469405,1,638,100,1426664,-1
34973.091091941,4,638,100,1426664,-1
34973.583416306,1,639,100,1431837,-1
34974.051382587,1,640,100,1430416,-1
34974.793464967,5,640,100,1430416,-1
34975.12167627,3,639,100,1431837,-1
34975.808775644,1,641,100,1419566,1
34976.408639729,1,642,100,1425913,-1
34977.169305605,1,643,100,1421585,1
34977.468032179,1,644,100,1425347,1
34977.861641979,3,644,100,1425347,1
34978.395713851,1,645,100,1421728,1
34979.094040867,1,646,100,1421297,1
34979.640150383,1,647,100,1421868,1
34980.287478442,5,646,100,1421297,1
34981.358166769,1,648,100,1425220,-1
34981.924868868,3,641,100,1419566,1
34982.742080633,3,647,100,1421868,1
34983.504842996,3,645,100,1421728,1
34983.957200035,1,649,100,1422775,1
34984.68257653,1,650,100,1425248,1
34985.432252973,4,642,100,1425913,-1
34985.898434693,1,651,100,1421445,1
34986.466618109,4,648,100,1425220,-1
34987.111575196,1,652,100,1422341,1
34987.587150529,3,643,100,1421585,1
34988.01872643,4,652,100,1422341,1
34988.656616137,3,649,100,1422775,1
34989.225889582,3,650,100,1425248,1
34989.949070135,4,651,100,1421445,1
34990.763211352,1,653,100,1418561,1
34991.322064979,3,653,100,1418561,1
34991.845366995,1,654,100,1417928,-1
34992.662310366,5,654,100,1417928,-1
34993.4025165,1,655,100,1420769,-1
34993.863132282,3,655,100,1420769,-1
34994.688355926,1,656,100,1418533,1
34995.384328949,3,656,100,1418533,1
34995.915506723,1,657,100,1420485,1
34996.49964524,4,657,100,1420485,1
34997.247415005,1,658,100,1421496,1
34997.718286959,3,658,100,1421496,1
34998.43349858,1,659,100,1425867,-1
34999.146257698,3,659,100,1425867,-1
34999.821502541,1,660,100,1423747,-1
35000.145445817,3,660,100,1423747,-1
35000.80005149,1,661,100,1418069,1
35002.294749431,4,661,100,1418069,1
35002.588574158,1,662,100,1420982,-1
35003.791593251,3,662,100,1420982,-1
35004.229363754,1,663,100,1420678,-1
35005.026525651,3,663,100,1420678,-1
35005.491612035,1,664,100,1419248,1
35005.880014132,1,665,100,1417170,1
35006.672976653,1,666,100,1421275,1
35007.183095245,1,667,100,1418124,1
35007.655303894,1,668,100,1424886,-1
35008.107497015,1,669,100,1417637,1
35008.725911158,3,665,100,1417170,1
35009.478843111,5,667,100,1418124,1
35010.294881842,1,670,100,1425576,-1
35011.12031091,3,670,100,1425576,-1
35011.624941236,1,671,100,1418263,1
35012.58162492,3,666,100,1421275,1
35012.997311731,3,669,100,1417637,1
35013.833036048,1,672,100,1426057,-1
35014.824177098,4,672,100,1426057,-1
35015.429527226,3,668,100,1424886,-1
35016.147147234,4,671,100,1418263,1
35016.812927517,1,673,100,1428839,-1
35017.624421336,3,673,100,1428839,-1
35019.001892188,1,674,100,1432585,-1
35019.578023722,1,675,100,1426929,1
35019.884648359,1,676,100,1430079,-1
35020.553273271,1,677,100,1426649,1
35021.230015561,3,664,100,1419248,1
35022.007291877,3,676,100,1430079,-1
35022.805798305,3,675,100,1426929,1
35023.245146532,1,678,100,1426822,1
35023.609154696,5,677,100,1426649,1
35024.400745516,1,679,100,1431546,1
35025.043148397,4,674,100,1432585,-1
35025.627735582,1,680,100,1429957,-1
35025.911554275,1,681,100,1425991,1
35026.516763205,5,681,100,1425991,1
35027.065272133,4,680,100,1429957,-1
35027.423577168,4,678,100,1426822,1
35028.180779501,4,679,100,1431546,1
35028.48860164,1,682,100,1427823,-1
35028.805258057,1,683,100,1425064,1
35029.343708499,3,682,100,1427823,-1
35030.064812845,1,684,100,1432095,-1
35030.670496622,5,683,100,1425064,1
35031.086230929,4,684,100,1432095,-1
35031.807112921,1,685,100,1424692,1
35032.2905491,1,686,100,1424137,1
35032.950621297,5,686,100,1424137,1
35033.744776756,4,685,100,1424692,1
35034.260351214,1,687,100,1427399,-1
35034.809627568,1,688,100,1424640,1
35035.442577565,1,689,100,1430649,-1
35035.805827093,3,687,100,1427399,-1
35036.37106041,3,689,100,1430649,-1
35036.671314689,4,688,100,1424640,1
35037.29417465,1,690,100,1430874,-1
35037.63285648,3,690,100,1430874,-1
35038.022540247,1,691,100,1428172,-1
35038.478768634,1,692,100,1431211,-1
35038.962188207,4,691,100,1428172,-1
35039.79212846,4,692,100,1431211,-1
35040.468820848,1,693,100,1431086,-1
35041.107738468,3,693,100,1431086,-1
35041.745505134,1,694,100,1423918,-1
35042.866517761,4,694,100,1423918,-1
35043.160979333,1,695,100,1419090,1
35043.98742148,1,696,100,1424667,-1
35044.550462585,1,697,100,1420034,1
35045.304643912,3,696,100,1424667,-1
35046.113879263,1,698,100,1420734,1
35046.679259548,1,699,100,1427002,-1
35047.010886559,1,700,100,1422769,1
35047.635124146,1,701,100,1424519,1
35048.387397376,3,695,100,1419090,1
35049.137079453,1,702,100,1428450,-1
35049.748711077,4,702,100,1428450,-1
35050.232401192,5,700,100,1422769,1
35050.957724313,1,703,100,1425732,1
35051.662819657,1,704,100,1424924,1
35052.084949022,3,697,100,1420034,1
35052.753638661,3,703,100,1425732,1
35053.514582758,1,705,100,1427166,1
35053.803655483,1,706,100,1426198,1
35054.258559912,1,707,100,1429885,-1
35055.08755074,5,704,100,1424924,1
35056.270988223,3,707,100,1429885,-1
35057.534708632,3,706,100,1426198,1
35058.323527119,1,708,100,1432004,-1
35058.969500165,1,709,100,1424339,1
35059.514067807,4,699,100,1427002,-1
35060.181443647,1,710,100,1427535,-1
35060.464432217,1,711,100,1430077,-1
35061.066992765,1,712,100,1422458,1
35061.458475431,1,713,100,1426534,-1
35062.155059672,5,701,100,1424519,1
35062.948748977,4,711,100,1430077,-1
35063.24770844,3,713,100,1426534,-1
35063.966961307,1,714,100,1430083,1
35064.593136982,4,714,100,1430083,1
35065.096189006,4,710,100,1427535,-1
35065.795837979,1,715,100,1425870,1
35066.134003137,1,716,100,1434434,-1
35066.766043326,1,717,100,1434059,-1
35067.555583878,3,717,100,1434059,-1
35068.208423397,3,698,100,1420734,1
35068.942817231,5,716,100,1434434,-1
35069.499666669,1,718,100,1432944,-1
35069.881119616,4,708,100,1432004,-1
35070.217427467,4,718,100,1432944,-1
35070.727894551,1,719,100,1429842,1
35071.950946214,3,705,100,1427166,1
35072.742761169,1,720,100,1429793,1
35073.823368169,1,721,100,1431217,1
35074.382315235,3,712,100,1422458,1
35075.085615012,3,719,100,1429842,1
35075.482135831,1,722,100,1431182,1
35076.243509709,1,723,100,1437766,-1
35077.069578569,3,709,100,1424339,1
35077.403140971,1,724,100,1432818,-1
35078.239966777,3,720,100,1429793,1
35078.565263419,5,723,100,1437766,-1
35079.361238986,1,725,100,1429392,-1
35079.937184611,1,726,100,1430741,1
35080.384445473,1,727,100,1427781,1
35081.155609415,1,728,100,1433591,-1
35081.798960927,3,722,100,1431182,1
35082.52104508,3,725,100,1429392,-1
35083.596597213,1,729,100,1428594,1
35084.250720334,1,730,100,1428522,1
35084.976148095,4,730,100,1428522,1
35085.970589869,3,715,100,1425870,1
35086.630263067,1,731,100,1428390,1
35087.053617887,1,732,100,1433824,-1
35087.406333592,1,733,100,1431448,-1
35087.938536486,3,732,100,1433824,-1
35088.232881108,4,726,100,1430741,1
35089.604164928,3,733,100,1431448,-1
35090.090898002,3,731,100,1428390,1
35090.903666639,1,734,100,1428064,1
35091.65625049,1,735,100,1432772,-1
35092.245823279,3,724,100,1432818,-1
35093.033879659,5,727,100,1427781,1
35093.806357388,3,728,100,1433591,-1
35094.149612547,3,729,100,1428594,1
35094.540107543,1,736,200,1434315,-1
35094.908109742,5,736,100,1434315,-1
35095.687138394,3,735,100,1432772,-1
35096.161144154,3,736,100,1434315,-1
35096.842793243,1,737,100,1436856,-1
35097.563841965,4,737,100,1436856,-1
35098.375708938,1,738,100,1434365,-1
35099.014525476,1,739,100,1429028,1
35099.812164244,4,738,100,1434365,-1
35100.333099984,1,740,100,1437496,-1
35101.082151709,1,741,100,1431105,1
35101.476254862,1,742,100,1437569,-1
35102.175117745,3,740,100,1437496,-1
35102.502540028,5,734,100,1428064,1
35103.044792948,1,743,100,1427111,1
35103.530829131,4,721,100,1431217,1
35104.294394122,1,744,100,1432077,-1
35105.117675525,1,745,100,1435025,-1
35105.578294419,4,744,100,1432077,-1
35106.645441508,1,746,100,1435999,-1
35107.002957061,3,741,100,1431105,1
35107.426873151,1,747,100,1429478,1
35107.857129616,3,746,100,1435999,-1
35108.389600269,3,747,100,1429478,1
35108.878135196,1,748,100,1429914,-1
35109.21132806,3,739,100,1429028,1
35109.503239479,4,748,100,1429914,-1
35110.284546375,5,743,100,1427111,1
35110.926330012,3,745,100,1435025,-1
35111.73478793,3,742,100,1437569,-1
35112.255461557,1,749,100,1429911,1
35112.677316773,4,749,100,1429911,1
35113.421996684,1,750,100,1429725,1
35114.020285269,1,751,100,1426907,1
35114.577282885,3,751,100,1426907,1
35114.961454503,3,750,100,1429725,1
35115.402679518,1,752,100,1429492,-1
35115.926824002,1,753,100,1428682,-1
35116.654936552,4,753,100,1428682,-1
35117.190744817,5,752,100,1429492,-1
35117.665056482,1,754,100,1424607,1
35118.459026476,3,754,100,1424607,1
35118.895056025,1,755,100,1425578,1
35119.270811286,3,755,100,1425578,1
35119.691997761,1,756,100,1427492,-1
35120.201921016,1,757,100,1424027,1
35120.488759875,1,758,100,1428501,-1
35121.063053748,1,759,100,1424407,1
35121.729054498,5,758,100,1428501,-1
35122.058573029,1,760,100,1426381,1
35122.455034402,1,761,100,1426368,1
35124.073700397,1,762,100,1429870,-1
35124.637477382,1,763,100,1425047,1
35125.079273322,1,764,100,1429003,-1
35125.470379263,3,759,100,1424407,1
35125.891556844,1,765,100,1427183,-1
35126.462736199,4,757,100,1424027,1
35127.238440793,4,763,100,1425047,1
35127.631583438,5,756,100,1427492,-1
35128.388954111,4,760,100,1426381,1
35129.195357822,4,764,100,1429003,-1
35129.508519375,1,766,100,1425455,1
35130.38421002,1,767,100,1427775,-1
35130.796213483,1,768,100,1423240,1
35131.443375995,4,766,100,1425455,1
35132.918720894,1,769,100,1419889,1
35133.279633594,1,770,100,1422679,1
35133.902150803,4,770,100,1422679,1
35134.194060267,4,761,100,1426368,1
35134.721422428,3,767,100,1427775,-1
35136.375160662,1,771,100,1426307,-1
35136.676112918,1,772,100,1421166,1
35137.293213118,3,762,100,1429870,-1
35137.899666592,3,769,100,1419889,1
35138.687846701,5,768,100,1423240,1
35139.307296481,1,773,100,1425159,1
35139.788040416,1,774,100,1432015,-1
35140.46958487,1,775,100,1433120,-1
35140.8575641,1,776,100,1431782,-1
35142.055254793,3,771,100,1426307,-1
35142.812111665,4,765,100,1427183,-1
35143.230892257,3,772,100,1421166,1
35144.291463165,1,777,100,1428907,1
35144.921186552,4,777,100,1428907,1
35145.583548853,1,778,100,1429399,1
35146.122966898,1,779,100,1430774,1
35146.94749335,1,780,100,1426473,1
35147.436637994,1,781,100,1428362,1
35148.26537876,1,782,100,1433212,-1
35148.559360372,4,774,100,1432015,-1
35149.403406429,5,780,100,1426473,1
35149.857502483,5,779,100,1430774,1
35150.612304871,1,783,100,1430906,-1
35151.274419995,3,778,100,1429399,1
35151.928230289,5,783,100,1430906,-1
35152.675395468,3,782,100,1433212,-1
35153.346810859,5,773,100,1425159,1
35154.178859063,3,781,100,1428362,1
35154.544177077,4,775,100,1433120,-1
35155.207762922,4,776,100,1431782,-1
35155.856580799,1,784,100,1428853,1
35156.227453082,1,785,100,1433301,1
35156.541860078,3,785,100,1433301,1
35157.317913558,4,784,100,1428853,1
35158.034555187,1,786,100,1434376,-1
35158.788578613,3,786,100,1434376,-1
35159.313667374,1,787,100,1434844,-1
35160.021753646,1,788,100,1431121,1
35160.805793349,4,787,100,1434844,-1
35161.157974248,1,789,100,1435688,-1
35161.590705767,1,790,100,1434142,1
35161.911960665,3,789,100,1435688,-1
35162.737606842,4,790,100,1434142,1
35163.364548149,1,791,100,1433386,1
35163.736347217,1,792,100,1438654,1
35164.109048724,1,793,100,1439210,-1
35164.937385785,3,791,100,1433386,1
35165.748055651,1,794,100,1437820,-1
35166.512974394,3,788,100,1431121,1
35166.832056472,1,795,100,1437727,1
35167.617118788,1,796,100,1441078,-1
35168.008762838,1,797,100,1441642,-1
35168.565294283,5,796,100,1441078,-1
35168.959415669,1,798,100,1442270,-1
35169.493075954,5,793,100,1439210,-1
35169.946146402,1,799,100,1437330,1
35170.775051219,1,800,100,1440949,1
35171.41876506,5,795,100,1437727,1
35171.81041054,5,792,100,1438654,1
35172.253294448,1,801,100,1437846,1
35172.631993214,1,802,100,1444311,-1
35173.417369475,4,794,100,1437820,-1
35174.066576294,1,803,100,1445153,-1
35174.527377363,5,802,100,1444311,-1
35175.316792133,1,804,100,1439494,1
35175.942095871,3,801,100,1437846,1
35176.407387218,3,803,100,1445153,-1
35177.170303582,3,798,100,1442270,-1
35177.937304449,1,805,100,1441240,1
35179.292716483,1,806,100,1440670,1
35179.97151873,3,799,100,1437330,1
35180.815088421,3,797,100,1441642,-1
35181.315263141,1,807,100,1445839,1
35181.648218298,4,807,100,1445839,1
35182.47031289,1,808,100,1439227,1
35183.03853768,1,809,100,1446703,-1
35183.643616196,1,810,100,1439395,1
35184.408648263,3,808,100,1439227,1
35184.878010288,1,811,100,1444155,-1
35185.464180451,1,812,100,1440654,-1
35186.943914845,1,813,100,1443422,-1
35187.242360188,1,814,100,1443410,-1
35187.822271295,1,815,100,1444112,-1
35188.630134524,3,805,100,1441240,1
35188.924324939,3,809,100,1446703,-1
35189.494410905,1,816,100,1442887,1
35189.784291071,4,800,100,1440949,1
35190.571900188,1,817,100,1441397,-1
35191.28600663,3,810,100,1439395,1
35191.746387787,3,816,100,1442887,1
35192.121145487,1,818,100,1441254,-1
35192.960252134,1,819,100,1435399,1
35193.681472898,5,804,100,1439494,1
35194.771179697,5,818,100,1441254,-1
35195.477489392,4,806,100,1440670,1
35196.332925192,3,811,100,1444155,-1
35196.65598173,1,820,100,1442144,-1
35197.124475733,1,821,100,1438186,1
35197.486849251,5,819,100,1435399,1
35197.88580243,1,822,100,1437420,1
35198.637809824,3,815,100,1444112,-1
35199.444406666,1,823,100,1438016,-1
35200.025623051,1,824,100,1441681,-1
35200.836999232,1,825,100,1436239,1
35201.668728016,3,823,100,1438016,-1
35202.507501588,1,826,100,1438482,1
35203.95416109,1,827,100,1439368,-1
35205.34581431,4,821,100,1438186,1
35205.863133923,3,822,100,1437420,1
35206.309921562,1,828,100,1428604,1
35206.980159635,1,829,100,1433037,-1
35207.43966591,1,830,100,1426719,1
35207.937921661,1,831,100,1430227,-1
35208.464928229,4,825,100,1436239,1
35209.039419384,1,832,100,1431863,-1
35209.807995108,1,833,100,1426799,1
35210.145991981,4,832,100,1431863,-1
35210.594846151,1,834,100,1427713,1
35211.133434773,1,835,100,1427010,1
35212.127187067,4,826,100,1438482,1
35212.699806973,1,836,100,1427922,1
35213.268345531,3,814,100,1443410,-1
35213.756838165,3,830,100,1426719,1
35214.206361649,1,837,100,1427766,1
35215.292988937,4,829,100,1433037,-1
35215.861682694,3,837,100,1427766,1
35216.326172683,3,813,100,1443422,-1
35216.742144237,1,838,100,1434390,-1
35217.12558158,4,831,100,1430227,-1
35217.776970926,4,828,100,1428604,1
35219.833578649,3,836,100,1427922,1
35220.410252921,1,839,100,1429370,-1
35221.133752869,3,820,100,1442144,-1
35221.910472531,1,840,100,1426041,-1
35223.090698181,1,841,100,1423830,1
35223.990819484,1,842,100,1425162,1
35224.608788263,4,833,100,1426799,1
35225.101515489,3,840,100,1426041,-1
35225.959463157,3,834,100,1427713,1
35227.184323351,1,843,100,1426280,-1
35227.986355841,1,844,100,1422601,1
35228.820836948,1,845,100,1428055,-1
35229.324428234,1,846,100,1425358,1
35229.638375181,3,844,100,1422601,1
35229.972149181,5,817,100,1441397,-1
35230.307285949,5,842,100,1425162,1
35230.717450228,1,847,100,1425929,-1
35231.300312642,3,827,100,1439368,-1
35232.106131345,3,839,100,1429370,-1
35232.658452743,1,848,100,1420684,1
35233.065626827,3,843,100,1426280,-1
35233.50587665,1,849,100,1422173,1
35233.84557202,1,850,100,1423438,1
35234.460259195,4,835,100,1427010,1
35234.836153607,5,848,100,1420684,1
35236.203500159,1,851,100,1424252,1
35237.041860261,1,852,100,1423882,1
35237.822221235,1,853,100,1422455,1
35238.167096239,3,852,100,1423882,1
35238.83656521,3,838,100,1434390,-1
35239.489888145,1,854,100,1426607,1
35240.302230178,5,841,100,1423830,1
35241.673572857,1,855,100,1423005,1
35242.449934012,3,854,100,1426607,1
35243.119588312,1,856,100,1422023,1
35243.609597992,1,857,100,1423919,1
35244.360216335,3,856,100,1422023,1
35245.10743865,1,858,100,1425769,-1
35245.761653615,1,859,100,1421889,1
35246.050096881,4,855,100,1423005,1
35246.567912224,1,860,100,1418681,1
35247.427694096,1,861,100,1421446,-1
35247.918899294,1,862,100,1416305,1
35248.751941902,5,845,100,1428055,-1
35250.092601504,1,863,100,1418581,1
35250.636479948,1,864,100,1421830,-1
35251.062376361,1,865,100,1420609,-1
35251.653764252,3,859,100,1421889,1
35252.290464383,3,864,100,1421830,-1
35252.756129329,3,857,100,1423919,1
35253.15639466,1,866,100,1414433,1
35254.17885478,4,853,100,1422455,1
35254.845731616,1,867,100,1419285,-1
35255.439385808,5,824,100,1441681,-1
35255.973217264,4,862,100,1416305,1
35256.612844945,3,865,100,1420609,-1
35257.400323464,1,868,100,1417284,1
35257.945354502,3,812,100,1440654,-1
35258.400835504,1,869,100,1423524,-1
35259.002257239,5,863,100,1418581,1
35259.463636443,3,868,100,1417284,1
35259.773489479,1,870,100,1422712,-1
35261.267224992,1,871,100,1423451,-1
35262.632453673,3,867,100,1419285,-1
35263.406340137,1,872,100,1427448,-1
35263.723738977,4,871,100,1423451,-1
35264.035229174,5,860,100,1418681,1
35264.557403115,1,873,100,1424693,-1
35265.208138448,1,874,100,1424893,-1
35266.806499021,4,870,100,1422712,-1
35267.823146548,3,858,100,1425769,-1
35268.157770947,4,872,100,1427448,-1
35268.732865171,1,875,100,1424793,1
35269.515345536,1,876,100,1429548,-1
35270.353920219,4,861,100,1421446,-1
35271.022914643,1,877,100,1425811,1
35271.411651397,1,878,100,1425259,-1
35272.02558314,3,878,100,1425259,-1
35272.755836421,3,877,100,1425811,1
35273.187290934,3,873,100,1424693,-1
35274.328276422,5,846,100,1425358,1
35275.107947766,4,874,100,1424893,-1
35276.542822303,3,869,100,1423524,-1
35277.254487093,1,879,100,1425016,-1
35278.086882499,4,847,100,1425929,-1
35278.818107403,1,880,100,1424666,-1
35279.135528774,3,866,100,1414433,1
35279.851920177,3,879,100,1425016,-1
35280.613199026,3,880,100,1424666,-1
35281.431777768,4,876,100,1429548,-1
35281.810670619,1,881,100,1429735,-1
35282.574143458,1,882,100,1425424,1
35283.364251136,1,883,100,1431317,-1
35283.883359071,1,884,100,1425328,1
35284.706625653,4,881,100,1429735,-1
35285.147165123,1,885,100,1426527,1
35286.381572546,3,885,100,1426527,1
35287.049753571,1,886,100,1425486,1
35287.794667443,1,887,100,1425555,1
35288.36841826,3,875,100,1424793,1
35288.71212093,3,884,100,1425328,1
35289.161402904,1,888,100,1431201,-1
35289.915087324,1,889,100,1432116,-1
35290.284992011,4,888,100,1431201,-1
35291.087323088,1,890,100,1434560,-1
35291.396827881,5,850,100,1423438,1
35292.096162169,3,889,100,1432116,-1
35292.467701203,3,851,100,1424252,1
35293.828473502,4,883,100,1431317,-1
35294.458250459,1,891,100,1432349,-1
35295.006472826,1,892,100,1429790,1
35295.855853631,1,893,100,1432749,-1
35296.482991729,4,892,100,1429790,1
35296.804307887,1,894,100,1427773,1
35297.183528409,4,893,100,1432749,-1
35297.738090978,3,849,100,1422173,1
35298.445484532,1,895,100,1427360,1
35298.933219417,1,896,100,1430288,-1
35299.595962558,3,887,100,1425555,1
35300.314226769,1,897,100,1427890,1
35300.901333984,3,882,100,1425424,1
35301.554592491,1,898,100,1431652,-1
35302.907973373,3,890,100,1434560,-1
35303.265222375,1,899,100,1432985,1
35304.64233232,4,896,100,1430288,-1
35305.20650196,4,891,100,1432349,-1
35305.729002225,1,900,100,1436427,-1
35306.076328325,1,901,100,1432889,-1
35307.86016457,1,902,100,1432970,1
35308.335396369,1,903,100,1431279,1
35309.061527306,1,904,100,1432409,1
35310.324169161,1,905,100,1433976,1
35311.103748268,4,898,100,1431652,-1
35311.790127765,4,899,100,1432985,1
35312.414404584,4,905,100,1433976,1
35312.823335507,1,906,100,1432256,-1
35313.440577938,1,907,100,1437032,-1
35314.056048239,4,902,100,1432970,1
35314.664285571,1,908,100,1435942,-1
35315.080632379,4,903,100,1431279,1
35315.777540096,4,904,100,1432409,1
35316.496610236,1,909,100,1431901,1
35317.121405953,1,910,100,1433383,-1
35317.743181667,1,911,100,1433129,-1
35318.341720648,1,912,100,1430738,-1
35318.874283303,5,910,100,1433383,-1
35319.525658839,5,901,100,1432889,-1
35320.06769201,1,913,100,1428634,1
35320.775014919,1,914,100,1430435,-1
35321.250382308,1,915,100,1429788,-1
35321.585403032,1,916,100,1429227,-1
35322.360018943,1,917,100,1419858,1
35322.856879142,4,913,100,1428634,1
35324.464425077,4,909,100,1431901,1
35325.116967199,1,918,100,1427607,1
35325.641309029,1,919,100,1430471,-1
35326.043744371,4,897,100,1427890,1
35326.765756162,4,886,100,1425486,1
35327.271935138,1,920,100,1425596,-1
35328.058229095,1,921,100,1429632,-1
35328.434447949,3,894,100,1427773,1
35329.09662285,3,915,100,1429788,-1
35330.636685228,3,912,100,1430738,-1
35331.233727245,3,900,100,1436427,-1
35332.007534867,4,918,100,1427607,1
35332.534904055,5,921,100,1429632,-1
35333.034943947,1,922,100,1428295,-1
35333.567703151,1,923,100,1428510,-1
35334.18147209,1,924,100,1429721,-1
35334.503669552,1,925,100,1427016,-1
35335.856379356,1,926,100,1425135,-1
35336.326299208,3,906,100,1432256,-1
35336.990018637,3,923,100,1428510,-1
35337.323083385,1,927,100,1428322,-1
35338.134041189,1,928,100,1423943,1
35338.710853309,3,926,100,1425135,-1
35339.887429669,3,919,100,1430471,-1
35340.55715358,1,929,100,1423279,1
35341.211066832,4,922,100,1428295,-1
35341.514634975,1,930,200,1429101,-1
35342.376237761,1,931,100,1429817,-1
35343.160001227,1,932,100,1423316,1
35343.902070071,1,933,100,1426798,1
35344.339087784,3,925,100,1427016,-1
35345.019262299,4,932,100,1423316,1
35345.537099471,4,928,100,1423943,1
35347.02697649,1,934,100,1426215,-1
35348.503759916,3,933,100,1426798,1
35349.072682457,1,935,100,1421599,1
35349.472190254,1,936,100,1423022,1
35349.765811023,1,937,100,1426471,-1
35350.23527008,1,938,100,1421924,1
35350.926495318,1,939,100,1421921,1
35351.343531391,4,917,100,1419858,1
35351.945648691,1,940,100,1424574,-1
35352.558126286,3,920,100,1425596,-1
35353.174599594,3,940,100,1424574,-1
35353.470074741,3,937,100,1426471,-1
35354.323445473,3,927,100,1428322,-1
35354.81792979,1,941,100,1420642,1
35356.491351276,3,895,100,1427360,1
35357.115698415,3,936,100,1423022,1
35357.80856305,3,934,100,1426215,-1
35358.623232406,3,935,100,1421599,1
35359.483531249,1,942,100,1425698,1
35360.302355418,1,943,100,1422920,1
35360.84924414,4,938,100,1421924,1
35362.443405965,5,942,100,1425698,1
35363.063936117,4,943,100,1422920,1
35363.697168363,1,944,100,1421858,-1
35364.378072522,3,939,100,1421921,1
35365.239141083,1,945,100,1425969,-1
35365.790767691,1,946,100,1422931,1
35366.195273755,1,947,100,1420078,1
35366.995096057,4,944,100,1421858,-1
35367.557234611,1,948,100,1419072,1
35368.00416516,1,949,100,1423497,1
35368.76440119,1,950,100,1422902,1
35369.437035483,1,951,100,1426381,1
35370.065285465,3,908,100,1435942,-1
35370.942213197,3,924,100,1429721,-1
35371.388636856,1,952,100,1428850,-1
35372.179491977,1,953,100,1426840,-1
35372.693016765,1,954,100,1424795,-1
35373.138226335,1,955,100,1428349,-1
35373.60961878,1,956,100,1427090,-1
35374.470453823,1,957,100,1424286,1
35374.774662514,4,941,100,1420642,1
35375.425376862,1,958,100,1427501,-1
35375.820941762,1,959,100,1422657,1
35376.442823138,4,954,100,1424795,-1
35377.212071385,1,960,100,1426738,-1
35377.628604108,4,957,100,1424286,1
35378.105332683,3,916,100,1429227,-1
35378.608059093,1,961,100,1426546,-1
35379.153467536,1,962,100,1427991,-1
35380.561580973,4,949,100,1423497,1
35380.994722781,1,963,100,1424590,1
35381.777772896,5,947,100,1420078,1
35382.129844022,1,964,100,1423176,1
35382.731109838,4,945,100,1425969,-1
35383.349362724,5,930,100,1429101,-1
35384.180664111,3,930,100,1429101,-1
35384.932975655,3,951,100,1426381,1
35386.088971443,1,965,100,1422870,1
35387.173041254,3,960,100,1426738,-1
35387.634406079,1,966,100,1425340,-1
35388.991257033,4,946,100,1422931,1
35389.767583786,4,950,100,1422902,1
35390.588620257,5,948,100,1419072,1
35391.304348646,5,914,100,1430435,-1
35392.034966603,3,953,100,1426840,-1
35392.752654833,5,963,100,1424590,1
35393.202778478,3,929,100,1423279,1
35393.996068437,3,931,100,1429817,-1
35394.629274562,5,959,100,1422657,1
35394.969430944,1,967,100,1424358,-1
35395.333157038,1,968,100,1426570,-1
35396.060520414,3,955,100,1428349,-1
35396.463945153,1,969,100,1423165,-1
35397.106281543,4,969,100,1423165,-1
35397.524893755,3,958,100,1427501,-1
35397.918366472,4,964,100,1423176,1
35399.981459125,5,952,100,1428850,-1
35401.801178486,3,962,100,1427991,-1
35402.154798748,5,968,100,1426570,-1
35403.602409216,3,911,100,1433129,-1
35403.953489592,5,967,100,1424358,-1
35404.477366739,3,961,100,1426546,-1
35405.014069982,1,970,100,1425569,-1
35405.522144511,1,971,100,1420862,1
35406.311870295,5,907,100,1437032,-1
35407.144887844,1,972,100,1424876,-1
35407.528461803,3,971,100,1420862,1
35408.157065349,1,973,100,1421625,1
35409.072198054,4,970,100,1425569,-1
35409.805891288,1,974,100,1422913,1
35410.36229621,1,975,100,1426247,-1
35411.209146602,1,976,100,1429058,-1
35411.511604107,1,977,100,1426462,1
35412.231181604,3,966,100,1425340,-1
35412.607324683,5,974,100,1422913,1
35413.29526432,1,978,100,1421983,1
35414.135345189,1,979,100,1422709,-1
35414.441702467,3,972,100,1424876,-1
35415.108806318,4,979,100,1422709,-1
35415.559290857,1,980,100,1424842,-1
35416.144047982,1,981,100,1426365,-1
35416.706694786,1,982,100,1426733,-1
35417.012641645,1,983,100,1422915,1
35417.81841916,4,977,100,1426462,1
35418.667093364,1,984,100,1425365,-1
35419.309968552,4,980,100,1424842,-1
35419.878325186,5,965,100,1422870,1
35420.749440129,3,978,100,1421983,1
35421.346883806,1,985,100,1423482,-1
35421.711019228,4,973,100,1421625,1
35422.283482109,3,976,100,1429058,-1
35422.950567591,3,984,100,1425365,-1
35423.665955888,4,983,100,1422915,1
35424.20348061,3,981,100,1426365,-1
35424.8373012,4,975,100,1426247,-1
35425.706106611,4,956,100,1427090,-1
35426.232630285,1,986,100,1422187,1
35426.791542129,3,985,100,1423482,-1
35427.630303106,3,982,100,1426733,-1
35428.166201264,1,987,100,1419071,-1
35428.937238866,5,987,100,1419071,-1
35430.195769515,5,986,100,1422187,1
35430.5911498,1,988,100,1422198,1
35431.265237023,1,989,100,1428561,-1
35432.808995608,1,990,100,1423838,1
35433.193874353,1,991,100,1423979,1
35433.575415408,1,992,100,1422877,1
35434.627900245,4,991,100,1423979,1
35435.17844847,3,989,100,1428561,-1
35435.982490345,1,993,100,1427337,-1
35436.622158835,4,990,100,1423838,1
35437.210642392,5,988,100,1422198,1
35437.987618796,1,994,100,1422097,1
35438.432448674,5,992,100,1422877,1
35438.943186728,1,995,100,1420661,1
35439.236603247,1,996,100,1425500,-1
35440.391078794,5,996,100,1425500,-1
35441.055086603,1,997,100,1424072,-1
35441.588492786,5,997,100,1424072,-1
35442.261792669,1,998,100,1427395,-1
35443.023110957,1,999,100,1426664,-1
35443.358732167,1,1000,100,1426985,-1
35444.072744561,1,1001,100,1428023,-1
35444.929194625,4,999,100,1426664,-1
35445.268574134,3,995,100,1420661,1
35446.032897236,5,993,100,1427337,-1
35446.389532662,4,1000,100,1426985,-1
35447.027421278,3,994,100,1422097,1
35447.897561132,1,1002,100,1429949,-1
35448.543764654,5,1001,100,1428023,-1
35449.269115111,1,1003,100,1422090,1
35449.693839518,3,998,100,1427395,-1
35450.389169167,1,1004,100,1425618,1
35451.206011999,3,1003,100,1422090,1
35451.963104585,3,1004,100,1425618,1
35452.792014964,1,1005,100,1423169,1
35453.165758923,5,1002,100,1429949,-1
35453.789073927,3,1005,100,1423169,1
35454.359663353,1,1006,100,1423981,1
35455.100340276,3,1006,100,1423981,1
35455.906050781,1,1007,100,1420968,1
35456.49277422,1,1008,100,1426391,-1
35457.062597003,1,1009,100,1421583,1
35457.660568904,3,1009,100,1421583,1
35458.051709602,4,1008,100,1426391,-1
35458.583295229,1,1010,100,1421787,-1
35458.921200503,1,1011,100,1422291,1
35459.78606348,1,1012,100,1420380,1
35460.54363861,5,1012,100,1420380,1
35461.220697237,3,1007,100,1420968,1
35461.947543211,1,1013,100,1415563,1
35462.293160325,1,1014,100,1417588,1
35462.991436899,1,1015,100,1419990,-1
35464.828498662,4,1014,100,1417588,1
35465.499893395,1,1016,100,1416598,1
35466.054590545,1,1017,100,1416181,1
35466.640177207,3,1010,100,1421787,-1
35467.465094669,1,1018,100,1418989,1
35467.973401962,5,1013,100,1415563,1
35468.641270458,3,1015,100,1419990,-1
35470.181892451,4,1011,100,1422291,1
35470.664023466,3,1018,100,1418989,1
35471.432871136,1,1019,100,1424879,-1
35472.213709279,1,1020,100,1423864,1
35472.618007036,3,1017,100,1416181,1
35473.283552403,3,1020,100,1423864,1
35474.432609324,3,1016,100,1416598,1
35475.203225568,1,1021,100,1419235,1
35475.777282594,1,1022,100,1423366,-1
35476.62289602,1,1023,100,1423934,-1
35476.923126851,1,1024,100,1424691,-1
35477.772626407,3,1024,100,1424691,-1
35478.256253136,4,1021,100,1419235,1
35478.871685762,3,1022,100,1423366,-1
35479.454927635,4,1019,100,1424879,-1
35479.885975857,4,1023,100,1423934,-1
35480.587469673,1,1025,100,1419984,1
35481.420673823,5,1025,100,1419984,1
35482.077322929,1,1026,100,1420240,1
35482.924116467,1,1027,100,1419341,1
35483.224984386,4,1026,100,1420240,1
35483.768905779,1,1028,100,1426726,-1
35484.117789985,1,1029,100,1420037,1
35485.291050419,3,1028,100,1426726,-1
35486.250265638,5,1027,100,1419341,1
35486.738576839,3,1029,100,1420037,1
35487.386479613,1,1030,100,1425885,-1
35488.20125169,3,1030,100,1425885,-1
35488.784026294,1,1031,100,1422785,-1
35489.659815062,4,1031,100,1422785,-1
35490.101652954,1,1032,100,1421033,1
35490.901724496,3,1032,100,1421033,1
35491.405003247,1,1033,100,1420391,1
35491.984317698,1,1034,100,1421349,1
35492.652532684,1,1035,100,1426011,-1
35494.135017554,3,1033,100,1420391,1
35494.762533667,3,1034,100,1421349,1
35495.477721614,3,1035,100,1426011,-1
35496.27092107,1,1036,100,1425489,-1
35496.965184803,1,1037,100,1424317,1
35497.709305823,1,1038,100,1424851,1
35498.187597158,1,1039,100,1425891,-1
35498.908559324,4,1036,100,1425489,-1
35499.547145886,1,1040,100,1423939,1
35500.277230336,5,1038,100,1424851,1
35501.016628722,1,1041,100,1421819,1
35501.710034471,4,1039,100,1425891,-1
35502.244590467,1,1042,100,1427945,-1
35503.099697419,1,1043,100,1428549,-1
35503.472624315,4,1040,100,1423939,1
35504.26116198,1,1044,100,1428387,-1
35505.048397582,3,1044,100,1428387,-1
35505.615025949,1,1045,100,1430333,-1
35505.914238693,1,1046,100,1423345,1
35506.697189618,3,1046,100,1423345,1
35509.514245329,5,1041,100,1421819,1
35510.074933934,1,1047,100,1423118,1
35510.934079014,1,1048,100,1428350,1
35511.652696774,1,1049,100,1426681,1
35512.201298973,3,1047,100,1423118,1
35512.791592993,1,1050,100,1425165,1
35513.09723411,1,1051,100,1424521,1
35513.766361422,1,1052,100,1427113,-1
35514.320138221,3,1042,100,1427945,-1
35515.568299858,1,1053,100,1422665,1
35516.082682975,3,1045,100,1430333,-1
35516.410979485,4,1051,100,1424521,1
35516.911914039,3,1049,100,1426681,1
35517.281318915,5,1043,100,1428549,-1
35517.703137914,4,1048,100,1428350,1
35518.463185429,3,1037,100,1424317,1
35518.873387282,4,1050,100,1425165,1
35519.202671562,3,1053,100,1422665,1
35519.788297535,3,1052,100,1427113,-1
35520.596321174,1,1054,100,1427991,-1
35521.437064957,1,1055,100,1429167,-1
35522.253301853,3,1055,100,1429167,-1
35523.005583954,3,1054,100,1427991,-1
35523.342832864,1,1056,100,1428855,1
35523.645477171,1,1057,100,1432861,-1
35523.962048085,3,1056,100,1428855,1
35524.852209873,3,1057,100,1432861,-1
35525.625639599,1,1058,100,1429231,-1
35526.135440797,5,1058,100,1429231,-1
35526.816045709,1,1059,100,1431221,-1
35527.671588538,4,1059,100,1431221,-1
35528.488447949,1,1060,100,1422857,1
35529.706427832,3,1060,100,1422857,1
35530.32309849,1,1061,100,1425512,1
35531.089919689,1,1062,100,1425593,-1
35531.617747624,3,1061,100,1425512,1
35532.183979913,1,1063,100,1426243,-1
35532.952888717,1,1064,100,1421980,1
35533.282048743,1,1065,100,1420646,1
35533.779444551,3,1063,100,1426243,-1
35534.557632888,1,1066,100,1420100,1
35535.336621995,3,1065,100,1420646,1
35535.813363157,1,1067,100,1424975,1
35536.319782599,4,1067,100,1424975,1
35537.197664999,1,1068,100,1421178,1
35537.842191155,3,1066,100,1420100,1
35538.233353129,5,1064,100,1421980,1
35538.63525806,3,1062,100,1425593,-1
35539.063365668,3,1068,100,1421178,1
35539.453136252,1,1069,100,1429996,-1
35540.26835568,5,1069,100,1429996,-1
35540.806685862,1,1070,100,1426034,1
35541.242662218,3,1070,100,1426034,1
35541.621179476,1,1071,100,1426854,1
35542.308236293,1,1072,100,1428603,-1
35542.866950865,3,1072,100,1428603,-1
35543.447254124,1,1073,100,1429257,-1
35544.109418325,4,1071,100,1426854,1
35544.589920833,1,1074,100,1428359,-1
35544.96062724,3,1073,100,1429257,-1
35545.696497738,4,1074,100,1428359,-1
35546.378580341,1,1075,100,1427921,-1
35547.070836707,3,1075,100,1427921,-1
35547.761062957,1,1076,100,1430975,-1
35548.561049461,1,1077,100,1433432,-1
35550.129906022,3,1077,100,1433432,-1
35550.797149672,4,1076,100,1430975,-1
35551.142215776,1,1078,100,1426964,1
35551.929134367,1,1079,100,1430351,-1
35553.645722107,3,1078,100,1426964,1
35553.94163399,4,1079,100,1430351,-1
35554.445421737,1,1080,100,1428543,1
35554.966310764,1,1081,100,1429274,-1
35555.470712252,4,1080,100,1428543,1
35556.102166767,1,1082,100,1431859,-1
35556.584872153,3,1081,100,1429274,-1
35557.043690763,1,1083,100,1431276,-1
35557.410825355,1,1084,100,1426941,1
35558.050792568,3,1083,100,1431276,-1
35558.381189344,1,1085,100,1425864,1
35558.91663247,4,1085,100,1425864,1
35559.221284388,1,1086,100,1426862,1
35559.694140877,3,1082,100,1431859,-1
35560.464213999,3,1086,100,1426862,1
35561.030285038,3,1084,100,1426941,1
35561.505473816,1,1087,100,1423486,1
35562.670943964,4,1087,100,1423486,1
35563.542053976,1,1088,100,1426085,-1
35564.194441113,4,1088,100,1426085,-1
35564.857134052,1,1089,100,1421859,1
35565.716742466,1,1090,100,1425797,-1
35566.143756138,4,1090,100,1425797,-1
35566.843759926,1,1091,100,1427992,-1
35567.223062445,1,1092,100,1428378,-1
35567.855977431,1,1093,100,1427017,1
35568.601665725,1,1094,100,1429536,-1
35569.19854215,3,1093,100,1427017,1
35569.859527187,3,1094,100,1429536,-1
35570.227847028,5,1089,100,1421859,1
35571.0313082,3,1091,100,1427992,-1
35571.583857126,4,1092,100,1428378,-1
35572.033200983,1,1095,100,1429282,-1
35572.906353592,1,1096,100,1424104,1
35573.759130178,1,1097,100,1427076,-1
35574.359589365,1,1098,100,1431914,-1
35574.841670331,1,1099,100,1432577,-1
35575.324053222,3,1096,100,1424104,1
35576.154638402,3,1095,100,1429282,-1
35577.027929028,4,1097,100,1427076,-1
35577.728485301,3,1099,100,1432577,-1
35578.199196614,1,1100,100,1432573,-1
35578.849175906,5,1098,100,1431914,-1
35579.26981594,3,1100,100,1432573,-1
35580.133972205,1,1101,100,1429475,1
35580.551335907,1,1102,100,1427924,1
35581.072462195,1,1103,100,1427952,1
35581.520392453,4,1102,100,1427924,1
35582.322662629,1,1104,100,1434508,-1
35582.648025686,5,1103,100,1427952,1
35583.247722878,3,1101,100,1429475,1
35583.723289001,4,1104,100,1434508,-1
35584.257123803,1,1105,100,1432996,-1
35584.743636351,1,1106,100,1435838,-1
35586.00991216,3,1106,100,1435838,-1
35587.437062274,3,1105,100,1432996,-1
35588.224850951,1,1107,100,1434248,-1
35589.213304222,5,1107,100,1434248,-1
35589.614221387,1,1108,100,1429776,1
35590.450331769,4,1108,100,1429776,1
35590.82672452,1,1109,100,1432995,-1
35591.341990477,4,1109,100,1432995,-1
35591.768693723,1,1110,100,1431224,1
35592.153316982,3,1110,100,1431224,1
35593.002575625,1,1111,100,1431896,-1
35594.191708811,3,1111,100,1431896,-1
35594.555462146,1,1112,100,1430690,1
35596.070359822,1,1113,100,1436610,-1
35596.887479886,3,1113,100,1436610,-1
35597.197713663,5,1112,100,1430690,1
35597.871031853,1,1114,100,1440325,-1
35598.378664651,1,1115,100,1437585,-1
35598.806766702,1,1116,100,1432649,1
35599.634147345,4,1114,100,1440325,-1
35599.956950904,1,1117,100,1434482,1
35600.561842572,1,1118,100,1432996,1
35601.031808888,3,1116,100,1432649,1
35601.779609204,3,1118,100,1432996,1
35602.977322292,4,1117,100,1434482,1
35603.593316473,1,1119,100,1437173,-1
35604.101270145,3,1119,100,1437173,-1
35605.725034408,3,1115,100,1437585,-1
35606.032263186,1,1120,100,1434914,1
35606.811037954,4,1120,100,1434914,1
35607.535541847,1,1121,100,1436479,-1
35608.025478959,1,1122,100,1433796,1
35608.812059825,3,1122,100,1433796,1
35609.137502517,4,1121,100,1436479,-1
35609.725109353,1,1123,100,1430406,1
35610.316607834,1,1124,100,1438865,-1
35611.115035695,3,1124,100,1438865,-1
35611.950424705,4,1123,100,1430406,1
35612.529397125,1,1125,100,1437177,-1
35613.353541965,3,1125,100,1437177,-1
35613.757302269,1,1126,100,1436292,1
35615.212200847,4,1126,100,1436292,1
35615.761809553,1,1127,100,1437006,1
35616.530966573,1,1128,100,1437468,-1
35617.638910054,3,1127,100,1437006,1
35618.044110388,1,1129,100,1440096,-1
35618.369467709,1,1130,100,1440580,-1
35618.901933961,3,1128,100,1437468,-1
35619.480710048,4,1129,100,1440096,-1
35619.796017424,3,1130,100,1440580,-1
35620.291541845,1,1131,100,1440155,-1
35621.024791677,3,1131,100,1440155,-1
35621.67052787,1,1132,100,1439644,1
35622.309159214,3,1132,100,1439644,1
35623.099346904,1,1133,100,1438879,1
35623.933767866,1,1134,100,1443296,-1
35624.474815603,1,1135,100,1443952,-1
35624.782196734,4,1133,100,1438879,1
35625.533935162,4,1134,100,1443296,-1
35626.261144809,1,1136,100,1440605,-1
35626.808591739,3,1136,100,1440605,-1
35627.26950169,3,1135,100,1443952,-1
35627.81507113,1,1137,100,1443126,1
35628.62860978,3,1137,100,1443126,1
35628.934856757,1,1138,100,1449440,-1
35629.708259298,1,1139,100,1447194,-1
35630.087779587,1,1140,100,1444335,1
35630.921513081,1,1141,100,1444098,1
35631.592212743,1,1142,100,1445484,1
35632.264929818,1,1143,100,1444978,1
35633.115625477,1,1144,100,1450306,-1
35633.929283056,4,1141,100,1444098,1
35634.800766005,1,1145,100,1443854,1
35635.510548586,1,1146,100,1451585,-1
35636.324480272,5,1142,100,1445484,1
35636.928268498,1,1147,100,1450276,-1
35637.422513745,1,1148,100,1448658,-1
35638.897164836,5,1146,100,1451585,-1
35639.539687375,1,1149,100,1448279,-1
35639.958761975,4,1149,100,1448279,-1
35640.659101822,1,1150,100,1448409,-1
35641.336530402,1,1151,100,1447342,-1
35641.943506075,3,1148,100,1448658,-1
35642.625842521,5,1145,100,1443854,1
35642.933929835,3,1140,100,1444335,1
35643.36995271,3,1151,100,1447342,-1
35643.697274036,3,1138,100,1449440,-1
35644.043915347,3,1147,100,1450276,-1
35644.39756546,1,1152,100,1437817,1
35645.201523288,3,1150,100,1448409,-1
35645.549765324,1,1153,100,1443703,-1
35645.901542988,3,1144,100,1450306,-1
35646.539743134,1,1154,100,1443543,-1
35646.885035316,5,1152,100,1437817,1
35647.245712743,1,1155,100,1445527,-1
35647.785878639,3,1155,100,1445527,-1
35648.617370569,4,1153,100,1443703,-1
35649.118642797,1,1156,100,1441380,1
35649.598441357,5,1139,100,1447194,-1
35650.18470222,1,1157,100,1442187,-1
35650.760265132,1,1158,100,1444694,-1
35651.153223,4,1143,100,1444978,1
35651.675042576,3,1156,100,1441380,1
35652.249462338,4,1154,100,1443543,-1
35653.10628622,1,1159,100,1444362,1
35653.411955966,3,1157,100,1442187,-1
35653.79894543,1,1160,100,1448335,-1
35654.180357624,5,1160,100,1448335,-1
35654.823601664,1,1161,100,1446003,1
35655.332631523,1,1162,100,1443730,1
35656.089043333,1,1163,100,1444985,1
35656.757057599,1,1164,100,1451249,-1
35657.243842033,3,1158,100,1444694,-1
35657.914862749,4,1164,100,1451249,-1
35658.382076831,1,1165,100,1450209,-1
35659.223463346,1,1166,100,1453807,-1
35660.050888622,3,1161,100,1446003,1
35660.683581313,1,1167,100,1446383,1
35661.523631463,4,1165,100,1450209,-1
35661.960549178,1,1168,100,1451414,1
35662.61310706,4,1168,100,1451414,1
35662.966212358,3,1167,100,1446383,1
35663.600855885,3,1159,100,1444362,1
35664.492753195,3,1166,100,1453807,-1
35664.792736185,3,1162,100,1443730,1
35665.511860802,1,1169,100,1452210,-1
35665.86002094,4,1169,100,1452210,-1
35666.699384008,1,1170,100,1451351,-1
35667.55186573,1,1171,100,1446998,1
35668.753760238,1,1172,100,1443518,1
35669.401643623,3,1170,100,1451351,-1
35670.004533366,5,1172,100,1443518,1
35670.681392542,5,1171,100,1446998,1
35671.359226561,4,1163,100,1444985,1
35671.896879,1,1173,100,1448394,-1
35672.269495411,5,1173,100,1448394,-1
35672.825144622,1,1174,100,1446679,1
35673.267459588,3,1174,100,1446679,1
35674.110665582,1,1175,100,1445886,1
35675.006446549,1,1176,100,1447511,1
35675.810153392,1,1177,100,1447188,-1
35677.455525648,1,1178,100,1445291,-1
35678.087276512,3,1175,100,1445886,1
35678.889191657,3,1178,100,1445291,-1
35679.558148294,4,1176,100,1447511,1
35680.375253297,5,1177,100,1447188,-1
35680.704469919,1,1179,100,1441851,-1
35681.242387648,1,1180,100,1442203,-1
35681.887337799,5,1180,100,1442203,-1
35682.615741236,1,1181,100,1439767,-1
35683.20046961,1,1182,100,1442526,-1
35683.627070061,5,1179,100,1441851,-1
35684.343973239,1,1183,100,1444863,-1
35685.295039225,5,1183,100,1444863,-1
35685.979414813,3,1182,100,1442526,-1
35686.521305333,4,1181,100,1439767,-1
35686.897269897,1,1184,100,1446794,1
35687.595819713,5,1184,100,1446794,1
35687.974462931,1,1185,100,1447854,-1
35688.733105989,1,1186,100,1442961,1
35689.412230426,3,1185,100,1447854,-1
35689.935951854,3,1186,100,1442961,1
35690.690722345,1,1187,100,1446135,-1
35691.240169515,3,1187,100,1446135,-1
35691.842193676,1,1188,100,1446476,1
35692.379929828,3,1188,100,1446476,1
35692.751267548,1,1189,100,1443564,1
35693.549243352,1,1190,100,1449865,-1
35693.965482192,1,1191,100,1445870,1
35694.626433494,3,1189,100,1443564,1
35695.359710159,1,1192,100,1453167,-1
35695.824092387,5,1192,100,1453167,-1
35696.233276023,1,1193,100,1453172,1
35696.734767324,1,1194,100,1451632,1
35697.1181562,3,1193,100,1453172,1
35697.727404031,1,1195,100,1452151,-1
35698.381655782,1,1196,100,1451256,1
35698.97850323,1,1197,100,1452751,1
35699.63265478,1,1198,100,1453597,1
35699.953038722,1,1199,100,1452014,1
35700.609881129,3,1195,100,1452151,-1
35701.411949201,3,1198,100,1453597,1
35702.010095985,1,1200,100,1451876,-1
35702.751643586,3,1196,100,1451256,1
35703.55475827,5,1191,100,1445870,1
35704.437479747,1,1201,100,1454489,-1
35705.141238759,1,1202,100,1448914,1
35705.672975362,4,1190,100,1449865,-1
35706.084460572,4,1197,100,1452751,1
35706.764252165,1,1203,100,1447790,1
35707.450613689,3,1194,100,1451632,1
35708.208714031,1,1204,100,1448270,-1
35708.872160472,4,1202,100,1448914,1
35709.30272363,1,1205,100,1443914,1
35709.855047951,1,1206,100,1447298,1
35710.32653328,1,1207,100,1445736,-1
35711.353224334,4,1205,100,1443914,1
35711.931885972,3,1200,100,1451876,-1
35713.540516568,1,1208,100,1443612,1
35713.880419832,5,1208,100,1443612,1
35714.240117728,3,1203,100,1447790,1
35714.840217027,1,1209,100,1444366,1
35715.499145304,1,1210,100,1448421,-1
35716.236035577,1,1211,200,1444938,-1
35716.636867701,4,1199,100,1452014,1
35717.096743278,1,1212,100,1449825,-1
35717.618137205,4,1211,100,1444938,-1
35718.371444092,1,1213,100,1443441,1
35719.119159117,4,1207,100,1445736,-1
35719.910369522,1,1214,100,1443917,1
35721.558606864,1,1215,100,1440349,1
35722.056531761,1,1216,100,1445479,-1
35722.566726585,5,1210,100,1448421,-1
35723.360587135,3,1211,100,1444938,-1
35723.815185441,3,1201,100,1454489,-1
35724.200504393,1,1217,100,1440745,1
35724.97896683,3,1204,100,1448270,-1
35725.346661424,3,1217,100,1440745,1
35725.979915809,1,1218,100,1441901,1
35726.855766374,3,1218,100,1441901,1
35727.199047329,3,1216,100,1445479,-1
35727.741675421,3,1215,100,1440349,1
35728.196249136,1,1219,100,1444607,1
35728.987592691,3,1212,100,1449825,-1
35729.309077566,1,1220,100,1445509,1
35729.628336174,4,1220,100,1445509,1
35730.053079975,5,1219,100,1444607,1
35730.858253885,5,1213,100,1443441,1
35731.605736106,3,1209,100,1444366,1
35732.236061056,1,1221,100,1447625,-1
35732.641476417,1,1222,100,1446074,-1
35733.024087891,3,1221,100,1447625,-1
35733.601642046,3,1222,100,1446074,-1
35734.162075848,1,1223,100,1445311,1
35734.665087675,1,1224,100,1444632,1
35735.036049281,4,1206,100,1447298,1
35735.590788612,5,1223,100,1445311,1
35736.310033865,1,1225,100,1442723,1
35736.773716924,1,1226,100,1447502,1
35737.221767637,4,1226,100,1447502,1
35737.920634813,4,1224,100,1444632,1
35738.767008233,3,1214,100,1443917,1
35739.335636717,3,1225,100,1442723,1
35739.73514633,1,1227,100,1443231,1
35740.393498248,3,1227,100,1443231,1
35741.205777818,1,1228,100,1444006,-1
35742.04216118,4,1228,100,1444006,-1
35742.598608048,1,1229,100,1441843,-1
35743.06876252,1,1230,100,1444158,-1
35743.739284938,4,1229,100,1441843,-1
35744.597307125,1,1231,100,1444149,-1
35744.998654718,3,1231,100,1444149,-1
35745.585330955,4,1230,100,1444158,-1
35746.438363064,1,1232,100,1440996,1
35746.917466039,3,1232,100,1440996,1
35747.591127187,1,1233,100,1442972,1
35748.34099319,1,1234,100,1441434,1
35748.848861399,1,1235,100,1443654,1
35749.240275391,4,1234,100,1441434,1
35749.608598702,3,1233,100,1442972,1
35750.298528355,1,1236,100,1443970,-1
35751.039841994,1,1237,100,1440882,-1
35751.906440225,1,1238,100,1442701,1
35753.138674178,1,1239,100,1442187,-1
35753.801607987,1,1240,100,1442719,-1
35754.381072192,5,1238,100,1442701,1
35754.897010982,1,1241,100,1441964,1
35756.071182692,1,1242,100,1439716,1
35757.818500579,3,1237,100,1440882,-1
35758.294628869,4,1235,100,1443654,1
35758.910871224,3,1236,100,1443970,-1
35759.482304244,5,1241,100,1441964,1
35760.030307939,1,1243,100,1446154,-1
35760.873728626,1,1244,100,1446118,-1
35761.413175003,3,1244,100,1446118,-1
35762.297814071,3,1243,100,1446154,-1
35762.660142423,1,1245,100,1437502,1
35763.838515191,4,1245,100,1437502,1
35764.485364191,5,1242,100,1439716,1
35764.981537961,1,1246,100,1441445,-1
35765.850776073,1,1247,100,1442254,-1
35766.297352501,1,1248,100,1437210,1
35766.802953864,1,1249,100,1441108,-1
35767.368211571,3,1249,100,1441108,-1
35767.988503376,4,1248,100,1437210,1
35768.482678284,3,1246,100,1441445,-1
35769.227508294,3,1240,100,1442719,-1
35769.860585914,1,1250,100,1440389,-1
35770.440230059,1,1251,100,1441602,-1
35770.74304247,1,1252,100,1439830,-1
35771.298505933,3,1251,100,1441602,-1
35771.684169133,1,1253,100,1443178,-1
35772.059986794,4,1247,100,1442254,-1
35772.847339827,4,1252,100,1439830,-1
35773.516449845,4,1239,100,1442187,-1
35773.830640304,5,1253,100,1443178,-1
35774.58081485,4,1250,100,1440389,-1
35775.394886798,1,1254,100,1434785,1
35775.985044864,1,1255,100,1440187,-1
35776.809748529,3,1255,100,1440187,-1
35777.648109432,5,1254,100,1434785,1
35778.428981058,1,1256,100,1440623,-1
35780.902198675,3,1256,100,1440623,-1
35781.69262034,1,1257,100,1437144,-1
35782.552857646,3,1257,100,1437144,-1
35783.0380074,1,1258,100,1435774,-1
35783.488065018,3,1258,100,1435774,-1
35783.910410426,1,1259,100,1433103,1
35784.749287536,4,1259,100,1433103,1
35785.574804271,1,1260,100,1430214,-1
35786.369872428,4,1260,100,1430214,-1
35786.909489425,1,1261,100,1427568,1
35787.435285295,5,1261,100,1427568,1
35788.248060593,1,1262,100,1433901,-1
35788.606697723,1,1263,100,1432941,-1
35789.451377935,5,1262,100,1433901,-1
35790.049493916,1,1264,100,1423450,1
35790.953908503,1,1265,100,1426450,-1
35792.42890473,3,1263,100,1432941,-1
35793.331442439,3,1265,100,1426450,-1
35793.658110894,4,1264,100,1423450,1
35794.047357649,1,1266,100,1432093,-1
35794.413970717,3,1266,100,1432093,-1
35795.121999388,1,1267,100,1429200,1
35795.653113986,5,1267,100,1429200,1
35796.22130854,1,1268,100,1426764,1
35796.971188707,4,1268,100,1426764,1
35797.48467281,1,1269,100,1427508,1
35798.361163169,3,1269,100,1427508,1
35798.740165256,1,1270,100,1425504,1
35800.043028044,1,1271,100,1425082,-1
35800.500692837,1,1272,100,1419395,1
35801.333869686,3,1272,100,1419395,1
35801.943632913,1,1273,100,1426665,-1
35802.618592683,1,1274,100,1424665,1
35803.728954752,3,1270,100,1425504,1
35804.129778464,3,1271,100,1425082,-1
35804.707879213,1,1275,100,1419753,-1
35805.557815476,1,1276,100,1423791,-1
35806.332972249,3,1273,100,1426665,-1
35807.079388852,3,1275,100,1419753,-1
35807.701348142,3,1274,100,1424665,1
35808.519206008,1,1277,100,1417541,1
35809.832519159,5,1276,100,1423791,-1
35810.50775587,3,1277,100,1417541,1
35810.972163091,1,1278,100,1418628,-1
35811.335488859,3,1278,100,1418628,-1
35811.841053261,1,1279,100,1414540,1
35812.3989744,1,1280,100,1413706,1
35813.200117218,1,1281,100,1414194,1
35813.975173155,1,1282,100,1411696,1
35814.465896576,1,1283,100,1420467,-1
35815.29656208,3,1280,100,1413706,1
35815.983802043,3,1283,100,1420467,-1
35816.799605959,5,1282,100,1411696,1
35817.368567413,3,1281,100,1414194,1
35817.877884627,1,1284,100,1418306,-1
35818.709891059,3,1284,100,1418306,-1
35819.435617286,5,1279,100,1414540,1
35820.014140046,1,1285,100,1412450,1
35820.319860788,3,1285,100,1412450,1
35820.823898986,1,1286,100,1413815,-1
35821.200543201,3,1286,100,1413815,-1
35821.792374739,1,1287,100,1415056,-1
35822.27842834,3,1287,100,1415056,-1
35822.954676275,1,1288,100,1414952,1
35823.558608226,1,1289,100,1417480,-1
35825.595745939,1,1290,100,1416872,-1
35826.224902369,1,1291,100,1418155,-1
35827.127205219,4,1289,100,1417480,-1
35827.878045282,1,1292,100,1418276,-1
35828.667793264,1,1293,100,1419090,1
35829.405829809,3,1290,100,1416872,-1
35830.094721135,1,1294,100,1419141,-1
35830.733531597,3,1293,100,1419090,1
35831.551335567,1,1295,100,1414460,-1
35832.445996562,5,1291,100,1418155,-1
35833.04831907,3,1292,100,1418276,-1
35833.600515239,4,1295,100,1414460,-1
35834.100248658,1,1296,100,1412489,-1
35834.598643812,1,1297,100,1411552,1
35835.455600536,1,1298,100,1415150,1
35835.891011496,5,1294,100,1419141,-1
35836.605647974,1,1299,100,1410611,1
35836.928373839,5,1296,100,1412489,-1
35837.335579558,1,1300,100,1410769,1
35837.79163237,1,1301,100,1413638,-1
35838.262253156,1,1302,100,1405687,1
35839.014893542,1,1303,100,1405966,1
35839.58188102,1,1304,100,1411272,-1
35840.418883571,3,1302,100,1405687,1
35840.799625263,1,1305,100,1413055,-1
35841.530586926,1,1306,100,1412462,-1
35841.955811984,4,1299,100,1410611,1
35842.636496834,3,1303,100,1405966,1
35843.130392581,1,1307,100,1412094,-1
35843.688259934,4,1297,100,1411552,1
35844.544734579,1,1308,100,1412368,1
35845.256533251,3,1307,100,1412094,-1
35846.005536188,4,1304,100,1411272,-1
35846.820958074,1,1309,100,1411735,1
35847.340201924,4,1288,100,1414952,1
35848.096908631,5,1305,100,1413055,-1
35848.696440717,3,1306,100,1412462,-1
35849.217483901,3,1301,100,1413638,-1
35850.04819008,3,1300,100,1410769,1
35850.760200744,1,1310,100,1412103,-1
35851.126066295,1,1311,100,1410362,1
35851.450097152,5,1310,100,1412103,-1
35851.886430265,3,1298,100,1415150,1
35852.305203014,5,1309,100,1411735,1
35852.992086915,4,1308,100,1412368,1
35853.74115034,1,1312,100,1409827,1
35854.496031195,4,1311,100,1410362,1
35854.924846402,4,1312,100,1409827,1
35855.428198842,1,1313,100,1411423,-1
35855.991541054,1,1314,100,1408126,1
35856.784900017,1,1315,100,1410199,-1
35857.263128263,1,1316,100,1410608,-1
35857.669550201,1,1317,100,1412324,-1
35858.142333739,1,1318,100,1409838,-1
35859.62421393,5,1313,100,1411423,-1
35860.520135894,4,1315,100,1410199,-1
35861.420296415,3,1314,100,1408126,1
35861.822420902,3,1317,100,1412324,-1
35862.136864774,3,1316,100,1410608,-1
35862.589787141,1,1319,100,1407518,1
35863.46843569,3,1319,100,1407518,1
35864.354684869,4,1318,100,1409838,-1
35865.11415835,1,1320,100,1400034,1
35865.84078707,3,1320,100,1400034,1
35866.202582917,1,1321,100,1411984,-1
35866.562213205,1,1322,100,1413612,-1
35867.663743736,1,1323,100,1412351,-1
35868.231979727,4,1322,100,1413612,-1
35869.030710189,1,1324,100,1407402,-1
35869.437117625,1,1325,100,1410373,-1
35869.84595009,1,1326,100,1407498,-1
35871.190494882,1,1327,100,1400892,1
35871.557918282,4,1321,100,1411984,-1
35872.4397063,5,1326,100,1407498,-1
35872.880622169,3,1324,100,1407402,-1
35873.20641946,1,1328,100,1404653,1
35873.950057997,4,1328,100,1404653,1
35874.453080313,1,1329,100,1402452,1
35875.288826109,3,1327,100,1400892,1
35875.994861149,1,1330,100,1405299,-1
35876.308210573,1,1331,100,1406929,-1
35877.154535641,1,1332,100,1402033,1
35877.979737466,1,1333,100,1401407,-1
35878.604953066,1,1334,100,1397571,1
35879.961892087,3,1333,100,1401407,-1
35880.686335655,4,1332,100,1402033,1
35882.147861391,1,1335,100,1403140,1
35882.99575576,1,1336,100,1401473,-1
35883.526624355,3,1323,100,1412351,-1
35884.426190931,1,1337,100,1403490,-1
35884.934108226,3,1325,100,1410373,-1
35885.64598949,4,1329,100,1402452,1
35886.288722458,1,1338,100,1408698,-1
35886.786449725,1,1339,100,1400009,1
35887.431668964,3,1339,100,1400009,1
35887.916178915,4,1335,100,1403140,1
35888.376417335,1,1340,100,1405634,-1
35888.935641163,5,1340,100,1405634,-1
35889.733084497,1,1341,100,1399788,1
35890.352454389,1,1342,100,1398939,1
35890.851230635,1,1343,100,1397809,-1
35891.30188327,1,1344,100,1398291,1
35891.690352915,3,1331,100,1406929,-1
35892.571560897,3,1344,100,1398291,1
35893.251441893,1,1345,100,1401466,-1
35893.908722916,4,1342,100,1398939,1
35894.297942911,1,1346,100,1401656,-1
35894.69001024,1,1347,100,1397025,1
35895.230695404,3,1341,100,1399788,1
35895.776101854,1,1348,100,1401161,-1
35896.632575354,5,1343,100,1397809,-1
35897.544085438,4,1345,100,1401466,-1
35897.904083922,3,1334,100,1397571,1
35899.407855025,3,1338,100,1408698,-1
35899.969344499,3,1337,100,1403490,-1
35900.667567622,5,1346,100,1401656,-1
35901.017595511,4,1336,100,1401473,-1
35901.903528451,3,1330,100,1405299,-1
35902.287917867,1,1349,100,1402203,1
35902.891597785,4,1348,100,1401161,-1
35903.356058523,4,1347,100,1397025,1
35904.02388939,4,1349,100,1402203,1
35904.509641072,1,1350,100,1402242,1
35905.394491356,3,1350,100,1402242,1
35905.754825108,1,1351,100,1400342,1
35906.388396799,1,1352,100,1399187,1
35907.211719336,1,1353,100,1403781,-1
35908.046992438,1,1354,100,1400781,-1
35908.700611402,3,1352,100,1399187,1
35909.064199847,3,1354,100,1400781,-1
35910.140186151,1,1355,100,1402726,-1
35910.463963262,3,1353,100,1403781,-1
35911.040606429,3,1355,100,1402726,-1
35911.414719843,4,1351,100,1400342,1
35911.993380068,1,1356,100,1406012,-1
35912.7131756,3,1356,100,1406012,-1
35913.043502972,1,1357,100,1405384,-1
35913.657652917,4,1357,100,1405384,-1
35914.312682093,1,1358,100,1407372,-1
35914.738220822,1,1359,100,1404604,1
35915.474559935,3,1359,100,1404604,1
35916.266160232,3,1358,100,1407372,-1
35916.575744421,1,1360,100,1403344,1
35917.180909672,1,1361,100,1403656,1
35918.022104176,1,1362,100,1408274,-1
35918.632106278,3,1360,100,1403344,1
35919.06646473,1,1363,100,1403029,1
35919.86130934,5,1361,100,1403656,1
35920.36873918,1,1364,100,1405577,1
35920.71042699,1,1365,100,1402076,1
35921.48896005,3,1362,100,1408274,-1
35922.106713058,1,1366,100,1401666,1
35922.525625406,1,1367,100,1406440,-1
35923.381408032,1,1368,100,1402282,1
35923.878226045,3,1367,100,1406440,-1
35924.222943721,3,1365,100,1402076,1
35924.860908681,3,1364,100,1405577,1
35925.272043363,1,1369,100,1407296,-1
35925.964069165,3,1369,100,1407296,-1
35926.407311284,4,1363,100,1403029,1
35927.161706449,4,1368,100,1402282,1
35928.161745816,4,1366,100,1401666,1
35928.658318009,1,1370,100,1403292,-1
35928.993131819,1,1371,100,1400834,1
35929.799276749,5,1371,100,1400834,1
35931.112154667,1,1372,100,1402911,-1
35931.787300526,4,1372,100,1402911,-1
35932.127655462,1,1373,100,1399687,1
35932.770236892,4,1370,100,1403292,-1
35933.262300751,1,1374,100,1404884,-1
35933.739819807,4,1373,100,1399687,1
35934.290673813,1,1375,100,1402994,-1
35934.871056529,3,1374,100,1404884,-1
35935.532569053,5,1375,100,1402994,-1
35936.134582377,1,1376,100,1403356,1
35937.036117648,1,1377,100,1406815,-1
35937.561528577,1,1378,100,1407810,-1
35937.883559719,1,1379,100,1405234,-1
35938.723286843,1,1380,100,1401420,1
35939.207715539,3,1377,100,1406815,-1
35939.615059287,1,1381,100,1401548,1
35940.468219631,4,1379,100,1405234,-1
35941.062687882,3,1381,100,1401548,1
35941.61641491,1,1382,100,1403356,1
35942.004185933,3,1382,100,1403356,1
35942.633670032,4,1378,100,1407810,-1
35943.148700071,1,1383,100,1407422,1
35944.670553663,1,1384,100,1412693,-1
35945.139237439,5,1376,100,1403356,1
35945.784373241,1,1385,100,1415319,-1
35946.307244889,1,1386,100,1414570,-1
35946.680700463,1,1387,100,1407831,1
35947.304278519,1,1388,100,1408127,1
35948.132158734,3,1384,100,1412693,-1
35948.632239831,1,1389,100,1409336,1
35949.212193143,3,1383,100,1407422,1
35950.538521048,3,1386,100,1414570,-1
35950.846872747,4,1387,100,1407831,1
35951.548370904,1,1390,100,1403739,-1
35952.384605399,3,1380,100,1401420,1
35952.827052563,1,1391,100,1408884,1
35953.473792053,1,1392,100,1406378,-1
35954.04670131,3,1385,100,1415319,-1
35954.8429394,1,1393,100,1403808,1
35955.683526474,1,1394,100,1402132,1
35956.480606952,1,1395,100,1400716,1
35957.098048014,1,1396,100,1401931,1
35957.842310371,1,1397,100,1407026,-1
35958.609912534,1,1398,100,1408473,-1
35958.983038155,1,1399,100,1410228,-1
35959.510608137,3,1399,100,1410228,-1
35960.096179543,4,1392,100,1406378,-1
35961.467552416,3,1388,100,1408127,1
35961.984347604,1,1400,100,1403897,1
35962.580409029,1,1401,100,1399041,1
35962.91781319,1,1402,100,1406298,-1
35963.347830781,3,1402,100,1406298,-1
35963.969745864,1,1403,100,1404469,1
35964.835797945,4,1398,100,1408473,-1
35965.554148802,3,1389,100,1409336,1
35966.302729256,1,1404,100,1410590,-1
35966.823043664,1,1405,100,1410815,-1
35967.581870298,1,1406,100,1409896,1
35968.775675567,4,1406,100,1409896,1
35969.500633919,3,1390,100,1403739,-1
35970.041765714,1,1407,100,1412021,-1
35970.717118282,5,1407,100,1412021,-1
35971.603492695,1,1408,100,1412172,-1
35972.51550124,1,1409,100,1412773,1
35973.197234446,1,1410,100,1407265,-1
35974.083024512,1,1411,100,1407671,1
35974.391966628,3,1411,100,1407671,1
35975.748671257,3,1409,100,1412773,1
35976.062147189,1,1412,100,1408242,1
35976.733627775,3,1394,100,1402132,1
35977.12498557,3,1408,100,1412172,-1
35977.791620115,3,1393,100,1403808,1
35978.643898936,1,1413,100,1406315,1
35980.055702332,1,1414,100,1410061,-1
35980.590254019,3,1404,100,1410590,-1
35981.432312442,1,1415,100,1406094,1
35981.798546475,5,1414,100,1410061,-1
35982.455631705,1,1416,100,1404668,1
35983.643175356,1,1417,100,1405355,1
35984.405497042,1,1418,100,1407221,-1
35985.138960803,1,1419,100,1403763,1
35985.578298456,1,1420,100,1403865,-1
35986.253220038,1,1421,100,1406901,1
35986.564770914,3,1400,100,1403897,1
35987.011905369,5,1415,100,1406094,1
35987.533561168,1,1422,100,1408221,1
35987.991597525,4,1420,100,1403865,-1
35988.54205209,3,1416,100,1404668,1
35989.163649946,4,1419,100,1403763,1
35990.005422191,1,1423,100,1404891,1
35990.382792683,5,1395,100,1400716,1
35990.732970496,1,1424,100,1403570,-1
35991.385148279,1,1425,100,1407731,-1
35991.769729552,3,1396,100,1401931,1
35992.37070769,4,1405,100,1410815,-1
35992.743368613,1,1426,100,1409649,1
35993.195893203,3,1425,100,1407731,-1
35993.719459875,1,1427,100,1408110,1
35994.490453477,3,1397,100,1407026,-1
35994.913373833,4,1424,100,1403570,-1
35996.456553667,1,1428,100,1414331,-1
35996.865835666,3,1426,100,1409649,1
35997.586300819,1,1429,100,1412721,-1
35998.162835131,3,1428,100,1414331,-1
35999.193467498,5,1429,100,1412721,-1
35999.742871331,3,1401,100,1399041,1
36001.51698408,3,1403,100,1404469,1
36002.282568689,4,1418,100,1407221,-1
36003.143022597,1,1430,100,1410275,1
36003.982323756,1,1431,100,1409410,1
36004.556972573,3,1422,100,1408221,1
36004.992126878,5,1410,100,1407265,-1
36005.644904693,4,1391,100,1408884,1
36006.198877407,1,1432,100,1411776,-1
36006.79015276,1,1433,100,1405884,1
36007.26121145,1,1434,100,1414296,-1
36008.701093665,1,1435,100,1411746,-1
36009.163753601,3,1433,100,1405884,1
36009.490430402,3,1423,100,1404891,1
36010.40373528,1,1436,100,1413929,-1
36011.204288987,3,1436,100,1413929,-1
36011.667932404,3,1434,100,1414296,-1
36012.326938706,1,1437,100,1407353,1
36013.986368726,1,1438,100,1402688,-1
36014.723827701,5,1413,100,1406315,1
36015.375883328,1,1439,100,1406177,-1
36016.032097145,1,1440,100,1397852,1
36016.546081191,1,1441,100,1405434,-1
36017.434754481,5,1412,100,1408242,1
36017.961185412,4,1427,100,1408110,1
36018.84538634,1,1442,100,1398169,1
36019.631300868,3,1430,100,1410275,1
36020.461866594,5,1442,100,1398169,1
36021.036744948,1,1443,100,1397833,1
36022.321104499,4,1431,100,1409410,1
36023.085067748,5,1437,100,1407353,1
36023.975806103,5,1435,100,1411746,-1
36024.828160974,1,1444,100,1404796,-1
36025.589680537,3,1421,100,1406901,1
36026.141638043,3,1438,100,1402688,-1
36026.917080821,1,1445,100,1407991,1
36027.460535279,1,1446,100,1407509,-1
36028.17159257,5,1417,100,1405355,1
36028.646316358,5,1444,100,1404796,-1
36029.151907517,1,1447,100,1404871,-1
36029.990723103,1,1448,100,1409451,-1
36030.351708915,1,1449,100,1405879,1
36031.470700217,1,1450,100,1402378,1
36032.18036395,1,1451,100,1401105,1
36032.529465076,1,1452,100,1403878,-1
36033.359450701,3,1440,100,1397852,1
36034.109824597,3,1447,100,1404871,-1
36035.731299387,1,1453,100,1402880,-1
36036.269936352,1,1454,100,1399138,-1
36036.95608759,1,1455,100,1401657,-1
36037.708492103,1,1456,100,1394853,1
36038.40144861,4,1443,100,1397833,1
36038.889396357,4,1449,100,1405879,1
36039.412471403,4,1450,100,1402378,1
36039.758502836,1,1457,100,1400521,-1
36040.51573354,1,1458,100,1398155,-1
36040.965158997,5,1455,100,1401657,-1
36041.671845058,1,1459,100,1398427,-1
36042.162842069,3,1432,100,1411776,-1
36043.005431953,3,1459,100,1398427,-1
36043.448136163,1,1460,100,1392686,1
36044.282306137,1,1461,100,1399601,-1
36044.886367402,3,1457,100,1400521,-1
36045.278970995,3,1451,100,1401105,1
36046.072389415,1,1462,100,1400114,1
36046.801783,1,1463,100,1399448,1
36047.713256921,1,1464,100,1404928,-1
36048.032344063,1,1465,100,1406643,-1
36048.646375525,4,1464,100,1404928,-1
36048.983684095,3,1461,100,1399601,-1
36049.313294031,3,1465,100,1406643,-1
36050.406240761,1,1466,100,1402396,1
36051.311861671,1,1467,100,1408865,-1
36051.952153358,3,1460,100,1392686,1
36052.514433027,1,1468,100,1404731,-1
36053.308113942,1,1469,100,1403338,-1
36054.030803482,4,1466,100,1402396,1
36054.680575955,1,1470,100,1402605,-1
36055.529906027,3,1448,100,1409451,-1
36055.888004668,1,1471,100,1399440,1
36057.555460408,3,1456,100,1394853,1
36058.439541087,1,1472,100,1402076,-1
36059.11321074,3,1469,100,1403338,-1
36059.70043709,4,1458,100,1398155,-1
36060.52733623,1,1473,100,1402799,-1
36060.876553312,1,1474,100,1399390,1
36061.660312777,5,1467,100,1408865,-1
36062.037306045,1,1475,100,1398896,1
36062.760555592,1,1476,100,1398445,1
36063.238436882,1,1477,100,1404080,-1
36063.651384364,5,1470,100,1402605,-1
36064.033758038,4,1441,100,1405434,-1
36064.525938059,1,1478,100,1405064,-1
36065.051759514,3,1462,100,1400114,1
36065.95778502,4,1478,100,1405064,-1
36066.478006101,4,1445,100,1407991,1
36067.064442509,3,1439,100,1406177,-1
36067.649738416,4,1452,100,1403878,-1
36068.01155821,1,1479,100,1410163,-1
36068.717616389,3,1474,100,1399390,1
36069.57056684,3,1463,100,1399448,1
36069.995487721,3,1479,100,1410163,-1
36070.58410421,3,1446,100,1407509,-1
36071.507718163,4,1468,100,1404731,-1
36072.020198325,1,1480,100,1409642,-1
36072.778114903,1,1481,100,1409279,-1
36073.193303991,4,1453,100,1402880,-1
36074.061011139,1,1482,100,1406414,-1
36074.448681571,3,1482,100,1406414,-1
36075.373056495,1,1483,100,1404419,1
36075.748581689,1,1484,100,1409977,-1
36076.15801032,5,1472,100,1402076,-1
36077.052456281,4,1454,100,1399138,-1
36077.3678591,5,1480,100,1409642,-1
36077.759351368,1,1485,100,1404592,1
36078.563220372,4,1473,100,1402799,-1
36080.022079391,1,1486,100,1408147,-1
36080.625603625,3,1486,100,1408147,-1
36081.4940521,1,1487,100,1408603,-1
36082.31703076,1,1488,100,1399590,1
36082.777356973,1,1489,100,1411904,-1
36083.984343634,1,1490,100,1404727,1
36084.335991605,3,1475,100,1398896,1
36084.963352219,1,1491,100,1407162,-1
36085.291043378,1,1492,100,1402195,1
36085.636332702,1,1493,100,1398900,1
36086.194140794,3,1484,100,1409977,-1
36086.650068005,5,1476,100,1398445,1
36087.399673653,3,1493,100,1398900,1
36088.008033202,1,1494,100,1407460,-1
36088.521472222,4,1485,100,1404592,1
36089.263703448,1,1495,100,1404526,-1
36089.980329011,5,1491,100,1407162,-1
36090.775771479,1,1496,200,1405106,1
36091.668091399,1,1497,100,1401478,-1
36092.057084971,1,1498,100,1406230,-1
36092.576367033,3,1488,100,1399590,1
36093.170569355,3,1497,100,1401478,-1
36093.510866401,1,1499,100,1403352,-1
36093.930191372,1,1500,100,1401863,-1
36094.556170801,1,1501,100,1397319,1
36095.261592293,1,1502,100,1401256,-1
36097.080636427,5,1483,100,1404419,1
36097.683152688,1,1503,100,1396855,1
36098.554645087,3,1503,100,1396855,1
36099.96931926,3,1490,100,1404727,1
36102.033324255,3,1489,100,1411904,-1
36102.868251128,3,1477,100,1404080,-1
36103.36577417,1,1504,100,1393116,1
36103.914907806,1,1505,100,1395768,1
36104.577334309,3,1496,200,1405106,1
36104.952802239,3,1495,100,1404526,-1
36105.824041672,3,1492,100,1402195,1
36106.962789634,3,1501,100,1397319,1
36108.305516683,3,1505,100,1395768,1
36109.096351609,3,1481,100,1409279,-1
36109.962528226,3,1499,100,1403352,-1
36110.766061362,3,1494,100,1407460,-1
36111.502355493,1,1506,100,1397717,-1
36111.951556851,4,1506,100,1397717,-1
36112.431653452,3,1502,100,1401256,-1
36113.012795816,1,1507,100,1395484,1
36113.890754796,1,1508,100,1393959,1
36114.307745482,1,1509,100,1391315,1
36114.626404737,1,1510,100,1391732,1
36115.105079661,1,1511,100,1392504,1
36115.833285008,4,1507,100,1395484,1
36116.237185138,1,1512,100,1395698,-1
36118.171044687,1,1513,100,1395679,-1
36118.926649186,3,1471,100,1399440,1
36119.527803489,3,1511,100,1392504,1
36120.16134381,1,1514,100,1391317,1
36120.48970948,1,1515,100,1394816,1
36120.806384362,3,1500,100,1401863,-1
36121.214498881,5,1508,100,1393959,1
36122.012929127,4,1515,100,1394816,1
36122.633291725,1,1516,100,1396653,-1
36123.144895827,1,1517,100,1398427,-1
36124.068752666,1,1518,100,1395457,1
36124.980299583,5,1512,100,1395698,-1
36125.606534762,4,1516,100,1396653,-1
36126.182963171,1,1519,100,1400195,-1
36126.562882523,5,1498,100,1406230,-1
36127.153935648,1,1520,100,1399509,-1
36127.84921239,4,1513,100,1395679,-1
36128.654577899,5,1510,100,1391732,1
36129.561857923,1,1521,100,1405384,-1
36130.04769408,1,1522,100,1404045,-1
36130.646755477,1,1523,100,1404421,-1
36131.472819927,3,1517,100,1398427,-1
36132.072534882,3,1519,100,1400195,-1
36132.673469859,4,1520,100,1399509,-1
36133.11753881,1,1524,100,1401264,1
36134.055079478,5,1514,100,1391317,1
36134.969012349,1,1525,100,1398081,1
36135.732202556,3,1487,100,1408603,-1
36136.222564309,1,1526,100,1400803,-1
36137.582006608,4,1525,100,1398081,1
36138.47834336,3,1524,100,1401264,1
36140.01776033,5,1522,100,1404045,-1
36140.81549113,4,1509,100,1391315,1
36141.465505486,3,1521,100,1405384,-1
36142.357785692,1,1527,100,1394547,1
36143.881844812,1,1528,100,1397557,1
36144.676729491,3,1526,100,1400803,-1
36145.252210627,5,1504,100,1393116,1
36145.760677367,1,1529,100,1396376,1
36146.485764551,4,1529,100,1396376,1
36146.991718908,1,1530,100,1394909,1
36147.780375577,3,1518,100,1395457,1
36148.211858676,1,1531,100,1398505,-1
36149.70922712,1,1532,100,1398224,-1
36151.008054798,1,1533,100,1396975,-1
36151.514478296,3,1527,100,1394547,1
36152.95858146,5,1533,100,1396975,-1
36153.37181471,1,1534,100,1389333,1
36154.058639214,4,1530,100,1394909,1
36154.512227189,3,1534,100,1389333,1
36155.059546584,3,1523,100,1404421,-1
36155.909553845,1,1535,100,1385045,1
36156.244655115,4,1528,100,1397557,1
36157.561699568,1,1536,100,1390091,-1
36158.43737426,1,1537,100,1385391,1
36158.919635525,1,1538,100,1388857,-1
36159.449577462,3,1538,100,1388857,-1
36159.928879569,5,1532,100,1398224,-1
36160.674345638,3,1531,100,1398505,-1
36161.076618677,5,1536,100,1390091,-1
36161.862739976,1,1539,100,1382057,1
36162.290861858,1,1540,100,1379265,1
36162.71490134,1,1541,100,1380851,1
36163.576857825,4,1539,100,1382057,1
36164.124886968,1,1542,100,1381846,-1
36164.783545017,1,1543,100,1381513,1
36165.229808857,1,1544,100,1388662,-1
36165.672247251,1,1545,100,1383152,1
36168.305299184,1,1546,100,1379530,1
36168.794703529,1,1547,100,1382185,1
36169.565827508,1,1548,100,1380738,1
36170.103970715,1,1549,100,1384729,-1
36170.870983087,1,1550,100,1380720,1
36171.494171397,4,1537,100,1385391,1
36172.034286687,3,1549,100,1384729,-1
36172.370687445,4,1545,100,1383152,1
36172.911620301,4,1542,100,1381846,-1
36173.455677945,5,1546,100,1379530,1
36173.869534834,1,1551,100,1383520,1
36174.78282976,3,1540,100,1379265,1
36175.640958752,1,1552,100,1383667,1
36176.524735413,1,1553,100,1387648,-1
36177.184420674,1,1554,100,1382904,1
36177.79457964,3,1550,100,1380720,1
36178.346578868,4,1551,100,1383520,1
36178.732487636,1,1555,100,1383864,1
36179.590241266,4,1535,100,1385045,1
36180.194518803,4,1555,100,1383864,1
36180.51246873,3,1543,100,1381513,1
36181.174019083,5,1548,100,1380738,1
36181.812157279,4,1554,100,1382904,1
36182.64119918,4,1547,100,1382185,1
36183.288390785,1,1556,100,1384160,-1
36184.21487968,5,1541,100,1380851,1
36184.659486146,3,1556,100,1384160,-1
36185.42792738,3,1553,100,1387648,-1
36186.854740072,1,1557,100,1385281,-1
36187.669005804,3,1557,100,1385281,-1
36188.543857652,3,1552,100,1383667,1
36189.040935591,4,1544,100,1388662,-1
36189.377587249,1,1558,100,1380974,1
36190.21780738,5,1558,100,1380974,1
36190.69027274,1,1559,100,1379592,1
36191.365093353,1,1560,100,1386802,-1
36192.180260049,1,1561,100,1389864,-1
36192.765085269,3,1560,100,1386802,-1
36193.116318743,3,1559,100,1379592,1
36193.623625713,4,1561,100,1389864,-1
36194.111845294,1,1562,100,1383527,1
36194.57103738,1,1563,100,1383988,1
36194.986756919,4,1563,100,1383988,1
36195.660074844,3,1562,100,1383527,1
36196.349864361,1,1564,100,1385278,-1
36197.267456487,3,1564,100,1385278,-1
36197.915375546,1,1565,100,1384414,-1
36198.377938112,4,1565,100,1384414,-1
36199.169530898,1,1566,100,1384443,-1
36199.689976615,3,1566,100,1384443,-1
36200.311225133,1,1567,100,1381439,-1
36200.934724873,3,1567,100,1381439,-1
36201.785184015,1,1568,100,1383540,-1
36202.560887462,3,1568,100,1383540,-1
36202.903037327,1,1569,100,1380616,1
36203.653931646,1,1570,100,1375171,1
36204.541015153,5,1570,100,1375171,1
36204.924116779,1,1571,100,1375073,1
36205.867250168,4,1569,100,1380616,1
36206.750361356,1,1572,100,1381184,-1
36207.41703677,1,1573,100,1377305,1
36208.271230032,3,1573,100,1377305,1
36208.827343506,3,1571,100,1375073,1
36209.695093558,5,1572,100,1381184,-1
36210.250573656,1,1574,100,1376863,1
36210.675577438,5,1574,100,1376863,1
36211.58539868,1,1575,100,1383628,-1
36211.90699891,3,1575,100,1383628,-1
36212.579862531,1,1576,100,1380809,1
36213.216805961,1,1577,100,1383063,1
36214.443917062,3,1576,100,1380809,1
36214.942261228,1,1578,100,1386617,1
36215.463338953,1,1579,100,1391084,-1
36216.321181814,3,1579,100,1391084,-1
36216.977624933,3,1578,100,1386617,1
36217.541647386,1,1580,100,1388552,1
36218.249378877,1,1581,100,1392950,-1
36218.925775636,3,1580,100,1388552,1
36219.758296221,5,1577,100,1383063,1
36220.152132677,1,1582,100,1388879,1
36220.922741607,3,1582,100,1388879,1
36222.348629237,3,1581,100,1392950,-1
36223.275267308,1,1583,100,1392510,-1
36224.091977164,1,1584,100,1394639,-1
36224.857372946,3,1584,100,1394639,-1
36225.532049561,3,1583,100,1392510,-1
36226.012931388,1,1585,100,1390070,-1
36226.594066423,3,1585,100,1390070,-1
36227.342594458,1,1586,100,1385732,1
36227.797555796,5,1586,100,1385732,1
36228.382711813,1,1587,100,1388354,1
36229.19407899,1,1588,100,1389933,-1
36230.043797345,1,1589,100,1384928,1
36230.901615105,1,1590,100,1387066,1
36231.600895358,3,1589,100,1384928,1
36232.477414202,4,1588,100,1389933,-1
36233.081908943,3,1590,100,1387066,1
36233.482042567,3,1587,100,1388354,1
36234.005835906,1,1591,100,1392652,-1
36234.328635561,1,1592,100,1387179,1
36234.691646224,3,1591,100,1392652,-1
36235.610629175,1,1593,100,1388871,1
36236.356603535,3,1592,100,1387179,1
36236.697766645,3,1593,100,1388871,1
36237.381006728,1,1594,100,1390169,1
36238.67623112,1,1595,100,1389300,1
36239.533625007,4,1594,100,1390169,1
36240.423362493,1,1596,100,1392138,1
36241.050210294,3,1596,100,1392138,1
36241.432322003,1,1597,100,1393356,-1
36242.029040932,5,1595,100,1389300,1
36242.743354128,1,1598,100,1392004,1
36243.569608533,1,1599,100,1389661,1
36244.360924447,4,1598,100,1392004,1
36244.780652501,3,1599,100,1389661,1
36246.320271525,1,1600,100,1390237,1
36247.253807585,3,1600,100,1390237,1
36247.820940788,4,1597,100,1393356,-1
36248.602687418,1,1601,100,1392027,-1
36249.083119355,1,1602,100,1396629,-1
36249.890815148,1,1603,100,1393275,-1
36250.751383459,4,1601,100,1392027,-1
36251.184582792,3,1603,100,1393275,-1
36251.602679161,1,1604,100,1386869,1
36252.233768436,1,1605,100,1390729,-1
36252.673713415,4,1605,100,1390729,-1
36253.594060711,3,1604,100,1386869,1
36254.185257854,3,1602,100,1396629,-1
36254.574314397,1,1606,100,1384012,1
36255.153438512,3,1606,100,1384012,1
36255.782136678,1,1607,100,1382707,1
36256.657378399,1,1608,100,1385819,1
36257.515917112,1,1609,100,1387539,-1
36258.080844191,1,1610,100,1384233,1
36258.93602634,3,1609,100,1387539,-1
36259.781829348,4,1610,100,1384233,1
36260.526058172,1,1611,100,1389478,-1
36261.010863949,4,1608,100,1385819,1
36261.852791222,3,1611,100,1389478,-1
36262.446816004,1,1612,100,1383194,1
36262.934607503,1,1613,100,1381597,1
36263.75579701,1,1614,100,1384062,-1
36264.363852262,1,1615,100,1377695,1
36265.051685788,4,1613,100,1381597,1
36265.686133122,4,1612,100,1383194,1
36266.553179792,1,1616,100,1381869,1
36266.986959796,1,1617,100,1385284,-1
36269.001604391,1,1618,100,1379464,1
36269.921487428,1,1619,100,1381344,-1
36270.747823977,4,1607,100,1382707,1
36271.150585084,5,1618,100,1379464,1
36271.792721111,3,1614,100,1384062,-1
36272.357554502,3,1619,100,1381344,-1
36272.949428019,3,1616,100,1381869,1
36273.643476155,5,1615,100,1377695,1
36274.03408635,3,1617,100,1385284,-1
36274.497446337,1,1620,100,1377714,1
36274.927600356,3,1620,100,1377714,1
36275.814342021,1,1621,100,1380515,-1
36276.214039441,1,1622,100,1381439,-1
36276.828304974,1,1623,100,1374833,1
36277.654190084,4,1623,100,1374833,1
36277.976353355,3,1622,100,1381439,-1
36278.421186132,1,1624,100,1374116,1
36279.228767587,5,1624,100,1374116,1
36279.896978305,3,1621,100,1380515,-1
36280.25471345,1,1625,100,1371485,1
36281.143467647,1,1626,100,1375432,-1
36281.876086417,1,1627,100,1368753,1
36282.419406424,1,1628,100,1373751,-1
36283.292230551,3,1628,100,1373751,-1
36283.697046416,1,1629,100,1370737,1
36284.257532386,1,1630,100,1375686,-1
36284.645554159,5,1630,100,1375686,-1
36285.492051162,1,1631,100,1376082,-1
36285.915688674,1,1632,100,1370638,1
36286.343495663,1,1633,100,1370947,1
36287.102491322,1,1634,100,1373751,-1
36287.986332657,1,1635,100,1373865,-1
36288.88622341,3,1629,100,1370737,1
36289.434421734,1,1636,100,1368331,1
36290.082203715,1,1637,100,1370859,-1
36290.46017809,1,1638,100,1373482,-1
36291.412383713,3,1634,100,1373751,-1
36291.856211341,5,1625,100,1371485,1
36292.617165097,3,1633,100,1370947,1
36293.062426979,1,1639,100,1368041,1
36293.965054773,4,1632,100,1370638,1
36294.63641645,4,1636,100,1368331,1
36295.149470917,1,1640,100,1372389,-1
36295.896723097,5,1638,100,1373482,-1
36296.238453025,1,1641,100,1369806,1
36296.925148036,5,1631,100,1376082,-1
36297.261927409,1,1642,100,1364240,1
36297.748580309,3,1641,100,1369806,1
36298.471135499,5,1640,100,1372389,-1
36298.994358494,4,1639,100,1368041,1
36299.890661965,1,1643,100,1371508,-1
36300.680482889,5,1626,100,1375432,-1
36301.169376488,4,1627,100,1368753,1
36301.635148265,3,1637,100,1370859,-1
36302.292449806,3,1635,100,1373865,-1
36302.6343046,3,1643,100,1371508,-1
36303.03954298,4,1642,100,1364240,1
36303.402749111,1,1644,100,1371562,1
36303.84542086,1,1645,100,1371344,1
36304.76501499,3,1644,100,1371562,1
36305.222959662,4,1645,100,1371344,1
36306.103464115,1,1646,100,1374366,-1
36306.661633219,4,1646,100,1374366,-1
36307.09199162,1,1647,100,1372786,-1
36308.842911067,4,1647,100,1372786,-1
36309.655239182,1,1648,100,1373753,1
36310.380458114,3,1648,100,1373753,1
36310.97426764,1,1649,100,1374241,-1
36311.433133794,4,1649,100,1374241,-1
36311.94073384,1,1650,100,1375846,1
36312.815739082,1,1651,100,1371639,1
36313.669721118,1,1652,100,1380504,-1
36314.404916367,1,1653,100,1371109,1
36315.324016159,1,1654,100,1375636,-1
36316.22451108,4,1650,100,1375846,1
36316.832206861,3,1653,100,1371109,1
36317.375088878,4,1654,100,1375636,-1
36317.952493572,1,1655,100,1375319,-1
36318.816398,1,1656,100,1374986,-1
36319.284603727,4,1656,100,1374986,-1
36320.152160057,1,1657,100,1370766,1
36320.985803541,4,1651,100,1371639,1
36321.746707177,1,1658,100,1373419,-1
36322.669874815,1,1659,100,1374304,-1
36323.108961154,3,1655,100,1375319,-1
36323.693649034,4,1657,100,1370766,1
36324.612866071,1,1660,100,1365388,1
36325.291093107,1,1661,100,1368420,-1
36326.075582332,4,1660,100,1365388,1
36326.584471454,3,1661,100,1368420,-1
36326.99112095,3,1658,100,1373419,-1
36327.75874124,3,1659,100,1374304,-1
36328.090605862,1,1662,100,1372398,-1
36328.545473013,5,1662,100,1372398,-1
36329.39329065,3,1652,100,1380504,-1
36330.229673241,1,1663,100,1367332,-1
36330.564471406,1,1664,100,1366063,-1
36331.499810676,1,1665,100,1366946,-1
36332.323780779,1,1666,100,1368499,-1
36332.757629264,1,1667,100,1364310,1
36333.327364479,3,1663,100,1367332,-1
36334.08544227,4,1664,100,1366063,-1
36334.435651986,1,1668,100,1366372,-1
36335.25660516,5,1667,100,1364310,1
36335.788018417,1,1669,100,1370536,-1
36336.280231732,1,1670,100,1371195,-1
36336.849488749,4,1669,100,1370536,-1
36337.656053592,3,1670,100,1371195,-1
36338.050175146,3,1666,100,1368499,-1
36338.781850562,4,1668,100,1366372,-1
36340.009217933,1,1671,100,1367767,1
36340.342252389,3,1665,100,1366946,-1
36341.097260856,5,1671,100,1367767,1
36341.4573811,1,1672,100,1373402,-1
36342.147302408,5,1672,100,1373402,-1
36343.035930262,1,1673,100,1371351,1
36344.429582165,1,1674,100,1371655,-1
36345.274681205,3,1674,100,1371655,-1
36345.957667229,3,1673,100,1371351,1
36346.349198605,1,1675,100,1366851,-1
36346.721023221,1,1676,100,1369450,-1
36347.597305816,4,1675,100,1366851,-1
36348.37836075,3,1676,100,1369450,-1
36348.885598844,1,1677,100,1365312,1
36349.64156408,1,1678,100,1372046,-1
36351.072644406,3,1677,100,1365312,1
36351.818309058,4,1678,100,1372046,-1
36352.160054648,1,1679,100,1364496,1
36352.646737417,1,1680,100,1368736,-1
36353.170255617,1,1681,100,1364072,-1
36353.51255026,1,1682,100,1367980,1
36354.909319822,1,1683,100,1368500,1
36355.604466346,3,1679,100,1364496,1
36356.027597373,1,1684,100,1369129,-1
36356.665768159,1,1685,100,1367237,-1
36357.609667114,1,1686,100,1363839,1
36358.391932693,1,1687,100,1366248,-1
36359.324810387,1,1688,100,1363441,-1
36360.17104146,1,1689,100,1364087,-1
36360.773619382,1,1690,100,1366145,-1
36361.227727953,1,1691,100,1361073,1
36361.912832317,1,1692,100,1362747,-1
36362.38726105,1,1693,100,1362247,1
36362.934534107,1,1694,100,1363872,-1
36363.544352416,5,1682,100,1367980,1
36364.127823122,3,1680,100,1368736,-1
36364.474574818,1,1695,100,1364042,1
36365.100288116,3,1693,100,1362247,1
36365.770404121,3,1688,100,1363441,-1
36366.489890547,1,1696,100,1367026,-1
36366.82217462,4,1696,100,1367026,-1
36368.098049463,3,1695,100,1364042,1
36368.858283098,1,1697,100,1368724,-1
36369.309148068,1,1698,100,1363398,1
36369.860075089,3,1689,100,1364087,-1
36370.652631912,5,1685,100,1367237,-1
36371.402932986,3,1691,100,1361073,1
36373.238148765,3,1683,100,1368500,1
36373.773050984,1,1699,100,1358511,1
36374.622065737,1,1700,100,1361888,-1
36375.268895515,1,1701,100,1366277,-1
36375.809226479,4,1698,100,1363398,1
36376.243511442,1,1702,100,1366115,-1
36376.622584562,5,1700,100,1361888,-1
36377.199586377,1,1703,100,1364168,1
36377.825601494,1,1704,100,1359979,1
36378.360334676,3,1697,100,1368724,-1
36378.842002114,3,1684,100,1369129,-1
36379.361788999,3,1694,100,1363872,-1
36379.772375203,3,1686,100,1363839,1
36380.647496534,1,1705,100,1362096,1
36381.583958276,3,1701,100,1366277,-1
36382.00279011,5,1681,100,1364072,-1
36382.340982942,4,1703,100,1364168,1
36383.291181112,1,1706,100,1365622,-1
36383.956187958,1,1707,100,1364164,-1
36384.649055523,3,1692,100,1362747,-1
36385.451649311,1,1708,100,1360245,1
36386.147671887,1,1709,100,1355886,1
36386.921972143,3,1699,100,1358511,1
36388.932622459,1,1710,100,1357420,-1
36389.656796228,4,1705,100,1362096,1
36390.511919356,1,1711,100,1356524,1
36391.426679252,1,1712,100,1362191,-1
36392.326455835,1,1713,100,1362593,-1
36392.903466863,3,1708,100,1360245,1
36393.790990567,5,1713,100,1362593,-1
36394.731893186,3,1707,100,1364164,-1
36395.412733156,3,1704,100,1359979,1
36396.120717998,1,1714,100,1363014,-1
36397.082606765,1,1715,100,1359716,-1
36397.814338038,3,1715,100,1359716,-1
36398.337266558,5,1712,100,1362191,-1
36398.876707966,3,1711,100,1356524,1
36399.388890552,4,1709,100,1355886,1
36399.733151683,1,1716,100,1354489,-1
36400.355271841,1,1717,100,1356318,-1
36400.68927812,3,1702,100,1366115,-1
36401.281491651,4,1710,100,1357420,-1
36402.161402068,1,1718,100,1355653,1
36402.846594237,1,1719,100,1355115,1
36403.689021748,1,1720,100,1355861,1
36404.431504393,1,1721,100,1352624,1
36405.091360568,5,1690,100,1366145,-1
36405.812100912,5,1714,100,1363014,-1
36406.871429726,1,1722,100,1349044,1
36407.785851801,1,1723,100,1355660,-1
36408.681368203,4,1720,100,1355861,1
36409.20609401,1,1724,100,1349770,-1
36409.723513136,1,1725,100,1348904,1
36411.533968264,4,1725,100,1348904,1
36412.118829844,3,1687,100,1366248,-1
36412.729493739,1,1726,100,1346661,1
36413.340970574,1,1727,100,1350514,-1
36413.984871665,3,1722,100,1349044,1
36414.856164826,3,1717,100,1356318,-1
36415.564005758,1,1728,100,1350588,1
36415.930386743,1,1729,100,1348210,1
36417.270594968,1,1730,100,1348699,1
36417.832907151,1,1731,100,1348450,1
36418.646651961,4,1721,100,1352624,1
36419.405211725,3,1723,100,1355660,-1
36419.858782865,3,1731,100,1348450,1
36420.754695182,1,1732,100,1352466,-1
36421.219498264,3,1732,100,1352466,-1
36421.652982798,1,1733,100,1352288,1
36422.149588197,3,1719,100,1355115,1
36422.771287233,3,1727,100,1350514,-1
36423.254715523,1,1734,100,1356471,1
36423.863409185,3,1724,100,1349770,-1
36424.246408751,1,1735,100,1361428,1
36424.624630822,3,1706,100,1365622,-1
36425.026116824,1,1736,100,1360570,-1
36425.570129827,1,1737,100,1362113,-1
36425.97923187,1,1738,100,1361022,-1
36426.680355766,1,1739,100,1363847,-1
36427.157739356,5,1729,100,1348210,1
36427.763965912,1,1740,100,1367047,-1
36428.585444297,1,1741,100,1360674,1
36429.318365771,1,1742,100,1363536,1
36429.889078094,3,1738,100,1361022,-1
36430.834261006,3,1733,100,1352288,1
36431.657333467,5,1718,100,1355653,1
36432.279538246,1,1743,100,1361949,1
36433.068623235,1,1744,100,1365414,1
36434.629738252,3,1730,100,1348699,1
36435.217760241,5,1726,100,1346661,1
36435.951371543,1,1745,100,1368380,1
36436.728344903,4,1716,100,1354489,-1
36437.547470478,4,1736,100,1360570,-1
36438.320288511,1,1746,100,1366138,1
36439.005250305,1,1747,100,1367654,1
36439.594042548,3,1746,100,1366138,1
36440.028575741,1,1748,100,1367636,1
36440.920607953,1,1749,100,1370076,-1
36441.335382358,4,1739,100,1363847,-1
36441.737394333,4,1737,100,1362113,-1
36442.657266177,5,1742,100,1363536,1
36444.100469952,1,1750,100,1372625,-1
36444.88833055,3,1735,100,1361428,1
36445.568055429,5,1749,100,1370076,-1
36445.982268284,1,1751,100,1371747,-1
36446.824047855,3,1741,100,1360674,1
36447.235248149,3,1743,100,1361949,1
36448.7468556,3,1747,100,1367654,1
36449.177270111,3,1748,100,1367636,1
36449.796319535,1,1752,100,1369891,1
36450.46662591,1,1753,100,1376270,-1
36451.38544822,1,1754,100,1374069,-1
36452.227849586,1,1755,100,1372392,1
36452.982513475,1,1756,100,1371882,-1
36454.712891057,1,1757,100,1369894,1
36455.082088156,1,1758,100,1373449,-1
36455.791412859,3,1757,100,1369894,1
36456.291211996,3,1734,100,1356471,1
36456.771228297,1,1759,100,1368111,1
36457.612952631,5,1740,100,1367047,-1
36458.466086051,4,1755,100,1372392,1
36459.030958878,3,1744,100,1365414,1
36459.616968987,1,1760,100,1370869,-1
36460.451146068,4,1760,100,1370869,-1
36461.125859724,4,1759,100,1368111,1
36462.07070939,3,1753,100,1376270,-1
36462.921876341,5,1752,100,1369891,1
36463.261869111,3,1728,100,1350588,1
36464.076685196,1,1761,100,1370532,-1
36464.981602222,4,1745,100,1368380,1
36465.388664091,3,1758,100,1373449,-1
36466.053680887,1,1762,100,1368485,-1
36466.84768273,3,1750,100,1372625,-1
36467.236438827,3,1751,100,1371747,-1
36468.249786005,1,1763,200,1367802,-1
36468.790992376,1,1764,100,1364799,1
36469.694035129,1,1765,100,1363048,1
36470.021328334,1,1766,100,1368003,-1
36472.444556102,1,1767,100,1364175,-1
36472.901292534,4,1764,100,1364799,1
36473.585534556,1,1768,100,1367867,-1
36474.414065054,3,1768,100,1367867,-1
36474.950598975,3,1767,100,1364175,-1
36475.536361461,4,1765,100,1363048,1
36476.353599912,5,1754,100,1374069,-1
36476.95928732,2,1763,100,1367802,-1
36477.306551863,1,1769,100,1360192,1
36478.69516228,4,1763,100,1367802,-1
36479.599722689,3,1756,100,1371882,-1
36480.394678468,1,1770,100,1366166,-1
36480.940999653,1,1771,100,1358640,1
36481.343527487,5,1762,100,1368485,-1
36481.72828562,3,1766,100,1368003,-1
36482.549119599,3,1770,100,1366166,-1
36483.221408414,1,1772,100,1359346,-1
36483.557108771,3,1772,100,1359346,-1
36484.006535352,1,1773,100,1361754,-1
36484.804958324,3,1773,100,1361754,-1
36485.474168855,1,1774,100,1364259,-1
36486.339386401,4,1774,100,1364259,-1
36487.165253095,3,1771,100,1358640,1
36487.617671795,3,1761,100,1370532,-1
36487.951799887,1,1775,100,1365864,-1
36488.904516515,3,1769,100,1360192,1
36489.45903318,1,1776,100,1366365,-1
36490.036700562,4,1776,100,1366365,-1
36490.871970617,1,1777,100,1364666,-1
36491.588112297,5,1775,100,1365864,-1
36492.357186774,4,1777,100,1364666,-1
36492.822572568,1,1778,100,1362041,1
36493.518375805,1,1779,100,1364996,-1
36493.964938706,3,1779,100,1364996,-1
36494.307091712,3,1778,100,1362041,1
36495.230351453,1,1780,100,1367689,-1
36495.65552976,1,1781,100,1363553,1
36496.544367418,1,1782,100,1369629,-1
36497.12524425,1,1783,100,1369731,-1
36497.969949023,3,1782,100,1369629,-1
36498.54852418,3,1781,100,1363553,1
36499.494602123,3,1780,100,1367689,-1
36500.888307841,4,1783,100,1369731,-1
36501.560531423,1,1784,100,1365386,-1
36501.889822791,3,1784,100,1365386,-1
36502.262941832,1,1785,100,1367511,-1
36502.727734588,1,1786,100,1364052,1
36503.101520763,1,1787,100,1367635,-1
36503.55271053,1,1788,100,1360231,1
36504.324237757,3,1788,100,1360231,1
36504.999929321,1,1789,100,1360070,1
36506.256929998,3,1785,100,1367511,-1
36506.966978065,3,1789,100,1360070,1
36507.320377116,5,1787,100,1367635,-1
36507.779652798,1,1790,100,1361091,1
36508.455915692,3,1790,100,1361091,1
36508.947005756,3,1786,100,1364052,1
36509.74301337,1,1791,100,1364178,-1
36510.209851048,4,1791,100,1364178,-1
36511.05099971,1,1792,100,1367299,-1
36511.383402668,5,1792,100,1367299,-1
36512.170852739,1,1793,100,1369123,1
36512.959108858,3,1793,100,1369123,1
36513.589063697,1,1794,100,1368822,1
36514.220758331,5,1794,100,1368822,1
36514.616518547,1,1795,100,1378294,-1
36515.300695464,3,1795,100,1378294,-1
36516.171189597,1,1796,100,1369143,1
36516.605796102,1,1797,100,1373564,-1
36517.076674708,3,1797,100,1373564,-1
36517.760180733,3,1796,100,1369143,1
36518.126251439,1,1798,100,1373810,1
36518.757629914,4,1798,100,1373810,1
36519.197744282,1,1799,100,1376071,1
36519.561141081,1,1800,100,1377214,-1
36520.015681076,1,1801,100,1374740,1
36520.683485774,1,1802,100,1378805,-1
36522.072407602,3,1802,100,1378805,-1
36524.324780976,3,1800,100,1377214,-1
36524.856720318,4,1799,100,1376071,1
36526.277744664,1,1803,100,1383106,-1
36527.040371112,1,1804,100,1375978,1
36527.915578015,4,1803,100,1383106,-1
36528.865515597,1,1805,100,1377557,1
36529.252669957,3,1805,100,1377557,1
36529.97369407,4,1801,100,1374740,1
36530.450647695,1,1806,100,1380435,-1
36530.902597499,3,1804,100,1375978,1
36531.459969286,1,1807,100,1370943,1
36531.979535239,1,1808,100,1377221,-1
36532.816643362,3,1806,100,1380435,-1
36533.34110885,3,1807,100,1370943,1
36533.739416183,4,1808,100,1377221,-1
36534.589945058,1,1809,100,1376522,1
36535.246834692,1,1810,100,1380478,-1
36535.786005126,5,1809,100,1376522,1
36536.447841498,1,1811,100,1380231,-1
36537.130984849,1,1812,100,1377931,-1
36537.802315196,5,1810,100,1380478,-1
36538.556650604,1,1813,100,1377677,-1
36539.05371198,1,1814,100,1374038,-1
36539.429328388,4,1811,100,1380231,-1
36539.96038279,3,1814,100,1374038,-1
36540.43315979,3,1813,100,1377677,-1
36540.891267162,1,1815,100,1373203,-1
36541.656049461,4,1815,100,1373203,-1
36542.115536978,1,1816,100,1369223,1
36542.684761064,1,1817,100,1375948,-1
36543.2490959,1,1818,100,1370665,-1
36544.079426928,1,1819,100,1375300,-1
36545.654034738,5,1816,100,1369223,1
36546.34649513,1,1820,100,1369852,1
36547.041931482,4,1818,100,1370665,-1
36547.386955424,1,1821,100,1376748,-1
36547.781914287,4,1820,100,1369852,1
36548.157617482,4,1819,100,1375300,-1
36548.624106756,1,1822,100,1372034,-1
36549.165113652,1,1823,100,1366711,1
36549.675815656,4,1822,100,1372034,-1
36550.370886674,3,1821,100,1376748,-1
36551.275152732,1,1824,100,1373938,-1
36551.603069975,3,1817,100,1375948,-1
36552.586343495,1,1825,100,1373197,-1
36553.305111396,3,1812,100,1377931,-1
36553.947014382,3,1825,100,1373197,-1
36554.293958467,1,1826,100,1371609,1
36554.866924417,1,1827,100,1369790,1
36555.26588951,1,1828,100,1375346,-1
36556.101781946,1,1829,100,1374950,-1
36556.623600952,1,1830,100,1375102,-1
36557.394271394,4,1830,100,1375102,-1
36557.932694201,1,1831,100,1378534,-1
36558.629490079,3,1829,100,1374950,-1
36559.559675443,1,1832,100,1377360,-1
36559.97331014,1,1833,100,1371454,1
36561.993811951,3,1824,100,1373938,-1
36562.83336196,1,1834,100,1373894,-1
36563.202699565,1,1835,100,1371276,-1
36564.069166798,1,1836,100,1372314,1
36564.67703139,1,1837,100,1373325,-1
36565.070071302,4,1836,100,1372314,1
36565.722304942,1,1838,100,1372452,-1
36566.299063314,4,1838,100,1372452,-1
36566.69670442,1,1839,100,1368913,-1
36567.466293091,1,1840,100,1371696,1
36568.151314472,3,1832,100,1377360,-1
36568.705861489,1,1841,100,1371156,1
36569.538465067,4,1837,100,1373325,-1
36570.072980543,1,1842,100,1376031,-1
36570.468278189,1,1843,100,1376474,-1
36571.426037819,1,1844,100,1373203,-1
36571.879756752,1,1845,100,1371520,1
36572.614137716,3,1841,100,1371156,1
36573.337263613,4,1828,100,1375346,-1
36574.099286013,3,1835,100,1371276,-1
36574.890335981,3,1831,100,1378534,-1
36575.382727557,1,1846,100,1369215,1
36576.316090253,1,1847,100,1371396,1
36577.006954926,1,1848,100,1372750,-1
36578.306222947,1,1849,100,1375100,-1
36579.06383682,1,1850,100,1373679,-1
36579.490521871,3,1850,100,1373679,-1
36579.910442755,1,1851,100,1370224,1
36580.581370894,1,1852,100,1372343,-1
36582.074410902,4,1834,100,1373894,-1
36582.541993804,3,1833,100,1371454,1
36583.367019656,4,1852,100,1372343,-1
36584.315053418,1,1853,100,1375887,-1
36584.831960783,3,1840,100,1371696,1
36585.668440475,4,1827,100,1369790,1
36586.008711779,3,1826,100,1371609,1
36586.872411168,4,1851,100,1370224,1
36587.823634393,3,1839,100,1368913,-1
36588.494722504,1,1854,100,1367394,1
36590.122266827,3,1846,100,1369215,1
36590.98292227,3,1843,100,1376474,-1
36592.117421852,1,1855,100,1364019,1
36592.863469127,1,1856,100,1363183,1
36593.664274077,3,1844,100,1373203,-1
36594.022637923,1,1857,100,1369076,1
36594.366167719,1,1858,100,1368819,-1
36595.064716964,5,1853,100,1375887,-1
36595.746212268,1,1859,100,1367963,-1
36596.113643933,3,1856,100,1363183,1
36596.72840269,1,1860,100,1365982,-1
36597.313834628,1,1861,100,1363460,1
36598.21007921,4,1857,100,1369076,1
36598.860984691,3,1845,100,1371520,1
36599.335759474,3,1823,100,1366711,1
36599.812608781,1,1862,100,1367143,-1
36600.536846815,3,1858,100,1368819,-1
36601.080471035,4,1854,100,1367394,1
36602.055580757,5,1859,100,1367963,-1
36602.739844897,3,1847,100,1371396,1
36603.493070408,1,1863,100,1362469,-1
36604.240871248,1,1864,100,1366765,-1
36605.175512647,3,1860,100,1365982,-1
36605.637041074,4,1863,100,1362469,-1
36606.620454498,4,1862,100,1367143,-1
36607.029005163,3,1842,100,1376031,-1
36607.898492976,3,1849,100,1375100,-1
36608.82838337,1,1865,100,1365815,1
36609.546217065,3,1865,100,1365815,1
36610.453386964,1,1866,100,1362717,-1
36610.870583922,1,1867,100,1357432,1
36611.687453368,3,1867,100,1357432,1
36612.337448225,1,1868,100,1359990,1
36613.010474987,4,1861,100,1363460,1
36613.597140545,1,1869,100,1364277,1
36615.243455003,4,1866,100,1362717,-1
36616.2011696,3,1848,100,1372750,-1
36616.939495275,3,1864,100,1366765,-1
36617.513681937,4,1869,100,1364277,1
36618.340329462,4,1868,100,1359990,1
36618.814698981,1,1870,100,1363062,-1
36619.67824758,1,1871,100,1358193,1
36620.231983724,4,1855,100,1364019,1
36620.706199538,1,1872,100,1361688,-1
36621.051926155,5,1871,100,1358193,1
36621.867100871,4,1872,100,1361688,-1
36622.246668651,1,1873,100,1363110,1
36622.627162253,1,1874,100,1363818,1
36623.495887221,1,1875,100,1368355,-1
36624.894104303,1,1876,100,1366853,-1
36625.916182601,3,1870,100,1363062,-1
36626.393920736,3,1875,100,1368355,-1
36626.918980657,3,1876,100,1366853,-1
36627.547103745,1,1877,100,1366623,1
36628.311288117,3,1873,100,1363110,1
36629.143678074,4,1874,100,1363818,1
36629.918093008,4,1877,100,1366623,1
36630.758704096,1,1878,100,1366434,1
36631.698646967,3,1878,100,1366434,1
36632.392875954,1,1879,100,1369094,-1
36633.014243043,1,1880,100,1366119,1
36633.509279784,1,1881,100,1363948,1
36634.461205046,5,1879,100,1369094,-1
36635.264743527,5,1880,100,1366119,1
36636.456197735,1,1882,100,1364532,1
36637.067239046,4,1882,100,1364532,1
36637.72498438,3,1881,100,1363948,1
36638.477610611,1,1883,100,1362765,1
36639.039018745,1,1884,100,1363753,1
36639.996859718,3,1884,100,1363753,1
36640.522376299,1,1885,100,1363475,1
36641.033891461,1,1886,100,1361572,1
36641.614794216,3,1885,100,1363475,1
36643.018506248,1,1887,100,1365689,-1
36643.962139531,1,1888,100,1363891,-1
36644.358466186,4,1883,100,1362765,1
36645.104460712,3,1888,100,1363891,-1
36645.538821543,1,1889,100,1362998,1
36646.96278033,1,1890,100,1364474,1
36647.384556847,1,1891,100,1367885,-1
36648.033315448,1,1892,100,1368591,-1
36648.830258251,1,1893,100,1361792,1
36649.288713587,1,1894,100,1363955,1
36650.002324485,1,1895,100,1363670,1
36650.950579078,3,1892,100,1368591,-1
36651.788784668,1,1896,100,1363908,-1
36652.270793822,5,1893,100,1361792,1
36653.200298768,1,1897,100,1365757,-1
36653.959632647,1,1898,100,1362229,-1
36654.698782095,1,1899,100,1357922,1
36655.521323032,1,1900,100,1360897,-1
36656.349709596,1,1901,100,1362706,-1
36657.134332256,3,1895,100,1363670,1
36657.897587193,5,1900,100,1360897,-1
36658.56928368,5,1891,100,1367885,-1
36658.929918037,3,1886,100,1361572,1
36659.647676482,1,1902,100,1362117,-1
36660.032111369,1,1903,100,1362691,-1
36662.199443275,3,1898,100,1362229,-1
36663.016327378,1,1904,100,1361480,-1
36663.700843604,1,1905,200,1362403,1
36664.547360099,3,1890,100,1364474,1
36664.99891236,5,1889,100,1362998,1
36665.833182574,3,1899,100,1357922,1
36666.650804013,3,1894,100,1363955,1
36667.477664255,5,1896,100,1363908,-1
36668.02939744,1,1906,100,1363902,1
36668.701824046,3,1905,200,1362403,1
36669.478071004,3,1887,100,1365689,-1
36670.458089337,4,1902,100,1362117,-1
36671.077756563,3,1901,100,1362706,-1
36671.605150968,3,1906,100,1363902,1
36672.219338219,1,1907,100,1361326,1
36673.497248479,5,1903,100,1362691,-1
36674.394027475,1,1908,100,1361836,1
36675.727056795,3,1897,100,1365757,-1
36676.336347917,1,1909,100,1364875,1
36676.958307774,1,1910,100,1362793,1
36677.509425592,1,1911,100,1362176,1
36678.486923362,3,1904,100,1361480,-1
36678.937045389,1,1912,100,1365535,-1
36679.354887233,1,1913,100,1360757,1
36679.729248346,1,1914,100,1364408,-1
36680.719011762,3,1912,100,1365535,-1
36681.412238376,4,1909,100,1364875,1
36681.990446341,1,1915,100,1357625,1
36682.927364777,1,1916,100,1358042,-1
36683.331491318,1,1917,100,1357871,1
36683.846812565,1,1918,100,1354975,1
36684.687106395,4,1917,100,1357871,1
36685.164514415,3,1918,100,1354975,1
36685.555066992,1,1919,100,1352850,1
36686.385148647,3,1908,100,1361836,1
36687.379093316,3,1919,100,1352850,1
36688.05824958,3,1914,100,1364408,-1
36688.974859318,3,1907,100,1361326,1
36689.804797399,1,1920,100,1351250,1
36690.208436562,1,1921,100,1355601,1
36690.958430491,5,1911,100,1362176,1
36691.697697343,1,1922,100,1359115,1
36692.340150505,1,1923,100,1361002,-1
36693.038434396,4,1923,100,1361002,-1
36693.532264604,5,1916,100,1358042,-1
36696.747713664,3,1920,100,1351250,1
36697.104160709,1,1924,100,1367371,-1
36697.93150614,1,1925,100,1365629,1
36698.707290545,1,1926,100,1362376,1
36699.061580865,4,1910,100,1362793,1
36700.010817622,5,1921,100,1355601,1
36701.856528394,1,1927,100,1361222,1
36702.272615946,4,1926,100,1362376,1
36703.249655673,5,1927,100,1361222,1
36704.027115898,3,1913,100,1360757,1
36705.409523544,1,1928,100,1369245,-1
36706.028473485,1,1929,100,1365817,-1
36706.973443901,4,1924,100,1367371,-1
36707.335993831,1,1930,100,1368982,-1
36708.320650401,3,1922,100,1359115,1
36709.232738276,3,1925,100,1365629,1
36710.156748015,1,1931,100,1371263,-1
36710.962206157,3,1915,100,1357625,1
36711.452620293,4,1929,100,1365817,-1
36711.987728957,3,1928,100,1369245,-1
36712.495392503,1,1932,100,1364131,1
36713.306279746,1,1933,100,1367524,1
36714.255484825,5,1930,100,1368982,-1
36714.937195749,3,1933,100,1367524,1
36715.633900097,4,1931,100,1371263,-1
36716.618988748,1,1934,100,1368869,1
36717.284760272,1,1935,100,1373741,1
36717.675086352,5,1932,100,1364131,1
36718.110819607,4,1935,100,1373741,1
36718.861667163,3,1934,100,1368869,1
36719.558276566,1,1936,100,1371183,1
36720.212879712,5,1936,100,1371183,1
36720.554718201,1,1937,100,1372269,1
36721.123272717,1,1938,100,1372169,1
36721.672326869,1,1939,100,1371762,1
36722.20535726,5,1937,100,1372269,1
36722.902957415,3,1939,100,1371762,1
36724.755528506,3,1938,100,1372169,1
36725.371060115,1,1940,100,1380347,-1
36726.307299615,4,1940,100,1380347,-1
36727.037498093,1,1941,100,1379577,-1
36728.007026538,5,1941,100,1379577,-1
36728.895892685,1,1942,100,1382751,-1
36729.307277261,5,1942,100,1382751,-1
36730.073272502,1,1943,100,1375445,1
36731.075895569,1,1944,100,1382075,1
36733.091062899,3,1943,100,1375445,1
36734.031005978,1,1945,100,1384809,-1
36734.702358444,5,1944,100,1382075,1
36735.540355568,1,1946,100,1383243,-1
36736.38626583,1,1947,100,1377007,1
36737.036732598,3,1947,100,1377007,1
36737.774765483,1,1948,100,1386291,-1
36738.707375383,1,1949,100,1386681,-1
36739.128636291,1,1950,100,1385833,-1
36740.123234906,5,1948,100,1386291,-1
36740.99996681,1,1951,100,1379027,1
36741.43046632,3,1949,100,1386681,-1
36742.153307591,1,1952,100,1383659,-1
36742.971221433,4,1952,100,1383659,-1
36743.433951559,1,1953,100,1377890,1
36743.954807319,3,1953,100,1377890,1
36744.589978063,3,1951,100,1379027,1
36745.386822088,3,1946,100,1383243,-1
36746.208957559,4,1945,100,1384809,-1
36747.126951123,1,1954,100,1384317,-1
36748.075033672,1,1955,100,1384521,1
36748.981325703,4,1954,100,1384317,-1
36749.813143345,3,1955,100,1384521,1
36750.171073135,1,1956,100,1386806,1
36750.520758992,3,1956,100,1386806,1
36751.094959485,3,1950,100,1385833,-1
36751.762949707,1,1957,100,1393074,-1
36752.644721681,3,1957,100,1393074,-1
36753.296241968,1,1958,100,1392543,-1
36754.020593163,1,1959,100,1395111,-1
36754.958243083,1,1960,100,1396029,-1
36755.429252359,4,1958,100,1392543,-1
36756.728989459,3,1959,100,1395111,-1
36757.252298104,1,1961,100,1386334,1
36757.949075269,3,1961,100,1386334,1
36758.825769411,3,1960,100,1396029,-1
36759.701058839,1,1962,100,1383321,1
36760.377382142,3,1962,100,1383321,1
36760.975437934,1,1963,100,1389317,-1
36761.636372921,5,1963,100,1389317,-1
36762.341608406,1,1964,100,1386164,1
36762.966415252,3,1964,100,1386164,1
36763.754264609,1,1965,100,1386822,-1
36764.753041453,3,1965,100,1386822,-1
36765.623830565,1,1966,100,1384234,1
36766.072224457,5,1966,100,1384234,1
36766.849686325,1,1967,100,1381879,1
36767.255752594,3,1967,100,1381879,1
36767.751903974,1,1968,100,1382101,-1
36768.363567631,4,1968,100,1382101,-1
36768.935978436,1,1969,100,1383556,-1
36769.447846754,4,1969,100,1383556,-1
36769.925114418,1,1970,200,1380973,1
36770.844043909,3,1970,200,1380973,1
36771.640053586,1,1971,100,1382427,-1
36772.31933015,4,1971,100,1382427,-1
36773.038147922,1,1972,100,1381833,-1
36773.74731733,1,1973,100,1382931,-1
36774.362434969,3,1972,100,1381833,-1
36774.826884003,1,1974,100,1385025,-1
36775.421528368,3,1973,100,1382931,-1
36776.152431804,1,1975,100,1381847,1
36776.843054947,1,1976,100,1378579,1
36777.253871307,1,1977,100,1382618,1
36778.049073042,1,1978,100,1383740,-1
36778.94425071,1,1979,100,1378792,1
36779.80367339,1,1980,100,1378717,1
36780.695215589,1,1981,100,1383955,-1
36781.032607696,5,1978,100,1383740,-1
36782.010567155,5,1979,100,1378792,1
36782.562589169,4,1975,100,1381847,1
36783.283545092,4,1977,100,1382618,1
36784.091085137,1,1982,100,1379838,-1
36784.531237811,1,1983,100,1384420,-1
36785.12018913,3,1976,100,1378579,1
36785.699847534,1,1984,100,1381250,-1
36786.205891018,1,1985,100,1382192,1
36786.883974388,5,1984,100,1381250,-1
36787.882819846,3,1974,100,1385025,-1
36788.811175441,4,1982,100,1379838,-1
36789.560514366,1,1986,100,1376714,1
36790.677964881,3,1983,100,1384420,-1
36791.526513098,3,1981,100,1383955,-1
36792.392020186,4,1985,100,1382192,1
36793.264360328,4,1980,100,1378717,1
36793.934873054,1,1987,100,1378128,-1
36794.400138374,4,1987,100,1378128,-1
36795.118366873,3,1986,100,1376714,1
36795.667014732,1,1988,100,1378832,-1
36796.253247969,3,1988,100,1378832,-1
36796.661160714,1,1989,100,1377375,1
36797.927082135,1,1990,100,1378236,1
36798.878739515,3,1990,100,1378236,1
36799.554815682,1,1991,100,1377859,1
36801.384712183,4,1991,100,1377859,1
36801.911335988,4,1989,100,1377375,1
36802.479842639,1,1992,100,1378740,-1
36803.190991133,1,1993,200,1376727,1
36805.67368851,1,1994,100,1377691,-1
36806.234678381,1,1995,100,1378206,-1
36807.203014155,1,1996,100,1374025,1
36807.562608117,3,1995,100,1378206,-1
36808.243667526,3,1992,100,1378740,-1
36808.970677724,1,1997,100,1375461,1
36809.393455019,1,1998,100,1375353,1
36809.752496957,1,1999,100,1378637,1
36810.401449293,1,2000,100,1374310,1
36811.080355421,5,1996,100,1374025,1
36811.698395091,4,1999,100,1378637,1
36812.518694682,4,1998,100,1375353,1
36812.992818917,3,1997,100,1375461,1
36814.280198086,3,2000,100,1374310,1
36814.726159444,3,1994,100,1377691,-1
36815.622421016,3,1993,200,1376727,1
36816.249774232,1,2001,100,1382024,1
36817.158233836,1,2002,100,1382606,-1
36817.531032916,3,2002,100,1382606,-1
36818.260394812,1,2003,100,1378542,1
36818.918586614,1,2004,100,1385334,-1
36819.58683077,1,2005,100,1378674,1
36820.487138037,1,2006,100,1382754,-1
36822.064045772,1,2007,100,1379575,-1
36822.538745265,4,2005,100,1378674,1
36823.456416251,1,2008,100,1378641,1
36824.313288139,3,2007,100,1379575,-1
36825.309309207,4,2001,100,1382024,1
36826.258743037,5,2008,100,1378641,1
36827.999247038,1,2009,100,1388410,-1
36828.538134718,4,2006,100,1382754,-1
36828.924840143,3,2009,100,1388410,-1
36829.605381888,3,2003,100,1378542,1
36830.312596216,3,2004,100,1385334,-1
36830.983479729,1,2010,100,1382935,1
36831.470942965,1,2011,100,1382668,1
36831.949624584,5,2010,100,1382935,1
36832.614207675,4,2011,100,1382668,1
36832.97134443,1,2012,100,1388334,-1
36833.692854482,4,2012,100,1388334,-1
36834.350983232,1,2013,100,1382961,1
36835.160490821,1,2014,100,1384795,-1
36836.026292756,1,2015,100,1379387,1
36836.681050902,4,2013,100,1382961,1
36838.452081587,4,2014,100,1384795,-1
36839.341631857,1,2016,100,1384912,-1
36840.52748532,1,2017,100,1386229,1
36840.949334104,3,2017,100,1386229,1
36841.834042248,5,2015,100,1379387,1
36842.568567052,3,2016,100,1384912,-1
36842.929432502,1,2018,100,1388165,-1
36844.209713229,1,2019,100,1388385,-1
36844.870402036,3,2018,100,1388165,-1
36845.216742929,1,2020,100,1384315,-1
36846.193307241,1,2021,100,1383052,-1
36847.090637366,4,2020,100,1384315,-1
36847.568845177,1,2022,100,1382758,1
36847.95223768,4,2022,100,1382758,1
36848.623978867,1,2023,100,1380635,-1
36849.706027335,4,2019,100,1388385,-1
36850.578847681,1,2024,100,1383406,-1
36851.128115817,1,2025,100,1382176,-1
36852.082769675,4,2023,100,1380635,-1
36852.440130621,1,2026,100,1378308,1
36853.23957342,1,2027,100,1379992,-1
36853.858936209,1,2028,100,1378071,1
36854.56072767,4,2021,100,1383052,-1
36855.420509845,5,2028,100,1378071,1
36856.240677679,3,2024,100,1383406,-1
36857.098719394,3,2025,100,1382176,-1
36857.540409303,5,2027,100,1379992,-1
36858.35543618,1,2029,100,1384155,-1
36859.275400198,1,2030,100,1383450,-1
36860.040038263,3,2026,100,1378308,1
36860.439033313,1,2031,100,1381905,1
36861.038315648,1,2032,100,1380890,1
36861.67201864,1,2033,100,1383994,1
36862.537582773,1,2034,100,1386431,-1
36863.381613449,1,2035,100,1388556,-1
36863.728147904,4,2033,100,1383994,1
36864.479830971,5,2032,100,1380890,1
36865.418411232,1,2036,100,1383531,-1
36866.027630318,4,2029,100,1384155,-1
36866.813792129,4,2030,100,1383450,-1
36867.634318148,1,2037,100,1383331,1
36868.587477565,1,2038,100,1389162,-1
36869.154348788,1,2039,100,1381723,1
36869.684385342,1,2040,100,1379678,1
36870.270325142,4,2036,100,1383531,-1
36871.502203824,3,2037,100,1383331,1
36873.110036954,1,2041,100,1384855,-1
36873.52566152,1,2042,100,1379421,1
36874.216888963,1,2043,100,1383238,-1
36875.955530888,3,2034,100,1386431,-1
36877.032545916,4,2031,100,1381905,1
36877.799530279,5,2039,100,1381723,1
36878.487948368,1,2044,100,1378835,1
36880.089907446,1,2045,100,1385993,-1
36881.043667097,1,2046,100,1382431,1
36881.907412322,1,2047,100,1378056,1
36882.519500433,4,2043,100,1383238,-1
36883.014210523,4,2046,100,1382431,1
36883.608268894,3,2047,100,1378056,1
36884.391253793,1,2048,100,1386631,-1
36885.008080077,3,2040,100,1379678,1
36885.860185127,1,2049,100,1386182,-1
36886.516743534,3,2038,100,1389162,-1
36887.22205125,1,2050,100,1380286,1
36888.080606146,3,2050,100,1380286,1
36888.745133498,4,2045,100,1385993,-1
36889.667816774,4,2049,100,1386182,-1
36890.381459315,3,2041,100,1384855,-1
36890.786272084,1,2051,100,1385171,-1
36891.313319139,3,2042,100,1379421,1
36891.916992136,4,2035,100,1388556,-1
36892.330189386,3,2044,100,1378835,1
36892.786761834,5,2048,100,1386631,-1
36893.686506804,1,2052,100,1386300,1
36894.567690932,4,2051,100,1385171,-1
36895.271198949,4,2052,100,1386300,1
36896.019378623,1,2053,100,1387172,1
36896.506006841,1,2054,100,1389843,1
36896.928005619,3,2053,100,1387172,1
36897.32410771,1,2055,100,1393907,-1
36897.902368219,1,2056,100,1389033,-1
36898.259691509,1,2057,100,1392251,-1
36899.021066598,4,2054,100,1389843,1
36899.506009779,3,2055,100,1393907,-1
36900.184981073,3,2057,100,1392251,-1
36901.153382035,1,2058,100,1390014,-1
36901.522892588,1,2059,100,1391595,-1
36902.259696973,1,2060,100,1385859,1
36903.687512627,1,2061,100,1393065,-1
36904.623829948,1,2062,100,1394828,-1
36905.28842094,1,2063,100,1390355,1
36906.031174837,5,2059,100,1391595,-1
36906.814168668,1,2064,100,1389121,1
36907.299064375,1,2065,100,1390819,1
36908.21880034,3,2064,100,1389121,1
36908.852809272,1,2066,100,1394455,-1
36909.655390483,3,2060,100,1385859,1
36910.182938999,3,2058,100,1390014,-1
36910.623253179,1,2067,100,1397611,-1
36911.264572363,3,2067,100,1397611,-1
36911.868101449,1,2068,100,1399759,-1
36912.514694209,3,2063,100,1390355,1
36913.09735776,3,2061,100,1393065,-1
36913.449523575,1,2069,100,1402732,-1
36914.097604096,1,2070,100,1396012,1
36914.855798431,1,2071,100,1400878,-1
36915.800420003,1,2072,100,1396284,1
36916.202829274,4,2056,100,1389033,-1
36917.048962748,1,2073,100,1403974,-1
36917.708901081,1,2074,100,1399903,1
36918.375271103,1,2075,100,1402876,-1
36919.306373461,4,2069,100,1402732,-1
36920.941998785,1,2076,100,1405609,-1
36921.755078246,1,2077,100,1400205,1
36922.324663209,1,2078,100,1405594,-1
36922.83777701,1,2079,100,1405163,-1
36923.625709375,4,2068,100,1399759,-1
36924.446801887,3,2077,100,1400205,1
36924.81554822,1,2080,100,1406816,-1
36925.163023699,1,2081,100,1399286,1
36925.83874887,5,2078,100,1405594,-1
36926.338608116,5,2062,100,1394828,-1
36927.622784835,3,2072,100,1396284,1
36928.236925726,5,2076,100,1405609,-1
36928.708039118,3,2081,100,1399286,1
36929.535905924,3,2074,100,1399903,1
36930.278195526,5,2071,100,1400878,-1
36931.214994595,1,2082,100,1402505,1
36932.13722983,4,2080,100,1406816,-1
36933.112268169,1,2083,100,1404199,1
36933.855592454,3,2066,100,1394455,-1
36934.562497267,3,2083,100,1404199,1
36935.017740412,1,2084,100,1407752,-1
36935.770329,1,2085,100,1409337,-1
36936.50722057,1,2086,100,1406310,1
36936.911078679,1,2087,100,1404455,1
36937.335404948,1,2088,100,1411850,-1
36938.287855565,3,2065,100,1390819,1
36939.220861711,5,2073,100,1403974,-1
36940.144974941,1,2089,100,1404606,1
36940.573839019,1,2090,100,1410267,1
36941.30348822,3,2070,100,1396012,1
36943.070151991,5,2090,100,1410267,1
36944.045933611,3,2086,100,1406310,1
36944.71788163,3,2075,100,1402876,-1
36945.268561628,3,2085,100,1409337,-1
36945.93644565,1,2091,100,1414113,-1
36946.573490525,5,2082,100,1402505,1
36948.457688631,1,2092,100,1404860,1
36948.878557837,1,2093,100,1408699,1
36949.701722164,1,2094,100,1405797,1
36950.484944474,1,2095,100,1405419,1
36951.330642228,3,2093,100,1408699,1
36953.052833113,3,2089,100,1404606,1
36954.267130613,1,2096,100,1403137,1
36954.67016134,5,2092,100,1404860,1
36955.618810069,1,2097,100,1403730,1
36956.547596755,1,2098,100,1404706,1
36956.924701937,1,2099,100,1407204,1
36957.847129045,1,2100,100,1409991,-1
36958.287204116,1,2101,100,1409170,-1
36958.690622495,1,2102,100,1411337,1
36959.061625314,1,2103,100,1413692,-1
36959.599200224,4,2099,100,1407204,1
36960.319245015,3,2097,100,1403730,1
36961.008300966,4,2102,100,1411337,1
36961.521011146,3,2084,100,1407752,-1
36962.263639672,1,2104,100,1403338,-1
36962.987203344,4,2095,100,1405419,1
36963.616686015,3,2079,100,1405163,-1
36964.144176743,4,2096,100,1403137,1
36964.749828582,1,2105,100,1399414,-1
36965.287146367,1,2106,100,1403447,-1
36966.272556378,3,2094,100,1405797,1
36967.23628387,1,2107,100,1396745,1
36968.21727571,4,2098,100,1404706,1
36968.882542925,1,2108,100,1403536,-1
36969.86991788,1,2109,100,1400282,-1
36970.717928698,3,2106,100,1403447,-1
36971.412756412,4,2087,100,1404455,1
36972.323793405,3,2088,100,1411850,-1
36972.828125375,1,2110,100,1398287,1
36973.244885999,1,2111,100,1403734,-1
36974.263680666,1,2112,100,1402085,1
36976.016050478,5,2107,100,1396745,1
36976.754590334,3,2091,100,1414113,-1
36977.573528438,1,2113,100,1404856,-1
36978.190206621,5,2101,100,1409170,-1
36978.630238188,3,2112,100,1402085,1
36979.454182658,1,2114,100,1410805,-1
36980.209282661,3,2104,100,1403338,-1
36981.115753693,1,2115,100,1401306,1
36982.442423339,3,2108,100,1403536,-1
36983.508832547,1,2116,100,1405405,-1
36984.496276853,1,2117,100,1399998,1
36985.337601825,4,2105,100,1399414,-1
36985.981216196,5,2111,100,1403734,-1
36987.358211739,3,2114,100,1410805,-1
36989.689559007,1,2118,100,1402929,1
36990.712395761,3,2117,100,1399998,1
36991.429187734,5,2118,100,1402929,1
36992.373616932,1,2119,100,1400185,-1
36993.32538663,4,2119,100,1400185,-1
36994.195060078,5,2110,100,1398287,1
36994.932765141,1,2120,100,1399465,1
36995.786838973,5,2113,100,1404856,-1
36996.477067771,1,2121,100,1403579,-1
36997.159544916,3,2116,100,1405405,-1
36998.155115754,1,2122,100,1398552,1
36998.758500806,3,2103,100,1413692,-1
36999.201092919,3,2115,100,1401306,1
37000.069467016,1,2123,100,1403261,-1
37000.94319681,4,2121,100,1403579,-1
37002.027945656,3,2120,100,1399465,1
37002.450476696,1,2124,100,1403144,1
37003.446403282,1,2125,100,1404990,-1
37004.292730447,5,2109,100,1400282,-1
37005.300500725,3,2125,100,1404990,-1
37006.181403128,3,2100,100,1409991,-1
37007.079149564,3,2122,100,1398552,1
37007.530674746,4,2124,100,1403144,1
37008.536866182,3,2123,100,1403261,-1
37009.265344604,1,2126,100,1395612,1
37009.876483142,4,2126,100,1395612,1
37010.867236324,1,2127,100,1401022,-1
37011.469760206,3,2127,100,1401022,-1
37011.91779406,1,2128,100,1395496,1
37012.524622821,4,2128,100,1395496,1
37013.133892098,1,2129,100,1399072,-1
37014.141260325,4,2129,100,1399072,-1
37015.038791346,1,2130,100,1399125,-1
37015.537502487,3,2130,100,1399125,-1
37016.38595958,1,2131,100,1402126,-1
37016.980439782,3,2131,100,1402126,-1
37017.415996477,1,2132,100,1401852,1
37018.365673683,1,2133,100,1400225,1
37019.032275676,4,2132,100,1401852,1
37020.063507999,3,2133,100,1400225,1
37020.590750434,1,2134,100,1401756,1
37021.029758692,4,2134,100,1401756,1
37021.650479626,1,2135,100,1406536,-1
37022.571324313,3,2135,100,1406536,-1
37023.114098576,1,2136,100,1405499,1
37023.759915123,1,2137,100,1406397,-1
37024.422984353,4,2137,100,1406397,-1
37025.229167394,1,2138,100,1408888,-1
37026.161208926,3,2138,100,1408888,-1
37026.935065182,5,2136,100,1405499,1
37027.362841398,1,2139,100,1404759,1
37027.997122476,1,2140,100,1403478,1
37028.619297321,1,2141,100,1402720,1
37029.45451855,4,2139,100,1404759,1
37029.868151582,3,2140,100,1403478,1
37030.775856876,1,2142,100,1407445,-1
37031.675289003,1,2143,100,1408392,-1
37032.066125714,3,2143,100,1408392,-1
37033.014411449,5,2141,100,1402720,1
37033.428013029,3,2142,100,1407445,-1
37034.107082345,1,2144,100,1402390,-1
37034.687669195,1,2145,100,1402196,1
37035.195500227,1,2146,100,1400154,1
37035.805407395,1,2147,100,1397237,1
37036.468487444,1,2148,100,1398806,-1
37036.824753281,5,2147,100,1397237,1
37037.732448224,1,2149,100,1398075,1
37038.358790637,5,2148,100,1398806,-1
37039.284116922,3,2149,100,1398075,1
37039.865562042,1,2150,100,1401163,-1
37040.409869008,4,2146,100,1400154,1
37040.813496993,3,2145,100,1402196,1
37041.185581999,3,2144,100,1402390,-1
37043.517395619,3,2150,100,1401163,-1
37044.025286813,1,2151,100,1395711,1
37044.926202665,3,2151,100,1395711,1
37045.937004003,1,2152,100,1397781,-1
37046.32137169,1,2153,100,1394009,1
37046.891289023,4,2152,100,1397781,-1
37047.443640205,1,2154,100,1396096,-1
37048.27900159,4,2154,100,1396096,-1
37049.286042436,1,2155,100,1392743,1
37049.822049876,3,2155,100,1392743,1
37050.696855729,4,2153,100,1394009,1
37051.555202507,1,2156,100,1396409,-1
37052.525790128,3,2156,100,1396409,-1
37053.395472291,1,2157,100,1400788,-1
37054.315868941,1,2158,100,1399297,-1
37055.245277279,3,2158,100,1399297,-1
37056.139622067,1,2159,100,1397053,-1
37057.058509071,3,2159,100,1397053,-1
37057.979967354,1,2160,100,1396057,-1
37058.556992216,3,2160,100,1396057,-1
37058.982517365,1,2161,100,1386223,1
37059.50598007,1,2162,100,1393479,-1
37060.12936225,3,2161,100,1386223,1
37060.993825496,3,2157,100,1400788,-1
37061.918544232,1,2163,100,1391022,-1
37063.594928571,3,2163,100,1391022,-1
37064.143302522,1,2164,100,1392889,-1
37065.177372579,5,2164,100,1392889,-1
37065.858140499,4,2162,100,1393479,-1
37066.387217833,1,2165,100,1391004,-1
37066.747548643,5,2165,100,1391004,-1
37067.278406417,1,2166,200,1389066,-1
37067.853126099,1,2167,100,1384471,1
37068.429669805,4,2166,100,1389066,-1
37068.875806084,1,2168,100,1388026,-1
37069.41321738,1,2169,100,1384988,1
37070.012821603,3,2169,100,1384988,1
37070.578296069,4,2168,100,1388026,-1
37071.37230243,1,2170,100,1383946,-1
37071.807176773,1,2171,100,1386981,-1
37072.467031596,1,2172,100,1382151,1
37073.377093558,4,2167,100,1384471,1
37074.061644636,1,2173,100,1387596,-1
37074.600292925,3,2172,100,1382151,1
37075.200762192,3,2166,100,1389066,-1
37075.946485807,1,2174,100,1388460,-1
37076.620106435,3,2171,100,1386981,-1
37077.050293552,4,2174,100,1388460,-1
37077.568750596,3,2170,100,1383946,-1
37079.216474559,1,2175,100,1390295,1
37079.616277831,5,2175,100,1390295,1
37080.080702666,3,2173,100,1387596,-1
37080.719394427,1,2176,100,1386219,1
37081.551829102,3,2176,100,1386219,1
37081.999038081,1,2177,100,1387470,1
37083.406814851,5,2177,100,1387470,1
37084.019665626,1,2178,100,1387226,1
37084.507148482,1,2179,100,1388039,1
37085.139270353,5,2179,100,1388039,1
37086.373761702,1,2180,100,1392669,-1
37086.85727314,1,2181,100,1389047,1
37087.219704415,3,2180,100,1392669,-1
37088.141373874,3,2181,100,1389047,1
37089.041172675,3,2178,100,1387226,1
37089.862375123,1,2182,100,1389548,1
37090.735171369,1,2183,100,1388212,1
37091.742180093,4,2182,100,1389548,1
37092.21217546,5,2183,100,1388212,1
37093.23944965,1,2184,100,1396325,-1
37093.851582734,3,2184,100,1396325,-1
37094.546433986,1,2185,100,1397004,-1
37095.02180812,3,2185,100,1397004,-1
37096.039556451,1,2186,100,1394124,1
37096.709413736,3,2186,100,1394124,1
37097.186178183,1,2187,100,1393802,1
37097.565597081,4,2187,100,1393802,1
37098.358374204,1,2188,100,1396185,1
37098.712020704,1,2189,300,1394320,1
37099.101994023,2,2189,100,1394320,1
37099.807077402,3,2189,200,1394320,1
37101.174502582,4,2188,100,1396185,1
37101.867669916,1,2190,100,1394708,1
37102.345931245,4,2190,100,1394708,1
37102.697750646,1,2191,100,1393029,1
37103.365192686,3,2191,100,1393029,1
37103.725096143,1,2192,100,1398353,-1
37104.337257131,4,2192,100,1398353,-1
37105.113447488,1,2193,100,1400168,-1
37105.775457837,1,2194,100,1399315,-1
37106.770769119,3,2193,100,1400168,-1
37107.50461276,1,2195,100,1402278,1
37108.07833005,1,2196,100,1399870,-1
37108.478051894,1,2197,100,1402983,-1
37109.114375476,5,2195,100,1402278,1
37110.785815502,3,2194,100,1399315,-1
37111.402010966,4,2196,100,1399870,-1
37112.323115231,1,2198,100,1401386,1
37113.569846496,1,2199,100,1397290,1
37114.103831762,5,2197,100,1402983,-1
37114.730842856,3,2199,100,1397290,1
37115.612160866,3,2198,100,1401386,1
37116.05872261,1,2200,100,1398707,1
37116.408498566,1,2201,100,1399941,1
37117.095469597,5,2201,100,1399941,1
37117.671065587,3,2200,100,1398707,1
37118.245492515,1,2202,100,1398253,-1
37119.079394167,5,2202,100,1398253,-1
37119.99245291,1,2203,100,1395481,-1
37120.403396957,3,2203,100,1395481,-1
37120.953028669,1,2204,100,1393435,-1
37121.82560476,5,2204,100,1393435,-1
37122.421793304,1,2205,100,1394538,-1
37123.014068497,1,2206,100,1391160,1
37123.922160379,3,2205,100,1394538,-1
37124.757765495,3,2206,100,1391160,1
37125.546895556,1,2207,100,1391590,1
37126.265445418,3,2207,100,1391590,1
37126.80827083,1,2208,100,1396372,-1
37127.325461016,3,2208,100,1396372,-1
37128.323601601,1,2209,100,1395144,-1
37128.934633789,5,2209,100,1395144,-1
37129.876373318,1,2210,100,1395417,-1
37130.528275859,4,2210,100,1395417,-1
37131.247208045,1,2211,100,1399345,-1
37132.974233038,1,2212,100,1396276,1
37133.537552191,4,2212,100,1396276,1
37133.934226346,1,2213,100,1392428,1
37134.493466623,3,2213,100,1392428,1
37134.934888816,3,2211,100,1399345,-1
37135.458886413,1,2214,100,1392579,1
37135.847117242,3,2214,100,1392579,1
37136.352168263,1,2215,100,1397489,-1
37136.717831414,1,2216,100,1399074,-1
37138.442380819,3,2215,100,1397489,-1
37138.867699145,3,2216,100,1399074,-1
37139.53175949,1,2217,100,1395968,-1
37140.510584622,1,2218,100,1398551,-1
37141.521292428,5,2217,100,1395968,-1
37141.911476426,3,2218,100,1398551,-1
37142.383457138,1,2219,100,1403902,-1
37142.870148873,1,2220,100,1399747,-1
37143.843569368,1,2221,100,1397048,-1
37144.380558324,4,2221,100,1397048,-1
37145.101216054,1,2222,100,1402697,-1
37146.705059538,3,2222,100,1402697,-1
37147.056645004,3,2220,100,1399747,-1
37147.636874155,1,2223,100,1399600,1
37148.137349425,3,2219,100,1403902,-1
37149.125751302,3,2223,100,1399600,1
37149.959068026,1,2224,100,1401154,-1
37151.657145173,5,2224,100,1401154,-1
37152.325358718,1,2225,100,1400391,1
37153.299030971,4,2225,100,1400391,1
37154.33753315,1,2226,100,1397931,1
37155.148828865,1,2227,100,1396501,-1
37156.389151739,4,2227,100,1396501,-1
37157.110881783,1,2228,100,1393338,1
37158.052583683,1,2229,100,1398240,-1
37158.516430903,4,2226,100,1397931,1
37159.434623579,1,2230,100,1394381,-1
37160.356118675,3,2230,100,1394381,-1
37160.878990206,1,2231,100,1398324,1
37161.352346835,1,2232,100,1400365,1
37162.019597529,4,2229,100,1398240,-1
37163.274575672,1,2233,100,1400193,1
37164.29570614,4,2232,100,1400365,1
37164.712956767,1,2234,100,1404490,-1
37165.674261701,3,2234,100,1404490,-1
37166.658113949,4,2233,100,1400193,1
37167.633121028,3,2231,100,1398324,1
37168.417527451,1,2235,100,1395610,-1
37169.293782753,5,2235,100,1395610,-1
37169.853864906,3,2228,100,1393338,1
37170.758326821,1,2236,100,1397812,-1
37171.598854399,1,2237,100,1394887,1
37172.150203419,4,2236,100,1397812,-1
37172.88826889,1,2238,100,1392965,1
37173.694705475,3,2237,100,1394887,1
37174.693828892,5,2238,100,1392965,1
37175.348583614,1,2239,100,1395663,-1
37176.073342705,5,2239,100,1395663,-1
37176.561816691,1,2240,100,1395843,-1
37177.404784908,1,2241,100,1395926,-1
37178.405065156,3,2240,100,1395843,-1
37179.292140325,1,2242,100,1392678,-1
37180.336693337,4,2242,100,1392678,-1
37181.33658082,3,2241,100,1395926,-1
37182.171991707,1,2243,100,1387417,1
37182.542986018,5,2243,100,1387417,1
37183.210618684,1,2244,100,1390963,-1
37183.627662179,1,2245,100,1393713,-1
37184.486461525,1,2246,100,1387412,1
37185.375149133,1,2247,100,1393369,-1
37185.956866577,3,2247,100,1393369,-1
37186.669100117,1,2248,100,1390067,1
37187.182973733,1,2249,100,1394069,1
37188.025169244,5,2246,100,1387412,1
37188.382228559,3,2249,100,1394069,1
37189.011298736,1,2250,100,1392140,1
37190.406723804,4,2244,100,1390963,-1
37190.912531535,4,2245,100,1393713,-1
37191.547136762,1,2251,100,1398484,-1
37192.45487299,1,2252,100,1397109,-1
37192.994271301,1,2253,100,1393822,-1
37193.97940178,3,2248,100,1390067,1
37194.623992509,5,2250,100,1392140,1
37195.332514186,1,2254,100,1396294,-1
37195.743041909,1,2255,100,1393106,1
37196.765272904,3,2253,100,1393822,-1
37197.516739292,4,2255,100,1393106,1
37198.351196734,3,2251,100,1398484,-1
37198.809651654,1,2256,100,1390541,1
37199.338814299,5,2256,100,1390541,1
37199.917149884,4,2252,100,1397109,-1
37200.694762679,1,2257,100,1393051,-1
37201.388292022,4,2257,100,1393051,-1
37202.288768513,1,2258,100,1390282,1
37203.277690763,3,2254,100,1396294,-1
37203.690401559,3,2258,100,1390282,1
37204.549110369,1,2259,100,1389519,1
37205.283524293,3,2259,100,1389519,1
37205.850759486,1,2260,100,1389295,1
37206.889464945,1,2261,100,1389421,1
37207.842428328,1,2262,100,1394396,-1
37209.388041181,1,2263,100,1392228,1
37210.046965524,4,2262,100,1394396,-1
37210.441104368,3,2260,100,1389295,1
37211.300124128,1,2264,100,1394490,-1
37212.189166745,1,2265,100,1389160,1
37212.911060109,4,2264,100,1394490,-1
37213.561304641,1,2266,100,1390951,1
37214.064789492,3,2261,100,1389421,1
37214.731947291,1,2267,100,1389171,1
37215.357205222,1,2268,100,1391753,-1
37215.961117473,1,2269,100,1388144,1
37216.707520955,1,2270,100,1392360,-1
37217.363282703,3,2263,100,1392228,1
37217.955097954,1,2271,100,1390636,1
37219.819676547,3,2265,100,1389160,1
37220.872405167,3,2269,100,1388144,1
37221.857605707,3,2270,100,1392360,-1
37222.399793421,3,2266,100,1390951,1
37223.091830644,1,2272,100,1395896,-1
37223.967424719,1,2273,100,1396944,1
37224.398151375,1,2274,200,1397546,-1
37225.097501835,1,2275,100,1394058,-1
37225.761813651,3,2271,100,1390636,1
37226.529844881,1,2276,100,1396549,1
37226.934560724,1,2277,100,1398783,1
37227.410539843,4,2274,100,1397546,-1
37228.248634866,1,2278,100,1397440,-1
37230.046579801,1,2279,100,1400855,-1
37230.852449259,1,2280,100,1398346,1
37231.450484186,1,2281,100,1398458,-1
37231.965390805,1,2282,100,1397981,1
37232.898968398,1,2283,100,1403355,-1
37233.791868833,1,2284,100,1403791,-1
37234.260579069,1,2285,100,1400804,1
37234.861240995,1,2286,100,1405520,-1
37236.414044356,3,2279,100,1400855,-1
37237.436915038,1,2287,100,1407766,-1
37238.16045658,1,2288,100,1402225,1
37238.751454536,1,2289,100,1402757,1
37239.330808826,4,2268,100,1391753,-1
37240.537330785,3,2288,100,1402225,1
37241.101183865,1,2290,100,1399558,1
37241.913816447,1,2291,100,1403514,1
37242.363818926,5,2285,100,1400804,1
37243.260820548,3,2277,100,1398783,1
37244.547518928,3,2284,100,1403791,-1
37245.151843304,5,2290,100,1399558,1
37246.025064617,1,2292,100,1398821,1
37246.718526363,1,2293,100,1402921,-1
37247.273613678,3,2281,100,1398458,-1
37248.122228837,5,2293,100,1402921,-1
37248.600383007,3,2286,100,1405520,-1
37249.453046791,4,2289,100,1402757,1
37249.853782556,5,2276,100,1396549,1
37250.594258964,4,2278,100,1397440,-1
37251.614352247,1,2294,100,1403662,-1
37252.440158579,3,2291,100,1403514,1
37253.479341642,3,2294,100,1403662,-1
37255.136885102,1,2295,100,1398327,1
37255.814176884,1,2296,100,1403461,-1
37256.272427802,3,2275,100,1394058,-1
37257.138570717,1,2297,100,1402249,-1
37257.550570742,1,2298,100,1395962,1
37258.533191376,3,2296,100,1403461,-1
37259.158654099,3,2287,100,1407766,-1
37260.036818267,4,2273,100,1396944,1
37260.901334162,3,2283,100,1403355,-1
37261.53338899,4,2282,100,1397981,1
37262.156171691,3,2295,100,1398327,1
37262.850840284,4,2272,100,1395896,-1
37263.603716684,1,2299,100,1397616,-1
37264.233713471,3,2274,100,1397546,-1
37265.254297512,1,2300,100,1397666,-1
37266.00424415,4,2298,100,1395962,1
37266.677825412,4,2280,100,1398346,1
37267.571781715,3,2267,100,1389171,1
37268.596103236,4,2292,100,1398821,1
37269.638791375,1,2301,100,1394930,1
37270.104499739,1,2302,100,1400718,-1
37270.466858434,1,2303,100,1397154,1
37271.41522226,1,2304,100,1400014,-1
37272.225203959,4,2303,100,1397154,1
37273.178537455,1,2305,100,1394550,-1
37274.108956205,3,2300,100,1397666,-1
37274.798479998,1,2306,100,1391280,1
37275.380391166,3,2304,100,1400014,-1
37275.964941709,1,2307,100,1394046,-1
37276.689359384,4,2301,100,1394930,1
37277.62720976,3,2306,100,1391280,1
37278.661843281,1,2308,100,1387326,1
37279.252878311,1,2309,100,1387986,-1
37279.801621747,1,2310,100,1394774,-1
37280.796913715,3,2297,100,1402249,-1
37281.566988232,1,2311,100,1383655,1
37282.292392424,1,2312,100,1387968,-1
37283.06648842,1,2313,100,1382749,1
37283.711038384,4,2308,100,1387326,1
37284.553368967,5,2305,100,1394550,-1
37285.058218952,5,2313,100,1382749,1
37285.845615788,1,2314,100,1380209,1
37286.622332129,1,2315,100,1381281,-1
37287.369006995,1,2316,100,1383862,-1
37288.152713342,3,2312,100,1387968,-1
37289.090754748,1,2317,100,1380848,1
37290.839648579,4,2315,100,1381281,-1
37291.763438556,3,2299,100,1397616,-1
37292.674946576,1,2318,100,1387160,-1
37293.704647245,1,2319,100,1382400,1
37294.718224089,1,2320,100,1391535,-1
37295.445546167,1,2321,100,1386627,1
37296.044380057,3,2316,100,1383862,-1
37296.907047173,1,2322,100,1390017,1
37297.31992406,3,2317,100,1380848,1
37297.917912791,3,2322,100,1390017,1
37298.950401139,1,2323,100,1390758,-1
37300.238019867,4,2309,100,1387986,-1
37301.224569088,5,2302,100,1400718,-1
37302.159971112,1,2324,100,1391600,1
37303.227439139,1,2325,100,1389256,1
37304.236554211,3,2318,100,1387160,-1
37304.801909387,1,2326,100,1387499,1
37305.799943713,5,2320,100,1391535,-1
37306.584656443,4,2323,100,1390758,-1
37307.396659731,3,2325,100,1389256,1
37307.842627165,1,2327,100,1390057,1
37308.669822297,1,2328,100,1396047,-1
37309.468197943,1,2329,100,1391111,-1
37310.050483437,5,2324,100,1391600,1
37310.707061973,1,2330,100,1390693,1
37311.737776378,1,2331,100,1388678,1
37312.590522722,1,2332,100,1391427,-1
37313.620934022,1,2333,100,1393554,-1
37314.311396878,3,2307,100,1394046,-1
37314.676577526,4,2327,100,1390057,1
37315.911801742,3,2333,100,1393554,-1
37316.430014993,4,2331,100,1388678,1
37317.392734284,3,2314,100,1380209,1
37318.337838636,5,2321,100,1386627,1
37319.152631355,1,2334,100,1386255,1
37321.552733536,3,2326,100,1387499,1
37322.048449005,1,2335,100,1382087,1
37322.522380468,3,2310,100,1394774,-1
37323.094705687,1,2336,100,1381268,1
37323.675321846,3,2319,100,1382400,1
37324.598050568,5,2336,100,1381268,1
37325.350158496,1,2337,100,1382761,1
37326.031351706,3,2337,100,1382761,1
37326.819559635,4,2330,100,1390693,1
37327.372089723,1,2338,100,1382177,1
37327.83784664,1,2339,100,1382352,1
37328.843526618,3,2332,100,1391427,-1
37329.606761558,3,2335,100,1382087,1
37330.766094522,1,2340,100,1381540,1
37331.363419414,3,2329,100,1391111,-1
37332.340017355,4,2334,100,1386255,1
37332.843034922,5,2328,100,1396047,-1
37333.730595499,1,2341,100,1390239,-1
37334.51582064,3,2341,100,1390239,-1
37335.324819083,1,2342,100,1391023,-1
37336.217052025,1,2343,100,1390999,-1
37336.883712458,1,2344,100,1384492,1
37337.400229632,3,2340,100,1381540,1
37338.339376302,3,2344,100,1384492,1
37339.225070543,1,2345,100,1384846,1
37340.126142871,1,2346,100,1388199,1
37340.633434668,5,2346,100,1388199,1
37341.547722814,5,2343,100,1390999,-1
37342.137155111,3,2311,100,1383655,1
37343.002223487,4,2342,100,1391023,-1
37343.622604274,5,2345,100,1384846,1
37344.107159721,3,2339,100,1382352,1
37344.737051221,3,2338,100,1382177,1
37345.259326053,1,2347,100,1393506,-1
37346.291646924,5,2347,100,1393506,-1
37346.95236917,1,2348,100,1392825,-1
37348.024516408,4,2348,100,1392825,-1
37348.872590703,1,2349,100,1390042,1
37349.832772429,1,2350,100,1395025,-1
37350.433350499,4,2349,100,1390042,1
37351.119770285,1,2351,100,1395081,-1
37351.561717087,1,2352,100,1392357,1
37352.000165134,1,2353,100,1388535,1
37352.853416185,4,2352,100,1392357,1
37353.308594876,3,2350,100,1395025,-1
37353.756871444,5,2351,100,1395081,-1
37354.271875967,1,2354,100,1399426,-1
37355.098547829,3,2353,100,1388535,1
37355.848528994,1,2355,100,1393980,1
37356.876709843,1,2356,100,1394607,1
37357.946103851,4,2356,100,1394607,1
37358.364022516,3,2355,100,1393980,1
37359.087145085,3,2354,100,1399426,-1
37360.135171701,1,2357,100,1393597,1
37361.188156543,4,2357,100,1393597,1
37361.841188486,1,2358,100,1394725,-1
37362.723452449,3,2358,100,1394725,-1
37363.697018945,1,2359,100,1395976,-1
37364.621323441,4,2359,100,1395976,-1
37365.16890334,1,2360,100,1394073,-1
37365.734407687,1,2361,100,1390616,1
37366.416456517,3,2360,100,1394073,-1
37367.459737875,3,2361,100,1390616,1
37368.163218067,1,2362,100,1397202,1
37369.596992805,1,2363,100,1397801,-1
37370.051921126,1,2364,100,1397923,1
37370.808623465,4,2364,100,1397923,1
37371.466579925,3,2363,100,1397801,-1
37372.065591536,1,2365,100,1395293,1
37372.654219273,5,2362,100,1397202,1
37373.487108366,1,2366,100,1401246,-1
37374.315904183,3,2365,100,1395293,1
37375.152116419,1,2367,100,1402680,1
37375.710770131,1,2368,100,1398674,-1
37376.343040347,1,2369,100,1403452,-1
37376.963246746,3,2368,100,1398674,-1
37377.584702764,1,2370,100,1403415,1
37378.321535318,1,2371,100,1407204,-1
37378.972307688,3,2370,100,1403415,1
37379.458207846,3,2367,100,1402680,1
37380.295507108,4,2369,100,1403452,-1
37382.120538375,1,2372,100,1405321,1
37383.737313396,1,2373,100,1410094,-1
37384.198204419,1,2374,100,1406621,-1
37384.97410006,5,2366,100,1401246,-1
37386.005996171,1,2375,100,1402831,1
37386.6189433,1,2376,100,1405373,-1
37387.13275992,3,2372,100,1405321,1
37387.590359404,1,2377,100,1406793,-1
37388.253385074,4,2376,100,1405373,-1
37389.072648881,5,2371,100,1407204,-1
37390.149983768,1,2378,100,1404598,1
37390.700025775,1,2379,100,1401307,-1
37391.251030419,4,2378,100,1404598,1
37391.817822101,1,2380,100,1401131,1
37393.062137885,1,2381,100,1406123,-1
37393.516482637,1,2382,100,1406187,-1
37394.459669059,1,2383,100,1402360,1
37394.960370844,3,2375,100,1402831,1
37395.920722878,1,2384,100,1402089,-1
37396.602575461,1,2385,100,1401699,-1
37397.558491816,1,2386,100,1398240,1
37398.214084762,1,2387,100,1403334,-1
37398.870172633,1,2388,100,1406045,-1
37399.408678752,3,2384,100,1402089,-1
37400.478102761,4,2380,100,1401131,1
37402.528359551,1,2389,100,1402385,-1
37403.419740918,4,2379,100,1401307,-1
37403.959758544,3,2381,100,1406123,-1
37405.948604619,3,2377,100,1406793,-1
37406.718079457,1,2390,100,1396970,1
37407.461239068,1,2391,100,1399572,-1
37408.291578312,4,2390,100,1396970,1
37409.323132277,1,2392,100,1393224,1
37410.255950354,3,2387,100,1403334,-1
37410.828113569,1,2393,100,1394869,1
37411.436469802,1,2394,100,1395896,1
37412.214174122,1,2395,100,1399094,-1
37413.041969399,1,2396,100,1398861,-1
37414.00611433,3,2393,100,1394869,1
37414.599486454,1,2397,100,1400928,-1
37414.987438124,1,2398,100,1400513,-1
37415.49311952,1,2399,100,1397976,1
37416.29104153,3,2395,100,1399094,-1
37417.112609982,3,2374,100,1406621,-1
37418.023454902,1,2400,100,1396146,1
37418.827955488,3,2398,100,1400513,-1
37419.766901368,5,2373,100,1410094,-1
37420.642956602,5,2396,100,1398861,-1
37421.124253502,1,2401,100,1392575,1
37421.502299047,4,2392,100,1393224,1
37422.039057144,4,2386,100,1398240,1
37423.042381422,3,2397,100,1400928,-1
37423.844959244,1,2402,100,1392035,1
37424.557636004,1,2403,100,1393474,1
37425.103908174,1,2404,100,1396179,-1
37425.617774041,1,2405,100,1394690,1
37426.118552722,5,2402,100,1392035,1
37426.568189052,3,2405,100,1394690,1
37427.16316876,3,2394,100,1395896,1
37427.886856534,1,2406,100,1397179,-1
37429.323355535,3,2401,100,1392575,1
37430.104724172,4,2399,100,1397976,1
37430.934847636,3,2406,100,1397179,-1
37432.008729021,1,2407,100,1398802,1
37432.394154345,3,2383,100,1402360,1
37433.477739767,1,2408,100,1398492,-1
37434.329353963,1,2409,100,1397820,-1
37435.114935092,3,2388,100,1406045,-1
37436.834871561,1,2410,100,1398289,-1
37437.492437179,1,2411,100,1393756,1
37437.915030141,4,2404,100,1396179,-1
37438.888019617,1,2412,100,1397465,1
37439.731706096,4,2400,100,1396146,1
37440.812501902,5,2385,100,1401699,-1
37441.469741539,4,2411,100,1393756,1
37442.319306434,3,2391,100,1399572,-1
37443.135884324,5,2403,100,1393474,1
37444.114827685,1,2413,100,1395096,1
37444.822582861,4,2413,100,1395096,1
37445.202180693,3,2412,100,1397465,1
37445.583385476,1,2414,100,1390397,1
37446.390102905,4,2407,100,1398802,1
37447.133293043,4,2408,100,1398492,-1
37447.935532656,5,2389,100,1402385,-1
37448.407537287,3,2409,100,1397820,-1
37449.169849851,1,2415,100,1396572,-1
37449.865265033,3,2414,100,1390397,1
37450.931427578,3,2415,100,1396572,-1
37452.016308769,1,2416,100,1393989,1
37452.485713891,5,2410,100,1398289,-1
37453.257671431,4,2416,100,1393989,1
37454.189696619,5,2382,100,1406187,-1
37455.037143631,1,2417,100,1398343,-1
37455.836625701,3,2417,100,1398343,-1
37456.581838654,1,2418,100,1399956,-1
37457.406617617,3,2418,100,1399956,-1
37458.275999812,1,2419,100,1396638,1
37458.933447282,4,2419,100,1396638,1
37460.005588039,1,2420,100,1399484,-1
37460.761412927,3,2420,100,1399484,-1
37461.412868656,1,2421,100,1397328,1
37462.291731885,1,2422,100,1398878,-1
37464.370278342,4,2421,100,1397328,1
37465.426842105,4,2422,100,1398878,-1
37466.088356848,1,2423,100,1397852,-1
37466.494553194,1,2424,100,1397149,-1
37467.465077437,3,2424,100,1397149,-1
37468.27566238,1,2425,100,1397275,1
37468.881598831,1,2426,100,1401664,1
37470.586103634,4,2426,100,1401664,1
37471.380130066,4,2423,100,1397852,-1
37472.344240647,1,2427,100,1399557,1
37472.784141547,4,2427,100,1399557,1
37473.276141678,1,2428,100,1405473,-1
37474.30407024,5,2425,100,1397275,1
37474.92039688,1,2429,100,1407501,-1
37475.703838177,3,2428,100,1405473,-1
37476.648034726,3,2429,100,1407501,-1
37477.433796258,1,2430,100,1400069,1
37478.134766438,3,2430,100,1400069,1
37478.914788689,1,2431,100,1403292,1
37479.781474096,1,2432,100,1408691,-1
37481.108476552,3,2431,100,1403292,1
37481.663214508,5,2432,100,1408691,-1
37482.48891324,1,2433,100,1402153,1
37482.853101931,3,2433,100,1402153,1
37483.268655571,1,2434,100,1406179,-1
37484.357353742,1,2435,100,1399821,1
37486.197021632,5,2435,100,1399821,1
37486.953126468,1,2436,100,1402759,1
37487.648362061,4,2434,100,1406179,-1
37488.052867778,3,2436,100,1402759,1
37489.098577794,1,2437,100,1405707,-1
37490.092326761,3,2437,100,1405707,-1
37490.828628392,1,2438,100,1401535,1
37491.822542146,3,2438,100,1401535,1
37492.538868388,1,2439,100,1402968,1
37493.499878478,1,2440,100,1402189,1
37494.518578101,1,2441,100,1407888,-1
37495.380736725,1,2442,100,1406818,-1
37495.878258723,3,2441,100,1407888,-1
37497.477200841,3,2439,100,1402968,1
37498.209128499,3,2440,100,1402189,1
37498.862331218,5,2442,100,1406818,-1
37499.429447048,1,2443,100,1410290,-1
37500.241390052,4,2443,100,1410290,-1
37500.696504571,1,2444,100,1411681,1
37501.647794055,1,2445,100,1414104,1
37502.658211741,5,2445,100,1414104,1
37503.321330259,3,2444,100,1411681,1
37503.727242385,1,2446,100,1414436,1
37504.640630705,4,2446,100,1414436,1
37505.533211292,1,2447,100,1419193,1
37506.870137818,1,2448,100,1419334,-1
37508.282210096,3,2448,100,1419334,-1
37509.303799012,3,2447,100,1419193,1
37509.674003003,1,2449,100,1416839,1
37510.38640773,1,2450,100,1416901,-1
37511.89884892,3,2450,100,1416901,-1
37512.880505675,1,2451,100,1415934,1
37513.895778,1,2452,100,1416776,1
37515.35912516,3,2451,100,1415934,1
37515.7278252,1,2453,100,1416749,1
37516.683383226,5,2452,100,1416776,1
37517.434654915,3,2453,100,1416749,1
37517.957020177,1,2454,100,1418286,1
37518.827240041,4,2449,100,1416839,1
37519.872417095,5,2454,100,1418286,1
37520.882994757,1,2455,100,1424291,-1
37521.513944764,1,2456,100,1421465,1
37522.252724656,1,2457,100,1422480,-1
37523.286260741,3,2457,100,1422480,-1
37523.659042418,1,2458,100,1423738,-1
37524.451854177,1,2459,100,1420709,1
37525.31394979,1,2460,100,1422018,-1
37526.873657853,3,2459,100,1420709,1
37527.636996411,3,2460,100,1422018,-1
37528.221341418,3,2455,100,1424291,-1
37528.999513484,1,2461,100,1427884,1
37529.686085008,1,2462,100,1428854,-1
37530.229524033,5,2461,100,1427884,1
37531.281803537,4,2458,100,1423738,-1
37532.318591192,1,2463,300,1425456,1
37533.062180832,4,2463,200,1425456,1
37534.073607127,1,2464,100,1427280,-1
37534.931088723,5,2462,100,1428854,-1
37535.408844005,3,2456,100,1421465,1
37536.382865969,1,2465,200,1423225,1
37537.348639636,4,2465,100,1423225,1
37539.056919138,1,2466,100,1419896,1
37539.986782478,1,2467,100,1422960,-1
37540.554796636,1,2468,100,1421035,1
37541.278034157,3,2463,100,1425456,1
37542.114340944,1,2469,100,1419782,1
37542.99829856,1,2470,100,1423297,1
37543.868585733,1,2471,100,1424734,-1
37544.459971628,3,2465,100,1423225,1
37545.378520687,3,2464,100,1427280,-1
37546.17961469,1,2472,100,1428892,-1
37546.941961861,1,2473,100,1419905,1
37547.499164449,3,2470,100,1423297,1
37548.839294932,4,2471,100,1424734,-1
37549.826226284,1,2474,100,1423277,1
37550.471927899,1,2475,100,1427247,-1
37551.005246442,1,2476,100,1427695,-1
37551.552536392,3,2467,100,1422960,-1
37553.266211457,3,2466,100,1419896,1
37553.835396735,3,2476,100,1427695,-1
37554.295578917,4,2475,100,1427247,-1
37554.990512422,3,2469,100,1419782,1
37555.879548312,3,2474,100,1423277,1
37556.27368221,5,2473,100,1419905,1
37557.950067294,5,2472,100,1428892,-1
37558.701416926,3,2468,100,1421035,1
37559.712292881,1,2477,100,1429237,1
37560.37695264,1,2478,100,1430789,1
37561.11934509,3,2477,100,1429237,1
37561.583929632,1,2479,100,1426778,-1
37562.362958007,1,2480,100,1430916,1
37563.230478555,4,2479,100,1426778,-1
37563.985584815,1,2481,100,1428977,1
37564.360010947,1,2482,100,1436147,-1
37565.259087263,3,2481,100,1428977,1
37566.282864929,3,2478,100,1430789,1
37566.863082801,3,2480,100,1430916,1
37567.712749714,4,2482,100,1436147,-1
37568.648520036,1,2483,100,1438438,-1
37569.268385084,1,2484,100,1439354,-1
37570.172111987,4,2484,100,1439354,-1
37571.075607071,3,2483,100,1438438,-1
37571.449605984,1,2485,100,1438061,-1
37573.733973999,1,2486,100,1439228,-1
37574.716202045,3,2486,100,1439228,-1
37575.117041021,1,2487,100,1440281,-1
37575.866670047,1,2488,100,1436155,1
37576.750790222,1,2489,100,1441417,-1
37577.330809239,3,2487,100,1440281,-1
37578.053277115,3,2488,100,1436155,1
37578.557565608,4,2485,100,1438061,-1
37579.264686875,1,2490,100,1434014,1
37580.529864256,1,2491,100,1438799,-1
37580.963209735,1,2492,100,1439434,-1
37581.792851809,1,2493,100,1439668,-1
37582.666853349,3,2489,100,1441417,-1
37583.654698857,1,2494,100,1439794,-1
37584.571158568,4,2491,100,1438799,-1
37584.942754763,5,2493,100,1439668,-1
37585.482141222,1,2495,100,1444192,-1
37586.044459938,1,2496,100,1440199,-1
37587.910891989,1,2497,100,1438100,1
37588.357891475,4,2494,100,1439794,-1
37589.460732949,4,2496,100,1440199,-1
37590.418640077,1,2498,100,1437785,-1
37590.965196083,1,2499,100,1435902,1
37591.368746653,3,2495,100,1444192,-1
37592.371243397,1,2500,100,1440251,-1
37593.251415906,3,2492,100,1439434,-1
37593.62560614,1,2501,100,1435729,1
37594.4657082,3,2497,100,1438100,1
37595.011220774,4,2498,100,1437785,-1
37595.557727041,3,2500,100,1440251,-1
37596.004245191,4,2501,100,1435729,1
37597.020679904,3,2490,100,1434014,1
37597.642314153,1,2502,100,1443005,-1
37598.652353286,3,2502,100,1443005,-1
37599.377076443,3,2499,100,1435902,1
37599.797843566,1,2503,100,1441725,-1
37600.851532857,3,2503,100,1441725,-1
37601.470428071,1,2504,100,1437850,1
37602.784017255,1,2505,100,1439246,1
37603.304523507,3,2504,100,1437850,1
37603.949011923,1,2506,100,1436567,-1
37604.67302577,1,2507,100,1437422,1
37605.373485901,1,2508,100,1435542,1
37606.420328136,1,2509,100,1435652,1
37607.487796747,4,2507,100,1437422,1
37608.421115884,4,2506,100,1436567,-1
37608.866044609,3,2509,100,1435652,1
37609.425939689,3,2508,100,1435542,1
37610.208799766,1,2510,100,1437033,1
37610.610557169,3,2510,100,1437033,1
37611.512367391,4,2505,100,1439246,1
37611.975199661,1,2511,100,1440423,-1
37612.609144418,1,2512,100,1443100,-1
37613.340168801,4,2511,100,1440423,-1
37614.173883293,3,2512,100,1443100,-1
37615.11183214,1,2513,100,1440410,-1
37615.567926088,1,2514,100,1438648,1
37617.488693047,4,2514,100,1438648,1
37618.285065322,1,2515,100,1439479,1
37619.039291376,3,2513,100,1440410,-1
37620.085134792,1,2516,100,1443254,-1
37620.465984856,1,2517,100,1440047,1
37621.30118664,1,2518,100,1443316,1
37622.368609653,3,2517,100,1440047,1
37622.941555782,1,2519,100,1438039,1
37623.615326367,4,2516,100,1443254,-1
37624.126325996,3,2515,100,1439479,1
37625.124282738,3,2518,100,1443316,1
37625.603092101,1,2520,100,1446438,-1
37626.354357388,1,2521,100,1442690,1
37627.094719924,1,2522,100,1443273,1
37628.065113371,1,2523,100,1447404,-1
37629.120996186,4,2522,100,1443273,1
37631.11816446,1,2524,100,1441860,-1
37632.6526826,1,2525,100,1441387,1
37633.523644143,1,2526,100,1438752,1
37634.408745378,1,2527,100,1446303,-1
37635.188832709,3,2520,100,1446438,-1
37636.044813593,3,2519,100,1438039,1
37636.456235476,1,2528,100,1443730,-1
37636.915662264,3,2525,100,1441387,1
37637.512328079,3,2528,100,1443730,-1
37638.573737416,4,2526,100,1438752,1
37638.989717791,4,2521,100,1442690,1
37639.568325257,3,2524,100,1441860,-1
37640.739094094,1,2529,100,1437997,1
37641.255447272,4,2523,100,1447404,-1
37642.278748006,1,2530,100,1439311,1
37643.065979333,1,2531,100,1434317,1
37643.581325819,3,2527,100,1446303,-1
37644.106523763,3,2530,100,1439311,1
37645.101107645,1,2532,100,1435960,1
37645.730000367,1,2533,100,1437142,1
37646.65667206,4,2533,100,1437142,1
37647.507436287,1,2534,100,1435730,1
37648.498637873,3,2529,100,1437997,1
37648.892251301,3,2534,100,1435730,1
37649.711859802,4,2531,100,1434317,1
37650.488047427,1,2535,100,1437664,-1
37651.106414237,4,2535,100,1437664,-1
37651.891397527,5,2532,100,1435960,1
37652.40370813,1,2536,100,1438952,1
37653.336896601,3,2536,100,1438952,1
37654.292193883,1,2537,100,1441447,-1
37654.768774639,5,2537,100,1441447,-1
37655.707231242,1,2538,100,1442627,-1
37658.01411121,1,2539,100,1440892,1
37658.763893602,3,2538,100,1442627,-1
37660.385553628,5,2539,100,1440892,1
37661.168104876,1,2540,100,1445992,1
37661.614410175,1,2541,100,1441607,1
37662.704691688,1,2542,100,1445605,-1
37663.60524821,1,2543,100,1445370,-1
37664.736950457,3,2541,100,1441607,1
37665.78779292,1,2544,100,1448077,-1
37666.342016036,4,2542,100,1445605,-1
37667.025402071,1,2545,100,1450325,-1
37667.847381242,1,2546,100,1449295,-1
37668.561013794,4,2540,100,1445992,1
37669.150334595,4,2544,100,1448077,-1
37669.738690598,3,2545,100,1450325,-1
37670.346162895,3,2546,100,1449295,-1
37671.16563414,1,2547,100,1442278,-1
37672.22765781,1,2548,100,1440015,-1
37673.29613284,3,2543,100,1445370,-1
37674.312413054,3,2547,100,1442278,-1
37674.836765344,1,2549,100,1441528,1
37675.783288212,4,2549,100,1441528,1
37676.576800757,1,2550,100,1440948,1
37677.331271127,5,2548,100,1440015,-1
37677.769007125,1,2551,100,1441159,1
37678.328789794,1,2552,100,1445132,1
37679.232324304,3,2550,100,1440948,1
37680.144945273,1,2553,100,1445887,-1
37681.058630142,1,2554,100,1440514,1
37682.097404611,1,2555,100,1439960,-1
37682.528834315,3,2554,100,1440514,1
37683.169307963,3,2555,100,1439960,-1
37683.85099638,1,2556,100,1435042,1
37684.540969085,3,2553,100,1445887,-1
37685.054764148,4,2552,100,1445132,1
37685.864122239,3,2556,100,1435042,1
37686.954812307,4,2551,100,1441159,1
37687.67955351,1,2557,100,1439957,1
37688.736577553,1,2558,100,1438988,-1
37689.281030818,3,2558,100,1438988,-1
37689.6569513,3,2557,100,1439957,1
37690.18348399,1,2559,100,1439571,1
37691.010571938,3,2559,100,1439571,1
37691.641766527,1,2560,100,1442677,-1
37692.613426017,1,2561,100,1438649,1
37694.010409575,4,2560,100,1442677,-1
37694.831666313,4,2561,100,1438649,1
37695.289419181,1,2562,100,1437284,1
37696.394005036,3,2562,100,1437284,1
37697.341509684,1,2563,100,1438655,1
37698.067725236,3,2563,100,1438655,1
37698.6989095,1,2564,100,1439075,1
37699.074565918,1,2565,100,1437944,1
37700.184718609,4,2565,100,1437944,1
37700.613734034,3,2564,100,1439075,1
37701.669365491,1,2566,100,1446524,-1
37702.985968505,1,2567,100,1446825,1
37703.975873213,1,2568,100,1450251,-1
37704.380195682,5,2566,100,1446524,-1
37704.84481053,3,2567,100,1446825,1
37705.762874754,4,2568,100,1450251,-1
37706.618275682,1,2569,100,1450937,-1
37707.692132167,5,2569,100,1450937,-1
37708.70229933,1,2570,100,1448636,-1
37709.232807733,1,2571,100,1445789,1
37709.809254506,1,2572,100,1451178,-1
37710.324834947,1,2573,100,1447996,-1
37710.833272105,5,2573,100,1447996,-1
37711.503978849,3,2570,100,1448636,-1
37712.14185703,1,2574,100,1447591,1
37712.866382863,1,2575,100,1449809,-1
37714.344585973,3,2571,100,1445789,1
37715.435071791,1,2576,100,1451264,-1
37715.924672536,5,2575,100,1449809,-1
37716.60674162,3,2572,100,1451178,-1
37717.305460258,4,2576,100,1451264,-1
37717.876798891,1,2577,100,1452499,1
37718.991599714,5,2574,100,1447591,1
37719.704940367,1,2578,100,1454100,1
37721.546547321,1,2579,100,1458765,-1
37722.180035517,3,2577,100,1452499,1
37722.643536034,1,2580,100,1454932,-1
37725.748124099,1,2581,100,1458789,-1
37726.529954811,3,2581,100,1458789,-1
37726.999661042,4,2580,100,1454932,-1
37727.474328044,3,2579,100,1458765,-1
37728.457272814,3,2578,100,1454100,1
37729.384783734,1,2582,100,1455234,1
37730.286112281,1,2583,100,1456349,1
37730.891386385,1,2584,100,1459700,-1
37731.552019147,4,2583,100,1456349,1
37732.605732547,1,2585,100,1461344,-1
37733.496116859,1,2586,100,1454933,1
37734.340473713,3,2584,100,1459700,-1
37735.404549807,1,2587,100,1458658,-1
37736.259182873,3,2587,100,1458658,-1
37737.176834706,4,2582,100,1455234,1
37737.555018835,1,2588,100,1451808,1
37738.082960763,4,2586,100,1454933,1
37738.685508097,1,2589,100,1456369,-1
37739.280747299,1,2590,100,1452809,-1
37739.706259888,4,2590,100,1452809,-1
37740.641783903,3,2585,100,1461344,-1
37741.264531837,3,2589,100,1456369,-1
37742.349125013,1,2591,100,1456389,-1
37743.070175535,4,2588,100,1451808,1
37743.93497972,4,2591,100,1456389,-1
37744.532851472,1,2592,100,1453993,-1
37745.179673852,1,2593,100,1450734,1
37746.502868303,5,2593,100,1450734,1
37746.972412967,3,2592,100,1453993,-1
37747.408582729,1,2594,100,1455546,1
37747.908219119,5,2594,100,1455546,1
37748.341395115,1,2595,100,1456795,1
37749.321154302,1,2596,100,1456568,1
37749.81986304,1,2597,100,1456454,-1
37750.287909909,1,2598,100,1457060,-1
37751.101161809,3,2595,100,1456795,1
37752.088879095,4,2598,100,1457060,-1
37752.8983006,4,2597,100,1456454,-1
37753.582097243,1,2599,100,1458065,1
37754.188171617,3,2599,100,1458065,1
37755.003425137,1,2600,100,1458837,1
37756.033937387,1,2601,100,1462322,1
37756.601702248,3,2601,100,1462322,1
37757.216937333,3,2596,100,1456568,1
37758.12717124,1,2602,100,1464120,-1
37758.551347727,3,2600,100,1458837,1
37759.291474746,3,2602,100,1464120,-1
37760.346168906,1,2603,100,1464673,-1
37761.276989722,3,2603,100,1464673,-1
37762.172174655,1,2604,100,1466735,-1
37762.889113645,5,2604,100,1466735,-1
37763.408784092,1,2605,100,1464006,1
37763.95323757,1,2606,100,1465532,-1
37764.944784932,1,2607,100,1464811,1
37765.337518383,1,2608,100,1467591,-1
37766.222184442,5,2608,100,1467591,-1
37766.83229475,1,2609,100,1469045,-1
37767.482255823,3,2605,100,1464006,1
37768.561352496,1,2610,100,1470048,-1
37769.198345264,3,2609,100,1469045,-1
37769.722368271,4,2606,100,1465532,-1
37770.197363803,5,2607,100,1464811,1
37770.918385728,4,2610,100,1470048,-1
37771.584534826,1,2611,100,1467211,-1
37772.266751628,1,2612,100,1464397,1
37772.842056126,1,2613,100,1468697,-1
37773.493020794,3,2612,100,1464397,1
37774.558424991,1,2614,100,1463997,1
37775.009321204,4,2613,100,1468697,-1
37775.411190534,5,2611,100,1467211,-1
37775.843186731,3,2614,100,1463997,1
37776.942250477,1,2615,100,1467814,-1
37778.008491937,1,2616,100,1469010,-1
37778.835142879,3,2615,100,1467814,-1
37780.257755021,1,2617,100,1465234,1
37781.227945789,3,2616,100,1469010,-1
37781.687930727,1,2618,100,1467080,-1
37782.163618003,1,2619,100,1471555,-1
37782.760232022,5,2617,100,1465234,1
37783.232698685,1,2620,100,1467160,1
37785.26230903,1,2621,100,1465383,-1
37786.34292593,4,2618,100,1467080,-1
37787.321580246,4,2620,100,1467160,1
37788.273418899,3,2619,100,1471555,-1
37789.131885012,3,2621,100,1465383,-1
37789.959406611,1,2622,100,1469724,1
37790.623145358,4,2622,100,1469724,1
37791.393437116,1,2623,100,1469704,-1
37792.426163898,3,2623,100,1469704,-1
37792.83182705,1,2624,100,1464995,1
37793.252055618,4,2624,100,1464995,1
37794.349894782,1,2625,100,1468369,-1
37796.028232809,1,2626,100,1469029,1
37796.518141219,1,2627,100,1473690,-1
37796.93563148,3,2627,100,1473690,-1
37798.048649981,1,2628,100,1471605,-1
37800.927624365,3,2628,100,1471605,-1
37802.276896281,3,2626,100,1469029,1
37802.7984365,1,2629,100,1468674,1
37803.691189146,3,2625,100,1468369,-1
37806.255589793,1,2630,100,1469702,1
37806.66566445,1,2631,100,1472846,-1
37807.043101714,3,2630,100,1469702,1
37807.73003817,4,2629,100,1468674,1
37808.196649894,3,2631,100,1472846,-1
37808.732595875,1,2632,100,1465321,1
37809.242430225,1,2633,100,1471148,-1
37810.36693689,1,2634,100,1466089,1
37810.945826135,1,2635,100,1472373,-1
37811.369571585,1,2636,100,1465506,1
37812.233773726,4,2634,100,1466089,1
37812.728794855,3,2636,100,1465506,1
37813.583672001,1,2637,100,1469603,-1
37814.018321891,1,2638,100,1464470,1
37815.103715487,1,2639,100,1470647,-1
37815.672783324,3,2633,100,1471148,-1
37817.372905336,4,2637,100,1469603,-1
37818.367588273,1,2640,100,1468911,-1
37818.814875913,4,2640,100,1468911,-1
37819.638144054,3,2638,100,1464470,1
37820.165458194,1,2641,100,1474579,-1
37822.528519894,1,2642,100,1476570,-1
37823.271607064,4,2641,100,1474579,-1
37824.220205685,1,2643,100,1473216,1
37825.122603601,1,2644,100,1478838,-1
37825.709037258,1,2645,100,1474463,1
37827.232114063,1,2646,100,1481315,-1
37827.941345021,1,2647,100,1482330,-1
37828.990547688,1,2648,100,1476004,1
37829.731674673,3,2643,100,1473216,1
37830.252088574,1,2649,100,1475075,1
37830.94230824,1,2650,100,1480556,-1
37831.395409334,4,2644,100,1478838,-1
37832.173249324,1,2651,100,1480093,-1
37832.872850498,3,2648,100,1476004,1
37833.461728883,4,2642,100,1476570,-1
37834.225999624,1,2652,100,1476781,1
37835.215479767,1,2653,200,1480451,-1
37835.952751391,1,2654,100,1479008,-1
37837.384443545,3,2649,100,1475075,1
37837.876292301,1,2655,100,1477941,-1
37838.75396085,1,2656,100,1474845,1
37839.727966334,1,2657,100,1474781,1
37840.331500268,1,2658,100,1474226,1
37841.439648212,4,2645,100,1474463,1
37842.568781412,1,2659,100,1470987,-1
37843.291410274,3,2639,100,1470647,-1
37843.807148655,1,2660,100,1470320,1
37844.40795586,1,2661,100,1476982,-1
37845.397532473,3,2653,200,1480451,-1
37845.869187584,3,2647,100,1482330,-1
37846.524913045,1,2662,100,1466891,1
37847.147097135,1,2663,100,1468198,1
37847.830753476,1,2664,100,1470756,1
37848.355954519,3,2651,100,1480093,-1
37849.649376609,1,2665,100,1472034,1
37850.066078142,1,2666,100,1474909,1
37850.623279806,4,2666,100,1474909,1
37851.583737475,3,2664,100,1470756,1
37852.564155711,3,2660,100,1470320,1
37853.234546929,1,2667,100,1474905,-1
37854.12161704,1,2668,100,1469691,1
37855.160451695,3,2662,100,1466891,1
37855.586148995,1,2669,100,1472823,-1
37856.014548069,5,2655,100,1477941,-1
37856.433135338,1,2670,100,1472571,1
37857.196430474,4,2670,100,1472571,1
37858.894435381,1,2671,100,1473578,-1
37859.704546162,3,2661,100,1476982,-1
37860.276753379,1,2672,100,1475312,-1
37860.748684768,3,2656,100,1474845,1
37861.518540923,1,2673,100,1474385,-1
37862.423468026,3,2673,100,1474385,-1
37863.004431474,3,2632,100,1465321,1
37864.040154461,4,2652,100,1476781,1
37864.798657147,1,2674,100,1474138,-1
37865.485310616,3,2635,100,1472373,-1
37866.068378222,4,2657,100,1474781,1
37866.669744064,5,2654,100,1479008,-1
37867.273408329,1,2675,100,1471666,1
37868.358903222,1,2676,100,1466587,1
37869.331925895,3,2665,100,1472034,1
37870.467481815,4,2674,100,1474138,-1
37870.944791501,1,2677,100,1471058,1
37871.944566023,3,2659,100,1470987,-1
37872.702229343,3,2677,100,1471058,1
37873.227339144,1,2678,100,1474361,1
37874.23403748,1,2679,100,1474394,-1
37874.95208307,3,2668,100,1469691,1
37875.452362263,1,2680,100,1468966,1
37876.452817046,1,2681,100,1466749,1
37878.527944579,3,2646,100,1481315,-1
37879.305409953,3,2669,100,1472823,-1
37880.01326005,1,2682,100,1466228,1
37880.584261213,5,2675,100,1471666,1
37881.157824147,5,2672,100,1475312,-1
37882.009083635,1,2683,100,1474273,-1
37883.0440582,1,2684,100,1472208,-1
37883.826543126,3,2680,100,1468966,1
37884.456500879,1,2685,100,1467720,1
37885.497564745,1,2686,100,1468534,1
37886.37097684,1,2687,100,1468486,1
37887.028226286,3,2685,100,1467720,1
37887.890776931,3,2663,100,1468198,1
37888.782343974,1,2688,100,1474587,1
37889.519302668,1,2689,100,1472985,-1
37890.582909525,5,2686,100,1468534,1
37891.442482494,1,2690,100,1474459,-1
37892.564348393,4,2688,100,1474587,1
37894.424838131,3,2658,100,1474226,1
37894.909124074,1,2691,100,1476407,1
37895.949094648,4,2690,100,1474459,-1
37896.827091785,3,2687,100,1468486,1
37897.340474871,1,2692,100,1473303,1
37897.757190157,3,2681,100,1466749,1
37898.732010802,3,2682,100,1466228,1
37899.2848836,1,2693,100,1471992,1
37900.383909513,3,2691,100,1476407,1
37900.983234098,1,2694,100,1477018,-1
37902.055448146,4,2684,100,1472208,-1
37902.733943341,5,2692,100,1473303,1
37903.15579612,1,2695,200,1477490,-1
37903.942759916,3,2676,100,1466587,1
37904.750417376,3,2678,100,1474361,1
37905.732447121,4,2693,100,1471992,1
37906.7703731,1,2696,100,1472838,-1
37907.40225805,3,2671,100,1473578,-1
37908.375940273,3,2683,100,1474273,-1
37909.011458528,4,2696,100,1472838,-1
37909.941806631,1,2697,100,1475943,1
37910.504197417,1,2698,100,1471656,1
37911.299093908,1,2699,100,1476196,-1
37911.774338517,5,2697,100,1475943,1
37912.763741051,1,2700,100,1474302,1
37913.288849417,3,2694,100,1477018,-1
37915.068242856,1,2701,100,1467647,1
37915.950266402,1,2702,100,1468800,1
37916.650314914,1,2703,100,1470472,1
37917.786641222,5,2679,100,1474394,-1
37918.466067221,1,2704,100,1470703,-1
37919.171889809,1,2705,100,1471070,-1
37919.649465026,4,2700,100,1474302,1
37921.052134944,1,2706,100,1465506,-1
37921.791770639,1,2707,100,1469847,1
37922.541141966,5,2702,100,1468800,1
37923.987165061,1,2708,100,1471807,-1
37924.684782317,3,2699,100,1476196,-1
37925.529152881,3,2706,100,1465506,-1
37927.354593705,1,2709,100,1462905,1
37927.886465878,1,2710,100,1461727,1
37929.716116929,1,2711,100,1460166,1
37930.327232661,3,2695,200,1477490,-1
37930.884475202,1,2712,100,1458976,1
37931.274067795,4,2709,100,1462905,1
37931.675039725,3,2667,100,1474905,-1
37932.735819767,1,2713,100,1461481,-1
37933.382329774,3,2712,100,1458976,1
37934.198489206,3,2708,100,1471807,-1
37934.955711656,1,2714,100,1462862,-1
37935.354516839,4,2703,100,1470472,1
37936.250164371,3,2701,100,1467647,1
37936.71264418,1,2715,100,1462532,-1
37937.769461799,3,2713,100,1461481,-1
37938.821183603,3,2715,100,1462532,-1
37939.370572223,3,2705,100,1471070,-1
37940.037096698,1,2716,100,1460121,1
37940.873944953,3,2711,100,1460166,1
37942.258825953,4,2710,100,1461727,1
37943.307978564,4,2698,100,1471656,1
37944.355487237,1,2717,100,1460689,-1
37944.967893493,5,2707,100,1469847,1
37946.022215657,1,2718,100,1462506,1
37946.929270102,1,2719,100,1461363,-1
37948.03250505,1,2720,100,1453866,1
37949.033317756,1,2721,100,1456159,1
37949.695035969,1,2722,100,1453923,1
37950.362617691,1,2723,100,1451686,1
37951.022767816,1,2724,100,1459821,-1
37951.988740391,1,2725,100,1451414,1
37952.857945876,3,2724,100,1459821,-1
37953.969159963,4,2718,100,1462506,1
37955.334899061,1,2726,100,1449779,-1
37956.889831018,1,2727,100,1447239,1
37957.551651282,3,2716,100,1460121,1
37958.02107292,5,2650,100,1480556,-1
37958.957682998,3,2727,100,1447239,1
37959.449752862,1,2728,100,1449329,-1
37960.380846741,1,2729,100,1443486,1
37960.858560974,5,2729,100,1443486,1
37961.40999072,3,2726,100,1449779,-1
37963.395068067,5,2728,100,1449329,-1
37964.517668961,4,2721,100,1456159,1
37965.380579377,1,2730,100,1449580,-1
37966.152629409,3,2717,100,1460689,-1
37967.01423377,3,2689,100,1472985,-1
37967.510034797,5,2722,100,1453923,1
37968.468569996,3,2723,100,1451686,1
37969.107009703,1,2731,100,1452078,1
37970.193318665,5,2725,100,1451414,1
37971.211262474,1,2732,100,1449401,1
37971.764241312,3,2704,100,1470703,-1
37972.219433479,1,2733,100,1449231,1
37972.934163274,3,2733,100,1449231,1
37973.743132533,3,2732,100,1449401,1
37974.375428738,1,2734,100,1451856,-1
37975.075352807,1,2735,100,1448972,-1
37975.952319793,1,2736,100,1449200,-1
37976.376431523,3,2720,100,1453866,1
37976.974087542,1,2737,100,1444909,1
37977.501212005,3,2735,100,1448972,-1
37978.44074674,4,2737,100,1444909,1
37978.827847888,1,2738,100,1446305,1
37979.879015013,3,2736,100,1449200,-1
37980.347465771,1,2739,100,1450372,-1
37981.346445099,1,2740,100,1450732,1
37982.327967007,3,2739,100,1450372,-1
37983.212623251,1,2741,100,1451252,1
37983.948442266,3,2734,100,1451856,-1
37984.510440775,1,2742,100,1455155,-1
37985.58783491,1,2743,100,1455424,-1
37986.168294558,1,2744,100,1455021,1
37986.980228181,3,2731,100,1452078,1
37987.832820472,1,2745,100,1454155,-1
37988.983149892,3,2743,100,1455424,-1
37989.89898199,1,2746,100,1455249,1
37990.536953395,3,2740,100,1450732,1
37991.311366691,5,2719,100,1461363,-1
37991.754779499,5,2746,100,1455249,1
37992.744208258,4,2745,100,1454155,-1
37993.251832644,3,2741,100,1451252,1
37994.11404667,1,2747,100,1452044,1
37995.145755647,1,2748,100,1453319,1
37995.821373313,1,2749,100,1456312,-1
37996.642902376,3,2730,100,1449580,-1
37997.235967546,4,2748,100,1453319,1
37997.643099111,1,2750,100,1451299,1
37998.613291765,1,2751,100,1449064,-1
38000.357084553,1,2752,100,1449113,-1
38000.903096553,1,2753,100,1451739,-1
38001.613424748,1,2754,100,1444654,1
38002.575346889,1,2755,100,1443815,1
38002.986246965,5,2742,100,1455155,-1
38003.621040912,1,2756,100,1443329,-1
38004.526579757,1,2757,100,1444760,1
38005.29964163,1,2758,100,1444696,1
38006.233065193,1,2759,100,1440826,1
38007.346454004,4,2738,100,1446305,1
38008.249840277,3,2758,100,1444696,1
38009.323893291,3,2755,100,1443815,1
38010.915367149,1,2760,100,1448427,-1
38011.407897935,1,2761,100,1444100,1
38012.049217212,4,2744,100,1455021,1
38013.09784946,5,2759,100,1440826,1
38014.183852146,1,2762,100,1448853,-1
38015.027669433,1,2763,100,1447871,-1
38015.594585094,3,2761,100,1444100,1
38016.116969269,3,2763,100,1447871,-1
38017.110702085,3,2749,100,1456312,-1
38018.054377545,3,2754,100,1444654,1
38019.040940037,1,2764,100,1440807,1
38019.978552791,1,2765,100,1448184,-1
38020.778261805,1,2766,100,1441660,1
38021.490094099,1,2767,100,1443811,1
38022.006741014,5,2757,100,1444760,1
38022.712588378,1,2768,100,1443352,-1
38023.498899493,4,2756,100,1443329,-1
38024.468978872,3,2714,100,1462862,-1
38025.562075408,1,2769,100,1446291,-1
38026.376929372,1,2770,100,1447948,-1
38027.069246683,3,2764,100,1440807,1
38027.609591625,3,2752,100,1449113,-1
38028.328303303,3,2768,100,1443352,-1
38029.235750638,1,2771,100,1446502,-1
38030.052982579,3,2769,100,1446291,-1
38030.567646377,1,2772,100,1443585,-1
38031.640250854,1,2773,100,1444382,-1
38032.561660301,5,2762,100,1448853,-1
38033.593406837,3,2766,100,1441660,1
38034.564409883,4,2772,100,1443585,-1
38036.467808831,3,2750,100,1451299,1
38037.571703708,3,2760,100,1448427,-1
38038.569080299,4,2747,100,1452044,1
38039.586132693,1,2774,100,1439018,1
38040.131239713,1,2775,100,1443060,-1
38041.214333422,3,2773,100,1444382,-1
38041.918026661,3,2767,100,1443811,1
38042.865263702,3,2771,100,1446502,-1
38043.349803926,1,2776,100,1436779,1
38043.749311771,4,2774,100,1439018,1
38044.586948201,1,2777,100,1437883,1
38045.687932886,3,2765,100,1448184,-1
38046.250773524,3,2770,100,1447948,-1
38047.375657501,1,2778,100,1432379,1
38048.018489542,3,2777,100,1437883,1
38048.61396927,1,2779,100,1432590,-1
38049.565120764,3,2776,100,1436779,1
38052.582223163,1,2780,100,1428179,1
38053.338799817,4,2778,100,1432379,1
38054.0921047,1,2781,100,1431498,-1
38055.106840182,1,2782,100,1430838,1
38056.266394036,1,2783,100,1432493,-1
38057.273862053,4,2782,100,1430838,1
38059.299796971,3,2751,100,1449064,-1
38059.766630387,4,2781,100,1431498,-1
38060.185017437,3,2775,100,1443060,-1
38061.183270553,1,2784,100,1430804,-1
38061.617319758,1,2785,100,1429964,-1
38062.685202954,4,2780,100,1428179,1
38064.369508309,3,2784,100,1430804,-1
38065.225881467,5,2783,100,1432493,-1
38066.086419543,5,2753,100,1451739,-1
38066.876794391,1,2786,100,1434841,-1
38068.045850793,3,2779,100,1432590,-1
38068.588161374,3,2786,100,1434841,-1
38069.320877685,3,2785,100,1429964,-1
38070.229703251,1,2787,100,1432976,1
38070.963856445,3,2787,100,1432976,1
38071.676399731,1,2788,100,1436838,-1
38072.530710839,4,2788,100,1436838,-1
38073.372856706,1,2789,100,1429578,1
38074.460780814,3,2789,100,1429578,1
38075.252164667,1,2790,100,1433041,-1
38075.762966966,1,2791,100,1433980,-1
38076.533896428,3,2791,100,1433980,-1
38077.457897211,1,2792,100,1430739,1
38078.76632731,3,2790,100,1433041,-1
38079.395014691,1,2793,100,1433851,1
38080.251378557,1,2794,100,1428949,1
38080.657338412,3,2794,100,1428949,1
38081.789708367,4,2792,100,1430739,1
38082.477036399,1,2795,100,1428468,1
38083.178806644,1,2796,100,1433876,-1
38084.301112893,4,2793,100,1433851,1
38085.02466052,1,2797,100,1428920,1
38085.490206496,3,2795,100,1428468,1
38086.55035644,5,2797,100,1428920,1
38087.009834986,1,2798,100,1431383,-1
38087.747380503,1,2799,100,1432035,-1
38088.261566115,5,2796,100,1433876,-1
38089.296773209,5,2798,100,1431383,-1
38090.160816111,4,2799,100,1432035,-1
38091.037278054,1,2800,100,1429664,-1
38092.013581271,3,2800,100,1429664,-1
38093.014616449,1,2801,100,1428804,-1
38094.848854155,1,2802,100,1424730,1
38095.582288376,1,2803,100,1426420,1
38096.734970749,4,2801,100,1428804,-1
38098.532159273,1,2804,100,1429903,-1
38099.267093984,4,2804,100,1429903,-1
38099.673896164,1,2805,100,1429243,-1
38100.592959676,3,2803,100,1426420,1
38101.000740996,3,2805,100,1429243,-1
38103.482550377,5,2802,100,1424730,1
38104.359050571,1,2806,100,1425142,1
38105.600659935,3,2806,100,1425142,1
38106.015697321,1,2807,100,1425205,1
38107.132943029,1,2808,100,1425929,1
38107.551882524,3,2807,100,1425205,1
38108.612158366,3,2808,100,1425929,1
38109.764138702,1,2809,100,1427037,1
38110.767128906,1,2810,100,1431349,-1
38112.453924213,3,2810,100,1431349,-1
38113.392959702,4,2809,100,1427037,1
38114.543113231,1,2811,100,1429216,-1
38115.237973228,1,2812,100,1431545,-1
38116.051600989,1,2813,100,1426030,1
38116.735512519,4,2811,100,1429216,-1
38117.723849118,5,2813,100,1426030,1
38118.294879859,4,2812,100,1431545,-1
38119.24919571,1,2814,100,1432778,-1
38120.501186382,4,2814,100,1432778,-1
38121.263818213,1,2815,100,1434318,-1
38122.169720429,1,2816,100,1432919,1
38123.797080579,4,2815,100,1434318,-1
38125.327627932,3,2816,100,1432919,1
38125.860469409,1,2817,100,1432280,1
38126.837625568,5,2817,100,1432280,1
38127.451566984,1,2818,100,1431274,1
38128.078535154,3,2818,100,1431274,1
38128.778889793,1,2819,100,1435346,-1
38130.199508383,1,2820,100,1428590,1
38130.63956109,4,2820,100,1428590,1
38131.678786196,4,2819,100,1435346,-1
38132.387302765,1,2821,100,1427711,1
38134.932269576,1,2822,100,1426916,1
38135.640352093,5,2821,100,1427711,1
38136.324111726,1,2823,100,1424846,1
38136.74652827,1,2824,100,1427895,1
38138.250557896,1,2825,100,1431119,1
38139.181065789,1,2826,100,1429955,1
38139.749336473,1,2827,100,1430845,1
38140.361951841,3,2827,100,1430845,1
38141.452331838,3,2824,100,1427895,1
38142.060489656,1,2828,100,1434588,-1
38142.670925716,3,2825,100,1431119,1
38143.240105568,3,2823,100,1424846,1
38143.747428965,4,2822,100,1426916,1
38144.906855588,4,2828,100,1434588,-1
38145.903287477,5,2826,100,1429955,1
38146.380879927,1,2829,100,1436369,-1
38147.90749656,1,2830,100,1440543,-1
38148.812529626,1,2831,100,1433341,-1
38149.715123453,1,2832,100,1436710,-1
38150.639036078,5,2832,100,1436710,-1
38151.288959024,4,2831,100,1433341,-1
38152.203929289,3,2829,100,1436369,-1
38153.101481626,3,2830,100,1440543,-1
38153.524319934,1,2833,100,1431057,1
38154.685975502,1,2834,100,1429792,-1
38155.213960894,1,2835,100,1426053,1
38156.161570191,5,2834,100,1429792,-1
38156.953122378,1,2836,100,1427113,1
38157.357304493,5,2835,100,1426053,1
38158.35723889,1,2837,100,1428773,1
38158.922721233,3,2837,100,1428773,1
38159.603035927,3,2833,100,1431057,1
38160.688499082,3,2836,100,1427113,1
38161.459586322,1,2838,100,1430079,1
38162.361605355,1,2839,100,1428304,1
38163.358341555,4,2838,100,1430079,1
38163.951707965,4,2839,100,1428304,1
38164.525769747,1,2840,100,1433115,-1
38165.566485508,5,2840,100,1433115,-1
38166.409539541,1,2841,100,1429260,-1
38167.271217396,3,2841,100,1429260,-1
38168.037491866,1,2842,100,1429143,1
38169.199531766,4,2842,100,1429143,1
38170.029429045,1,2843,100,1427332,1
38171.134653757,5,2843,100,1427332,1
38172.16821389,1,2844,100,1428362,-1
38172.712900597,5,2844,100,1428362,-1
38173.533553487,1,2845,100,1430462,-1
38174.578226367,3,2845,100,1430462,-1
38175.710083734,1,2846,100,1426148,1
38176.233455396,1,2847,100,1432689,-1
38177.311647683,4,2846,100,1426148,1
38177.966664628,5,2847,100,1432689,-1
38178.469746481,1,2848,100,1425994,1
38179.083637787,4,2848,100,1425994,1
38179.673811429,1,2849,100,1429178,1
38180.289618456,1,2850,100,1429800,-1
38181.307754359,1,2851,100,1432645,-1
38182.022974271,1,2852,100,1433636,-1
38182.972609512,1,2853,100,1426719,1
38183.887145943,3,2850,100,1429800,-1
38184.513802532,4,2851,100,1432645,-1
38185.404788458,4,2852,100,1433636,-1
38186.201965204,3,2853,100,1426719,1
38187.338859306,3,2849,100,1429178,1
38188.037170451,1,2854,100,1435475,1
38189.045676135,1,2855,100,1435772,-1
38189.90782641,1,2856,100,1438232,-1
38191.026828854,3,2856,100,1438232,-1
38191.736967182,3,2854,100,1435475,1
38192.451028927,1,2857,100,1436698,-1
38193.384634839,3,2855,100,1435772,-1
38194.439674589,1,2858,100,1431283,-1
38195.203892549,4,2858,100,1431283,-1
38196.018297115,3,2857,100,1436698,-1
38196.834183351,1,2859,100,1431360,1
38198.009202479,1,2860,100,1432307,1
38199.143783402,1,2861,100,1436497,-1
38199.995110596,3,2859,100,1431360,1
38201.637415857,1,2862,100,1433943,1
38202.047397525,4,2862,100,1433943,1
38202.712792065,1,2863,400,1435432,-1
38203.573264343,2,2863,100,1435432,-1
38204.730922703,3,2860,100,1432307,1
38205.881692663,4,2861,100,1436497,-1
38206.769099913,4,2863,100,1435432,-1
38207.188615936,2,2863,100,1435432,-1
38207.864477293,1,2864,100,1427383,1
38208.551097361,1,2865,100,1427347,1
38209.051457283,1,2866,100,1428063,1
38210.2078592,1,2867,100,1434465,-1
38211.039667509,1,2868,100,1427625,1
38211.978786015,3,2868,100,1427625,1
38213.043006453,1,2869,100,1433830,-1
38213.623433157,1,2870,100,1436046,-1
38214.920360984,3,2866,100,1428063,1
38215.795123291,4,2869,100,1433830,-1
38217.049567234,4,2867,100,1434465,-1
38218.121278501,1,2871,100,1435628,1
38219.635441022,3,2864,100,1427383,1
38220.097798475,3,2871,100,1435628,1
38220.54880249,4,2870,100,1436046,-1
38221.406780323,1,2872,100,1441190,1
38222.301602375,3,2865,100,1427347,1
38222.778419124,1,2873,100,1442855,1
38223.483137578,3,2863,100,1435432,-1
38224.209899615,3,2873,100,1442855,1
38225.366126113,1,2874,100,1447663,1
38226.052593841,1,2875,100,1449606,-1
38226.602820564,3,2872,100,1441190,1
38228.049377645,1,2876,100,1450210,-1
38228.611300195,3,2875,100,1449606,-1
38229.353060053,1,2877,100,1446522,1
38229.782867128,3,2876,100,1450210,-1
38230.568098083,3,2877,100,1446522,1
38231.564937596,5,2874,100,1447663,1
38232.581806698,1,2878,100,1451968,-1
38233.376021382,1,2879,100,1451357,-1
38234.480575179,1,2880,100,1447901,1
38235.580852206,1,2881,100,1450923,-1
38236.538702115,4,2878,100,1451968,-1
38237.146983771,4,2879,100,1451357,-1
38238.316645762,1,2882,100,1454241,-1
38238.955618883,1,2883,100,1454219,1
38240.496014438,1,2884,100,1446685,1
38240.947924089,5,2882,100,1454241,-1
38241.450454418,1,2885,100,1448929,-1
38242.077116761,3,2884,100,1446685,1
38242.825974922,1,2886,100,1443990,1
38243.341294351,3,2886,100,1443990,1
38244.467140788,1,2887,100,1450213,-1
38245.359213529,3,2881,100,1450923,-1
38246.415550639,1,2888,100,1446302,1
38247.535653254,1,2889,100,1447788,1
38248.256020329,3,2888,100,1446302,1
38249.332677805,1,2890,100,1445986,1
38250.508180481,4,2883,100,1454219,1
38251.683019047,3,2890,100,1445986,1
38252.530765335,1,2891,100,1447816,1
38253.441562307,4,2885,100,1448929,-1
38254.458593331,1,2892,100,1452230,-1
38255.607741465,5,2891,100,1447816,1
38256.206705055,3,2889,100,1447788,1
38257.221031954,1,2893,100,1453986,-1
38258.354352896,1,2894,100,1450416,1
38259.817661086,1,2895,100,1450484,1
38260.703298154,3,2893,100,1453986,-1
38261.141165369,3,2895,100,1450484,1
38261.799831367,1,2896,100,1454519,-1
38262.251524048,1,2897,100,1448828,1
38262.867507171,1,2898,100,1455739,-1
38263.463784233,5,2880,100,1447901,1
38264.630109418,4,2887,100,1450213,-1
38265.51904989,3,2894,100,1450416,1
38266.22848271,1,2899,100,1455286,-1
38267.263096468,1,2900,100,1454138,-1
38267.858263209,1,2901,100,1456229,-1
38268.973011172,1,2902,100,1449521,1
38270.075054295,1,2903,100,1449240,1
38270.764834912,3,2896,100,1454519,-1
38272.637441435,4,2902,100,1449521,1
38273.815387532,1,2904,100,1450275,-1
38274.903530696,5,2903,100,1449240,1
38275.584836641,3,2897,100,1448828,1
38276.634371488,1,2905,100,1443561,1
38277.411626253,3,2901,100,1456229,-1
38278.29908231,1,2906,100,1446810,1
38278.743124309,1,2907,100,1445754,1
38279.388241628,1,2908,100,1442289,1
38280.385446128,4,2906,100,1446810,1
38281.281363019,3,2907,100,1445754,1
38282.453846393,3,2899,100,1455286,-1
38284.50236498,1,2909,100,1438409,1
38285.614694995,3,2908,100,1442289,1
38286.765581758,5,2898,100,1455739,-1
38287.770502943,5,2892,100,1452230,-1
38288.379631192,3,2904,100,1450275,-1
38290.068416499,3,2905,100,1443561,1
38290.629327964,3,2909,100,1438409,1
38291.702857251,3,2900,100,1454138,-1
38292.861416079,1,2910,100,1446949,-1
38293.507801983,5,2910,100,1446949,-1
38294.279743022,1,2911,100,1446494,-1
38295.448521941,1,2912,100,1444132,1
38296.395189889,1,2913,100,1447873,-1
38297.366837677,1,2914,100,1441456,1
38298.511134302,3,2912,100,1444132,1
38299.390231403,3,2911,100,1446494,-1
38300.276222261,5,2913,100,1447873,-1
38300.743425579,1,2915,200,1441742,1
38301.661172803,5,2915,100,1441742,1
38302.107658967,4,2915,100,1441742,1
38302.880465006,4,2914,100,1441456,1
38303.420537601,1,2916,100,1445832,-1
38303.90974295,1,2917,100,1447214,-1
38304.486602913,4,2916,100,1445832,-1
38304.982167926,1,2918,100,1440501,1
38305.520619464,5,2918,100,1440501,1
38307.319130009,3,2917,100,1447214,-1
38308.468001402,1,2919,100,1443204,1
38309.529583154,3,2919,100,1443204,1
38310.317280312,1,2920,100,1445020,-1
38310.815648649,4,2920,100,1445020,-1
38311.26888782,1,2921,100,1441199,1
38312.387182999,1,2922,100,1445679,-1
38313.114464075,3,2921,100,1441199,1
38314.151276025,1,2923,100,1445176,-1
38314.628372753,1,2924,100,1439525,1
38315.364635019,3,2923,100,1445176,-1
38316.041383667,1,2925,100,1440553,-1
38316.863091931,5,2922,100,1445679,-1
38317.942962677,1,2926,100,1439005,1
38318.439903277,4,2925,100,1440553,-1
38319.575977886,5,2924,100,1439525,1
38320.382254558,4,2926,100,1439005,1
38321.45989896,1,2927,100,1443626,-1
38322.64483822,4,2927,100,1443626,-1
38323.051164003,1,2928,100,1440772,-1
38324.461755824,3,2928,100,1440772,-1
38325.407552443,1,2929,100,1439800,1
38325.932061393,1,2930,200,1437612,1
38326.797499851,1,2931,100,1439241,-1
38327.572714609,1,2932,100,1441356,1
38328.0113873,5,2930,100,1437612,1
38329.175371025,3,2931,100,1439241,-1
38330.197304167,1,2933,100,1440895,-1
38331.54865501,3,2929,100,1439800,1
38332.695321116,1,2934,100,1439177,-1
38333.193926096,1,2935,100,1442136,-1
38334.363494334,5,2932,100,1441356,1
38335.222499798,1,2936,100,1436304,1
38336.041480727,3,2934,100,1439177,-1
38336.769475798,5,2930,100,1437612,1
38337.456853903,1,2937,100,1437782,1
38338.478534046,3,2933,100,1440895,-1
38339.410479175,1,2938,100,1442659,-1
38340.766130896,3,2937,100,1437782,1
38341.805311054,4,2938,100,1442659,-1
38342.838862092,5,2936,100,1436304,1
38344.119944927,1,2939,100,1437515,1
38344.575393244,1,2940,100,1443367,-1
38345.003292144,5,2940,100,1443367,-1
38345.665630851,1,2941,100,1439585,-1
38346.813817099,1,2942,100,1438059,-1
38348.211021221,1,2943,100,1435248,1
38349.315376251,1,2944,100,1436539,1
38350.000226299,1,2945,100,1440412,-1
38350.873529,1,2946,100,1439648,1
38351.36392099,1,2947,100,1435351,1
38352.486626092,4,2942,100,1438059,-1
38352.997504103,1,2948,100,1440845,-1
38353.404969544,3,2943,100,1435248,1
38353.871511564,3,2947,100,1435351,1
38354.291709923,1,2949,100,1434099,-1
38354.940984362,1,2950,100,1433430,1
38355.793219485,1,2951,100,1441126,-1
38357.244779642,1,2952,100,1441858,-1
38358.096889718,1,2953,100,1440193,-1
38358.705278322,3,2935,100,1442136,-1
38359.83849962,4,2939,100,1437515,1
38360.963070544,5,2944,100,1436539,1
38362.688460745,1,2954,100,1438150,-1
38363.419957801,1,2955,100,1436940,1
38364.544771804,3,2954,100,1438150,-1
38365.011452581,1,2956,100,1437583,1
38366.745205833,3,2946,100,1439648,1
38367.634900004,5,2948,100,1440845,-1
38368.823514369,4,2945,100,1440412,-1
38369.652122969,1,2957,100,1441139,1
38370.453674561,5,2955,100,1436940,1
38371.095483548,1,2958,100,1437824,1
38372.029366695,3,2949,100,1434099,-1
38373.131552619,1,2959,100,1435774,1
38374.051105484,1,2960,100,1439043,-1
38374.778550417,3,2951,100,1441126,-1
38375.625018542,3,2952,100,1441858,-1
38376.271384121,4,2960,100,1439043,-1
38377.336479979,1,2961,100,1443952,-1
38378.239029158,1,2962,100,1444635,-1
38379.235169199,3,2957,100,1441139,1
38379.854583624,4,2958,100,1437824,1
38380.973895464,4,2941,100,1439585,-1
38381.579378006,1,2963,100,1437609,-1
38382.341690315,4,2956,100,1437583,1
38383.208668635,4,2959,100,1435774,1
38383.776785134,5,2962,100,1444635,-1
38384.923348795,3,2963,100,1437609,-1
38385.81642524,4,2950,100,1433430,1
38386.38448554,1,2964,100,1432992,1
38387.563790874,4,2961,100,1443952,-1
38388.187405667,1,2965,100,1431678,1
38388.725012414,1,2966,100,1434102,1
38389.527825549,3,2953,100,1440193,-1
38390.500984859,1,2967,100,1431356,1
38391.659874019,5,2967,100,1431356,1
38392.441255493,1,2968,100,1433083,1
38393.578325635,4,2965,100,1431678,1
38394.527411647,5,2968,100,1433083,1
38395.355734331,1,2969,100,1433611,1
38396.017761128,1,2970,100,1434197,1
38398.371810359,1,2971,100,1441791,-1
38398.879880067,3,2969,100,1433611,1
38400.143990706,3,2966,100,1434102,1
38400.994555029,3,2971,100,1441791,-1
38401.986360398,1,2972,100,1435822,1
38402.846111837,3,2972,100,1435822,1
38403.771147429,5,2970,100,1434197,1
38404.456182234,1,2973,100,1443022,-1
38405.211677557,1,2974,100,1435927,1
38406.415253886,3,2973,100,1443022,-1
38407.283590549,1,2975,100,1444021,-1
38408.286023977,4,2964,100,1432992,1
38409.244417274,1,2976,100,1442437,-1
38410.109175504,5,2976,100,1442437,-1
38411.302681926,3,2975,100,1444021,-1
38411.78139426,1,2977,100,1435425,1
38412.716648225,1,2978,100,1435583,-1
38413.609238813,3,2978,100,1435583,-1
38414.112667071,1,2979,100,1438405,-1
38415.139497498,4,2977,100,1435425,1
38415.65937278,1,2980,100,1435964,-1
38416.502017128,3,2974,100,1435927,1
38417.437112607,4,2979,100,1438405,-1
38418.309347138,1,2981,100,1432457,1
38419.472265427,4,2980,100,1435964,-1
38420.505666994,1,2982,100,1433861,1
38422.261498235,1,2983,100,1437375,-1
38422.858977834,3,2981,100,1432457,1
38423.664302271,1,2984,100,1433831,1
38424.671014205,3,2983,100,1437375,-1
38425.841596884,1,2985,100,1438241,-1
38426.692352965,1,2986,100,1436364,1
38427.672065034,1,2987,100,1436568,-1
38428.85182595,1,2988,100,1437569,-1
38429.721033967,1,2989,100,1435269,1
38430.667762035,5,2985,100,1438241,-1
38431.506694737,3,2986,100,1436364,1
38432.450240042,1,2990,100,1431728,1
38433.078158452,3,2989,100,1435269,1
38435.410178013,1,2991,100,1436857,-1
38436.561668893,1,2992,100,1432877,-1
38437.224372696,3,2982,100,1433861,1
38438.197613007,1,2993,100,1439792,-1
38439.242572623,1,2994,100,1433532,1
38440.399734611,1,2995,100,1435626,-1
38441.4149493,1,2996,100,1431239,1
38442.52988996,1,2997,100,1431751,1
38442.971860947,3,2984,100,1433831,1
38444.051861397,1,2998,100,1437135,-1
38444.786396394,3,2991,100,1436857,-1
38446.836003077,1,2999,100,1435406,-1
38447.943320548,1,3000,100,1429188,1
38448.507808353,1,3001,100,1433271,1
38449.108511547,4,2999,100,1435406,-1
38449.915363731,5,2988,100,1437569,-1
38450.421461773,4,3001,100,1433271,1
38451.010335849,4,2996,100,1431239,1
38451.578621487,1,3002,100,1435476,-1
38452.89086453,1,3003,100,1429469,-1
38454.094529493,1,3004,100,1426475,1
38454.586978002,1,3005,100,1428819,-1
38455.65732594,3,3005,100,1428819,-1
38456.474054113,1,3006,100,1431067,-1
38457.00724457,5,2992,100,1432877,-1
38458.129766174,5,2987,100,1436568,-1
38458.998299995,3,2990,100,1431728,1
38460.143179826,4,2994,100,1433532,1
38460.562976644,1,3007,100,1424983,1
38461.703938928,1,3008,100,1430649,-1
38462.678453321,1,3009,100,1428580,-1
38463.899172321,1,3010,100,1431994,-1
38464.944891268,3,2995,100,1435626,-1
38465.700254715,1,3011,100,1432869,-1
38466.305764274,1,3012,100,1432341,-1
38466.742144714,4,3000,100,1429188,1
38467.900972997,1,3013,100,1430549,1
38468.59084092,1,3014,100,1427381,1
38469.730145438,1,3015,100,1431295,1
38470.453868288,4,3009,100,1428580,-1
38471.35560236,4,3003,100,1429469,-1
38472.161084636,4,3008,100,1430649,-1
38473.300413016,1,3016,100,1427890,1
38474.485009256,1,3017,100,1429676,-1
38475.07672139,3,3017,100,1429676,-1
38475.824665819,1,3018,100,1424221,1
38476.95276624,1,3019,100,1428154,-1
38477.747478659,1,3020,100,1428803,-1
38478.809131299,3,3016,100,1427890,1
38479.500938713,1,3021,100,1425914,-1
38480.487395888,3,3002,100,1435476,-1
38481.393606236,5,3004,100,1426475,1
38482.055299629,1,3022,100,1422332,1
38482.530872754,5,3006,100,1431067,-1
38483.602748677,3,3019,100,1428154,-1
38484.244813346,1,3023,100,1423273,-1
38485.168639742,1,3024,100,1423343,-1
38485.735738913,4,3007,100,1424983,1
38486.850259863,4,3015,100,1431295,1
38487.908973047,1,3025,100,1416551,1
38488.643122462,1,3026,100,1419078,-1
38489.521640625,1,3027,100,1415476,1
38490.620063124,1,3028,100,1411351,1
38491.839646934,4,2997,100,1431751,1
38493.701960069,4,3018,100,1424221,1
38494.376940993,4,3022,100,1422332,1
38494.903052614,1,3029,100,1416093,-1
38495.890630928,3,3028,100,1411351,1
38496.330183939,1,3030,100,1413557,1
38496.856616019,3,3027,100,1415476,1
38497.477666897,5,3010,100,1431994,-1
38498.654010978,4,3014,100,1427381,1
38499.143933752,1,3031,100,1419507,-1
38499.820249165,4,3013,100,1430549,1
38500.378132527,1,3032,100,1419348,1
38500.987933342,1,3033,100,1415944,1
38502.196221936,4,3025,100,1416551,1
38503.278917591,4,3033,100,1415944,1
38504.232981469,1,3034,100,1415249,1
38504.691058371,4,3026,100,1419078,-1
38505.138930392,3,3020,100,1428803,-1
38505.768565337,1,3035,100,1419412,-1
38506.90335603,1,3036,100,1420208,-1
38507.540189861,5,3031,100,1419507,-1
38508.953379313,4,3036,100,1420208,-1
38509.523690127,5,3034,100,1415249,1
38510.389571746,3,2993,100,1439792,-1
38511.590122988,1,3037,100,1414288,1
38512.468706451,3,3011,100,1432869,-1
38513.496580668,3,3012,100,1432341,-1
38514.175413246,1,3038,100,1410853,1
38515.37416882,1,3039,100,1415052,-1
38516.162059838,1,3040,100,1410153,1
38517.113377488,3,3030,100,1413557,1
38518.225969332,5,3039,100,1415052,-1
38518.981751524,3,3035,100,1419412,-1
38519.535864772,5,3032,100,1419348,1
38520.383115168,1,3041,100,1411978,1
38521.346548264,3,3024,100,1423343,-1
38521.782777898,1,3042,100,1415567,-1
38522.376795118,1,3043,100,1417562,-1
38523.094742043,5,2998,100,1437135,-1
38523.881069448,1,3044,100,1412946,-1
38525.916708759,3,3037,100,1414288,1
38526.380554055,4,3029,100,1416093,-1
38527.058579079,1,3045,100,1414356,-1
38528.239528493,1,3046,100,1418624,-1
38529.248704232,1,3047,100,1414551,1
38529.687923869,1,3048,100,1421667,-1
38530.805230907,4,3043,100,1417562,-1
38532.099493995,4,3042,100,1415567,-1
38533.114116631,3,3040,100,1410153,1
38534.11401684,1,3049,100,1414503,1
38535.038472972,1,3050,100,1415784,1
38536.124574401,5,3021,100,1425914,-1
38536.921998157,3,3046,100,1418624,-1
38537.766892859,3,3050,100,1415784,1
38538.849002681,3,3041,100,1411978,1
38539.986543957,1,3051,100,1409712,1
38540.981522942,1,3052,100,1415312,-1
38542.257917431,1,3053,100,1410153,1
38543.033924505,3,3053,100,1410153,1
38544.245605153,1,3054,100,1412667,1
38545.21523392,3,3023,100,1423273,-1
38546.359186809,1,3055,100,1415912,-1
38546.86961171,1,3056,100,1416457,-1
38547.903392653,1,3057,100,1411545,1
38548.575706883,3,3038,100,1410853,1
38549.718823606,3,3047,100,1414551,1
38550.857490596,4,3055,100,1415912,-1
38551.871325376,1,3058,100,1423903,-1
38552.694021564,1,3059,100,1417279,1
38553.802534167,1,3060,100,1420492,1
38554.616098728,4,3044,100,1412946,-1
38555.071423832,4,3048,100,1421667,-1
38555.943488418,3,3045,100,1414356,-1
38556.418553561,1,3061,100,1418331,1
38558.062103608,1,3062,100,1421154,1
38558.596334177,1,3063,100,1423824,1
38559.177010687,1,3064,100,1423673,-1
38560.255305618,1,3065,100,1423925,-1
38561.242266242,3,3052,100,1415312,-1
38561.902224093,3,3051,100,1409712,1
38562.532606567,1,3066,100,1425797,-1
38563.011217257,1,3067,100,1426971,-1
38563.593815778,3,3067,100,1426971,-1
38564.612181258,1,3068,100,1422201,1
38565.374050139,3,3059,100,1417279,1
38566.703988053,1,3069,100,1424978,-1
38567.245970537,1,3070,100,1429934,-1
38568.00509717,3,3057,100,1411545,1
38568.680458328,4,3056,100,1416457,-1
38569.256217911,3,3064,100,1423673,-1
38570.161794102,4,3069,100,1424978,-1
38570.578317296,3,3066,100,1425797,-1
38571.674800152,1,3071,100,1428551,-1
38572.248556121,3,3063,100,1423824,1
38573.17516117,3,3071,100,1428551,-1
38574.277101064,3,3054,100,1412667,1
38575.361947412,1,3072,100,1431529,-1
38576.232769691,4,3065,100,1423925,-1
38576.910102455,1,3073,100,1426669,-1
38577.735566049,1,3074,100,1425351,1
38578.206660057,1,3075,100,1431629,-1
38580.188536083,3,3049,100,1414503,1
38580.608249576,5,3061,100,1418331,1
38581.031551963,1,3076,100,1429030,-1
38581.578295619,1,3077,100,1423606,1
38582.111938818,5,3060,100,1420492,1
38583.174070904,1,3078,100,1421974,1
38584.932254861,1,3079,100,1423824,1
38585.618616044,5,3077,100,1423606,1
38586.795133946,3,3076,100,1429030,-1
38587.220625434,3,3074,100,1425351,1
38587.922425168,3,3078,100,1421974,1
38588.953182233,1,3080,100,1427583,1
38589.444022861,1,3081,100,1423387,1
38590.554659873,1,3082,100,1424861,1
38591.105626469,3,3079,100,1423824,1
38591.53028146,4,3082,100,1424861,1
38592.424817127,1,3083,100,1418688,1
38593.335659139,1,3084,100,1425782,-1
38595.527949416,3,3083,100,1418688,1
38596.589224256,3,3068,100,1422201,1
38597.109125194,5,3080,100,1427583,1
38598.18888505,4,3058,100,1423903,-1
38598.683479565,1,3085,100,1428531,-1
38599.825300222,1,3086,100,1429520,-1
38601.991526855,4,3086,100,1429520,-1
38602.689113668,1,3087,100,1429234,-1
38603.789612196,3,3070,100,1429934,-1
38604.865676196,1,3088,100,1429946,1
38606.083131627,4,3087,100,1429234,-1
38607.33785998,3,3073,100,1426669,-1
38608.524697563,1,3089,100,1428560,1
38609.291226195,1,3090,100,1432343,-1
38610.364281528,3,3075,100,1431629,-1
38610.868429052,3,3089,100,1428560,1
38612.055532836,3,3088,100,1429946,1
38612.959780819,1,3091,100,1427610,1
38614.805522214,4,3084,100,1425782,-1
38615.785094752,1,3092,100,1432589,-1
38618.396323999,4,3072,100,1431529,-1
38619.156132987,5,3062,100,1421154,1
38620.192650209,3,3090,100,1432343,-1
38620.828491087,4,3092,100,1432589,-1
38621.307805709,3,3085,100,1428531,-1
38622.122688431,5,3091,100,1427610,1
38623.232974197,1,3093,100,1431628,1
38624.386960859,5,3093,100,1431628,1
38625.15753062,1,3094,100,1435877,-1
38626.149703155,1,3095,100,1429588,1
38626.720674438,3,3094,100,1435877,-1
38627.346431144,3,3095,100,1429588,1
38628.011551668,1,3096,100,1434093,-1
38629.470363744,4,3096,100,1434093,-1
38630.205537067,1,3097,100,1432631,1
38631.361960425,3,3097,100,1432631,1
38632.353301225,3,3081,100,1423387,1
38632.942583748,1,3098,100,1439493,-1
38634.177747055,1,3099,100,1432492,1
38634.996281933,1,3100,100,1430831,1
38635.702494951,5,3098,100,1439493,-1
38636.19122577,1,3101,100,1428329,1
38636.620958598,3,3100,100,1430831,1
38637.594655859,4,3099,100,1432492,1
38638.140642203,3,3101,100,1428329,1
38638.866723383,1,3102,100,1431413,-1
38640.018806394,4,3102,100,1431413,-1
38640.739139131,1,3103,100,1430292,-1
38641.863277702,5,3103,100,1430292,-1
38642.71135326,1,3104,100,1428182,1
38643.522574172,3,3104,100,1428182,1
38644.526997953,1,3105,100,1428045,1
38645.482675249,1,3106,100,1426866,1
38647.284586038,1,3107,100,1428613,-1
38648.336533744,5,3106,100,1426866,1
38649.347083911,3,3107,100,1428613,-1
38650.836306628,1,3108,100,1430290,-1
38652.030961401,3,3105,100,1428045,1
38652.449390519,1,3109,100,1432329,-1
38653.317113413,1,3110,100,1427481,1
38653.762665831,3,3109,100,1432329,-1
38657.011158318,1,3111,100,1436886,-1
38658.142637812,1,3112,100,1436726,-1
38659.074014115,3,3110,100,1427481,1
38660.231752796,1,3113,100,1432933,-1
38661.2573982,1,3114,100,1429829,1
38662.15383956,5,3112,100,1436726,-1
38662.830402971,1,3115,100,1427034,-1
38663.679904576,5,3114,100,1429829,1
38664.453696113,3,3108,100,1430290,-1
38664.998971268,1,3116,100,1428391,1
38666.521954375,1,3117,100,1432496,-1
38667.458105307,3,3117,100,1432496,-1
38667.895909495,1,3118,100,1432255,-1
38668.825198394,4,3115,100,1427034,-1
38669.349443491,5,3111,100,1436886,-1
38669.849201139,1,3119,100,1426936,-1
38670.763396625,3,3119,100,1426936,-1
38673.173369035,5,3118,100,1432255,-1
38674.061293899,1,3120,100,1431715,-1
38675.175336617,3,3116,100,1428391,1
38676.217467635,4,3113,100,1432933,-1
38678.157966939,5,3120,100,1431715,-1
38678.945374139,1,3121,100,1428383,1
38679.472374037,1,3122,100,1429221,1
38680.205995645,4,3121,100,1428383,1
38681.435487439,3,3122,100,1429221,1
38682.072877109,1,3123,100,1432081,-1
38682.551978184,1,3124,100,1427985,1
38683.059344789,5,3124,100,1427985,1
38684.139052853,5,3123,100,1432081,-1
38685.254264443,1,3125,100,1431440,1
38686.156515802,1,3126,100,1431051,1
38687.178984435,1,3127,100,1437685,-1
38688.214318059,4,3127,100,1437685,-1
38688.807521928,1,3128,100,1433888,1
38690.623828893,4,3128,100,1433888,1
38691.460070693,1,3129,100,1431977,1
38692.288551171,1,3130,100,1432082,1
38692.797513971,3,3126,100,1431051,1
38693.760584925,3,3130,100,1432082,1
38694.86293658,4,3129,100,1431977,1
38695.800970346,3,3125,100,1431440,1
38696.449333824,1,3131,100,1438485,-1
38697.59339472,4,3131,100,1438485,-1
38698.429302242,1,3132,100,1436366,1
38699.439703236,3,3132,100,1436366,1
38700.381921995,1,3133,100,1438821,1
38701.077902006,3,3133,100,1438821,1
38702.23070693,1,3134,100,1438765,1
38703.377015459,1,3135,100,1439427,1
38704.522643133,5,3135,100,1439427,1
38704.999814247,3,3134,100,1438765,1
38706.224733278,1,3136,100,1442788,1
38706.759161283,1,3137,100,1445498,-1
38708.331815815,1,3138,100,1440217,1
38709.271983932,3,3137,100,1445498,-1
38710.413720904,1,3139,100,1442451,1
38712.203452888,4,3136,100,1442788,1
38713.223075681,1,3140,100,1446584,-1
38714.183763239,4,3140,100,1446584,-1
38714.695364237,4,3139,100,1442451,1
38715.241238403,3,3138,100,1440217,1
38716.269330482,1,3141,100,1448165,-1
38717.015717012,1,3142,100,1447110,-1
38718.261989132,3,3142,100,1447110,-1
38719.370265604,1,3143,100,1444076,1
38720.365991119,5,3141,100,1448165,-1
38721.020273885,1,3144,100,1448703,-1
38721.69498638,4,3143,100,1444076,1
38722.530123165,3,3144,100,1448703,-1
38723.368289008,1,3145,100,1439739,1
38724.310106593,5,3145,100,1439739,1
38725.366783177,1,3146,100,1439758,1
38726.625548814,3,3146,100,1439758,1
38727.703416883,1,3147,100,1439029,1
38728.140165693,3,3147,100,1439029,1
38729.088141485,1,3148,100,1439158,1
38729.996734833,4,3148,100,1439158,1
38730.556859135,1,3149,100,1439114,1
38731.276955644,1,3150,100,1442321,-1
38732.370608304,5,3150,100,1442321,-1
38732.988473599,1,3151,100,1440638,1
38733.620656698,3,3151,100,1440638,1
38734.0981743,1,3152,100,1442147,-1
38734.903882437,1,3153,100,1439784,1
38736.828933318,1,3154,100,1443654,1
38737.318789892,1,3155,100,1443114,1
38737.910291357,4,3152,100,1442147,-1
38738.795481183,3,3155,100,1443114,1
38739.369693439,1,3156,100,1442551,-1
38740.370627399,1,3157,100,1437626,1
38742.47867852,3,3157,100,1437626,1
38743.084408415,1,3158,100,1442624,-1
38744.256192683,5,3153,100,1439784,1
38745.500750993,1,3159,100,1441945,1
38745.978553167,1,3160,100,1441492,1
38746.858738271,3,3156,100,1442551,-1
38747.585450402,1,3161,100,1443833,-1
38748.570837166,3,3154,100,1443654,1
38750.397985091,1,3162,100,1443981,1
38750.920808601,5,3160,100,1441492,1
38752.127827268,4,3161,100,1443833,-1
38752.745783079,5,3162,100,1443981,1
38753.42356715,3,3159,100,1441945,1
38753.939683708,3,3158,100,1442624,-1
38755.196578106,3,3149,100,1439114,1
38756.13667341,1,3163,100,1449045,1
38757.097714407,5,3163,100,1449045,1
38757.956754378,1,3164,100,1453493,-1
38758.86874086,3,3164,100,1453493,-1
38759.417412021,1,3165,100,1449577,1
38759.891941419,1,3166,100,1447324,1
38760.395203396,3,3166,100,1447324,1
38760.821590809,1,3167,100,1445603,1
38761.698623414,1,3168,100,1449121,-1
38762.17678811,1,3169,100,1443597,1
38762.748486036,1,3170,100,1444277,1
38763.404354819,3,3169,100,1443597,1
38764.071811681,3,3170,100,1444277,1
38764.512936436,3,3167,100,1445603,1
38765.577154935,1,3171,100,1453726,-1
38766.546042413,1,3172,100,1457972,-1
38767.613712296,1,3173,100,1454588,-1
38768.571227108,1,3174,100,1456762,-1
38769.52069771,1,3175,100,1457460,-1
38770.031804704,3,3172,100,1457972,-1
38770.734547134,4,3173,100,1454588,-1
38771.687644893,1,3176,100,1453632,1
38772.585392743,4,3168,100,1449121,-1
38773.055724604,1,3177,100,1453237,1
38773.777505867,1,3178,100,1453795,1
38774.911307926,1,3179,100,1453346,1
38775.461118038,5,3175,100,1457460,-1
38776.046758093,1,3180,100,1456043,1
38777.167620304,1,3181,100,1454969,1
38777.68961539,1,3182,100,1456170,1
38778.577233411,1,3183,100,1459990,1
38779.118123798,1,3184,100,1461427,1
38780.311239584,3,3165,100,1449577,1
38781.070702012,3,3184,100,1461427,1
38782.164082267,4,3171,100,1453726,-1
38782.930490514,3,3181,100,1454969,1
38784.140606287,4,3183,100,1459990,1
38785.380817013,4,3174,100,1456762,-1
38786.540374186,1,3185,100,1454779,1
38787.203160596,1,3186,100,1457554,1
38787.737141812,3,3179,100,1453346,1
38788.609594855,1,3187,100,1452588,1
38789.4252398,5,3180,100,1456043,1
38790.593796025,4,3186,100,1457554,1
38791.122945744,1,3188,100,1452907,1
38793.495435918,3,3177,100,1453237,1
38794.433228243,1,3189,100,1463140,1
38795.105895583,3,3185,100,1454779,1
38796.294433996,1,3190,100,1464712,-1
38796.77808582,1,3191,100,1465410,-1
38797.933725463,1,3192,100,1462634,1
38798.583510843,3,3191,100,1465410,-1
38799.030814399,4,3192,100,1462634,1
38800.189915455,4,3189,100,1463140,1
38800.891736265,1,3193,100,1463131,-1
38801.986886781,1,3194,100,1459666,1
38802.510004043,3,3182,100,1456170,1
38803.629137243,5,3194,100,1459666,1
38804.469662695,4,3193,100,1463131,-1
38805.944163321,3,3188,100,1452907,1
38806.981358789,1,3195,100,1460173,1
38808.130576602,3,3176,100,1453632,1
38809.168101174,3,3195,100,1460173,1
38810.342085559,3,3178,100,1453795,1
38811.027606378,1,3196,100,1470053,-1
38811.816806966,4,3190,100,1464712,-1
38812.450301885,3,3187,100,1452588,1
38813.495854358,3,3196,100,1470053,-1
38814.661478302,1,3197,100,1466136,-1
38815.744500513,4,3197,100,1466136,-1
38816.959412759,1,3198,100,1469953,-1
38817.975719773,3,3198,100,1469953,-1
38818.862644033,1,3199,100,1463921,-1
38819.891274049,3,3199,100,1463921,-1
38820.879142206,1,3200,100,1463165,1
38822.030605662,1,3201,100,1468281,-1
38823.015273119,5,3201,100,1468281,-1
38823.869315591,5,3200,100,1463165,1
38824.864982221,1,3202,100,1462625,-1
38825.416707869,3,3202,100,1462625,-1
38826.547017944,1,3203,200,1463298,1
38827.623142839,3,3203,200,1463298,1
38828.827230863,1,3204,100,1460122,1
38830.022527349,4,3204,100,1460122,1
38831.071233198,1,3205,100,1457341,1
38831.61192985,3,3205,100,1457341,1
38832.174821299,1,3206,100,1462210,-1
38832.947027668,3,3206,100,1462210,-1
38833.670884748,1,3207,100,1458894,-1
38834.847513409,1,3208,100,1453465,1
38835.932949251,3,3208,100,1453465,1
38837.110189926,1,3209,100,1454974,1
38838.350130362,3,3209,100,1454974,1
38839.096267199,1,3210,100,1456657,-1
38839.927816827,5,3210,100,1456657,-1
38841.502482829,1,3211,100,1458334,1
38843.425312238,3,3211,100,1458334,1
38844.610096831,3,3207,100,1458894,-1
38845.651227009,1,3212,100,1452711,1
38846.330795742,1,3213,100,1456045,1
38847.065592698,1,3214,100,1464018,-1
38848.294369594,3,3213,100,1456045,1
38849.425523158,5,3212,100,1452711,1
38851.505524569,1,3215,100,1460821,-1
38852.319824516,1,3216,100,1460371,-1
38853.043462479,1,3217,100,1461531,-1
38854.595819659,3,3216,100,1460371,-1
38856.739357022,1,3218,100,1463681,1
38857.193476566,1,3219,100,1464879,-1
38858.06980127,3,3215,100,1460821,-1
38858.804491305,1,3220,100,1460817,-1
38859.486026858,1,3221,100,1464872,-1
38860.701726447,3,3217,100,1461531,-1
38862.141877853,3,3214,100,1464018,-1
38862.744374588,3,3220,100,1460817,-1
38863.730548001,3,3219,100,1464879,-1
38864.68904929,1,3222,100,1468045,-1
38865.636931214,1,3223,100,1469036,-1
38866.244432961,1,3224,100,1466641,-1
38867.334505624,1,3225,100,1467841,-1
38868.12391555,1,3226,100,1462098,1
38869.11885436,5,3224,100,1466641,-1
38871.627537429,4,3223,100,1469036,-1
38872.861440216,1,3227,100,1468688,-1
38873.505190956,1,3228,100,1465265,1
38874.465965025,5,3218,100,1463681,1
38875.243087126,5,3227,100,1468688,-1
38876.891739619,5,3225,100,1467841,-1
38878.155962441,1,3229,100,1467648,1
38879.037398784,3,3226,100,1462098,1
38880.185812779,1,3230,100,1469294,-1
38880.757744774,3,3228,100,1465265,1
38881.671391503,3,3230,100,1469294,-1
38882.857091931,3,3222,100,1468045,-1
38883.938059826,1,3231,100,1468017,-1
38884.914908482,1,3232,100,1462997,1
38885.710007836,3,3229,100,1467648,1
38886.598949379,1,3233,100,1467614,-1
38887.300978884,4,3231,100,1468017,-1
38888.165070406,1,3234,100,1470256,-1
38889.053032865,3,3234,100,1470256,-1
38890.295322137,1,3235,100,1471580,-1
38891.478300864,1,3236,100,1470395,-1
38892.717821475,3,3232,100,1462997,1
38894.901649956,1,3237,100,1466677,1
38895.71448147,3,3233,100,1467614,-1
38896.21277736,1,3238,100,1470939,-1
38897.120844807,1,3239,100,1469338,-1
38897.794408834,1,3240,100,1469448,-1
38898.278827647,1,3241,100,1470912,-1
38899.337066649,1,3242,100,1469225,1
38900.157912675,3,3241,100,1470912,-1
38900.852544121,3,3237,100,1466677,1
38901.90957272,1,3243,100,1470026,-1
38904.839803713,4,3242,100,1469225,1
38905.610663696,3,3236,100,1470395,-1
38906.257925278,1,3244,100,1466804,-1
38908.000859833,3,3238,100,1470939,-1
38909.261920574,4,3240,100,1469448,-1
38910.475577042,1,3245,100,1458277,1
38911.425478019,1,3246,100,1462893,-1
38912.474861264,3,3221,100,1464872,-1
38914.454124088,3,3235,100,1471580,-1
38915.058823601,3,3243,100,1470026,-1
38915.76431917,1,3247,100,1464487,-1
38916.212003302,4,3246,100,1462893,-1
38916.641691844,3,3239,100,1469338,-1
38918.874366489,1,3248,100,1463805,1
38919.314335898,1,3249,100,1461268,1
38919.92072206,4,3249,100,1461268,1
38921.104395083,3,3244,100,1466804,-1
38921.613937386,1,3250,100,1466663,-1
38923.472064775,4,3250,100,1466663,-1
38924.093728352,3,3245,100,1458277,1
38924.764468997,3,3248,100,1463805,1
38926.026659379,4,3247,100,1464487,-1
38926.754431517,1,3251,100,1464345,1
38927.96374321,1,3252,100,1463097,1
38928.927193878,4,3251,100,1464345,1
38929.972122574,3,3252,100,1463097,1
38930.785794761,1,3253,100,1459878,1
38931.724801589,1,3254,100,1461670,-1
38932.509442632,3,3254,100,1461670,-1
38933.569481048,4,3253,100,1459878,1
38934.182212141,1,3255,100,1461107,-1
38934.998208394,5,3255,100,1461107,-1
38935.537666112,1,3256,100,1457529,1
38935.984729185,1,3257,100,1455934,1
38936.629648756,1,3258,100,1460073,-1
38937.738734304,1,3259,100,1461160,-1
38938.199517522,4,3259,100,1461160,-1
38939.481769869,4,3258,100,1460073,-1
38940.506748612,5,3257,100,1455934,1
38941.645789857,3,3256,100,1457529,1
38942.7313466,1,3260,100,1459860,-1
38943.520119854,5,3260,100,1459860,-1
38944.304479911,1,3261,100,1459088,1
38945.335562391,1,3262,100,1460362,-1
38946.539623676,1,3263,100,1456557,1
38947.533938966,1,3264,100,1460901,-1
38948.231595755,1,3265,100,1456311,1
38948.922324662,4,3265,100,1456311,1
38949.774568298,3,3261,100,1459088,1
38950.626148405,4,3263,100,1456557,1
38952.753575297,1,3266,100,1458202,1
38953.986532329,1,3267,100,1460095,1
38955.27947912,4,3264,100,1460901,-1
38956.188964875,5,3266,100,1458202,1
38956.995822369,4,3267,100,1460095,1
38957.828639298,1,3268,100,1461610,-1
38958.285656632,1,3269,100,1459311,-1
38959.016202162,1,3270,100,1467854,-1
38959.517688365,1,3271,100,1463177,1
38959.974554265,3,3271,100,1463177,1
38960.893282486,4,3268,100,1461610,-1
38962.925354925,1,3272,100,1458278,-1
38963.556624465,5,3262,100,1460362,-1
38964.645536847,3,3269,100,1459311,-1
38965.241372253,4,3272,100,1458278,-1
38967.233286056,3,3270,100,1467854,-1
38967.894964494,1,3273,100,1458742,1
38968.477147328,1,3274,100,1462665,1
38969.300244202,1,3275,100,1462599,-1
38970.371170435,1,3276,100,1460953,-1
38971.103798392,5,3273,100,1458742,1
38971.894371617,3,3274,100,1462665,1
38972.622780369,5,3276,100,1460953,-1
38973.251721542,3,3275,100,1462599,-1
38973.77808575,1,3277,100,1463277,-1
38974.828481027,1,3278,100,1458778,1
38976.388557307,1,3279,100,1463166,-1
38977.250817485,1,3280,100,1457297,-1
38978.495556248,1,3281,100,1454568,1
38979.026645149,5,3277,100,1463277,-1
38979.888361313,3,3278,100,1458778,1
38980.583738423,4,3280,100,1457297,-1
38981.77528821,3,3279,100,1463166,-1
38982.380010536,3,3281,100,1454568,1
38983.468021924,1,3282,100,1457483,1
38983.984819312,1,3283,100,1459413,-1
38985.656544591,3,3283,100,1459413,-1
38986.912924946,1,3284,100,1457856,1
38988.211904519,3,3282,100,1457483,1
38988.995268928,1,3285,100,1459120,-1
38989.493860328,4,3285,100,1459120,-1
38990.531755231,1,3286,100,1462943,-1
38991.784926947,4,3284,100,1457856,1
38994.455869453,1,3287,100,1458497,1
38995.094766079,4,3286,100,1462943,-1
38996.923173737,3,3287,100,1458497,1
38997.591966257,1,3288,100,1459603,1
38998.357144213,1,3289,100,1461584,1
38998.87355033,3,3289,100,1461584,1
38999.339383361,1,3290,100,1459450,-1
39000.10249096,4,3288,100,1459603,1
39000.538559828,4,3290,100,1459450,-1
39001.450753376,1,3291,100,1457271,1
39002.411337123,3,3291,100,1457271,1
39003.308996358,1,3292,100,1462025,-1
39004.080021671,3,3292,100,1462025,-1
39005.177439391,1,3293,100,1460160,1
39005.639687223,1,3294,100,1458211,1
39006.632741963,1,3295,100,1465397,-1
39007.460621167,3,3293,100,1460160,1
39008.022796723,5,3295,100,1465397,-1
39008.630753797,1,3296,100,1465547,-1
39009.706795354,4,3296,100,1465547,-1
39011.959020885,3,3294,100,1458211,1
39013.052470696,1,3297,100,1462390,1
39014.335932776,4,3297,100,1462390,1
39014.779810896,1,3298,100,1464307,-1
39016.68029871,4,3298,100,1464307,-1
39017.528171144,1,3299,100,1463650,1
39018.380597973,3,3299,100,1463650,1
39019.516273458,1,3300,100,1464523,-1
39020.528587544,3,3300,100,1464523,-1
39021.770410293,1,3301,100,1458785,1
39023.155167076,4,3301,100,1458785,1
39023.603712965,1,3302,100,1459786,-1
39024.875539102,3,3302,100,1459786,-1
39025.971641748,1,3303,100,1458424,-1
39027.629752459,1,3304,100,1455761,-1
39028.538610047,3,3303,100,1458424,-1
39029.838082105,3,3304,100,1455761,-1
39030.561235401,1,3305,100,1451077,1
39031.388311561,1,3306,100,1458369,-1
39032.054632748,3,3306,100,1458369,-1
39032.55084467,1,3307,100,1450013,1
39033.131259533,5,3307,100,1450013,1
39033.982515494,1,3308,100,1454500,1
39035.140365835,4,3308,100,1454500,1
39035.917200606,1,3309,100,1454553,1
39037.052044931,4,3309,100,1454553,1
39037.781755383,3,3305,100,1451077,1
39038.44288976,1,3310,100,1453382,1
39039.478545699,1,3311,100,1455932,-1
39040.472418404,1,3312,100,1452557,-1
39041.271247945,3,3312,100,1452557,-1
39042.161306523,4,3310,100,1453382,1
39043.291054334,4,3311,100,1455932,-1
39044.364718117,1,3313,100,1455860,1
39045.646413414,3,3313,100,1455860,1
39046.506266235,1,3314,100,1459284,-1
39048.161593414,1,3315,100,1457600,1
39048.662335076,1,3316,100,1458521,1
39049.92068534,1,3317,100,1453112,1
39050.7725295,3,3316,100,1458521,1
39051.761467097,4,3315,100,1457600,1
39052.939474202,3,3314,100,1459284,-1
39053.651384874,1,3318,100,1457544,1
39054.767313171,3,3318,100,1457544,1
39055.240191824,3,3317,100,1453112,1
39056.064130753,1,3319,100,1458084,-1
39056.679112541,4,3319,100,1458084,-1
39057.713817072,1,3320,100,1457724,-1
39058.200081893,1,3321,100,1455474,1
39059.335178016,4,3321,100,1455474,1
39060.396980578,1,3322,100,1454519,1
39061.459597656,3,3320,100,1457724,-1
39062.472128735,1,3323,100,1459460,-1
39063.526991201,1,3324,100,1455502,1
39064.040704437,4,3323,100,1459460,-1
39065.065165169,1,3325,100,1457139,1
39065.601049592,4,3325,100,1457139,1
39066.46966805,3,3322,100,1454519,1
39067.416819821,5,3324,100,1455502,1
39068.103469817,1,3326,100,1458484,1
39068.638863725,1,3327,100,1458162,1
39069.503187065,4,3326,100,1458484,1
39070.491067021,3,3327,100,1458162,1
39071.340796878,1,3328,100,1457905,1
39072.506589718,3,3328,100,1457905,1
39073.190287881,1,3329,100,1463278,-1
39073.966124939,4,3329,100,1463278,-1
39074.843396819,1,3330,100,1463171,1
39076.007418426,3,3330,100,1463171,1
39076.972558099,1,3331,100,1466634,-1
39077.900744099,4,3331,100,1466634,-1
39078.745406477,1,3332,100,1466519,-1
39079.64985158,4,3332,100,1466519,-1
39080.355969072,1,3333,100,1467448,-1
39081.193327421,1,3334,100,1464905,-1
39082.42381887,1,3335,100,1459894,1
39082.988463489,1,3336,100,1462132,1
39083.750204488,1,3337,100,1461266,1
39084.823139612,3,3335,100,1459894,1
39085.524578687,3,3336,100,1462132,1
39086.7735627,3,3337,100,1461266,1
39088.054808205,1,3338,100,1468351,-1
39088.833612189,3,3333,100,1467448,-1
39089.775319383,1,3339,100,1466997,-1
39090.318528849,3,3334,100,1464905,-1
39091.240234021,5,3338,100,1468351,-1
39092.430257929,1,3340,100,1463758,1
39093.684084621,3,3339,100,1466997,-1
39094.887724174,4,3340,100,1463758,1
39095.522542743,1,3341,100,1464486,-1
39096.23343804,4,3341,100,1464486,-1
39096.88567379,1,3342,100,1466507,-1
39098.046939978,1,3343,100,1467243,-1
39098.729016386,3,3343,100,1467243,-1
39099.567456056,1,3344,100,1466501,1
39100.395196024,1,3345,100,1469939,1
39100.851006945,3,3344,100,1466501,1
39101.420094509,3,3345,100,1469939,1
39102.695582141,5,3342,100,1466507,-1
39103.150307531,1,3346,100,1468577,1
39103.800786937,1,3347,100,1473871,-1
39104.780051539,1,3348,100,1473627,-1
39105.565798746,3,3348,100,1473627,-1
39106.718914198,3,3346,100,1468577,1
39107.515997507,1,3349,100,1471736,1
39108.448891422,1,3350,100,1472482,-1
39109.228804506,1,3351,100,1475272,-1
39112.016775099,1,3352,100,1476629,-1
39112.961748378,3,3352,100,1476629,-1
39113.423070207,3,3347,100,1473871,-1
39115.865435986,4,3351,100,1475272,-1
39117.124871449,4,3350,100,1472482,-1
39117.615024356,1,3353,100,1474423,-1
39118.484119815,3,3349,100,1471736,1
39119.098491496,4,3353,100,1474423,-1
39120.384868052,1,3354,100,1474794,1
39121.713614203,1,3355,100,1476588,-1
39122.241171932,4,3355,100,1476588,-1
39122.733090314,1,3356,100,1479452,-1
39123.430439687,1,3357,100,1478851,-1
39125.27359793,5,3356,100,1479452,-1
39127.648052048,1,3358,100,1472685,1
39128.200420559,1,3359,100,1476423,-1
39128.666273134,1,3360,100,1470943,1
39129.682705277,3,3358,100,1472685,1
39130.7325306,1,3361,100,1473544,1
39131.372356581,1,3362,100,1476811,-1
39132.351056436,1,3363,100,1479052,-1
39133.187944177,4,3359,100,1476423,-1
39133.915670739,1,3364,100,1470545,1
39135.222647672,1,3365,100,1472530,1
39135.863346285,3,3357,100,1478851,-1
39136.837932821,3,3363,100,1479052,-1
39137.418637923,3,3362,100,1476811,-1
39138.686359279,5,3365,100,1472530,1
39139.455241752,5,3364,100,1470545,1
39140.30578238,5,3361,100,1473544,1
39141.260498971,1,3366,100,1472905,-1
39142.33632511,4,3366,100,1472905,-1
39142.990830307,3,3354,100,1474794,1
39144.21561939,1,3367,100,1471010,1
39145.346072669,3,3367,100,1471010,1
39146.272109878,3,3360,100,1470943,1
39147.066923771,1,3368,100,1472552,1
39147.516933011,1,3369,100,1476018,-1
39148.585246511,1,3370,100,1478302,-1
39149.583927394,5,3370,100,1478302,-1
39150.564289692,1,3371,100,1468284,1
39151.427147047,1,3372,100,1473625,-1
39152.036878024,1,3373,100,1473926,1
39152.741016199,5,3369,100,1476018,-1
39153.477748822,3,3373,100,1473926,1
39154.672628738,1,3374,100,1475187,-1
39155.569760027,3,3371,100,1468284,1
39156.779074038,3,3368,100,1472552,1
39157.237032378,1,3375,100,1474310,-1
39157.944599643,4,3372,100,1473625,-1
39158.610070901,3,3374,100,1475187,-1
39159.620933169,4,3375,100,1474310,-1
39160.085947228,1,3376,100,1469462,1
39161.33155216,1,3377,100,1469517,1
39162.383913368,1,3378,100,1470525,1
39163.695306503,1,3379,100,1471802,-1
39164.171293521,3,3376,100,1469462,1
39164.974074381,1,3380,100,1472529,1
39166.146733918,1,3381,100,1471789,-1
39166.707509207,3,3377,100,1469517,1
39167.326553654,4,3381,100,1471789,-1
39168.550537625,4,3379,100,1471802,-1
39170.180077162,1,3382,100,1471394,-1
39170.991109729,1,3383,100,1470414,1
39172.236240676,3,3380,100,1472529,1
39173.492623863,4,3383,100,1470414,1
39173.982929257,1,3384,100,1472085,-1
39175.117986538,4,3384,100,1472085,-1
39176.131430638,1,3385,100,1474591,-1
39177.176983577,1,3386,100,1469671,1
39177.807351783,1,3387,100,1470238,1
39178.814100966,3,3385,100,1474591,-1
39180.023930306,4,3378,100,1470525,1
39180.766519523,1,3388,100,1474074,-1
39181.930378359,1,3389,100,1472234,1
39183.199526972,1,3390,100,1466426,1
39184.000869622,3,3389,100,1472234,1
39184.658850913,1,3391,100,1466675,1
39185.858387863,3,3382,100,1471394,-1
39187.034181457,1,3392,100,1464921,1
39187.579023809,5,3388,100,1474074,-1
39188.41634275,3,3392,100,1464921,1
39190.210731885,1,3393,100,1463747,1
39190.742722803,1,3394,100,1466201,-1
39192.166929233,4,3393,100,1463747,1
39193.32916502,1,3395,100,1465629,-1
39194.097560237,4,3391,100,1466675,1
39194.549266244,1,3396,100,1462156,-1
39195.61801344,3,3395,100,1465629,-1
39197.478571812,3,3396,100,1462156,-1
39198.311259949,4,3386,100,1469671,1
39199.069130154,4,3387,100,1470238,1
39200.783761095,1,3397,100,1464848,1
39203.311443227,1,3398,100,1465560,1
39203.875920915,4,3394,100,1466201,-1
39204.50229293,3,3397,100,1464848,1
39205.772032476,1,3399,100,1467207,1
39207.03252233,3,3390,100,1466426,1
39208.327325302,1,3400,100,1470103,-1
39209.326737998,3,3400,100,1470103,-1
39210.501156578,3,3398,100,1465560,1
39211.494262657,5,3399,100,1467207,1
39212.46587385,1,3401,100,1464555,1
39213.790212765,1,3402,100,1467296,-1
39214.242233639,1,3403,100,1463388,1
39214.724320473,1,3404,100,1468269,-1
39215.963703408,4,3401,100,1464555,1
39216.941420097,3,3403,100,1463388,1
39218.22744189,1,3405,100,1464123,1
39219.122100495,3,3402,100,1467296,-1
39219.675279563,5,3405,100,1464123,1
39220.127552794,1,3406,100,1459916,1
39222.208909566,5,3404,100,1468269,-1
39222.98780006,3,3406,100,1459916,1
39223.757510011,1,3407,100,1462817,1
39224.978224964,1,3408,100,1465559,1
39226.953961459,4,3408,100,1465559,1
39228.271114921,3,3407,100,1462817,1
39228.726311039,1,3409,100,1466949,1
39229.575529398,3,3409,100,1466949,1
39230.701704452,1,3410,100,1467899,-1
39231.389552084,3,3410,100,1467899,-1
39232.101453969,1,3411,100,1468144,-1
39232.83334453,5,3411,100,1468144,-1
39233.632296734,1,3412,100,1467921,-1
39234.732484879,4,3412,100,1467921,-1
39235.705334062,1,3413,100,1466091,1
39236.5421586,1,3414,100,1471934,-1
39237.011792469,1,3415,100,1470074,-1
39237.733904198,4,3413,100,1466091,1
39238.285659556,4,3414,100,1471934,-1
39239.290531347,3,3415,100,1470074,-1
39240.600541211,1,3416,100,1466780,-1
39241.168208921,1,3417,100,1468432,-1
39242.092802061,3,3416,100,1466780,-1
39243.020177155,1,3418,100,1468452,1
39243.769846089,1,3419,100,1472000,1
39244.935974989,1,3420,100,1467933,1
39245.552028986,4,3417,100,1468432,-1
39246.584833594,1,3421,100,1467397,1
39247.661418408,3,3418,100,1468452,1
39249.536737076,3,3421,100,1467397,1
39250.800075543,3,3420,100,1467933,1
39251.830818019,1,3422,200,1468288,-1
39254.182343346,4,3419,100,1472000,1
39255.47322484,3,3422,200,1468288,-1
39256.006258478,1,3423,100,1460582,1
39256.564083079,3,3423,100,1460582,1
39257.731168827,1,3424,100,1464086,-1
39258.649181834,1,3425,100,1462197,-1
39261.122355848,1,3426,100,1454546,1
39261.760736217,4,3424,100,1464086,-1
39262.449914789,3,3426,100,1454546,1
39263.466185528,1,3427,100,1455637,1
39264.602971857,3,3427,100,1455637,1
39265.888133123,1,3428,100,1454597,1
39267.631487698,1,3429,100,1454630,1
39268.570446467,1,3430,100,1454948,1
39269.066353401,1,3431,100,1459691,-1
39270.27973104,1,3432,100,1458858,-1
39271.567566316,1,3433,100,1462964,-1
39272.152918372,4,3432,100,1458858,-1
39272.639731994,4,3431,100,1459691,-1
39273.682883952,1,3434,100,1458161,1
39274.99066311,5,3430,100,1454948,1
39276.264538593,1,3435,100,1461010,-1
39277.114006723,3,3429,100,1454630,1
39277.729261345,1,3436,100,1460976,1
39279.852650466,1,3437,100,1467466,-1
39280.469211349,3,3434,100,1458161,1
39281.694808216,1,3438,100,1464896,-1
39282.368008884,5,3438,100,1464896,-1
39283.3325055,1,3439,100,1459276,1
39284.225288233,3,3425,100,1462197,-1
39284.716686269,1,3440,100,1458539,1
39285.923693068,5,3433,100,1462964,-1
39286.403053838,1,3441,100,1463405,-1
39287.590618899,1,3442,100,1461468,-1
39288.372693992,3,3436,100,1460976,1
39289.055763789,4,3442,100,1461468,-1
39289.906348592,1,3443,100,1464308,-1
39291.147123385,1,3444,100,1465377,-1
39291.905912925,3,3439,100,1459276,1
39292.679663916,3,3428,100,1454597,1
39293.425750944,4,3444,100,1465377,-1
39294.280335402,1,3445,100,1466839,-1
39295.300191056,1,3446,100,1468541,-1
39296.443864123,5,3445,100,1466839,-1
39297.066714105,3,3437,100,1467466,-1
39297.900624355,4,3446,100,1468541,-1
39299.072239787,3,3435,100,1461010,-1
39300.072646621,3,3440,100,1458539,1
39300.666163037,3,3441,100,1463405,-1
39301.416909108,3,3443,100,1464308,-1
39302.617903704,1,3447,100,1465655,-1
39303.227377504,5,3447,100,1465655,-1
39304.361826418,1,3448,100,1467183,-1
39305.424471678,1,3449,100,1468978,-1
39306.06855586,3,3448,100,1467183,-1
39307.350609544,5,3449,100,1468978,-1
39308.683670169,1,3450,100,1470260,1
39309.911336733,4,3450,100,1470260,1
39310.992215779,1,3451,100,1466717,1
39311.91117484,1,3452,100,1469829,-1
39313.917708986,3,3452,100,1469829,-1
39314.572233983,1,3453,100,1464934,1
39315.199947435,1,3454,100,1471765,-1
39315.891786513,1,3455,100,1468863,-1
39316.533277038,1,3456,100,1463249,1
39317.730787822,4,3453,100,1464934,1
39318.534191449,3,3454,100,1471765,-1
39319.799417932,3,3455,100,1468863,-1
39321.124094551,4,3451,100,1466717,1
39323.182522093,1,3457,100,1467585,1
39324.50286235,3,3456,100,1463249,1
39325.604313772,4,3457,100,1467585,1
39326.077607345,1,3458,100,1464140,1
39326.975300315,4,3458,100,1464140,1
39327.791821991,1,3459,100,1466903,-1
39328.322068267,3,3459,100,1466903,-1
39329.178139122,1,3460,100,1464885,-1
39330.932102441,4,3460,100,1464885,-1
39331.635684959,1,3461,100,1464306,1
39332.818271342,3,3461,100,1464306,1
39333.880885705,1,3462,100,1456253,1
39334.479582089,1,3463,100,1459281,1
39335.057149363,3,3463,100,1459281,1
39336.403626333,1,3464,100,1463908,-1
39337.476429833,3,3462,100,1456253,1
39338.21413058,3,3464,100,1463908,-1
39339.389349172,1,3465,100,1460267,1
39340.304026296,1,3466,100,1456951,1
39340.837114865,1,3467,100,1461055,-1
39342.38808119,1,3468,100,1465154,1
39343.214824284,4,3468,100,1465154,1
39344.398938962,1,3469,100,1456647,1
39345.287619954,3,3465,100,1460267,1
39346.224755632,1,3470,100,1460150,1
39346.938142582,1,3471,100,1462015,-1
39348.839933036,1,3472,100,1461656,-1
39349.809297579,1,3473,100,1463958,-1
39350.458414758,1,3474,100,1456245,1
39351.057197432,1,3475,100,1458324,-1
39351.998035414,1,3476,100,1456509,1
39353.2139456,1,3477,100,1461606,1
39354.405964846,5,3466,100,1456951,1
39355.260268187,1,3478,100,1458217,1
39355.990215864,1,3479,100,1454936,1
39356.848350602,1,3480,100,1455972,1
39358.976948943,1,3481,100,1459113,-1
39359.498317453,5,3469,100,1456647,1
39360.272411538,3,3474,100,1456245,1
39361.387405267,1,3482,100,1455707,1
39362.72942352,5,3471,100,1462015,-1
39364.673509012,1,3483,100,1457522,1
39365.949218639,1,3484,100,1456527,1
39366.529572092,1,3485,100,1458932,-1
39367.32322116,1,3486,200,1455515,1
39368.68240222,1,3487,100,1457868,-1
39369.536227558,1,3488,100,1462526,-1
39370.85477135,1,3489,100,1453439,1
39372.014636474,1,3490,100,1455058,1
39372.52246594,1,3491,100,1463640,-1
39373.819564977,1,3492,100,1458395,1
39375.16166103,1,3493,100,1458703,1
39376.489428265,1,3494,100,1461385,-1
39377.502426766,3,3484,100,1456527,1
39378.275335244,1,3495,100,1458067,1
39379.188212559,4,3488,100,1462526,-1
39381.207104233,3,3472,100,1461656,-1
39381.901677118,3,3480,100,1455972,1
39382.381897544,3,3470,100,1460150,1
39383.680968673,1,3496,100,1467996,-1
39384.934496435,4,3485,100,1458932,-1
39386.2644966,5,3467,100,1461055,-1
39387.57030353,1,3497,100,1468368,-1
39388.44238853,1,3498,100,1469339,-1
39389.37860302,3,3490,100,1455058,1
39390.535546825,3,3495,100,1458067,1
39391.464714698,4,3487,100,1457868,-1
39392.704605908,1,3499,100,1469599,-1
39393.956818096,5,3479,100,1454936,1
39394.776215018,3,3496,100,1467996,-1
39396.082293794,4,3481,100,1459113,-1
39397.147617144,3,3489,100,1453439,1
39398.226638911,1,3500,100,1463533,1
39399.07946385,1,3501,100,1465083,1
39399.541748629,3,3497,100,1468368,-1
39400.041151655,3,3473,100,1463958,-1
39402.458581285,3,3501,100,1465083,1
39403.056627533,1,3502,100,1468445,-1
39404.234482503,4,3494,100,1461385,-1
39406.551419076,1,3503,100,1465784,1
39407.632887968,3,3500,100,1463533,1
39408.19718598,4,3477,100,1461606,1
39409.951289409,1,3504,100,1465514,-1
39411.720945306,3,3493,100,1458703,1
39412.729425263,4,3475,100,1458324,-1
39413.840718447,3,3483,100,1457522,1
39415.099820155,4,3503,100,1465784,1
39415.814058935,4,3491,100,1463640,-1
39416.815183599,3,3499,100,1469599,-1
39417.615440434,3,3478,100,1458217,1
39418.771296121,5,3482,100,1455707,1
39419.506100929,1,3505,100,1466945,-1
39420.507933583,3,3498,100,1469339,-1
39421.772563771,3,3476,100,1456509,1
39422.974800361,1,3506,100,1463742,1
39424.011864063,3,3504,100,1465514,-1
39424.761286731,1,3507,100,1463419,1
39425.435353856,1,3508,100,1468914,-1
39426.502856427,3,3507,100,1463419,1
39427.691504698,1,3509,100,1465366,-1
39429.413044621,3,3502,100,1468445,-1
39430.563637201,3,3508,100,1468914,-1
39431.118613839,3,3492,100,1458395,1
39432.026183554,4,3506,100,1463742,1
39432.645796643,3,3505,100,1466945,-1
39433.136091051,1,3510,100,1456022,-1
39434.063971679,5,3486,100,1455515,1
39435.10356009,4,3510,100,1456022,-1
39435.977785113,5,3509,100,1465366,-1
39436.442232979,1,3511,100,1455583,1
39437.534553592,4,3511,100,1455583,1
39438.592612212,3,3486,100,1455515,1
39439.919190929,1,3512,100,1459138,-1
39440.567621765,3,3512,100,1459138,-1
39441.469704021,1,3513,100,1460083,-1
39442.24741304,5,3513,100,1460083,-1
39443.508508349,1,3514,100,1455250,1
39444.08768417,4,3514,100,1455250,1
39444.744446244,1,3515,100,1452642,1
39445.406920714,1,3516,100,1453168,1
39446.162280551,1,3517,100,1451324,1
39446.773852021,4,3516,100,1453168,1
39447.671037514,4,3517,100,1451324,1
39448.845245102,1,3518,100,1456686,-1
39450.077646308,1,3519,100,1454155,1
39450.908144015,3,3515,100,1452642,1
39451.705620807,3,3519,100,1454155,1
39453.64573391,1,3520,100,1456997,1
39454.412053132,3,3518,100,1456686,-1
39455.11136758,5,3520,100,1456997,1
39456.071379914,1,3521,100,1456322,-1
39456.996613572,1,3522,100,1451358,1
39457.571213264,1,3523,100,1457424,-1
39458.933870065,3,3521,100,1456322,-1
39461.117825373,4,3523,100,1457424,-1
39462.194813724,1,3524,100,1451383,1
39463.387293278,4,3522,100,1451358,1
39464.432179216,4,3524,100,1451383,1
39465.276029825,1,3525,100,1453143,-1
39466.139738097,3,3525,100,1453143,-1
39466.962994841,1,3526,100,1448563,1
39467.653534061,5,3526,100,1448563,1
39468.320070738,1,3527,100,1448723,1
39469.104503778,3,3527,100,1448723,1
39469.757450986,1,3528,100,1446373,1
39470.789069782,3,3528,100,1446373,1
39471.410083448,1,3529,100,1444795,1
39472.678413735,1,3530,100,1446905,1
39473.414412285,4,3530,100,1446905,1
39474.2040505,1,3531,100,1447588,1
39475.471011583,3,3531,100,1447588,1
39476.358993116,3,3529,100,1444795,1
39477.515206876,1,3532,100,1452507,-1
39478.016277557,1,3533,100,1447602,1
39478.520900766,4,3533,100,1447602,1
39479.408446888,1,3534,100,1444430,1
39480.268377544,4,3534,100,1444430,1
39481.114740989,5,3532,100,1452507,-1
39482.29022756,1,3535,100,1444385,1
39483.139067758,1,3536,100,1441753,1
39484.179922224,1,3537,100,1441519,1
39484.893771626,3,3536,100,1441753,1
39485.723051039,1,3538,100,1439481,1
39486.52931424,3,3538,100,1439481,1
39487.143841881,4,3535,100,1444385,1
39488.060466779,3,3537,100,1441519,1
39488.907116372,1,3539,300,1451374,-1
39489.75715203,1,3540,100,1442978,1
39490.89999937,3,3539,300,1451374,-1
39492.021638031,1,3541,100,1448008,-1
39492.521193964,5,3540,100,1442978,1
39493.715443574,3,3541,100,1448008,-1
39494.499288622,1,3542,100,1443471,1
39495.095787363,1,3543,100,1448360,-1
39496.363416913,5,3542,100,1443471,1
39497.200556852,1,3544,100,1447081,1
39497.817785566,3,3544,100,1447081,1
39499.198361766,1,3545,100,1449939,-1
39499.857755314,4,3543,100,1448360,-1
39500.445793196,1,3546,100,1445944,1
39501.178159293,3,3545,100,1449939,-1
39501.905599376,1,3547,100,1444206,1
39503.265229358,3,3547,100,1444206,1
39503.912987435,1,3548,100,1443896,-1
39504.618477339,3,3548,100,1443896,-1
39505.404584898,3,3546,100,1445944,1
39506.263600774,1,3549,100,1443200,1
39507.022965604,3,3549,100,1443200,1
39507.846991232,1,3550,100,1442236,1
39508.771352306,3,3550,100,1442236,1
39509.709073555,1,3551,100,1443390,-1
39510.665830938,3,3551,100,1443390,-1
39511.696793682,1,3552,100,1446871,-1
39512.623709013,1,3553,100,1443245,1
39513.787258914,3,3553,100,1443245,1
39514.265304042,1,3554,100,1451341,-1
39515.642547132,4,3552,100,1446871,-1
39516.736864918,1,3555,100,1444207,1
39517.839197556,3,3555,100,1444207,1
39518.720981854,1,3556,100,1450538,-1
39519.558526699,1,3557,100,1447293,1
39521.294462529,1,3558,100,1453974,-1
39522.473586392,1,3559,100,1450520,1
39523.673779167,4,3554,100,1451341,-1
39524.603555155,1,3560,100,1449840,1
39525.182515698,4,3556,100,1450538,-1
39525.731839747,4,3558,100,1453974,-1
39526.426757956,1,3561,100,1456594,-1
39526.89793015,1,3562,100,1450126,1
39528.216276218,3,3559,100,1450520,1
39529.229277411,1,3563,100,1456274,-1
39530.123401481,3,3562,100,1450126,1
39531.627011311,1,3564,100,1446615,1
39532.953469653,5,3557,100,1447293,1
39533.742481154,1,3565,100,1449227,1
39535.514665327,1,3566,100,1445190,1
39537.270689481,1,3567,100,1449861,-1
39538.815836831,1,3568,100,1442970,1
39539.982117686,4,3564,100,1446615,1
39542.403676636,4,3565,100,1449227,1
39543.534914355,1,3569,100,1443584,1
39544.586597868,4,3560,100,1449840,1
39545.943801441,1,3570,100,1445737,1
39547.147162635,1,3571,100,1449650,-1
39547.616272696,1,3572,100,1447582,1
39548.487477128,3,3563,100,1456274,-1
39549.280707689,3,3561,100,1456594,-1
39550.047252497,3,3568,100,1442970,1
39550.72952832,3,3570,100,1445737,1
39551.985583131,1,3573,100,1442585,1
39553.359105752,1,3574,100,1445892,-1
39554.726654689,4,3574,100,1445892,-1
39555.887930394,1,3575,100,1448788,-1
39556.748626477,1,3576,100,1446918,-1
39557.815707299,1,3577,100,1438017,1
39558.6909106,1,3578,100,1446030,-1
39559.776019638,1,3579,100,1440109,1
39560.561110429,3,3569,100,1443584,1
39561.437677099,3,3575,100,1448788,-1
39562.728682509,1,3580,100,1440692,1
39563.228142091,3,3579,100,1440109,1
39564.525850137,4,3572,100,1447582,1
39565.529600929,1,3581,100,1438281,1
39567.886789703,3,3566,100,1445190,1
39568.588457375,1,3582,100,1439469,-1
39569.622669276,3,3567,100,1449861,-1
39570.914147761,1,3583,100,1439359,-1
39571.454692362,1,3584,100,1439304,1
39572.800067377,1,3585,100,1438139,1
39574.071922486,1,3586,100,1442077,-1
39575.169301475,1,3587,100,1439706,-1
39575.975090557,3,3578,100,1446030,-1
39576.671058746,1,3588,100,1436503,1
39577.217738067,1,3589,100,1438276,1
39578.176610135,3,3577,100,1438017,1
39579.150300214,3,3583,100,1439359,-1
39580.104052888,4,3587,100,1439706,-1
39580.919603939,1,3590,100,1442596,-1
39582.124229039,1,3591,100,1439296,1
39582.80186241,4,3580,100,1440692,1
39583.425932211,1,3592,100,1439608,1
39584.453210535,1,3593,100,1437901,1
39585.037501282,1,3594,100,1445045,-1
39585.533171252,1,3595,100,1445749,-1
39586.139173795,3,3576,100,1446918,-1
39586.695359772,3,3584,100,1439304,1
39587.348058309,3,3585,100,1438139,1
39588.29292264,3,3586,100,1442077,-1
39589.131881369,3,3593,100,1437901,1
39590.167339766,3,3589,100,1438276,1
39590.999408131,5,3592,100,1439608,1
39592.060072955,1,3596,100,1453639,-1
39593.337829246,4,3582,100,1439469,-1
39594.450692874,1,3597,100,1446533,1
39595.259765518,1,3598,100,1446220,1
39595.86338106,3,3588,100,1436503,1
39597.866117971,1,3599,100,1455812,-1
39598.795658155,5,3594,100,1445045,-1
39600.117474944,3,3595,100,1445749,-1
39601.17472295,1,3600,100,1457218,-1
39601.707498485,3,3599,100,1455812,-1
39602.451707945,1,3601,100,1449451,1
39603.022585556,3,3601,100,1449451,1
39604.013611663,1,3602,100,1454564,-1
39605.267404795,3,3573,100,1442585,1
39606.07074676,1,3603,100,1450794,1
39606.931305778,4,3571,100,1449650,-1
39607.808816148,3,3598,100,1446220,1
39608.306497573,1,3604,100,1451411,1
39609.041746767,3,3600,100,1457218,-1
39609.622162235,4,3596,100,1453639,-1
39610.506795124,4,3602,100,1454564,-1
39611.346537178,1,3605,100,1456512,-1
39614.033335426,5,3590,100,1442596,-1
39614.567002665,3,3591,100,1439296,1
39616.027892141,4,3605,100,1456512,-1
39617.001276787,3,3581,100,1438281,1
39617.970981126,1,3606,100,1451720,1
39619.093234843,3,3603,100,1450794,1
39620.215076388,1,3607,100,1452984,1
39621.342563978,3,3604,100,1451411,1
39622.679731027,3,3597,100,1446533,1
39623.527175295,1,3608,100,1450813,1
39624.910196887,1,3609,100,1451035,1
39625.695902979,3,3606,100,1451720,1
39626.878029474,4,3609,100,1451035,1
39628.025641429,3,3607,100,1452984,1
39629.401881357,4,3608,100,1450813,1
39630.089897851,1,3610,100,1455952,-1
39631.158891413,5,3610,100,1455952,-1
39631.7308007,1,3611,100,1452045,1
39632.7417026,1,3612,100,1452609,1
39633.978617401,1,3613,100,1451439,1
39635.003851969,1,3614,100,1452512,1
39636.157965545,5,3611,100,1452045,1
39637.111101605,1,3615,100,1448515,1
39638.491007771,3,3612,100,1452609,1
39639.294064531,1,3616,100,1445549,1
39640.419429686,1,3617,100,1452687,-1
39641.61909352,4,3617,100,1452687,-1
39642.893658147,3,3613,100,1451439,1
39643.460046407,1,3618,100,1454701,-1
39644.287361678,1,3619,100,1452466,-1
39645.020471029,3,3618,100,1454701,-1
39645.999553233,4,3614,100,1452512,1
39647.345940251,1,3620,100,1454114,1
39648.405604968,3,3616,100,1445549,1
39649.340671556,1,3621,100,1448742,1
39650.133992878,1,3622,100,1448958,1
39651.436447369,1,3623,100,1449181,1
39652.65261802,3,3619,100,1452466,-1
39653.390231386,3,3620,100,1454114,1
39654.751124432,1,3624,100,1447873,1
39655.394455427,3,3624,100,1447873,1
39656.720101433,1,3625,100,1451111,-1
39657.477410959,3,3625,100,1451111,-1
39658.055831185,3,3623,100,1449181,1
39658.769749647,4,3615,100,1448515,1
39659.414285289,3,3622,100,1448958,1
39659.944261189,1,3626,100,1453518,-1
39661.335933555,3,3621,100,1448742,1
39662.238313118,1,3627,100,1448641,1
39662.861642088,5,3627,100,1448641,1
39664.415095692,3,3626,100,1453518,-1
39665.217635045,1,3628,100,1453910,-1
39666.561281956,3,3628,100,1453910,-1
39667.843428885,1,3629,100,1457954,-1
39668.528688229,1,3630,100,1452187,1
39669.542740482,1,3631,100,1457589,-1
39670.770892369,1,3632,100,1456861,1
39671.69042904,3,3631,100,1457589,-1
39672.400986562,1,3633,100,1450249,1
39674.895986376,1,3634,100,1453707,-1
39675.924344352,3,3630,100,1452187,1
39677.273164873,4,3632,100,1456861,1
39678.474550053,1,3635,100,1452360,-1
39679.492475397,3,3633,100,1450249,1
39680.575807506,1,3636,100,1444892,1
39681.369148774,3,3635,100,1452360,-1
39681.958102214,4,3636,100,1444892,1
39683.171100251,3,3634,100,1453707,-1
39684.249041558,1,3637,100,1445748,1
39685.085488799,1,3638,100,1443138,1
39685.86842099,1,3639,100,1438446,1
39686.478650705,3,3639,100,1438446,1
39687.849505288,3,3637,100,1445748,1
39689.019929624,3,3638,100,1443138,1
39689.715665191,3,3629,100,1457954,-1
39691.095686251,1,3640,100,1442696,1
39692.423205568,4,3640,100,1442696,1
39693.829774371,1,3641,100,1444205,1
39694.468988304,5,3641,100,1444205,1
39695.684165783,1,3642,100,1446592,-1
39696.755049373,1,3643,100,1446733,-1
39698.076099236,3,3643,100,1446733,-1
39698.791953749,3,3642,100,1446592,-1
39699.478373247,1,3644,100,1444658,-1
39700.76937265,3,3644,100,1444658,-1
39701.791004826,1,3645,100,1444910,-1
39703.042534168,3,3645,100,1444910,-1
39703.625107565,1,3646,100,1448568,1
39704.336660275,3,3646,100,1448568,1
39705.535934013,1,3647,100,1445051,-1
39706.165703522,5,3647,100,1445051,-1
39707.238967745,1,3648,100,1445543,-1
39707.928165868,1,3649,100,1440846,1
39708.702031828,1,3650,100,1440154,1
39709.968216935,3,3648,100,1445543,-1
39710.978091509,1,3651,100,1446263,-1
39711.790189153,1,3652,100,1446557,-1
39713.161198378,4,3652,100,1446557,-1
39714.285237517,1,3653,100,1450158,-1
39715.695211568,1,3654,100,1445111,1
39717.080304852,1,3655,100,1449580,-1
39717.748208166,3,3650,100,1440154,1
39718.398758685,4,3651,100,1446263,-1
39719.763842427,4,3654,100,1445111,1
39722.037352685,1,3656,100,1448282,-1
39722.650671125,1,3657,100,1441274,1
39723.584988136,3,3653,100,1450158,-1
39724.601996748,1,3658,100,1444530,-1
39725.437160281,4,3649,100,1440846,1
39726.194972394,1,3659,100,1445407,-1
39726.939825797,4,3657,100,1441274,1
39728.663743678,4,3655,100,1449580,-1
39729.839133252,4,3658,100,1444530,-1
39730.836048056,3,3659,100,1445407,-1
39731.554689234,3,3656,100,1448282,-1
39732.459354912,1,3660,100,1443627,-1
39733.245582742,1,3661,100,1444001,-1
39735.631570614,1,3662,100,1434989,1
39736.588463729,1,3663,100,1435206,1
39737.465592137,3,3663,100,1435206,1
39737.970251474,3,3661,100,1444001,-1
39738.792213633,3,3660,100,1443627,-1
39739.47856375,3,3662,100,1434989,1
39740.698653574,1,3664,100,1436734,-1
39742.002237092,1,3665,100,1430681,1
39742.599482632,5,3664,100,1436734,-1
39743.627927825,4,3665,100,1430681,1
39744.525189532,1,3666,100,1432758,1
39745.102926805,3,3666,100,1432758,1
39746.468246533,1,3667,100,1434690,-1
39747.792371633,5,3667,100,1434690,-1
39748.483557539,1,3668,100,1435275,-1
39749.703695504,1,3669,100,1430625,1
39752.054425154,3,3668,100,1435275,-1
39753.76934073,1,3670,100,1435954,-1
39754.901056951,4,3670,100,1435954,-1
39755.796855691,4,3669,100,1430625,1
39756.315806679,1,3671,100,1439266,-1
39757.158657223,3,3671,100,1439266,-1
39758.023760736,1,3672,100,1436925,1
39759.009101117,5,3672,100,1436925,1
39760.239338864,1,3673,100,1440008,-1
39761.076229566,1,3674,100,1439044,-1
39761.84469864,1,3675,100,1434375,1
39762.701601384,5,3675,100,1434375,1
39763.609900158,1,3676,100,1436740,1
39764.578065975,3,3673,100,1440008,-1
39765.43822996,3,3676,100,1436740,1
39766.402242728,3,3674,100,1439044,-1
39767.377185225,1,3677,100,1439544,-1
39768.085192328,1,3678,100,1436044,1
39769.220491177,4,3677,100,1439544,-1
39770.251323611,3,3678,100,1436044,1
39771.165191689,1,3679,100,1440823,-1
39772.411377058,1,3680,100,1440263,-1
39772.894637354,1,3681,100,1442438,-1
39773.970214208,1,3682,100,1437497,1
39775.016070168,1,3683,100,1432663,1
39775.805854123,1,3684,100,1439192,-1
39776.945069757,1,3685,100,1433120,1
39778.345219259,1,3686,100,1435320,1
39779.238152957,3,3682,100,1437497,1
39781.468210186,1,3687,100,1439511,-1
39782.215516122,1,3688,100,1435320,-1
39782.760004579,1,3689,100,1435296,1
39784.008450285,1,3690,100,1432924,1
39786.159864918,1,3691,100,1438868,1
39787.57137335,3,3687,100,1439511,-1
39789.371404762,1,3692,100,1440323,-1
39789.959673721,3,3679,100,1440823,-1
39791.306014573,4,3686,100,1435320,1
39792.607425242,3,3683,100,1432663,1
39793.954178825,1,3693,100,1436476,1
39794.989852633,5,3684,100,1439192,-1
39795.639108702,4,3688,100,1435320,-1
39796.953817582,1,3694,100,1436617,1
39797.978274235,4,3691,100,1438868,1
39799.26616574,3,3690,100,1432924,1
39801.98316164,5,3694,100,1436617,1
39803.522677137,4,3692,100,1440323,-1
39804.613247461,1,3695,100,1437912,1
39806.01447607,3,3685,100,1433120,1
39808.471242759,4,3680,100,1440263,-1
39809.398471149,3,3695,100,1437912,1
39810.52679604,3,3689,100,1435296,1
39811.070364216,1,3696,100,1442661,-1
39812.276548976,3,3681,100,1442438,-1
39812.872610662,1,3697,100,1438373,1
39813.650771271,3,3697,100,1438373,1
39814.313804901,1,3698,100,1445074,-1
39815.271590275,1,3699,100,1442075,1
39815.95537835,4,3696,100,1442661,-1
39817.029457739,5,3698,100,1445074,-1
39819.038952083,4,3699,100,1442075,1
39819.593211705,1,3700,100,1441481,1
39820.931817407,1,3701,100,1438479,1
39822.228927366,1,3702,100,1441812,1
39823.157281866,3,3700,100,1441481,1
39823.961152253,1,3703,100,1441278,-1
39825.315337406,4,3703,100,1441278,-1
39826.433028223,4,3702,100,1441812,1
39827.426630776,1,3704,100,1441636,1
39830.649015007,4,3704,100,1441636,1
39831.168507591,3,3701,100,1438479,1
39831.753201476,1,3705,100,1444281,-1
39832.262023504,1,3706,100,1444601,-1
39833.294315251,3,3705,100,1444281,-1
39834.378902862,1,3707,100,1439708,1
39835.242334115,3,3706,100,1444601,-1
39835.885868356,1,3708,100,1436627,1
39836.485510462,4,3708,100,1436627,1
39837.583006396,1,3709,100,1434601,1
39838.889952469,1,3710,100,1434214,1
39839.659737774,3,3693,100,1436476,1
39841.728772176,1,3711,100,1438625,-1
39842.958499002,1,3712,100,1439371,1
39844.090977162,1,3713,100,1442480,-1
39844.694582203,1,3714,100,1441051,-1
39845.675501538,1,3715,100,1433549,1
39847.027111753,1,3716,100,1438231,1
39848.280393905,1,3717,100,1437947,1
39849.46062878,3,3709,100,1434601,1
39850.895497966,1,3718,100,1436897,-1
39851.908370912,1,3719,100,1430212,1
39853.178411481,1,3720,100,1434899,-1
39854.157476944,3,3718,100,1436897,-1
39854.654882146,4,3715,100,1433549,1
39855.476991747,1,3721,100,1433914,1
39856.703199609,1,3722,100,1431312,1
39857.70317103,4,3716,100,1438231,1
39858.260178877,5,3722,100,1431312,1
39858.912524975,5,3711,100,1438625,-1
39860.045592806,1,3723,100,1435353,-1
39861.028602351,3,3712,100,1439371,1
39861.763416018,3,3720,100,1434899,-1
39862.759195039,1,3724,100,1431363,1
39863.942486696,1,3725,100,1438041,-1
39864.900771498,1,3726,100,1434768,-1
39866.273860117,1,3727,100,1434933,1
39867.206991747,1,3728,100,1435222,1
39868.500862149,1,3729,100,1435319,-1
39869.84306087,4,3710,100,1434214,1
39870.449840025,3,3727,100,1434933,1
39871.363245427,4,3724,100,1431363,1
39872.408929403,3,3713,100,1442480,-1
39873.290222379,3,3717,100,1437947,1
39874.79113239,1,3730,100,1433811,-1
39876.153737204,3,3714,100,1441051,-1
39877.529967923,1,3731,100,1429376,1
39878.748998125,1,3732,100,1437778,-1
39879.274703802,1,3733,100,1431218,1
39880.47228898,4,3728,100,1435222,1
39881.661711696,3,3726,100,1434768,-1
39882.379428827,1,3734,100,1427845,1
39882.964579322,3,3721,100,1433914,1
39883.696860253,3,3707,100,1439708,1
39884.803407132,4,3719,100,1430212,1
39885.799077947,3,3730,100,1433811,-1
39886.810072263,1,3735,100,1424497,1
39888.237505091,5,3731,100,1429376,1
39889.08899658,3,3734,100,1427845,1
39889.792821761,3,3725,100,1438041,-1
39890.78778308,1,3736,100,1418814,1
39891.840000565,3,3735,100,1424497,1
39893.094340647,1,3737,100,1425618,-1
39893.815476201,3,3732,100,1437778,-1
39894.313916288,1,3738,100,1421251,1
39895.38102167,1,3739,100,1423383,-1
39896.297395891,4,3736,100,1418814,1
39897.273060558,1,3740,100,1423695,-1
39898.682081124,4,3738,100,1421251,1
39899.969546954,1,3741,100,1421470,1
39900.867692996,1,3742,100,1425116,-1
39901.682921112,4,3741,100,1421470,1
39902.377117032,4,3739,100,1423383,-1
39903.620194114,1,3743,100,1418444,1
39904.633918026,1,3744,100,1423155,-1
39905.924558934,1,3745,100,1419040,1
39906.596903245,4,3740,100,1423695,-1
39907.587464149,1,3746,100,1420954,1
39908.376071071,1,3747,100,1424107,-1
39909.575043685,1,3748,100,1423862,-1
39910.909642216,1,3749,100,1427933,-1
39912.311770745,1,3750,100,1425943,-1
39913.064005447,1,3751,100,1421351,-1
39914.359309923,3,3746,100,1420954,1
39915.027660697,1,3752,100,1420318,1
39916.054203915,1,3753,100,1423025,-1
39916.927083877,1,3754,100,1419092,1
39918.141944336,1,3755,100,1424928,-1
39919.226972144,5,3754,100,1419092,1
39919.910985466,4,3751,100,1421351,-1
39920.456939698,5,3737,100,1425618,-1
39921.071282438,1,3756,100,1423365,-1
39922.18912481,4,3750,100,1425943,-1
39922.70309319,3,3747,100,1424107,-1
39923.637575054,4,3748,100,1423862,-1
39924.332643594,1,3757,100,1424678,1
39925.561084685,5,3753,100,1423025,-1
39926.530502419,3,3733,100,1431218,1
39927.134977041,1,3758,100,1432889,-1
39928.328809992,3,3756,100,1423365,-1
39929.473844246,4,3749,100,1427933,-1
39930.50946645,1,3759,100,1428496,1
39933.350932702,1,3760,100,1431483,1
39934.743748163,1,3761,100,1436676,-1
39935.429438034,5,3752,100,1420318,1
39936.501536964,3,3745,100,1419040,1
39937.812886433,4,3742,100,1425116,-1
39938.894176184,1,3762,100,1427676,1
39940.115107551,3,3757,100,1424678,1
39940.963434001,1,3763,100,1430052,1
39942.091215612,3,3762,100,1427676,1
39944.12534175,5,3760,100,1431483,1
39945.442542256,3,3761,100,1436676,-1
39946.248913537,3,3763,100,1430052,1
39946.964824819,1,3764,100,1428703,1
39947.593484502,1,3765,100,1434630,-1
39949.812184548,3,3744,100,1423155,-1
39950.806211359,1,3766,100,1435241,-1
39951.668099457,4,3723,100,1435353,-1
39952.537833348,3,3764,100,1428703,1
39953.538512744,1,3767,100,1435618,1
39954.630937556,3,3729,100,1435319,-1
39955.766704273,1,3768,100,1430914,1
39957.018879042,1,3769,100,1438047,-1
39957.63731765,1,3770,100,1432383,1
39958.705722867,3,3767,100,1435618,1
39959.766349367,3,3759,100,1428496,1
39960.45988722,5,3743,100,1418444,1
39961.903825505,3,3765,100,1434630,-1
39963.185548644,3,3770,100,1432383,1
39963.824253104,3,3768,100,1430914,1
39965.109828976,1,3771,100,1436809,-1
39967.12576192,3,3769,100,1438047,-1
39968.15522455,3,3758,100,1432889,-1
39969.103058963,4,3766,100,1435241,-1
39970.533461244,1,3772,100,1432408,-1
39973.109225468,3,3771,100,1436809,-1
39974.322098467,4,3755,100,1424928,-1
39976.300921768,3,3772,100,1432408,-1
39977.215455096,1,3773,100,1432662,-1
39978.298301694,1,3774,100,1432122,-1
39979.65201985,1,3775,100,1430381,-1
39980.860646378,3,3773,100,1432662,-1
39982.127705257,3,3774,100,1432122,-1
39983.041609772,3,3775,100,1430381,-1
39984.136348745,1,3776,100,1430297,1
39985.471678552,3,3776,100,1430297,1
39986.676421988,1,3777,100,1431391,1
39987.741450668,4,3777,100,1431391,1
39988.80880776,1,3778,100,1435682,-1
39989.766510601,5,3778,100,1435682,-1
39991.071373699,1,3779,100,1438787,-1
39992.389547801,3,3779,100,1438787,-1
39993.720505278,1,3780,100,1435587,1
39994.245928661,4,3780,100,1435587,1
39995.041466211,1,3781,100,1435239,1
39996.037127125,1,3782,100,1435421,1
39996.783099226,4,3781,100,1435239,1
39997.511417064,3,3782,100,1435421,1
39998.478324616,1,3783,100,1437288,-1
39999.841324,1,3784,100,1433652,1
40001.469338366,5,3783,100,1437288,-1
40002.397200845,4,3784,100,1433652,1
40003.074390161,1,3785,100,1438360,-1
40003.97946323,5,3785,100,1438360,-1
40005.306613921,1,3786,100,1431184,1
40006.313642997,1,3787,100,1434855,-1
40007.518009177,4,3787,100,1434855,-1
40008.209680611,1,3788,100,1436658,-1
40009.412009529,3,3786,100,1431184,1
40010.209355407,5,3788,100,1436658,-1
40011.12012792,1,3789,100,1433027,1
40013.932707719,1,3790,100,1433385,1
40014.603353917,4,3790,100,1433385,1
40015.368465444,3,3789,100,1433027,1
40015.955407339,1,3791,100,1432639,1
40016.891544643,4,3791,100,1432639,1
40018.19064305,1,3792,100,1433930,-1
40018.954395851,5,3792,100,1433930,-1
40019.832362194,1,3793,100,1435210,-1
40020.633863509,1,3794,100,1436594,-1
40021.269519234,1,3795,100,1436100,-1
40022.048618225,1,3796,100,1432262,1
40023.745278279,1,3797,100,1436359,-1
40025.004517952,3,3795,100,1436100,-1
40025.938631392,1,3798,100,1434985,1
40027.073216218,5,3796,100,1432262,1
40027.670039975,1,3799,100,1437195,-1
40029.036032835,1,3800,100,1433607,1
40030.100386565,1,3801,100,1433434,1
40031.11757531,3,3798,100,1434985,1
40033.914361066,1,3802,100,1439248,-1
40036.178404931,1,3803,100,1435366,-1
40037.270770613,3,3797,100,1436359,-1
40039.544736502,4,3799,100,1437195,-1
40040.885298345,1,3804,100,1438083,1
40041.654784485,3,3794,100,1436594,-1
40042.707508233,1,3805,100,1435872,1
40044.010772866,3,3803,100,1435366,-1
40044.580089596,3,3804,100,1438083,1
40045.729564545,1,3806,100,1439927,-1
40046.397760231,3,3805,100,1435872,1
40047.781546662,1,3807,100,1439478,1
40048.808127277,4,3802,100,1439248,-1
40049.604338482,1,3808,100,1440852,1
40051.09172537,4,3806,100,1439927,-1
40051.704619848,3,3808,100,1440852,1
40053.004554774,3,3793,100,1435210,-1
40054.278709383,1,3809,100,1440064,1
40055.563576118,4,3801,100,1433434,1
40056.596298662,4,3800,100,1433607,1
40057.949503782,5,3807,100,1439478,1
40058.48433883,3,3809,100,1440064,1
40059.00887344,1,3810,100,1440703,1
40059.837948375,3,3810,100,1440703,1
40060.399054896,1,3811,100,1443377,-1
40061.859631132,1,3812,100,1443001,-1
40062.747680152,1,3813,100,1444216,-1
40063.245998113,3,3812,100,1443001,-1
40063.834677873,1,3814,100,1442511,-1
40064.627291331,3,3813,100,1444216,-1
40066.49822809,3,3814,100,1442511,-1
40067.809960174,1,3815,100,1437036,1
40068.33671568,5,3811,100,1443377,-1
40069.070843039,1,3816,100,1438035,1
40070.462896798,4,3815,100,1437036,1
40071.028909857,1,3817,100,1444449,-1
40071.553251022,4,3817,100,1444449,-1
40072.923035324,3,3816,100,1438035,1
40073.418526391,1,3818,100,1441637,-1
40074.571486278,1,3819,100,1434371,1
40075.841740267,5,3818,100,1441637,-1
40078.407850162,1,3820,100,1434281,1
40079.813219077,1,3821,100,1437919,-1
40081.245784705,1,3822,100,1437654,-1
40082.052769649,1,3823,100,1432791,-1
40083.277032558,4,3820,100,1434281,1
40084.680896895,1,3824,100,1433381,1
40086.498448265,1,3825,100,1434521,1
40087.533203797,3,3823,100,1432791,-1
40088.067526508,5,3825,100,1434521,1
40089.296020025,4,3821,100,1437919,-1
40089.804717363,3,3822,100,1437654,-1
40091.230902598,1,3826,100,1439513,-1
40092.612165269,4,3824,100,1433381,1
40094.448959915,3,3826,100,1439513,-1
40095.353722069,4,3819,100,1434371,1
40096.37977493,1,3827,100,1437327,1
40097.622269054,4,3827,100,1437327,1
40098.844934074,1,3828,100,1435158,-1
40099.419053634,4,3828,100,1435158,-1
40099.995579,1,3829,100,1437271,-1
40100.845521825,1,3830,100,1432129,-1
40101.520403508,1,3831,100,1432181,1
40103.36054236,1,3832,100,1434568,-1
40104.343746086,3,3831,100,1432181,1
40104.85403356,1,3833,100,1427044,1
40106.436933597,1,3834,100,1427123,1
40107.424718368,1,3835,100,1430662,1
40108.805568707,3,3834,100,1427123,1
40109.505634497,1,3836,100,1429725,1
40110.601354716,1,3837,100,1434249,-1
40111.233510252,1,3838,100,1429966,1
40112.237765161,1,3839,100,1428671,1
40113.242285086,1,3840,100,1434786,-1
40113.893294846,5,3829,100,1437271,-1
40115.106090388,1,3841,100,1433731,1
40116.16754242,3,3838,100,1429966,1
40116.802346941,1,3842,100,1433008,1
40118.046802611,3,3835,100,1430662,1
40118.838365178,1,3843,100,1434883,1
40119.767530538,3,3832,100,1434568,-1
40120.619506831,1,3844,100,1439414,-1
40121.432797606,4,3840,100,1434786,-1
40122.736544154,1,3845,100,1436944,1
40124.830644942,1,3846,100,1442239,-1
40125.730027325,1,3847,100,1437392,1
40126.230576525,4,3846,100,1442239,-1
40127.754110254,1,3848,100,1441739,1
40130.289339359,1,3849,100,1438543,1
40131.680384757,3,3830,100,1432129,-1
40132.655756156,1,3850,100,1440893,-1
40134.09547192,1,3851,100,1441104,1
40134.844358895,4,3837,100,1434249,-1
40135.575540369,3,3843,100,1434883,1
40136.30350712,3,3851,100,1441104,1
40137.341067151,3,3836,100,1429725,1
40138.71855838,1,3852,100,1444542,-1
40141.046138525,5,3845,100,1436944,1
40141.594309518,3,3848,100,1441739,1
40142.837831055,3,3833,100,1427044,1
40143.56009798,3,3849,100,1438543,1
40144.365421725,1,3853,100,1442574,-1
40145.176590135,1,3854,100,1438551,1
40145.761074926,4,3844,100,1439414,-1
40146.784028302,3,3850,100,1440893,-1
40147.834086676,1,3855,100,1439582,-1
40148.876199729,4,3853,100,1442574,-1
40150.922157392,4,3855,100,1439582,-1
40151.621776454,1,3856,100,1445733,-1
40152.689641354,1,3857,100,1442755,-1
40153.533721697,3,3842,100,1433008,1
40154.284378475,1,3858,100,1444743,1
40155.019333153,4,3852,100,1444542,-1
40156.36119779,4,3857,100,1442755,-1
40157.567999187,1,3859,100,1451494,-1
40158.395966514,1,3860,100,1455057,-1
40160.180311188,3,3856,100,1445733,-1
40160.931444043,1,3861,100,1448907,1
40161.448662007,3,3860,100,1455057,-1
40163.022397305,5,3858,100,1444743,1
40164.003581216,3,3841,100,1433731,1
40164.513498461,3,3839,100,1428671,1
40165.584147236,1,3862,100,1453159,-1
40166.171956158,1,3863,100,1450043,1
40167.556327942,5,3854,100,1438551,1
40168.642379769,1,3864,100,1449097,1
40169.647529608,3,3859,100,1451494,-1
40170.784335904,3,3863,100,1450043,1
40171.345379679,4,3864,100,1449097,1
40172.176357983,3,3862,100,1453159,-1
40173.04814096,1,3865,100,1451129,-1
40173.889853599,1,3866,100,1448642,1
40174.563850543,3,3866,100,1448642,1
40175.662412759,4,3861,100,1448907,1
40176.406375831,1,3867,100,1449736,-1
40177.756471254,3,3847,100,1437392,1
40178.506653407,4,3865,100,1451129,-1
40179.220804694,1,3868,100,1446894,-1
40180.685281295,1,3869,100,1447229,1
40181.714163454,5,3867,100,1449736,-1
40182.931834063,3,3868,100,1446894,-1
40183.640826089,1,3870,100,1446406,1
40184.69772442,1,3871,100,1451442,1
40187.251808724,1,3872,100,1449827,1
40188.315942813,1,3873,100,1449882,1
40189.217256725,1,3874,100,1450089,1
40190.088899412,5,3874,100,1450089,1
40191.341082082,4,3869,100,1447229,1
40192.681761805,5,3873,100,1449882,1
40193.296200922,3,3872,100,1449827,1
40194.594953563,1,3875,100,1454021,-1
40195.800008046,4,3875,100,1454021,-1
40196.513342407,3,3871,100,1451442,1
40197.610992396,5,3870,100,1446406,1
40198.169021049,1,3876,100,1449588,1
40198.970574986,1,3877,100,1451854,1
40199.746496507,3,3876,100,1449588,1
40200.79219573,1,3878,100,1458333,-1
40202.365178188,1,3879,100,1452799,1
40202.935252874,3,3877,100,1451854,1
40203.886875443,4,3878,100,1458333,-1
40205.03976021,1,3880,100,1462884,-1
40206.084733867,3,3879,100,1452799,1
40207.523902254,1,3881,100,1453761,1
40208.927726567,4,3880,100,1462884,-1
40209.978063507,3,3881,100,1453761,1
40210.710517209,1,3882,100,1456844,1
40211.784540996,4,3882,100,1456844,1
40213.257847249,1,3883,100,1455849,1
40214.713952411,3,3883,100,1455849,1
40216.189243216,1,3884,100,1456889,1
40217.303107315,1,3885,100,1462106,-1
40218.307569047,1,3886,100,1461418,-1
40219.035689415,1,3887,100,1461876,-1
40220.422259049,4,3886,100,1461418,-1
40221.046398051,5,3887,100,1461876,-1
40222.471394133,3,3885,100,1462106,-1
40223.624773423,1,3888,100,1462107,-1
40224.414503832,5,3884,100,1456889,1
40225.783312349,1,3889,100,1461984,1
40227.164809246,3,3889,100,1461984,1
40227.984153217,5,3888,100,1462107,-1
40229.012271425,1,3890,100,1462515,-1
40230.44967907,5,3890,100,1462515,-1
40231.035734401,1,3891,100,1461614,-1
40232.203678425,4,3891,100,1461614,-1
40233.421007033,1,3892,100,1457333,1
40234.332637598,3,3892,100,1457333,1
40234.945300359,1,3893,100,1457020,1
40235.482064848,1,3894,100,1458774,-1
40236.365110259,1,3895,100,1455415,1
40238.631864306,3,3895,100,1455415,1
40239.6030747,4,3893,100,1457020,1
40240.693010814,1,3896,100,1457692,-1
40241.507813816,5,3894,100,1458774,-1
40242.340734219,3,3896,100,1457692,-1
40243.493766783,1,3897,100,1454622,1
40244.127643899,3,3897,100,1454622,1
40245.350093292,1,3898,100,1461604,-1
40247.594498379,1,3899,100,1463205,-1
40248.648466909,5,3899,100,1463205,-1
40249.72968887,4,3898,100,1461604,-1
40250.263480816,1,3900,100,1459890,1
40250.832208185,3,3900,100,1459890,1
40252.07821398,1,3901,100,1460519,1
40252.98329164,4,3901,100,1460519,1
40254.243195088,1,3902,100,1460000,1
40255.546238776,1,3903,100,1467192,-1
40256.59420505,1,3904,100,1466574,-1
40258.068763271,3,3902,100,1460000,1
40258.84933749,1,3905,100,1468606,-1
40259.779767474,4,3903,100,1467192,-1
40260.378931175,1,3906,100,1469994,-1
40261.113599388,1,3907,100,1468078,1
40263.359413023,1,3908,100,1463293,1
40263.997649022,3,3907,100,1468078,1
40264.827073701,3,3908,100,1463293,1
40266.05762954,1,3909,100,1469869,-1
40266.66291524,3,3905,100,1468606,-1
40268.732669344,4,3904,100,1466574,-1
40269.479257221,4,3906,100,1469994,-1
40270.30604081,4,3909,100,1469869,-1
40271.690275046,1,3910,100,1470735,-1
40272.663518846,3,3910,100,1470735,-1
40274.055515368,1,3911,100,1469823,-1
40275.3742711,1,3912,100,1464665,1
40276.286767301,3,3911,100,1469823,-1
40277.173245637,4,3912,100,1464665,1
40278.624850092,1,3913,100,1474594,-1
40279.491874874,1,3914,100,1470708,1
40280.44667942,1,3915,100,1471103,-1
40280.998389775,1,3916,100,1472324,-1
40281.902909696,1,3917,100,1474157,-1
40282.897808954,4,3915,100,1471103,-1
40283.95018693,3,3914,100,1470708,1
40285.403878694,1,3918,100,1470649,1
40286.879264758,1,3919,100,1467320,1
40287.789385253,5,3918,100,1470649,1
40289.152466458,1,3920,100,1462480,1
40290.093709932,3,3919,100,1467320,1
40290.930618968,3,3917,100,1474157,-1
40291.934723273,1,3921,100,1463295,1
40293.000420275,3,3916,100,1472324,-1
40293.572603938,1,3922,100,1470828,-1
40294.211093138,1,3923,100,1464553,1
40294.73264489,3,3913,100,1474594,-1
40295.816084719,4,3923,100,1464553,1
40296.757087973,1,3924,100,1461106,1
40297.392832312,1,3925,100,1460677,-1
40298.010498897,4,3921,100,1463295,1
40298.869106582,3,3922,100,1470828,-1
40300.247679253,3,3925,100,1460677,-1
40301.716001876,1,3926,100,1466368,-1
40302.812971567,1,3927,100,1460785,1
40304.033270689,3,3924,100,1461106,1
40304.88236399,3,3927,100,1460785,1
40305.980571873,5,3920,100,1462480,1
40306.872945535,3,3926,100,1466368,-1
40307.697348142,1,3928,100,1467355,-1
40308.346958529,5,3928,100,1467355,-1
40309.712705478,1,3929,100,1467499,1
40310.949507826,5,3929,100,1467499,1
40312.320851575,1,3930,100,1471962,-1
40313.070560396,4,3930,100,1471962,-1
40313.811583816,1,3931,100,1475652,-1
40314.634514437,1,3932,100,1473656,1
40315.33194619,1,3933,100,1469432,1
40316.103829591,5,3933,100,1469432,1
40317.024571436,3,3931,100,1475652,-1
40318.750949206,3,3932,100,1473656,1
40319.524398613,1,3934,100,1470891,-1
40320.779363484,5,3934,100,1470891,-1
40321.408357694,1,3935,100,1468011,1
40322.633519778,1,3936,100,1468830,-1
40324.068690734,1,3937,100,1469340,-1
40324.660801603,3,3935,100,1468011,1
40325.605718169,1,3938,100,1466563,1
40326.708858289,5,3938,100,1466563,1
40327.839127272,1,3939,100,1464481,1
40328.81398456,3,3936,100,1468830,-1
40329.38145697,3,3939,100,1464481,1
40330.142281752,4,3937,100,1469340,-1
40331.241940949,1,3940,100,1466485,-1
40331.781098691,1,3941,100,1464777,-1
40333.244523213,3,3940,100,1466485,-1
40334.587644996,3,3941,100,1464777,-1
40335.26719286,1,3942,100,1463604,1
40335.941666447,4,3942,100,1463604,1
40337.253685142,1,3943,100,1463600,1
40337.895956103,4,3943,100,1463600,1
40339.037427131,1,3944,100,1465159,-1
40339.890131381,1,3945,100,1461881,1
40341.305277394,1,3946,100,1465268,-1
40341.992121376,4,3945,100,1461881,1
40343.040036585,1,3947,100,1465827,1
40344.360171427,3,3946,100,1465268,-1
40344.964964476,4,3947,100,1465827,1
40347.129276835,3,3944,100,1465159,-1
40347.67672633,1,3948,100,1463164,1
40348.522608438,1,3949,100,1464033,1
40349.519422894,1,3950,100,1457900,1
40350.674106679,1,3951,100,1464745,1
40352.251623496,1,3952,100,1465278,-1
40353.056399758,4,3949,100,1464033,1
40355.128853136,3,3951,100,1464745,1
40355.741153107,4,3952,100,1465278,-1
40356.980143217,1,3953,100,1468096,-1
40357.842624512,5,3948,100,1463164,1
40358.897988787,1,3954,100,1465496,-1
40360.190304297,3,3950,100,1457900,1
40361.593666347,1,3955,100,1470948,-1
40362.428893142,1,3956,100,1470137,-1
40363.854199407,5,3954,100,1465496,-1
40364.922128177,5,3956,100,1470137,-1
40365.922760903,5,3953,100,1468096,-1
40367.617177497,3,3955,100,1470948,-1
40368.561885126,1,3957,100,1465787,-1
40369.871246895,3,3957,100,1465787,-1
40371.301139641,1,3958,100,1461979,1
40371.826447971,1,3959,100,1468992,1
40372.976325966,4,3959,100,1468992,1
40373.507838879,4,3958,100,1461979,1
40374.796487637,1,3960,100,1467387,-1
40377.006346385,3,3960,100,1467387,-1
40378.057814313,1,3961,100,1469791,-1
40378.979606177,4,3961,100,1469791,-1
40379.628281721,1,3962,100,1470615,-1
40380.609877904,1,3963,100,1467315,1
40381.911347897,4,3963,100,1467315,1
40383.424565022,3,3962,100,1470615,-1
40384.754085714,1,3964,100,1470347,-1
40386.105770806,1,3965,100,1470689,-1
40386.652131925,1,3966,100,1470226,-1
40388.071537648,3,3965,100,1470689,-1
40389.184728488,4,3966,100,1470226,-1
40390.330646078,4,3964,100,1470347,-1
40391.272539038,1,3967,100,1464296,-1
40391.979052392,4,3967,100,1464296,-1
40393.121560798,1,3968,100,1462139,1
40394.080253166,5,3968,100,1462139,1
40395.512119438,1,3969,100,1470373,-1
40396.42125395,1,3970,100,1466081,-1
40397.154532624,1,3971,100,1469204,-1
40398.578363075,1,3972,100,1469909,-1
40399.812376833,3,3972,100,1469909,-1
40400.809919016,4,3971,100,1469204,-1
40401.859944981,1,3973,100,1468965,-1
40402.438204321,1,3974,100,1465846,-1
40403.725840501,4,3970,100,1466081,-1
40404.498856361,1,3975,100,1470317,-1
40405.686046803,1,3976,100,1466550,-1
40407.093825306,5,3974,100,1465846,-1
40408.17225067,1,3977,100,1461871,1
40409.522919286,1,3978,100,1468906,-1
40411.038875292,1,3979,100,1469704,-1
40412.297090019,4,3976,100,1466550,-1
40413.789628448,5,3979,100,1469704,-1
40414.422640413,3,3969,100,1470373,-1
40415.649142358,3,3973,100,1468965,-1
40416.331229118,5,3977,100,1461871,1
40417.685714308,1,3980,100,1469335,-1
40418.997548655,5,3978,100,1468906,-1
40420.094838224,1,3981,100,1464583,1
40420.855871034,1,3982,100,1463534,1
40421.58661681,1,3983,100,1462633,1
40422.920921895,5,3981,100,1464583,1
40423.77525002,4,3983,100,1462633,1
40424.569141664,1,3984,100,1469427,-1
40425.772837522,1,3985,100,1463456,1
40427.302311492,4,3985,100,1463456,1
40428.621059297,5,3982,100,1463534,1
40429.741344905,1,3986,100,1463827,1
40430.58387546,3,3984,100,1469427,-1
40432.047956453,1,3987,100,1465705,1
40432.764447145,1,3988,100,1463457,1
40433.369214869,1,3989,100,1469383,-1
40434.499443812,1,3990,100,1468269,-1
40435.87298881,1,3991,100,1470270,-1
40437.341352965,1,3992,300,1470973,-1
40439.392295678,3,3990,100,1468269,-1
40440.774840509,4,3987,100,1465705,1
40442.095933098,3,3988,100,1463457,1
40442.949601508,4,3986,100,1463827,1
40443.548975282,4,3989,100,1469383,-1
40445.024932875,5,3980,100,1469335,-1
40446.152658059,1,3993,100,1461761,1
40447.091473795,1,3994,100,1462236,-1
40448.172535023,1,3995,100,1462074,-1
40449.177156301,5,3995,100,1462074,-1
40449.968868111,1,3996,100,1461923,-1
40450.78151545,5,3991,100,1470270,-1
40451.368112209,2,3992,100,1470973,-1
40452.717006352,3,3994,100,1462236,-1
40453.326825411,1,3997,100,1454949,1
40454.456126564,2,3992,100,1470973,-1
40455.976607353,4,3993,100,1461761,1
40457.18037785,1,3998,100,1459239,1
40458.320682743,1,3999,100,1459849,-1
40459.079813467,3,3996,100,1461923,-1
40459.969974487,1,4000,100,1463792,-1
40460.649843657,1,4001,100,1464656,-1
40461.500724559,1,4002,100,1457712,1
40462.249992423,1,4003,100,1459818,1
40462.818048996,3,4002,100,1457712,1
40464.083859202,4,4003,100,1459818,1
40465.365979319,3,3975,100,1470317,-1
40466.739841546,3,3997,100,1454949,1
40467.364568563,1,4004,100,1458438,1
40468.473227542,4,3998,100,1459239,1
40469.761065123,1,4005,100,1463124,-1
40471.020735742,3,3999,100,1459849,-1
40472.498665962,3,3992,100,1470973,-1
40473.863944524,1,4006,100,1456134,1
40474.947029245,3,4000,100,1463792,-1
40475.49881131,3,4004,100,1458438,1
40476.960365982,3,4001,100,1464656,-1
40477.902937347,4,4006,100,1456134,1
40478.560269627,1,4007,100,1455533,1
40479.282271572,3,4007,100,1455533,1
40480.472259039,4,4005,100,1463124,-1
40481.537318569,1,4008,100,1455197,1
40482.379501652,1,4009,100,1457378,1
40483.16170662,1,4010,100,1457664,1
40484.125190475,4,4008,100,1455197,1
40485.437018813,4,4009,100,1457378,1
40487.700342758,1,4011,100,1461618,1
40488.301933553,4,4011,100,1461618,1
40489.113023343,1,4012,100,1461299,1
40490.491712367,3,4012,100,1461299,1
40491.616227134,1,4013,100,1459852,1
40493.033562103,1,4014,100,1458952,1
40494.428686505,1,4015,100,1463568,-1
40495.583069334,3,4015,100,1463568,-1
40496.740483737,4,4014,100,1458952,1
40498.152989754,1,4016,100,1461852,-1
40498.753533797,1,4017,100,1456267,1
40499.558418185,3,4016,100,1461852,-1
40501.330685866,1,4018,100,1452626,1
40502.860786062,3,4018,100,1452626,1
40504.101244323,4,4013,100,1459852,1
40504.735493632,1,4019,100,1463443,1
40505.296223313,1,4020,100,1463509,-1
40506.282519641,3,4017,100,1456267,1
40507.518466208,5,4010,100,1457664,1
40509.825423643,5,4019,100,1463443,1
40510.853918656,5,4020,100,1463509,-1
40511.967977721,1,4021,100,1464485,-1
40513.323139911,5,4021,100,1464485,-1
40514.734589171,1,4022,100,1460544,1
40516.022703237,1,4023,100,1464822,-1
40517.475345632,1,4024,100,1461653,1
40518.540706269,3,4024,100,1461653,1
40519.340537543,3,4023,100,1464822,-1
40520.294267077,3,4022,100,1460544,1
40521.080392683,1,4025,100,1467511,-1
40522.225279689,1,4026,100,1465141,1
40523.291552134,1,4027,100,1462376,1
40524.273943789,4,4027,100,1462376,1
40525.303278137,3,4026,100,1465141,1
40526.191324374,5,4025,100,1467511,-1
40527.454093374,1,4028,100,1462663,-1
40528.010032704,1,4029,100,1465349,-1
40528.845024454,1,4030,100,1466717,-1
40531.298925948,4,4029,100,1465349,-1
40531.871530616,4,4028,100,1462663,-1
40533.214324258,1,4031,100,1467625,-1
40534.7172087,4,4031,100,1467625,-1
40535.671129973,1,4032,100,1463330,1
40537.810717635,4,4032,100,1463330,1
40539.322687156,3,4030,100,1466717,-1
40540.002973479,1,4033,100,1461617,-1
40541.20366456,1,4034,100,1464023,-1
40541.72857596,1,4035,100,1459775,1
40542.254496897,3,4035,100,1459775,1
40543.53882019,5,4034,100,1464023,-1
40544.314729389,1,4036,100,1463707,-1
40545.634702811,1,4037,100,1456091,-1
40548.889329209,3,4037,100,1456091,-1
40549.764056584,1,4038,100,1457335,1
40552.046671731,1,4039,100,1465577,-1
40553.209584542,4,4033,100,1461617,-1
40554.142147397,4,4036,100,1463707,-1
40554.741547996,1,4040,100,1466478,-1
40555.782580561,1,4041,100,1460921,1
40556.51052052,1,4042,100,1466067,-1
40558.002990602,4,4041,100,1460921,1
40559.338041253,4,4038,100,1457335,1
40560.415999851,1,4043,100,1463683,-1
40561.969531961,1,4044,100,1460391,1
40563.276068819,1,4045,100,1459368,1
40563.996335005,1,4046,100,1463551,-1
40564.764405385,1,4047,100,1463508,1
40565.591823392,1,4048,100,1459409,-1
40566.950147808,1,4049,100,1458366,1
40567.848663088,1,4050,100,1466521,-1
40569.252529361,1,4051,100,1455109,1
40570.803626505,1,4052,100,1462626,-1
40571.947696436,1,4053,100,1460916,-1
40572.589070699,1,4054,100,1455445,1
40573.296248724,1,4055,100,1456224,1
40574.435907757,1,4056,100,1460238,1
40575.737658447,4,4047,100,1463508,1
40576.900207291,1,4057,100,1461058,-1
40578.174469862,1,4058,100,1461714,1
40578.88178263,1,4059,100,1457106,1
40580.438443958,5,4057,100,1461058,-1
40581.7416412,3,4051,100,1455109,1
40582.439387282,1,4060,100,1463394,1
40583.874760363,1,4061,100,1461456,-1
40584.531763677,3,4053,100,1460916,-1
40585.543495121,1,4062,100,1454739,1
40587.086521931,1,4063,100,1460343,-1
40588.161663075,3,4063,100,1460343,-1
40589.15337019,1,4064,100,1457209,1
40590.186298991,1,4065,100,1458579,-1
40591.535869959,4,4044,100,1460391,1
40593.094276946,3,4059,100,1457106,1
40594.013808037,3,4050,100,1466521,-1
40594.598463293,1,4066,100,1456473,1
40595.195848884,1,4067,100,1453147,1
40596.6902571,3,4058,100,1461714,1
40597.521419527,5,4040,100,1466478,-1
40598.812687413,3,4055,100,1456224,1
40599.790781478,5,4045,100,1459368,1
40601.228400063,1,4068,100,1455668,-1
40602.399516189,1,4069,100,1455089,-1
40605.304440665,1,4070,100,1456116,-1
40606.733086877,3,4043,100,1463683,-1
40607.68729118,1,4071,100,1450908,1
40608.215357884,1,4072,100,1450841,1
40609.407480842,5,4039,100,1465577,-1
40610.080790509,1,4073,100,1451796,1
40610.828185505,3,4070,100,1456116,-1
40612.137029624,1,4074,100,1446913,1
40613.549296907,1,4075,100,1451162,-1
40614.23591532,1,4076,100,1447447,1
40615.039660012,1,4077,100,1447403,1
40615.910649483,3,4060,100,1463394,1
40617.401164116,4,4071,100,1450908,1
40618.117377021,3,4048,100,1459409,-1
40619.531186529,3,4077,100,1447403,1
40620.77939915,5,4042,100,1466067,-1
40622.952429665,5,4046,100,1463551,-1
40623.840243065,3,4062,100,1454739,1
40625.005047969,1,4078,100,1448052,-1
40625.739314131,1,4079,100,1443914,1
40626.410671736,1,4080,100,1450571,-1
40627.582565413,5,4076,100,1447447,1
40628.798519636,3,4064,100,1457209,1
40629.340838573,1,4081,100,1451056,-1
40630.234833476,1,4082,100,1448475,-1
40631.61403047,3,4061,100,1461456,-1
40633.172526359,3,4054,100,1455445,1
40634.02612004,5,4049,100,1458366,1
40634.874055413,1,4083,100,1449071,-1
40636.359895538,3,4078,100,1448052,-1
40638.344879096,5,4081,100,1451056,-1
40639.757297584,1,4084,100,1441447,1
40641.003660576,1,4085,100,1445335,-1
40642.213694944,3,4067,100,1453147,1
40643.297637317,3,4084,100,1441447,1
40644.514211803,1,4086,100,1443038,1
40645.53564384,5,4085,100,1445335,-1
40646.166531581,3,4069,100,1455089,-1
40646.923713168,3,4083,100,1449071,-1
40647.545410791,1,4087,100,1436879,1
40648.691358982,1,4088,100,1436555,1
40649.830638443,3,4066,100,1456473,1
40651.152112721,3,4086,100,1443038,1
40651.700120877,1,4089,100,1438710,-1
40652.512655399,1,4090,100,1436373,1
40653.917478608,1,4091,100,1438699,1
40655.889707495,1,4092,100,1439221,-1
40656.421788599,1,4093,100,1438504,1
40658.380098344,3,4075,100,1451162,-1
40659.922827254,3,4074,100,1446913,1
40661.421021364,4,4072,100,1450841,1
40662.362494565,3,4065,100,1458579,-1
40663.809496667,4,4079,100,1443914,1
40665.229273895,1,4094,100,1431914,1
40666.120208824,3,4094,100,1431914,1
40667.491103233,3,4093,100,1438504,1
40670.555764031,3,4052,100,1462626,-1
40671.365717059,3,4080,100,1450571,-1
40672.140049289,5,4056,100,1460238,1
40673.575756829,5,4082,100,1448475,-1
40674.949797656,1,4095,100,1434942,-1
40675.918157292,1,4096,100,1437426,-1
40676.905622733,1,4097,100,1432412,-1
40678.487196085,1,4098,100,1435126,-1
40679.889576393,1,4099,100,1429695,-1
40681.407659892,1,4100,100,1434743,-1
40682.801596156,1,4101,100,1431689,-1
40683.472323209,3,4095,100,1434942,-1
40684.20514894,5,4100,100,1434743,-1
40685.608669195,5,4090,100,1436373,1
40687.086860177,1,4102,100,1429640,1
40687.887864803,1,4103,100,1428243,1
40689.311128401,1,4104,100,1431369,-1
40692.015556442,1,4105,100,1433532,-1
40693.382094001,5,4098,100,1435126,-1
40694.918966192,1,4106,100,1429592,1
40696.060126699,5,4091,100,1438699,1
40696.668753881,1,4107,100,1430751,1
40699.159778481,1,4108,100,1431051,1
40700.311389951,1,4109,100,1430669,1
40701.606466792,3,4103,100,1428243,1
40702.147366006,3,4106,100,1429592,1
40702.788067221,1,4110,100,1434806,-1
40704.091038962,1,4111,100,1429783,1
40706.115346669,5,4099,100,1429695,-1
40706.743992357,3,4101,100,1431689,-1
40707.371876546,3,4110,100,1434806,-1
40708.866558715,3,4073,100,1451796,1
40710.411599932,4,4109,100,1430669,1
40713.138126167,5,4087,100,1436879,1
40714.069895244,4,4104,100,1431369,-1
40715.367614815,1,4112,100,1429060,1
40715.981226735,4,4088,100,1436555,1
40716.952479953,1,4113,100,1434227,-1
40717.744419989,1,4114,100,1434565,1
40719.250855186,3,4107,100,1430751,1
40720.051795471,1,4115,100,1435813,-1
40721.586803922,1,4116,100,1436711,-1
40723.775094443,3,4102,100,1429640,1
40724.427759953,1,4117,100,1435437,1
40725.990029439,1,4118,100,1435629,-1
40728.96190037,4,4114,100,1434565,1
40729.731409524,1,4119,100,1434717,1
40730.30223979,4,4105,100,1433532,-1
40730.841721932,4,4115,100,1435813,-1
40731.855298501,3,4112,100,1429060,1
40732.595675374,1,4120,100,1432749,1
40733.134892005,4,4096,100,1437426,-1
40734.853380655,4,4113,100,1434227,-1
40736.23302607,3,4097,100,1432412,-1
40736.941874798,1,4121,100,1438507,-1
40738.093814958,1,4122,100,1436620,-1
40738.979912355,1,4123,100,1433489,-1
40740.111145729,3,4119,100,1434717,1
40741.017350162,3,4117,100,1435437,1
40742.597283732,4,4123,100,1433489,-1
40743.970109725,1,4124,100,1438258,-1
40744.826165182,4,4120,100,1432749,1
40746.137002104,3,4111,100,1429783,1
40747.260879477,5,4108,100,1431051,1
40748.408352616,4,4118,100,1435629,-1
40749.635394316,1,4125,100,1433536,1
40751.035223989,1,4126,100,1437353,-1
40751.636011838,1,4127,100,1436107,-1
40752.941018012,4,4125,100,1433536,1
40754.475397201,4,4116,100,1436711,-1
40755.480868617,1,4128,100,1431685,-1
40756.577345996,1,4129,100,1434137,-1
40757.512176654,5,4089,100,1438710,-1
40758.320117248,3,4122,100,1436620,-1
40759.958434588,1,4130,100,1432655,1
40760.58962473,3,4092,100,1439221,-1
40761.972681481,1,4131,100,1432631,1
40763.470736873,4,4130,100,1432655,1
40764.283179237,1,4132,100,1433710,-1
40765.858526364,1,4133,100,1433495,-1
40766.817433091,4,4128,100,1431685,-1
40767.425692921,3,4121,100,1438507,-1
40768.621918172,1,4134,100,1436197,-1
40769.460926071,1,4135,100,1435204,-1
40770.989192722,1,4136,100,1439122,-1
40772.282215685,1,4137,100,1435532,1
40773.422213309,1,4138,100,1438224,1
40774.59789661,1,4139,100,1438320,-1
40776.099798729,3,4136,100,1439122,-1
40777.700396917,1,4140,100,1439914,-1
40778.31084971,1,4141,100,1439653,-1
40779.124033813,4,4127,100,1436107,-1
40780.558353313,5,4140,100,1439914,-1
40781.977848764,1,4142,100,1438956,1
40783.299972122,1,4143,100,1436030,1
40784.673873719,1,4144,100,1441260,-1
40785.24794506,3,4129,100,1434137,-1
40786.564341388,1,4145,100,1440524,-1
40787.222287403,1,4146,100,1433806,1
40788.585354842,1,4147,100,1432634,1
40790.067422861,3,4124,100,1438258,-1
40791.404919476,1,4148,100,1439456,-1
40792.861719682,1,4149,100,1436691,-1
40793.765890059,1,4150,100,1433230,1
40795.134087023,3,4126,100,1437353,-1
40796.370832981,5,4143,100,1436030,1
40797.970944264,4,4132,100,1433710,-1
40798.610369112,3,4135,100,1435204,-1
40800.142353448,5,4133,100,1433495,-1
40801.602193915,1,4151,100,1437845,-1
40803.081345592,4,4134,100,1436197,-1
40805.167590622,3,4142,100,1438956,1
40806.188103628,1,4152,100,1432416,1
40807.793860215,3,4152,100,1432416,1
40808.5518566,4,4138,100,1438224,1
40810.020793681,3,4148,100,1439456,-1
40811.944517537,4,4151,100,1437845,-1
40812.659201525,3,4149,100,1436691,-1
40814.596595664,3,4146,100,1433806,1
40815.204743548,4,4137,100,1435532,1
40816.449673151,1,4153,100,1431395,1
40817.646159315,1,4154,100,1434561,1
40818.99779995,3,4145,100,1440524,-1
40820.134273813,1,4155,100,1432433,1
40820.959783639,1,4156,100,1436926,-1
40822.508775714,5,4141,100,1439653,-1
40823.789768317,1,4157,100,1438708,-1
40825.18856238,1,4158,100,1442137,-1
40825.928235628,4,4139,100,1438320,-1
40826.737343071,3,4147,100,1432634,1
40827.81161631,3,4156,100,1436926,-1
40829.282621214,4,4157,100,1438708,-1
40830.707157569,1,4159,100,1434347,1
40831.925738222,1,4160,100,1436129,1
40832.788585222,4,4150,100,1433230,1
40833.350361269,1,4161,100,1434155,1
40834.040282459,4,4154,100,1434561,1
40834.832868851,1,4162,100,1436589,1
40835.761362965,1,4163,100,1442662,-1
40836.895265557,1,4164,100,1442008,-1
40837.768383625,3,4162,100,1436589,1
40838.880522705,4,4163,100,1442662,-1
40840.141801754,1,4165,100,1444219,-1
40840.873140604,3,4131,100,1432631,1
40841.861345424,1,4166,100,1442083,-1
40843.225217275,3,4165,100,1444219,-1
40844.396079001,3,4153,100,1431395,1
40845.403070113,1,4167,100,1440137,1
40846.92159166,1,4168,100,1439471,1
40848.4655184,3,4168,100,1439471,1
40849.210657394,1,4169,100,1437475,1
40849.96293496,1,4170,100,1443085,-1
40851.424374134,4,4167,100,1440137,1
40852.942028916,1,4171,100,1440504,1
40853.70649133,5,4068,100,1455668,-1
40855.060963558,5,4160,100,1436129,1
40855.628412162,1,4172,100,1442275,-1
40857.115334868,4,4164,100,1442008,-1
40858.168090419,3,4166,100,1442083,-1
40859.538478967,1,4173,100,1440394,-1
40860.13406209,1,4174,100,1447597,-1
40861.241023727,3,4161,100,1434155,1
40862.114282719,5,4158,100,1442137,-1
40863.423557248,4,4144,100,1441260,-1
40865.008347265,4,4173,100,1440394,-1
40866.201103392,3,4171,100,1440504,1
40867.637000462,1,4175,100,1441214,-1
40868.357567467,3,4175,100,1441214,-1
40869.813330799,4,4172,100,1442275,-1
40871.175773003,4,4169,100,1437475,1
40872.698609902,1,4176,100,1436585,1
40873.955097353,4,4176,100,1436585,1
40876.745562978,1,4177,100,1434910,1
40878.92898383,4,4159,100,1434347,1
40880.209590288,1,4178,100,1431079,1
40881.782939657,1,4179,100,1431587,1
40882.664503977,1,4180,100,1435417,-1
40885.245758598,5,4155,100,1432433,1
40886.661996765,1,4181,100,1439051,-1
40887.291196324,3,4180,100,1435417,-1
40888.65882242,3,4178,100,1431079,1
40890.896759706,5,4177,100,1434910,1
40892.496253949,3,4179,100,1431587,1
40893.879260684,4,4181,100,1439051,-1
40894.979667437,1,4182,100,1433550,1
40897.459703059,1,4183,100,1432457,-1
40898.239992593,3,4183,100,1432457,-1
40899.10102426,4,4182,100,1433550,1
40900.006484351,1,4184,100,1430453,-1
40901.567777305,1,4185,100,1428803,-1
40902.913290745,4,4174,100,1447597,-1
40903.684905388,1,4186,100,1421988,-1
40905.876895727,1,4187,100,1424575,1
40906.844453989,3,4187,100,1424575,1
40907.588055062,1,4188,100,1421093,1
40908.494251934,4,4186,100,1421988,-1
40910.035049347,3,4188,100,1421093,1
40910.92259515,1,4189,100,1425002,1
40911.798410037,5,4170,100,1443085,-1
40912.966336697,3,4184,100,1430453,-1
40913.652981918,1,4190,100,1426424,-1
40915.033883023,1,4191,100,1424365,1
40915.970660089,1,4192,100,1424473,1
40917.022483301,1,4193,100,1430667,-1
40918.174612905,1,4194,100,1427652,-1
40919.397095617,1,4195,100,1427987,-1
40920.056772707,3,4195,100,1427987,-1
40920.869254403,4,4191,100,1424365,1
40923.604980769,5,4192,100,1424473,1
40926.505081173,4,4189,100,1425002,1
40927.222734167,3,4193,100,1430667,-1
40928.04924765,4,4194,100,1427652,-1
40929.468801227,1,4196,100,1418658,1
40930.154772008,4,4196,100,1418658,1
40931.076527623,4,4185,100,1428803,-1
40932.407776897,1,4197,100,1426386,-1
40933.471820942,5,4190,100,1426424,-1
40934.951112056,3,4197,100,1426386,-1
40936.359810786,1,4198,100,1424444,-1
40938.561033431,1,4199,200,1417352,1
40939.633644816,1,4200,100,1417075,1
40940.853986026,4,4200,100,1417075,1
40941.84812182,4,4199,100,1417352,1
40942.610485061,4,4199,100,1417352,1
40943.294539435,3,4198,100,1424444,-1
40943.984817564,1,4201,100,1415157,1
40944.80778633,3,4201,100,1415157,1
40945.987363258,1,4202,100,1414019,1
40947.627261178,1,4203,100,1410287,1
40948.278434083,1,4204,100,1416928,-1
40949.042324134,4,4202,100,1414019,1
40950.122940185,1,4205,100,1418221,-1
40951.431376664,4,4205,100,1418221,-1
40952.303468316,1,4206,100,1413303,1
40953.914893246,1,4207,100,1414224,-1
40956.003816899,1,4208,100,1418043,1
40956.920322268,4,4204,100,1416928,-1
40957.880588782,3,4206,100,1413303,1
40958.989847869,1,4209,100,1414482,1
40960.491113453,3,4203,100,1410287,1
40961.388861861,5,4209,100,1414482,1
40962.923870675,4,4208,100,1418043,1
40964.364037852,3,4207,100,1414224,-1
40965.121500318,1,4210,100,1418004,-1
40966.395081968,3,4210,100,1418004,-1
40967.60292367,1,4211,100,1413265,1
40968.994388029,3,4211,100,1413265,1
40970.358552989,1,4212,100,1417058,1
40970.990161528,1,4213,100,1420345,-1
40971.951961009,3,4213,100,1420345,-1
40973.45287871,1,4214,100,1423946,-1
40974.169402147,1,4215,100,1416188,1
40976.348035156,1,4216,100,1418194,1
40977.496706811,1,4217,100,1422286,-1
40978.875378183,5,4215,100,1416188,1
40979.695007015,3,4214,100,1423946,-1
40980.830545778,1,4218,100,1418531,1
40981.385685525,1,4219,100,1418590,1
40982.443197908,3,4217,100,1422286,-1
40983.923146028,1,4220,100,1422911,-1
40985.571205464,3,4219,100,1418590,1
40989.294179719,1,4221,100,1419903,-1
40990.906498788,3,4216,100,1418194,1
40991.478872534,1,4222,100,1419196,1
40992.277675337,3,4212,100,1417058,1
40993.552466035,3,4220,100,1422911,-1
40994.192065191,1,4223,100,1421991,-1
40994.800417419,1,4224,100,1422483,-1
40995.911805856,1,4225,100,1422082,-1
40997.182698438,1,4226,100,1416941,1
40998.495428004,3,4223,100,1421991,-1
40999.566547959,1,4227,100,1416180,1
41000.472342388,1,4228,100,1420184,-1
41001.574343604,3,4228,100,1420184,-1
41002.161429056,3,4227,100,1416180,1
41003.523093321,4,4221,100,1419903,-1
41004.643680941,3,4226,100,1416941,1
41006.077274388,5,4218,100,1418531,1
41007.320898785,1,4229,100,1417143,-1
41008.886551301,3,4222,100,1419196,1
41009.489470232,3,4224,100,1422483,-1
41010.481522996,1,4230,100,1419247,-1
41013.27502284,1,4231,100,1416847,1
41014.005950287,1,4232,100,1421318,-1
41015.206948999,1,4233,100,1421865,-1
41016.445842995,1,4234,100,1416396,1
41017.408749046,4,4232,100,1421318,-1
41019.472105547,4,4230,100,1419247,-1
41020.553568555,3,4225,100,1422082,-1
41023.366566969,1,4235,100,1420525,-1
41025.458620053,1,4236,100,1417124,1
41026.75488125,3,4229,100,1417143,-1
41027.973618975,4,4235,100,1420525,-1
41029.550540158,1,4237,100,1422221,-1
41030.929858201,1,4238,100,1416692,1
41032.285691338,1,4239,100,1421823,1
41033.714535615,3,4239,100,1421823,1
41034.937353545,5,4236,100,1417124,1
41036.035091421,3,4233,100,1421865,-1
41037.450944686,3,4231,100,1416847,1
41039.071265933,1,4240,100,1420285,-1
41039.752359231,3,4240,100,1420285,-1
41041.340041805,1,4241,100,1415697,1
41042.931354086,1,4242,100,1423190,-1
41045.523022992,1,4243,100,1424023,-1
41046.449123107,1,4244,100,1424888,-1
41047.958065086,1,4245,100,1424344,-1
41049.472778566,3,4238,100,1416692,1
41050.235521406,1,4246,100,1421103,1
41050.966686546,3,4243,100,1424023,-1
41052.461148654,3,4244,100,1424888,-1
41053.17843124,1,4247,100,1424361,-1
41054.659822785,1,4248,100,1421415,1
41055.217713309,3,4241,100,1415697,1
41056.757548381,4,4245,100,1424344,-1
41058.724417776,1,4249,100,1425856,1
41061.09636555,3,4242,100,1423190,-1
41061.940193292,1,4250,100,1427154,-1
41062.536624771,1,4251,100,1427432,1
41063.509873902,1,4252,100,1423053,1
41065.029136363,1,4253,100,1427889,-1
41065.701229951,3,4247,100,1424361,-1
41066.409732691,1,4254,100,1424382,-1
41067.774529634,4,4249,100,1425856,1
41069.00209343,1,4255,100,1426517,-1
41070.153197931,5,4250,100,1427154,-1
41070.987925341,1,4256,100,1428998,-1
41071.673890503,3,4254,100,1424382,-1
41072.424332677,3,4252,100,1423053,1
41073.039503547,1,4257,100,1422916,1
41075.451036029,3,4251,100,1427432,1
41077.220604729,1,4258,100,1420674,1
41078.290936915,1,4259,100,1419938,1
41080.459520988,3,4255,100,1426517,-1
41081.535154263,3,4258,100,1420674,1
41082.923085692,1,4260,100,1431352,-1
41084.4070161,1,4261,100,1428505,-1
41085.957345893,1,4262,100,1430363,-1
41087.181823954,3,4248,100,1421415,1
41088.774271893,1,4263,100,1425217,-1
41090.155061593,1,4264,100,1429984,-1
41091.706228969,3,4259,100,1419938,1
41092.686188228,3,4253,100,1427889,-1
41093.43290849,3,4246,100,1421103,1
41095.079928701,5,4262,100,1430363,-1
41096.37710822,1,4265,100,1421876,1
41097.757119107,1,4266,100,1423890,1
41098.789606956,3,4263,100,1425217,-1
41100.268856012,3,4237,100,1422221,-1
41100.841166504,4,4257,100,1422916,1
41101.520425794,4,4266,100,1423890,1
41102.915661249,1,4267,100,1420772,1
41104.4396251,4,4265,100,1421876,1
41105.3538424,1,4268,100,1425610,-1
41106.48572625,1,4269,100,1417992,1
41107.803637497,1,4270,100,1417560,1
41109.087827726,1,4271,100,1422340,-1
41110.239126977,1,4272,100,1417706,1
41111.60066804,1,4273,100,1416467,1
41112.360520989,4,4234,100,1416396,1
41113.996818485,5,4261,100,1428505,-1
41115.511681213,1,4274,100,1418468,1
41116.183674032,4,4270,100,1417560,1
41117.750833411,1,4275,100,1416341,1
41118.653273134,4,4274,100,1418468,1
41120.047366626,1,4276,100,1416688,1
41121.237147647,1,4277,100,1417610,1
41122.087048357,1,4278,100,1416359,1
41123.213490495,1,4279,100,1419110,-1
41124.856329353,4,4267,100,1420772,1
41126.482697117,1,4280,100,1415172,-1
41127.888378227,1,4281,100,1420264,-1
41130.16778315,4,4278,100,1416359,1
41131.330528149,1,4282,100,1418736,-1
41134.136534706,1,4283,100,1414661,1
41134.784818497,1,4284,100,1421544,-1
41136.115892313,5,4264,100,1429984,-1
41137.522878451,1,4285,100,1420042,-1
41138.636163907,3,4275,100,1416341,1
41139.600383595,5,4284,100,1421544,-1
41140.163381689,3,4285,100,1420042,-1
41141.745330119,1,4286,100,1420040,1
41144.105061199,1,4287,100,1423992,-1
41145.315581384,1,4288,100,1425515,-1
41146.452620521,1,4289,100,1423866,1
41147.473817032,3,4280,100,1415172,-1
41148.257264906,4,4287,100,1423992,-1
41149.70935295,4,4279,100,1419110,-1
41150.819799072,1,4290,100,1419746,1
41152.15018854,1,4291,100,1419319,1
41153.356609871,5,4283,100,1414661,1
41155.023937322,4,4281,100,1420264,-1
41156.09903929,4,4289,100,1423866,1
41157.678189049,1,4292,100,1425022,-1
41160.749195002,3,4269,100,1417992,1
41162.159713716,1,4293,100,1421660,-1
41163.446405917,5,4288,100,1425515,-1
41164.888680766,1,4294,100,1421368,-1
41166.081513668,1,4295,100,1416253,1
41167.142216677,3,4273,100,1416467,1
41168.53777476,3,4276,100,1416688,1
41170.142809986,1,4296,100,1419272,1
41171.233167724,1,4297,100,1417554,1
41172.717611432,1,4298,100,1420262,1
41173.670475549,1,4299,100,1418578,1
41175.016509278,3,4297,100,1417554,1
41176.496340082,1,4300,100,1424285,-1
41177.828251564,1,4301,100,1424329,-1
41179.283796368,1,4302,100,1420448,-1
41180.188788712,5,4286,100,1420040,1
41180.931707163,5,4291,100,1419319,1
41181.881825625,3,4302,100,1420448,-1
41183.494929035,1,4303,100,1419394,-1
41184.611941156,5,4296,100,1419272,1
41186.968652941,5,4272,100,1417706,1
41187.817055077,3,4271,100,1422340,-1
41188.568720787,3,4256,100,1428998,-1
41189.846192813,1,4304,100,1419524,-1
41191.325012511,5,4303,100,1419394,-1
41192.033786824,1,4305,100,1418673,1
41193.333347038,4,4277,100,1417610,1
41194.008404448,1,4306,100,1416611,-1
41194.74576658,1,4307,100,1420195,1
41195.397534783,3,4293,100,1421660,-1
41196.114638542,4,4290,100,1419746,1
41196.839232379,5,4305,100,1418673,1
41197.941028893,4,4299,100,1418578,1
41198.796579326,1,4308,100,1417187,1
41200.357523665,3,4300,100,1424285,-1
41201.621359035,3,4294,100,1421368,-1
41202.394932651,3,4260,100,1431352,-1
41203.830743756,3,4295,100,1416253,1
41204.774211644,3,4301,100,1424329,-1
41206.030714829,3,4306,100,1416611,-1
41206.787662852,3,4304,100,1419524,-1
41208.369955007,3,4282,100,1418736,-1
41209.590090323,3,4268,100,1425610,-1
41211.104881701,3,4292,100,1425022,-1
41211.824404456,4,4308,100,1417187,1
41213.082509813,3,4307,100,1420195,1
41214.196807445,4,4298,100,1420262,1
41215.613487164,1,4309,100,1411156,-1
41216.585911263,4,4309,100,1411156,-1
41217.931927715,1,4310,100,1409419,1
41219.22288591,3,4310,100,1409419,1
41220.82526721,1,4311,100,1410692,1
41222.06323026,3,4311,100,1410692,1
41223.748690608,1,4312,100,1416295,-1
41224.80530185,3,4312,100,1416295,-1
41226.076262557,1,4313,100,1414149,-1
41226.843837166,1,4314,100,1409888,1
41227.56993619,3,4314,100,1409888,1
41228.194694629,1,4315,100,1410086,1
41229.483498609,3,4313,100,1414149,-1
41231.206040177,1,4316,100,1413037,-1
41234.102709872,5,4315,100,1410086,1
41234.829198165,3,4316,100,1413037,-1
41236.466270529,1,4317,100,1412539,-1
41237.452084548,1,4318,100,1409081,1
41238.572213169,4,4318,100,1409081,1
41239.882226059,4,4317,100,1412539,-1
41240.884048794,1,4319,100,1411806,-1
41242.10755323,1,4320,100,1407901,1
41243.686429455,1,4321,100,1410727,-1
41244.864089263,1,4322,100,1409552,1
41245.861747994,3,4319,100,1411806,-1
41246.989347336,1,4323,100,1407600,-1
41248.542045024,1,4324,100,1405832,1
41250.228659916,1,4325,100,1405751,1
41250.962217513,1,4326,100,1405616,1
41251.564954517,1,4327,100,1409688,1
41252.278809218,1,4328,100,1404569,1
41253.015795377,3,4327,100,1409688,1
41253.816255334,1,4329,100,1409185,-1
41256.643847979,1,4330,100,1409740,-1
41257.825482447,3,4325,100,1405751,1
41259.246272376,5,4321,100,1410727,-1
41260.745042591,3,4330,100,1409740,-1
41262.288565679,3,4328,100,1404569,1
41264.672202503,3,4326,100,1405616,1
41265.356063415,1,4331,100,1403250,-1
41266.946686258,1,4332,100,1398992,1
41267.552204199,1,4333,100,1404693,-1
41269.088030736,3,4323,100,1407600,-1
41269.984771559,1,4334,100,1402839,-1
41271.623026832,4,4322,100,1409552,1
41272.895976472,4,4320,100,1407901,1
41273.52959782,1,4335,100,1404472,-1
41274.749001191,5,4331,100,1403250,-1
41275.682030046,4,4332,100,1398992,1
41277.25982776,1,4336,100,1401199,-1
41278.103672458,1,4337,100,1398385,1
41279.660812867,5,4335,100,1404472,-1
41280.861571736,1,4338,100,1402098,-1
41281.834162813,3,4333,100,1404693,-1
41283.528053098,1,4339,100,1400234,-1
41284.958767875,3,4337,100,1398385,1
41286.296300731,1,4340,100,1396207,1
41287.886050199,4,4338,100,1402098,-1
41289.036713835,3,4334,100,1402839,-1
41290.587753911,1,4341,100,1403112,-1
41291.212169296,1,4342,100,1399463,1
41292.720753181,1,4343,100,1399038,1
41293.443079347,5,4340,100,1396207,1
41294.588527772,1,4344,100,1401790,1
41295.895235971,3,4329,100,1409185,-1
41297.004669233,1,4345,100,1404738,-1
41298.266816705,1,4346,100,1403006,1
41299.37221521,1,4347,100,1410604,-1
41300.242778378,1,4348,100,1405867,1
41301.264971826,5,4348,100,1405867,1
41303.381896233,3,4339,100,1400234,-1
41304.685730406,1,4349,100,1402359,1
41305.590028803,3,4341,100,1403112,-1
41306.817791233,1,4350,100,1401338,1
41307.463773725,5,4343,100,1399038,1
41309.07303501,1,4351,100,1406974,-1
41310.080548409,4,4336,100,1401199,-1
41310.660265559,1,4352,100,1406591,-1
41312.617050948,4,4352,100,1406591,-1
41314.225912661,4,4351,100,1406974,-1
41315.849978684,1,4353,100,1404796,1
41316.761080141,1,4354,100,1408232,-1
41317.417272106,3,4350,100,1401338,1
41318.795803697,3,4346,100,1403006,1
41320.390711653,1,4355,100,1406307,-1
41321.742650692,1,4356,100,1402962,1
41323.343774026,3,4349,100,1402359,1
41324.504143814,4,4344,100,1401790,1
41325.465700264,5,4355,100,1406307,-1
41326.134987422,1,4357,100,1402378,1
41327.07281574,1,4358,100,1407235,-1
41328.390386719,1,4359,100,1407946,-1
41329.141455807,3,4353,100,1404796,1
41330.313194038,5,4358,100,1407235,-1
41331.03878213,3,4354,100,1408232,-1
41331.764551912,3,4357,100,1402378,1
41332.647984159,3,4342,100,1399463,1
41333.598239,3,4347,100,1410604,-1
41335.218212825,3,4345,100,1404738,-1
41336.452215381,4,4359,100,1407946,-1
41337.889044499,1,4360,100,1407556,1
41339.117160189,1,4361,100,1410736,-1
41339.792434106,1,4362,100,1406455,1
41341.339212212,3,4360,100,1407556,1
41342.95342208,1,4363,100,1412659,-1
41344.457490859,3,4324,100,1405832,1
41345.524429568,5,4362,100,1406455,1
41347.188204536,4,4356,100,1402962,1
41348.348437151,5,4363,100,1412659,-1
41350.822027296,1,4364,100,1411072,-1
41351.66021955,1,4365,100,1406310,1
41354.030278391,1,4366,100,1411805,-1
41356.111388909,5,4361,100,1410736,-1
41356.816033669,1,4367,100,1408764,-1
41358.177227629,4,4366,100,1411805,-1
41359.414453246,1,4368,100,1412462,-1
41360.242752864,3,4364,100,1411072,-1
41361.356099925,1,4369,100,1412070,-1
41362.640828731,3,4369,100,1412070,-1
41364.105391469,1,4370,100,1408859,-1
41364.782334853,1,4371,100,1408947,-1
41366.190905266,5,4367,100,1408764,-1
41367.095386449,1,4372,100,1405730,-1
41367.681852777,1,4373,100,1406522,1
41368.39301494,1,4374,100,1401374,1
41369.298624112,3,4373,100,1406522,1
41369.883923486,4,4372,100,1405730,-1
41371.375818795,1,4375,100,1410388,-1
41372.369194226,5,4371,100,1408947,-1
41372.950202714,3,4374,100,1401374,1
41374.248946901,1,4376,100,1407434,-1
41375.736369108,3,4365,100,1406310,1
41376.485580754,4,4370,100,1408859,-1
41377.403789061,1,4377,100,1407761,1
41378.757137173,1,4378,100,1405689,1
41380.926264287,1,4379,100,1408508,-1
41383.506490895,1,4380,100,1403629,1
41384.656961182,4,4376,100,1407434,-1
41385.260395623,4,4377,100,1407761,1
41386.539559728,5,4368,100,1412462,-1
41388.09409436,1,4381,100,1405123,1
41388.784106547,1,4382,100,1410818,-1
41390.445124022,1,4383,100,1408456,1
41391.191018307,3,4375,100,1410388,-1
41392.01360747,3,4379,100,1408508,-1
41393.615463114,4,4382,100,1410818,-1
41394.353062219,1,4384,100,1410577,1
41396.312548651,1,4385,100,1417087,-1
41397.650721534,1,4386,100,1416115,-1
41398.843319818,3,4385,100,1417087,-1
41400.424880038,1,4387,100,1412790,1
41402.920495182,3,4378,100,1405689,1
41404.645328561,3,4386,100,1416115,-1
41406.181844291,1,4388,100,1422367,-1
41407.819912743,3,4388,100,1422367,-1
41409.303422231,4,4387,100,1412790,1
41410.788708329,3,4380,100,1403629,1
41411.844244162,1,4389,100,1416811,-1
41413.2048338,1,4390,100,1412008,1
41415.769347073,1,4391,100,1414633,-1
41417.342719202,1,4392,100,1408627,1
41418.543122248,1,4393,100,1407706,1
41419.621448793,4,4390,100,1412008,1
41420.790222974,3,4384,100,1410577,1
41422.158949674,1,4394,100,1411873,-1
41423.231969542,4,4392,100,1408627,1
41423.917996243,1,4395,100,1409044,-1
41425.45426998,1,4396,100,1406596,1
41426.818270622,1,4397,100,1405432,1
41428.122278858,3,4381,100,1405123,1
41429.996704625,1,4398,100,1412669,-1
41431.503010455,5,4396,100,1406596,1
41432.368264689,1,4399,100,1406994,1
41433.258696441,3,4395,100,1409044,-1
41434.990473124,3,4389,100,1416811,-1
41435.702847057,1,4400,100,1411948,-1
41437.081293049,1,4401,100,1412814,-1
41437.978309229,4,4401,100,1412814,-1
41439.218104676,4,4391,100,1414633,-1
41440.241909821,1,4402,100,1421007,-1
41441.433091748,4,4400,100,1411948,-1
41442.941604208,1,4403,100,1415206,1
41444.43434443,3,4394,100,1411873,-1
41445.254588339,4,4402,100,1421007,-1
41446.700365855,1,4404,100,1426031,-1
41447.545347472,1,4405,100,1423671,-1
41449.017513744,1,4406,100,1423440,-1
41449.933941992,1,4407,100,1418709,1
41453.739906277,1,4408,100,1422799,-1
41454.535498219,5,4383,100,1408456,1
41456.136620329,1,4409,100,1416866,1
41457.090928042,3,4408,100,1422799,-1
41458.6545047,1,4410,100,1417827,1
41459.719262999,1,4411,100,1420512,1
41461.386634969,1,4412,100,1418487,1
41462.059414152,4,4411,100,1420512,1
41463.492540187,1,4413,100,1418161,1
41464.241145855,3,4407,100,1418709,1
41465.7329265,1,4414,100,1418706,1
41466.386593353,3,4405,100,1423671,-1
41467.01676822,1,4415,100,1417743,1
41468.402869104,5,4403,100,1415206,1
41469.746227175,1,4416,100,1424960,-1
41470.563237335,3,4415,100,1417743,1
41472.051521725,4,4406,100,1423440,-1
41473.052169464,1,4417,100,1423892,-1
41474.554135074,3,4393,100,1407706,1
41475.790470023,3,4416,100,1424960,-1
41476.678358798,3,4398,100,1412669,-1
41477.875329719,3,4409,100,1416866,1
41478.647089343,1,4418,100,1425432,1
41479.848398873,1,4419,100,1425528,1
41481.457342145,1,4420,100,1423096,1
41482.551167304,3,4397,100,1405432,1
41483.221163428,1,4421,100,1423649,-1
41484.462568769,1,4422,100,1423546,-1
41485.919534451,3,4417,100,1423892,-1
41486.785847475,1,4423,100,1421781,-1
41488.408560397,5,4413,100,1418161,1
41489.774552948,1,4424,100,1422801,1
41490.836577508,1,4425,100,1427911,-1
41491.795267379,5,4424,100,1422801,1
41492.753565261,1,4426,100,1426171,-1
41493.532819549,1,4427,100,1426245,1
41494.872153278,1,4428,100,1427441,1
41495.592171815,1,4429,100,1426154,1
41497.27265305,1,4430,100,1425595,1
41498.93633169,3,4422,100,1423546,-1
41499.686574148,3,4420,100,1423096,1
41501.297856878,1,4431,100,1428505,1
41501.923690675,1,4432,100,1428916,1
41503.363809767,4,4425,100,1427911,-1
41504.530216159,4,4428,100,1427441,1
41506.733111692,3,4412,100,1418487,1
41507.473467069,1,4433,100,1429098,-1
41509.121410194,1,4434,100,1423516,-1
41510.161152674,3,4431,100,1428505,1
41511.006114129,1,4435,100,1426860,-1
41512.241208078,3,4434,100,1423516,-1
41513.974371868,4,4432,100,1428916,1
41515.642154247,3,4404,100,1426031,-1
41516.482000243,3,4433,100,1429098,-1
41518.155831232,1,4436,100,1428370,-1
41519.293598003,3,4427,100,1426245,1
41521.026795468,1,4437,100,1423307,1
41522.036865867,1,4438,100,1421982,1
41522.639226111,3,4430,100,1425595,1
41523.634057186,1,4439,100,1423333,1
41524.679484423,5,4414,100,1418706,1
41526.379674628,3,4429,100,1426154,1
41527.723344661,1,4440,100,1430943,-1
41528.786898904,1,4441,100,1423067,1
41530.102553451,1,4442,100,1426473,1
41531.252876559,1,4443,100,1430881,-1
41532.895052153,4,4419,100,1425528,1
41534.546246201,4,4442,100,1426473,1
41536.255886131,1,4444,100,1424123,1
41536.861912594,1,4445,100,1429323,-1
41537.469716602,1,4446,100,1426101,1
41538.955314073,5,4426,100,1426171,-1
41540.638049274,4,4435,100,1426860,-1
41541.398633216,1,4447,100,1424972,-1
41542.74997859,4,4421,100,1423649,-1
41543.656888979,1,4448,100,1430556,-1
41545.31356401,1,4449,100,1431631,-1
41546.221508211,4,4423,100,1421781,-1
41546.863457092,1,4450,100,1428661,-1
41547.460231514,3,4410,100,1417827,1
41548.517055742,5,4418,100,1425432,1
41549.378586366,1,4451,100,1419360,1
41550.456844369,1,4452,100,1425189,-1
41551.942126168,1,4453,100,1429182,-1
41553.031789775,1,4454,100,1420227,1
41554.44687174,1,4455,100,1424590,1
41556.021379355,3,4451,100,1419360,1
41557.381987213,1,4456,100,1425095,-1
41559.066076179,1,4457,100,1419993,1
41560.431780352,1,4458,100,1425066,-1
41561.319831311,4,4444,100,1424123,1
41562.935046503,1,4459,100,1425425,-1
41563.707053303,3,4456,100,1425095,-1
41564.652056855,1,4460,100,1424562,-1
41566.024718819,3,4455,100,1424590,1
41566.95556619,1,4461,100,1428124,-1
41569.843319579,5,4446,100,1426101,1
41570.476410444,3,4454,100,1420227,1
41571.320576863,1,4462,100,1422933,-1
41572.645981835,3,4458,100,1425066,-1
41573.91685624,3,4443,100,1430881,-1
41574.847014811,4,4439,100,1423333,1
41576.260539537,1,4463,100,1417726,1
41577.657301992,1,4464,100,1419472,1
41578.549525171,3,4440,100,1430943,-1
41579.239525881,3,4437,100,1423307,1
41581.962336001,1,4465,100,1423539,-1
41582.678890454,1,4466,100,1423095,-1
41584.398910092,1,4467,100,1423761,-1
41585.977596057,1,4468,100,1421792,-1
41587.645407027,3,4449,100,1431631,-1
41589.129626617,4,4468,100,1421792,-1
41590.622895981,1,4469,100,1422957,-1
41591.730746149,1,4470,100,1423154,-1
41596.681555186,1,4471,100,1417609,1
41597.996973964,3,4450,100,1428661,-1
41598.637036189,4,4464,100,1419472,1
41599.746308779,3,4469,100,1422957,-1
41602.941822731,3,4470,100,1423154,-1
41604.209899356,1,4472,100,1421108,-1
41607.345282343,1,4473,100,1419735,1
41608.749301895,1,4474,100,1416873,1
41611.519702658,3,4473,100,1419735,1
41612.529526314,4,4441,100,1423067,1
41614.169625034,1,4475,100,1423834,-1
41615.130643344,3,4465,100,1423539,-1
41618.109598664,1,4476,100,1415958,-1
41619.489065929,1,4477,100,1421084,-1
41620.091424426,1,4478,100,1418927,-1
41620.846370091,1,4479,100,1419424,1
41621.683005773,3,4445,100,1429323,-1
41622.411606763,1,4480,100,1415623,1
41623.551039,1,4481,100,1417546,1
41624.165641318,1,4482,100,1420310,-1
41626.131251641,3,4460,100,1424562,-1
41627.018253879,1,4483,100,1420977,-1
41628.754820023,3,4475,100,1423834,-1
41630.17195307,1,4484,100,1413230,1
41631.814787659,1,4485,100,1416452,-1
41632.927197717,1,4486,100,1417753,-1
41633.67436303,1,4487,100,1418124,-1
41634.5939934,5,4399,100,1406994,1
41636.09866149,4,4476,100,1415958,-1
41639.715242493,4,4481,100,1417546,1
41640.803879946,1,4488,100,1413653,-1
41642.385332499,1,4489,100,1414194,-1
41643.027865373,3,4436,100,1428370,-1
41644.274180449,1,4490,100,1406628,1
41645.706709279,4,4457,100,1419993,1
41646.738791254,5,4453,100,1429182,-1
41647.742314942,1,4491,100,1412417,1
41648.980039161,5,4467,100,1423761,-1
41650.155313101,1,4492,100,1409855,1
41650.948469737,1,4493,100,1409665,1
41652.173268073,1,4494,100,1408717,1
41655.26113161,4,4438,100,1421982,1
41655.858480694,3,4492,100,1409855,1
41657.362001131,3,4494,100,1408717,1
41658.455865558,1,4495,100,1413435,-1
41659.89057494,3,4474,100,1416873,1
41661.404873135,1,4496,100,1412244,-1
41662.245300786,1,4497,100,1413245,-1
41662.996694783,1,4498,100,1409120,1
41664.094160223,1,4499,100,1409075,-1
41665.865487793,3,4480,100,1415623,1
41667.57878419,3,4497,100,1413245,-1
41669.264329218,3,4487,100,1418124,-1
41670.6390888,1,4500,100,1413707,-1
41672.038317545,5,4452,100,1425189,-1
41674.858076222,4,4500,100,1413707,-1
41675.601334893,1,4501,100,1411248,1
41678.118755652,4,4471,100,1417609,1
41678.82204808,1,4502,100,1410930,1
41680.492223717,1,4503,100,1410364,1
41682.840492171,1,4504,100,1414355,-1
41683.518215901,1,4505,100,1416440,-1
41684.249678575,3,4483,100,1420977,-1
41686.207918621,4,4499,100,1409075,-1
41686.809269486,3,4462,100,1422933,-1
41687.507862506,1,4506,100,1406996,1
41689.256703825,3,4448,100,1430556,-1
41690.688653508,4,4493,100,1409665,1
41691.999029854,1,4507,100,1405422,1
41693.039008816,1,4508,100,1404282,1
41694.386326283,1,4509,100,1408973,-1
41696.117572365,1,4510,100,1408228,-1
41696.903915631,1,4511,100,1407178,-1
41697.740775148,3,4447,100,1424972,-1
41699.366144119,3,4478,100,1418927,-1
41700.404048938,1,4512,100,1407767,-1
41701.469888851,3,4511,100,1407178,-1
41702.542985474,4,4484,100,1413230,1
41703.843332392,1,4513,100,1402927,1
41706.532773601,3,4512,100,1407767,-1
41707.426800885,3,4488,100,1413653,-1
41708.802789421,1,4514,100,1407757,1
41710.330319086,4,4506,100,1406996,1
41711.141609729,3,4459,100,1425425,-1
41712.411721259,1,4515,100,1400312,1
41713.24460487,1,4516,100,1400208,1
41714.229780153,5,4507,100,1405422,1
41715.173109255,4,4513,100,1402927,1
41716.238052746,4,4498,100,1409120,1
41717.071076862,5,4515,100,1400312,1
41717.892606766,1,4517,100,1396784,1
41718.895558695,1,4518,100,1396232,1
41721.224277477,5,4504,100,1414355,-1
41722.142246045,1,4519,100,1390543,1
41722.99355213,1,4520,100,1392875,-1
41724.48356658,1,4521,100,1391596,-1
41727.736960575,1,4522,100,1391116,1
41728.868023327,3,4486,100,1417753,-1
41729.634318024,3,4472,100,1421108,-1
41730.535566899,1,4523,100,1393294,1
41731.437371745,1,4524,100,1402140,-1
41732.874158667,3,4514,100,1407757,1
41733.753085612,3,4502,100,1410930,1
41735.000402202,3,4519,100,1390543,1
41736.128916272,5,4479,100,1419424,1
41736.928760339,1,4525,100,1396259,-1
41737.948221337,1,4526,100,1394548,1
41740.259533176,1,4527,100,1398438,-1
41740.941888261,4,4463,100,1417726,1
41742.249791875,1,4528,100,1392305,1
41743.696242435,3,4503,100,1410364,1
41745.205494929,3,4525,100,1396259,-1
41746.230452121,3,4490,100,1406628,1
41747.839786571,1,4529,100,1393814,1
41748.580741664,1,4530,100,1394475,1
41750.319311852,5,4466,100,1423095,-1
41751.376652538,3,4521,100,1391596,-1
41752.648427372,3,4501,100,1411248,1
41753.770497624,1,4531,100,1391459,1
41756.500716683,1,4532,100,1390293,1
41757.632354575,1,4533,100,1390279,1
41758.821626002,3,4509,100,1408973,-1
41760.328148513,1,4534,100,1389592,1
41761.741497316,1,4535,100,1389910,1
41763.233878065,1,4536,100,1394095,-1
41764.580611615,1,4537,100,1394076,-1
41765.598211463,4,4508,100,1404282,1
41766.620586347,1,4538,100,1389340,1
41767.491010673,1,4539,100,1395241,-1
41768.532612276,3,4520,100,1392875,-1
41770.032025457,3,4485,100,1416452,-1
41771.192653145,3,4539,100,1395241,-1
41771.886621696,4,4532,100,1390293,1
41774.513680252,1,4540,100,1394184,-1
41775.459867008,3,4540,100,1394184,-1
41776.899335945,3,4477,100,1421084,-1
41777.508392564,4,4523,100,1393294,1
41778.415056793,4,4517,100,1396784,1
41779.499702729,1,4541,100,1386679,1
41780.40609359,1,4542,100,1390975,-1
41781.851247987,3,4529,100,1393814,1
41782.8269877,1,4543,100,1391958,-1
41784.220024662,1,4544,100,1390000,1
41785.851548432,3,4538,100,1389340,1
41787.547138825,1,4545,100,1387281,1
41788.852929613,1,4546,100,1388852,-1
41790.081778536,1,4547,100,1390817,-1
41791.023184188,1,4548,100,1387779,1
41792.230061492,4,4543,100,1391958,-1
41793.081828654,3,4495,100,1413435,-1
41794.573894694,3,4496,100,1412244,-1
41795.734963489,1,4549,100,1392096,-1
41796.39622246,1,4550,100,1394449,-1
41798.191816221,1,4551,100,1393400,-1
41799.109099713,1,4552,100,1393459,-1
41800.581835426,3,4541,100,1386679,1
41801.512349582,1,4553,100,1389579,-1
41803.27417563,3,4542,100,1390975,-1
41804.477839466,1,4554,100,1381908,1
41805.091976541,3,4547,100,1390817,-1
41806.682477195,3,4524,100,1402140,-1
41807.846389237,4,4533,100,1390279,1
41809.323802539,1,4555,100,1386615,1
41811.991195833,3,4544,100,1390000,1
41813.571579903,3,4526,100,1394548,1
41814.431264606,1,4556,100,1394083,-1
41815.965731159,1,4557,100,1390303,1
41816.579198668,1,4558,100,1394300,1
41817.748870766,1,4559,100,1395371,-1
41818.873192657,4,4558,100,1394300,1
41819.888394316,3,4536,100,1394095,-1
41820.76808719,5,4489,100,1414194,-1
41821.719814888,1,4560,100,1395413,-1
41822.610126331,1,4561,100,1390497,1
41825.332581065,1,4562,100,1395881,-1
41826.083626648,1,4563,100,1395293,-1
41827.367553985,4,4552,100,1393459,-1
41828.663512706,5,4556,100,1394083,-1
41830.045501221,1,4564,100,1390833,1
41831.250076015,1,4565,100,1390111,1
41832.399000801,5,4548,100,1387779,1
41833.768580148,3,4530,100,1394475,1
41834.732631931,1,4566,100,1392160,1
41835.669961049,4,4528,100,1392305,1
41836.937583592,1,4567,100,1391217,-1
41838.255206008,1,4568,100,1392002,-1
41839.697355129,5,4553,100,1389579,-1
41840.520451954,3,4535,100,1389910,1
41841.469711269,5,4546,100,1388852,-1
41842.589928758,1,4569,100,1389576,1
41843.677548555,1,4570,100,1388278,1
41844.806779463,5,4534,100,1389592,1
41845.939122642,3,4567,100,1391217,-1
41847.639556632,4,4564,100,1390833,1
41848.349049557,4,4561,100,1390497,1
41849.033927475,1,4571,100,1386788,1
41850.563058163,5,4527,100,1398438,-1
41851.8341591,1,4572,100,1389799,-1
41853.346237615,1,4573,100,1387812,1
41854.171225068,4,4572,100,1389799,-1
41857.510347269,1,4574,100,1392624,-1
41858.509217082,3,4565,100,1390111,1
41859.980548079,3,4562,100,1395881,-1
41861.216311163,3,4482,100,1420310,-1
41862.750795501,1,4575,100,1389809,-1
41864.193853997,4,4518,100,1396232,1
41865.024368629,1,4576,100,1396414,-1
41865.65879501,1,4577,200,1393761,-1
41866.653585526,1,4578,100,1394688,-1
41868.471317062,1,4579,100,1390051,1
41869.232368508,3,4570,100,1388278,1
41871.01800346,1,4580,100,1388912,1
41872.363911958,1,4581,100,1389006,1
41873.255433394,3,4569,100,1389576,1
41874.615433182,1,4582,100,1389061,1
41875.909856247,1,4583,100,1393856,-1
41877.355527495,4,4549,100,1392096,-1
41878.011122112,3,4491,100,1412417,1
41879.172649652,1,4584,100,1389070,1
41880.352528147,5,4563,100,1395293,-1
41881.852638593,1,4585,100,1384911,1
41883.238273232,4,4579,100,1390051,1
41884.782007377,5,4580,100,1388912,1
41885.803155684,1,4586,100,1392790,-1
41887.800069181,4,4557,100,1390303,1
41889.110243954,3,4574,100,1392624,-1
41890.323247905,1,4587,100,1394221,1
41891.633925589,3,4581,100,1389006,1
41892.418068069,1,4588,100,1392150,-1
41893.097355457,1,4589,100,1392466,-1
41894.327619902,1,4590,100,1392259,-1
41896.084185268,1,4591,100,1387252,1
41897.444586624,1,4592,100,1391169,1
41898.889000854,1,4593,100,1392553,-1
41899.734032457,3,4591,100,1387252,1
41901.266235137,4,4584,100,1389070,1
41903.090482326,1,4594,100,1388472,1
41903.715188474,5,4592,100,1391169,1
41904.652797478,1,4595,100,1393491,-1
41905.400185118,3,4545,100,1387281,1
41906.128864185,1,4596,100,1386298,1
41907.776996141,3,4554,100,1381908,1
41909.172827533,1,4597,100,1386030,1
41910.389445859,1,4598,100,1381754,1
41911.127556443,3,4578,100,1394688,-1
41912.729439529,4,4597,100,1386030,1
41914.459105273,1,4599,100,1382133,1
41916.561856287,4,4596,100,1386298,1
41917.866944961,1,4600,100,1383632,1
41918.550154717,1,4601,100,1383025,1
41920.185652121,3,4582,100,1389061,1
41920.975037999,5,4566,100,1392160,1
41922.037395175,3,4593,100,1392553,-1
41923.255947141,1,4602,100,1383846,1
41924.090860623,1,4603,100,1385438,1
41925.488303039,5,4555,100,1386615,1
41927.007532989,1,4604,100,1386736,1
41928.489802104,1,4605,100,1388180,-1
41930.290915258,1,4606,100,1385360,1
41930.932778388,3,4461,100,1428124,-1
41932.410607096,4,4585,100,1384911,1
41934.180328295,1,4607,100,1390008,-1
41935.947760733,3,4516,100,1400208,1
41937.406103507,1,4608,100,1387021,-1
41938.521604862,1,4609,100,1391354,-1
41939.194685329,1,4610,100,1391256,-1
41941.259284199,1,4611,100,1389876,1
41942.653424627,1,4612,100,1393207,-1
41943.899707878,1,4613,100,1391437,-1
41945.501272357,4,4522,100,1391116,1
41946.757029991,3,4531,100,1391459,1
41947.80587448,3,4610,100,1391256,-1
41949.351522397,1,4614,100,1394037,-1
41951.114504517,4,4607,100,1390008,-1
41953.712176074,1,4615,100,1393959,1
41955.157523124,1,4616,100,1390113,1
41955.897162848,1,4617,100,1392186,1
41957.352276918,1,4618,100,1391710,1
41958.299755631,4,4605,100,1388180,-1
41959.678751881,3,4551,100,1393400,-1
41960.558314632,3,4602,100,1383846,1
41961.451417995,3,4618,100,1391710,1
41962.189710664,1,4619,100,1394508,1
41963.630020223,1,4620,100,1393406,1
41964.689237036,1,4621,100,1398529,-1
41965.359646317,1,4622,100,1393676,1
41966.599193331,1,4623,100,1397626,-1
41967.455995591,1,4624,100,1397389,-1
41968.67504408,3,4598,100,1381754,1
41971.300687452,1,4625,100,1398022,-1
41972.525744727,1,4626,100,1388230,1
41973.421529324,3,4621,100,1398529,-1
41974.097296891,4,4622,100,1393676,1
41974.809067112,1,4627,100,1390007,-1
41976.519171573,3,4616,100,1390113,1
41978.063324553,1,4628,100,1388652,1
41979.187945814,1,4629,100,1388984,1
41980.337815831,1,4630,100,1390101,1
41982.085730732,1,4631,100,1393142,-1
41983.904700349,1,4632,100,1393151,-1
41985.310127257,3,4615,100,1393959,1
41986.071354458,1,4633,100,1386390,1
41987.228684597,4,4573,100,1387812,1
41988.194721238,3,4571,100,1386788,1
41989.146400332,1,4634,100,1388901,-1
41989.956095542,3,4595,100,1393491,-1
41991.473640395,3,4599,100,1382133,1
41993.455636735,3,4626,100,1388230,1
41994.150899738,1,4635,100,1387870,-1
41996.933020872,3,4560,100,1395413,-1
41997.950179276,4,4600,100,1383632,1
41999.512665277,4,4587,100,1394221,1
42002.2774281,1,4636,100,1386779,1
42003.685573587,3,4601,100,1383025,1
42005.377190696,1,4637,100,1391494,-1
42006.766139618,1,4638,100,1392888,-1
42008.072018078,1,4639,100,1389045,1
42008.839909283,3,4632,100,1393151,-1
42010.527623291,1,4640,100,1387103,-1
42011.18764598,3,4606,100,1385360,1
42012.429643901,1,4641,100,1389733,-1
42013.575106327,1,4642,100,1389420,-1
42014.99086314,3,4612,100,1393207,-1
42017.766687128,3,4537,100,1394076,-1
42020.608933892,1,4643,100,1388809,-1
42021.993230943,3,4627,100,1390007,-1
42023.532900641,3,4577,200,1393761,-1
42024.601092576,3,4641,100,1389733,-1
42026.086601352,3,4611,100,1389876,1
42027.860469478,3,4594,100,1388472,1
42028.718029287,1,4644,100,1384229,1
42029.360241628,3,4505,100,1416440,-1
42030.143787526,1,4645,100,1388756,1
42031.782166659,3,4568,100,1392002,-1
42032.592257175,1,4646,100,1387252,1
42033.645360999,1,4647,100,1390677,1
42034.47250617,4,4617,100,1392186,1
42035.687657259,1,4648,100,1391419,1
42036.356450415,4,4631,100,1393142,-1
42039.40530511,1,4649,100,1391393,1
42040.733646217,1,4650,100,1393996,-1
42042.045820514,1,4651,100,1394470,-1
42043.266052977,1,4652,100,1395730,1
42044.435873605,1,4653,100,1392138,-1
42045.358197157,1,4654,100,1393167,-1
42046.830121308,5,4644,100,1384229,1
42048.098206198,3,4645,100,1388756,1
42050.686199502,1,4655,100,1386201,1
42052.180718435,4,4619,100,1394508,1
42053.966669011,1,4656,100,1386936,1
42055.353047719,1,4657,100,1385779,1
42056.581130395,1,4658,100,1388219,-1
42057.234520929,4,4629,100,1388984,1
42058.570765833,3,4646,100,1387252,1
42059.832110736,1,4659,100,1389844,1
42060.512270755,1,4660,100,1394405,-1
42061.396710442,1,4661,100,1396190,-1
42062.767622405,1,4662,100,1393374,-1
42063.754626619,4,4643,100,1388809,-1
42066.372881604,1,4663,100,1395105,-1
42067.432788359,1,4664,100,1390396,1
42069.625130583,1,4665,100,1398283,-1
42070.418702487,1,4666,100,1392439,1
42071.882034892,4,4588,100,1392150,-1
42072.567172123,4,4663,100,1395105,-1
42073.982272675,1,4667,100,1394621,1
42075.4346606,4,4575,100,1389809,-1
42076.282952481,1,4668,100,1391926,1
42077.195011186,3,4624,100,1397389,-1
42078.44435465,1,4669,100,1394508,1
42079.974814112,3,4630,100,1390101,1
42083.413529167,4,4652,100,1395730,1
42084.745688494,1,4670,100,1394169,1
42085.86029239,1,4671,100,1396195,-1
42089.979176648,4,4642,100,1389420,-1
42091.020275369,3,4668,100,1391926,1
42092.236824627,1,4672,100,1396247,1
42093.133515731,1,4673,100,1400573,-1
42093.919329786,1,4674,100,1397557,-1
42095.140728352,1,4675,100,1399377,-1
42096.413701329,1,4676,100,1398692,1
42097.481812972,1,4677,100,1403825,-1
42098.216174257,1,4678,100,1394606,1
42099.603515524,1,4679,100,1392852,1
42100.81227973,3,4620,100,1393406,1
42102.656680268,1,4680,100,1401311,-1
42106.140084315,1,4681,100,1393117,1
42107.665691622,3,4635,100,1387870,-1
42108.610177905,3,4674,100,1397557,-1
42109.775198231,1,4682,100,1397774,1
42111.465509932,1,4683,100,1396326,1
42113.307785435,1,4684,100,1403169,-1
42114.617080734,1,4685,100,1400157,-1
42115.831726686,5,4625,100,1398022,-1
42117.495698318,1,4686,100,1400346,-1
42118.999167359,1,4687,100,1402161,-1
42120.789914372,1,4688,100,1402287,-1
42121.413742369,1,4689,100,1404539,-1
42122.73146429,1,4690,100,1404380,-1
42123.866087382,1,4691,100,1403436,-1
42124.767762305,4,4680,100,1401311,-1
42126.314182192,4,4665,100,1398283,-1
42127.393979963,1,4692,100,1401615,-1
42128.095859685,3,4613,100,1391437,-1
42129.112676063,1,4693,100,1397761,1
42130.776153272,3,4679,100,1392852,1
42131.735358348,1,4694,100,1398385,1
42132.907880155,5,4662,100,1393374,-1
42134.301477204,5,4655,100,1386201,1
42135.789102706,4,4638,100,1392888,-1
42137.573369563,5,4687,100,1402161,-1
42139.276854708,1,4695,100,1396337,-1
42142.166451992,4,4661,100,1396190,-1
42144.944892493,1,4696,100,1401166,-1
42146.685644282,3,4628,100,1388652,1
42147.81454859,3,4671,100,1396195,-1
42149.405902998,3,4694,100,1398385,1
42151.147734865,3,4636,100,1386779,1
42152.776071698,1,4697,100,1395514,1
42155.487145011,4,4559,100,1395371,-1
42156.17516463,1,4698,100,1396809,1
42157.22016579,5,4650,100,1393996,-1
42160.726592391,3,4586,100,1392790,-1
42161.842447524,3,4673,100,1400573,-1
42163.120306201,3,4656,100,1386936,1
42164.071838718,1,4699,100,1395274,1
42166.255945592,1,4700,100,1395952,-1
42167.680753594,1,4701,100,1392536,-1
42168.697910131,4,4550,100,1394449,-1
42171.710071009,1,4702,100,1399554,-1
42173.393376744,4,4589,100,1392466,-1
42174.203391386,4,4583,100,1393856,-1
42175.975660024,4,4614,100,1394037,-1
42176.797087688,1,4703,100,1393991,1
42177.710876386,1,4704,100,1398708,-1
42178.430226883,3,4693,100,1397761,1
42179.869655244,1,4705,100,1393098,1
42181.140281306,5,4649,100,1391393,1
42182.49905742,5,4651,100,1394470,-1
42183.463305179,3,4657,100,1385779,1
42187.235469058,3,4653,100,1392138,-1
42189.00502155,3,4660,100,1394405,-1
42189.899286009,1,4706,100,1395285,-1
42190.615334896,5,4701,100,1392536,-1
42191.892488457,3,4684,100,1403169,-1
42193.215626933,5,4603,100,1385438,1
42194.494339902,1,4707,100,1395216,-1
42196.308822752,1,4708,100,1389286,1
42199.062526,3,4698,100,1396809,1
42200.044033095,5,4707,100,1395216,-1
42201.098634907,1,4709,100,1390950,-1
42202.419808808,3,4659,100,1389844,1
42204.300810022,5,4681,100,1393117,1
42206.170959231,1,4710,100,1391309,1
42207.983175422,3,4675,100,1399377,-1
42209.494154541,3,4704,100,1398708,-1
42211.015928313,4,4705,100,1393098,1
42212.164593154,4,4709,100,1390950,-1
42213.520749577,1,4711,100,1388816,1
42214.864118076,4,4676,100,1398692,1
42215.921589682,3,4683,100,1396326,1
42217.170466847,4,4609,100,1391354,-1
42217.81971866,1,4712,100,1393512,1
42218.899474627,1,4713,100,1401233,1
42220.367635167,3,4623,100,1397626,-1
42221.948686254,1,4714,100,1394369,1
42223.607666223,1,4715,100,1394393,1
42224.902913489,3,4647,100,1390677,1
42226.701404468,3,4654,100,1393167,-1
42228.394339708,5,4633,100,1386390,1
42229.605918967,1,4716,100,1399812,-1
42230.662347832,1,4717,100,1398322,1
42232.267516413,4,4716,100,1399812,-1
42233.061438126,1,4718,100,1399399,-1
42234.270947717,1,4719,100,1399044,1
42235.676131745,1,4720,100,1401719,-1
42236.344792414,1,4721,100,1398513,1
42237.067475188,1,4722,100,1402373,1
42237.9077392,1,4723,100,1398347,1
42240.574482262,3,4717,100,1398322,1
42241.311582923,3,4710,100,1391309,1
42242.903594751,3,4697,100,1395514,1
42244.461058034,3,4712,100,1393512,1
42245.45008671,3,4678,100,1394606,1
42246.599500605,1,4724,100,1400413,-1
42248.227071456,1,4725,100,1400056,-1
42250.050287098,3,4648,100,1391419,1
42251.848746718,1,4726,100,1395856,1
42252.703652067,3,4700,100,1395952,-1
42253.861793877,3,4658,100,1388219,-1
42256.327512189,1,4727,100,1391389,1
42257.561217615,1,4728,100,1386949,1
42258.231772929,3,4634,100,1388901,-1
42259.277453757,3,4692,100,1401615,-1
42261.091611871,4,4713,100,1401233,1
42262.031904079,4,4708,100,1389286,1
42263.181996369,4,4703,100,1393991,1
42264.716378696,4,4723,100,1398347,1
42265.479061826,3,4590,100,1392259,-1
42266.94312445,3,4664,100,1390396,1
42267.676912244,4,4699,100,1395274,1
42268.817760051,1,4729,100,1394020,1
42269.471303698,3,4728,100,1386949,1
42270.820377334,1,4730,100,1390837,1
42271.781494353,4,4714,100,1394369,1
42272.514587314,1,4731,100,1386760,1
42273.868150216,1,4732,100,1386472,1
42275.001747451,1,4733,100,1388678,-1
42276.490323034,5,4670,100,1394169,1
42278.219263844,5,4669,100,1394508,1
42279.113002317,3,4608,100,1387021,-1
42279.771174104,4,4726,100,1395856,1
42280.501072807,4,4666,100,1392439,1
42281.949764725,1,4734,100,1387062,1
42282.952847105,1,4735,100,1389283,-1
42284.36599203,1,4736,100,1394144,-1
42285.909389406,1,4737,100,1391277,-1
42287.143789988,5,4711,100,1388816,1
42287.916550516,1,4738,100,1386012,1
42289.550741461,3,4719,100,1399044,1
42290.268235502,4,4715,100,1394393,1
42292.299076126,1,4739,100,1389285,1
42293.164908975,1,4740,100,1392672,-1
42294.188200253,1,4741,100,1386318,1
42295.847783727,3,4702,100,1399554,-1
42296.871274926,3,4510,100,1408228,-1
42297.717463964,1,4742,100,1390719,1
42299.106804458,3,4604,100,1386736,1
42300.484722566,1,4743,100,1392539,1
42301.953187095,5,4731,100,1386760,1
42302.624104303,1,4744,100,1392520,-1
42304.21767258,5,4734,100,1387062,1
42306.756567012,4,4640,100,1387103,-1
42307.704789333,1,4745,100,1386771,-1
42309.507374962,3,4689,100,1404539,-1
42312.351018061,4,4682,100,1397774,1
42313.518245287,4,4729,100,1394020,1
42316.100274758,1,4746,100,1394659,-1
42317.682029283,3,4718,100,1399399,-1
42320.684619762,3,4733,100,1388678,-1
42322.437542938,3,4696,100,1401166,-1
42323.707284438,1,4747,100,1386927,1
42324.482051425,4,4745,100,1386771,-1
42325.510793935,1,4748,100,1389462,-1
42326.760428416,1,4749,100,1385917,1
42328.515154043,5,4747,100,1386927,1
42329.560022497,3,4739,100,1389285,1
42331.273334032,1,4750,100,1395182,-1
42332.823149014,4,4748,100,1389462,-1
42334.040803204,4,4721,100,1398513,1
42335.587793646,1,4751,100,1394531,-1
42336.632883871,1,4752,100,1395860,-1
42338.700104802,3,4750,100,1395182,-1
42339.752277718,5,4677,100,1403825,-1
42341.305224859,5,4667,100,1394621,1
42342.792005959,1,4753,100,1393858,1
42343.552770365,1,4754,100,1389318,1
42344.190661053,3,4695,100,1396337,-1
42345.272506415,5,4685,100,1400157,-1
42346.67037697,1,4755,100,1390886,1
42347.641679279,1,4756,100,1392072,1
42348.601717208,3,4722,100,1402373,1
42351.600550328,5,4742,100,1390719,1
42354.894533166,1,4757,100,1394187,-1
42356.61821003,1,4758,100,1397989,-1
42358.457988246,3,4724,100,1400413,-1
42359.220235239,3,4686,100,1400346,-1
42360.106096235,5,4744,100,1392520,-1
42361.593683139,1,4759,100,1394378,-1
42362.479124791,4,4735,100,1389283,-1
42363.615165428,1,4760,100,1391568,1
42365.527439913,3,4760,100,1391568,1
42366.554074335,4,4756,100,1392072,1
42368.303377794,5,4672,100,1396247,1
42369.155396778,1,4761,100,1393855,1
42369.974282157,1,4762,100,1393746,1
42373.232134802,1,4763,100,1395508,1
42374.344957341,1,4764,100,1396716,1
42376.039799683,5,4738,100,1386012,1
42377.123633146,3,4753,100,1393858,1
42379.316359841,1,4765,100,1399120,1
42380.612110196,3,4706,100,1395285,-1
42381.931724157,3,4764,100,1396716,1
42383.038926469,1,4766,100,1407633,-1
42384.07385886,4,4576,100,1396414,-1
42385.237069886,3,4727,100,1391389,1
42386.964478862,3,4749,100,1385917,1
42388.672571148,4,4740,100,1392672,-1
42390.561131434,4,4757,100,1394187,-1
42391.666406002,3,4755,100,1390886,1
42393.42467516,4,4752,100,1395860,-1
42395.298908334,1,4767,100,1397536,1
42396.070753581,1,4768,100,1400023,1
42397.405628578,4,4637,100,1391494,-1
42398.727626073,4,4688,100,1402287,-1
42400.205583088,3,4730,100,1390837,1
42401.619903188,4,4765,100,1399120,1
42403.515682376,1,4769,100,1393725,1
42406.211783151,5,4769,100,1393725,1
42406.917821614,5,4754,100,1389318,1
42408.753575373,3,4758,100,1397989,-1
42410.339508864,1,4770,100,1401841,1
42413.240081123,1,4771,100,1400155,1
42414.133001886,1,4772,100,1404253,-1
42415.669350275,4,4768,100,1400023,1
42416.895774851,1,4773,100,1398111,1
42418.419523887,1,4774,100,1404210,-1
42420.195548482,1,4775,100,1400082,-1
42421.766624119,3,4741,100,1386318,1
42422.913353252,4,4771,100,1400155,1
42424.43206172,1,4776,100,1399095,1
42426.135014166,4,4737,100,1391277,-1
42430.554376105,3,4766,100,1407633,-1
42431.283219487,1,4777,100,1407479,-1
42432.098711867,3,4776,100,1399095,1
42433.825492432,3,4736,100,1394144,-1
42435.656813247,1,4778,100,1399597,-1
42436.563426359,5,4639,100,1389045,1
42437.341244424,1,4779,100,1402667,-1
42438.901910569,3,4773,100,1398111,1
42439.806626051,1,4780,100,1398476,1
42442.18668377,1,4781,100,1394635,1
42444.983038161,1,4782,100,1391177,1
42446.3919078,3,4774,100,1404210,-1
42448.10411847,4,4762,100,1393746,1
42449.703795559,1,4783,100,1396752,-1
42452.792823207,1,4784,100,1396771,-1
42453.602815107,1,4785,100,1393171,-1
42455.461259388,5,4767,100,1397536,1
42456.403920863,3,4770,100,1401841,1
42457.994272612,1,4786,100,1397420,-1
42458.774308093,4,4759,100,1394378,-1
42459.988540777,5,4743,100,1392539,1
42461.801561275,4,4761,100,1393855,1
42462.638848609,1,4787,100,1396137,-1
42465.627824834,3,4778,100,1399597,-1
42466.631158392,1,4788,100,1397115,-1
42468.191379356,3,4780,100,1398476,1
42469.687216914,1,4789,100,1393054,1
42471.555365459,1,4790,100,1393459,1
42473.475624237,5,4781,100,1394635,1
42474.356750089,1,4791,100,1393999,1
42475.685206964,1,4792,100,1394180,1
42477.439136513,1,4793,100,1396393,-1
42478.17290046,3,4784,100,1396771,-1
42479.19376308,3,4775,100,1400082,-1
42480.665362721,1,4794,100,1397642,-1
42482.317603787,1,4795,100,1396527,-1
42484.856784261,1,4796,100,1392794,1
42486.078467794,5,4751,100,1394531,-1
42487.965399113,3,4732,100,1386472,1
42489.726455627,1,4797,100,1397477,1
42490.4903927,1,4798,100,1398558,-1
42492.215827603,3,4782,100,1391177,1
42494.055571142,3,4691,100,1403436,-1
42495.446061866,1,4799,100,1399966,-1
42496.47327454,1,4800,200,1398567,1
42497.558253814,1,4801,100,1397911,-1
42498.594594925,1,4802,100,1393302,1
42499.922066527,1,4803,300,1394863,-1
42501.080842449,3,4777,100,1407479,-1
42502.913143532,1,4804,100,1393322,-1
42503.951761069,1,4805,100,1388513,1
42504.75894528,3,4746,100,1394659,-1
42506.490974284,1,4806,100,1390899,1
42508.080311164,4,4802,100,1393302,1
42509.765595976,3,4806,100,1390899,1
42511.703111247,1,4807,100,1396515,-1
42512.529607865,1,4808,100,1390273,1
42513.779306654,4,4792,100,1394180,1
42515.278298104,1,4809,100,1390865,1
42516.513179304,3,4808,100,1390273,1
42518.317324819,1,4810,100,1388540,1
42519.878732033,1,4811,100,1394235,-1
42521.233079534,3,4796,100,1392794,1
42522.712780544,1,4812,100,1388838,-1
42524.396030762,1,4813,100,1388208,1
42526.166329617,1,4814,100,1390347,-1
42526.839184066,4,4809,100,1390865,1
42527.654724282,1,4815,100,1386248,1
42530.238470786,4,4810,100,1388540,1
42531.482805821,3,4800,200,1398567,1
42533.151709038,3,4794,100,1397642,-1
42533.963072454,5,4786,100,1397420,-1
42534.928133499,3,4815,100,1386248,1
42537.799835851,1,4816,100,1380855,1
42539.661221184,4,4813,100,1388208,1
42540.860489758,1,4817,100,1384741,1
42542.360161747,1,4818,100,1384983,-1
42543.713806483,3,4783,100,1396752,-1
42544.940414118,1,4819,100,1379816,-1
42546.438909723,4,4805,100,1388513,1
42548.03161562,3,4801,100,1397911,-1
42549.562750126,3,4789,100,1393054,1
42550.564318486,4,4791,100,1393999,1
42551.284788855,1,4820,100,1382579,-1
42552.785854005,1,4821,100,1379017,1
42554.412821437,3,4820,100,1382579,-1
42556.097610632,3,4814,100,1390347,-1
42556.912971014,4,4816,100,1380855,1
42558.31251423,3,4785,100,1393171,-1
42559.670023325,3,4797,100,1397477,1
42560.481084534,3,4779,100,1402667,-1
42562.233375144,3,4807,100,1396515,-1
42563.517136235,1,4822,100,1377853,1
42565.576795564,1,4823,100,1385656,-1
42567.389915519,3,4763,100,1395508,1
42568.452962157,4,4819,100,1379816,-1
42569.762689435,1,4824,100,1381130,1
42570.501690465,1,4825,100,1384024,1
42572.435834497,4,4817,100,1384741,1
42574.228381861,2,4803,100,1394863,-1
42575.286558509,1,4826,100,1380181,1
42577.140823531,3,4803,200,1394863,-1
42579.760401878,1,4827,100,1386838,-1
42580.764497669,3,4799,100,1399966,-1
42581.710365358,1,4828,100,1383676,1
42582.705889078,3,4772,100,1404253,-1
42583.50930221,3,4826,100,1380181,1
42585.344801612,4,4825,100,1384024,1
42586.638784745,1,4829,100,1383116,1
42587.615970592,5,4812,100,1388838,-1
42588.403453188,1,4830,100,1378167,1
42591.581870318,1,4831,100,1377991,1
42592.442116097,4,4828,100,1383676,1
42593.442187064,1,4832,100,1384137,-1
42594.106834295,3,4829,100,1383116,1
42595.463656434,3,4811,100,1394235,-1
42597.797729335,5,4795,100,1396527,-1
42598.910190988,1,4833,100,1382469,1
42599.650878441,1,4834,100,1382295,1
42601.516534489,4,4832,100,1384137,-1
42602.453317214,5,4833,100,1382469,1
42603.831431802,1,4835,100,1384049,1
42605.544687414,3,4720,100,1401719,-1
42606.232905419,4,4818,100,1384983,-1
42606.977907805,3,4725,100,1400056,-1
42608.395997715,3,4834,100,1382295,1
42609.104055318,3,4690,100,1404380,-1
42610.186793883,3,4790,100,1393459,1
42611.918254825,1,4836,100,1383006,1
42612.925042662,1,4837,100,1390939,-1
42614.665037154,1,4838,100,1390120,-1
42616.171476472,1,4839,100,1392619,-1
42617.594165779,1,4840,100,1388152,1
42618.309338139,1,4841,100,1391697,-1
42619.948087352,1,4842,100,1390743,-1
42620.650573317,3,4830,100,1378167,1
42621.473260662,1,4843,100,1385349,1
42622.160644447,1,4844,100,1389335,-1
42624.036268269,4,4827,100,1386838,-1
42624.944061662,1,4845,100,1386949,1
42629.723158537,3,4804,100,1393322,-1
42631.377680952,1,4846,100,1392594,-1
42633.055153132,4,4838,100,1390120,-1
42635.270228865,5,4837,100,1390939,-1
42636.81902997,5,4840,100,1388152,1
42638.501246104,1,4847,100,1397321,-1
42639.808140139,4,4846,100,1392594,-1
42640.469074526,1,4848,100,1398076,-1
42641.968970779,1,4849,100,1399319,-1
42643.090544246,3,4844,100,1389335,-1
42644.809705938,1,4850,100,1393281,-1
42646.18358253,3,4849,100,1399319,-1
42647.135245453,4,4847,100,1397321,-1
42647.854115828,3,4831,100,1377991,1
42649.425911159,3,4845,100,1386949,1
42650.504953818,3,4841,100,1391697,-1
42652.093009901,3,4798,100,1398558,-1
42653.945255341,3,4835,100,1384049,1
42654.645521996,1,4851,100,1395866,-1
42655.696350822,3,4848,100,1398076,-1
42657.328516024,3,4843,100,1385349,1
42659.256583569,1,4852,100,1390804,1
42660.196718213,5,4836,100,1383006,1
42661.648940155,1,4853,100,1389041,1
42663.050979601,1,4854,100,1396470,-1
42664.606830853,1,4855,100,1397121,-1
42665.444902975,3,4854,100,1396470,-1
42666.211874287,3,4852,100,1390804,1
42667.42587029,5,4855,100,1397121,-1
42670.530319849,1,4856,100,1395672,-1
42673.42828098,4,4839,100,1392619,-1
42674.122670846,1,4857,100,1396095,-1
42678.070809196,3,4850,100,1393281,-1
42680.023879179,3,4822,100,1377853,1
42680.945059939,4,4823,100,1385656,-1
42682.866234562,1,4858,100,1396263,1
42683.601079546,1,4859,100,1398680,-1
42684.380676941,3,4787,100,1396137,-1
42685.648926524,3,4859,100,1398680,-1
42687.429320166,4,4788,100,1397115,-1
42688.400505731,1,4860,100,1403700,-1
42690.231559924,1,4861,100,1399384,1
42691.980080899,4,4861,100,1399384,1
42693.935679599,1,4862,100,1398464,-1
42695.842115606,1,4863,100,1399540,1
42697.773273915,3,4851,100,1395866,-1
42699.507894659,1,4864,100,1394817,1
42701.377232471,1,4865,100,1395888,1
42702.171151045,1,4866,100,1398558,-1
42704.074028951,5,4842,100,1390743,-1
42705.292337609,1,4867,100,1397124,-1
42706.58819723,1,4868,200,1400061,-1
42707.598077285,1,4869,100,1402765,-1
42709.488852317,3,4821,100,1379017,1
42710.880766026,1,4870,100,1401622,-1
42712.144990688,1,4871,100,1401354,-1
42713.978184814,4,4863,100,1399540,1
42716.971801325,1,4872,100,1396537,1
42718.017984089,1,4873,100,1401973,-1
42719.569157664,1,4874,100,1402212,-1
42720.741313241,3,4873,100,1401973,-1
42722.54608872,1,4875,100,1403485,-1
42723.398719862,4,4793,100,1396393,-1
42724.718735828,1,4876,100,1399438,1
42726.589820551,1,4877,100,1401505,-1
42728.408203932,1,4878,100,1398814,-1
42729.704521828,1,4879,100,1394283,1
42732.796295401,1,4880,100,1399428,-1
42734.614440423,1,4881,100,1392821,1
42735.801594528,3,4875,100,1403485,-1
42737.33388025,1,4882,100,1393649,1
42738.947214681,1,4883,100,1395111,-1
42740.83959305,3,4883,100,1395111,-1
42742.423850747,1,4884,100,1387101,1
42743.292067409,4,4876,100,1399438,1
42745.253393819,3,4871,100,1401354,-1
42746.947887976,3,4882,100,1393649,1
42748.007125952,3,4864,100,1394817,1
42749.670610197,3,4874,100,1402212,-1
42751.096322571,3,4872,100,1396537,1
42751.975676499,3,4880,100,1399428,-1
42753.892339408,1,4885,100,1390241,1
42755.365635655,3,4881,100,1392821,1
42756.75045441,4,4858,100,1396263,1
42757.603458584,5,4853,100,1389041,1
42759.333617239,4,4865,100,1395888,1
42760.832665023,1,4886,100,1393688,-1
42762.016396493,1,4887,100,1393941,-1
42763.351800667,1,4888,100,1387359,1
42764.536550787,4,4879,100,1394283,1
42766.174518205,4,4885,100,1390241,1
42768.916573246,1,4889,100,1386564,1
42769.84491364,1,4890,100,1384427,1
42770.960310447,3,4866,100,1398558,-1
42771.836297208,4,4890,100,1384427,1
42773.51942936,1,4891,100,1387629,1
42775.509143761,4,4884,100,1387101,1
42776.852481175,3,4869,100,1402765,-1
42778.134609989,5,4867,100,1397124,-1
42780.284718053,1,4892,100,1387377,1
42781.859663921,4,4878,100,1398814,-1
42782.566660996,5,4860,100,1403700,-1
42783.814654773,3,4888,100,1387359,1
42784.873306995,1,4893,100,1392620,-1
42786.664099023,3,4857,100,1396095,-1
42787.351897702,3,4891,100,1387629,1
42788.365685873,4,4889,100,1386564,1
42789.913224754,1,4894,100,1385550,1
42791.650718485,3,4856,100,1395672,-1
42793.645162775,4,4892,100,1387377,1
42795.008027137,4,4894,100,1385550,1
42796.826660347,1,4895,100,1389832,-1
42798.71922379,1,4896,100,1387096,-1
42799.70149233,3,4886,100,1393688,-1
42801.057346643,1,4897,100,1387208,-1
42802.826080476,3,4870,100,1401622,-1
42803.752728506,3,4877,100,1401505,-1
42804.890746218,4,4897,100,1387208,-1
42806.314486306,3,4862,100,1398464,-1
42807.761113418,1,4898,100,1390737,-1
42808.63677862,1,4899,100,1386635,-1
42810.935989923,3,4824,100,1381130,1
42811.928253011,3,4898,100,1390737,-1
42813.214119449,1,4900,100,1384447,-1
42814.592827494,4,4887,100,1393941,-1
42816.765196217,4,4900,100,1384447,-1
42818.585401085,3,4895,100,1389832,-1
42819.300878921,4,4893,100,1392620,-1
42821.160586985,2,4868,100,1400061,-1
42822.270999345,1,4901,100,1376263,-1
42823.930928664,1,4902,100,1379064,-1
42825.020737767,1,4903,100,1373054,1
42825.987487576,1,4904,100,1374059,1
42827.930956917,3,4904,100,1374059,1
42828.819719054,1,4905,100,1375181,1
42829.861981332,1,4906,100,1381162,-1
42831.255461538,3,4901,100,1376263,-1
42832.599671691,1,4907,100,1372864,1
42833.274141078,4,4905,100,1375181,1
42834.058001105,1,4908,100,1379678,-1
42835.708310082,3,4908,100,1379678,-1
42837.021116931,1,4909,100,1373939,1
42838.382764382,1,4910,100,1378794,-1
42839.846727288,4,4902,100,1379064,-1
42841.795431665,3,4899,100,1386635,-1
42843.595061431,3,4868,100,1400061,-1
42845.539509791,4,4910,100,1378794,-1
42846.887009567,4,4909,100,1373939,1
42848.181101628,5,4907,100,1372864,1
42848.892655258,1,4911,100,1383786,-1
42850.296778208,5,4903,100,1373054,1
42851.252360217,3,4896,100,1387096,-1
42852.710657588,5,4911,100,1383786,-1
42853.612421344,3,4906,100,1381162,-1
42854.501015542,1,4912,100,1383155,-1
42855.46926365,1,4913,100,1378542,1
42857.274165449,3,4912,100,1383155,-1
42858.170036466,1,4914,100,1377777,-1
42859.133905618,3,4914,100,1377777,-1
42860.561322243,3,4913,100,1378542,1
42862.05038076,1,4915,100,1381078,-1
42863.161553399,3,4915,100,1381078,-1
42864.422824047,1,4916,100,1381128,-1
42865.158367798,1,4917,100,1381918,-1
42866.335487912,1,4918,100,1377942,1
42868.136786556,4,4916,100,1381128,-1
42868.996533594,4,4918,100,1377942,1
42869.876268446,1,4919,100,1378613,1
42871.644279356,1,4920,100,1381013,-1
42872.688703875,4,4920,100,1381013,-1
42874.562692542,3,4917,100,1381918,-1
42876.48529051,3,4919,100,1378613,1
42878.266269374,1,4921,100,1379365,1
42879.561562802,1,4922,100,1381766,-1
42881.376215453,4,4921,100,1379365,1
42883.406003735,1,4923,100,1374314,1
42884.588396193,1,4924,100,1379167,-1
42886.426618996,1,4925,100,1380116,-1
42888.299652961,1,4926,100,1380217,1
42889.991592586,3,4922,100,1381766,-1
42891.907387974,3,4926,100,1380217,1
42893.090029101,1,4927,100,1382513,-1
42894.353590246,1,4928,100,1379166,1
42896.363435709,1,4929,100,1380038,-1
42898.140095069,1,4930,100,1382577,-1
42899.895543932,5,4927,100,1382513,-1
42900.569536021,1,4931,100,1384588,-1
42902.496893214,3,4924,100,1379167,-1
42904.360773404,1,4932,100,1384622,1
42905.962950962,1,4933,100,1380877,-1
42907.675513111,1,4934,100,1380653,1
42909.32657342,3,4925,100,1380116,-1
42911.898793827,3,4934,100,1380653,1
42913.225234403,1,4935,100,1385952,1
42914.916520812,1,4936,100,1382807,1
42916.160345897,3,4933,100,1380877,-1
42916.933258868,1,4937,100,1380797,1
42917.81515938,1,4938,100,1384261,1
42918.886827662,3,4930,100,1382577,-1
42919.602401813,1,4939,100,1383799,1
42922.289719417,3,4937,100,1380797,1
42923.502873086,3,4929,100,1380038,-1
42924.881603275,1,4940,100,1381897,-1
42926.253119121,3,4939,100,1383799,1
42927.140818308,3,4928,100,1379166,1
42929.031526824,5,4940,100,1381897,-1
42930.994466056,1,4941,100,1378253,1
42931.937527171,1,4942,100,1380585,-1
42933.228513239,3,4941,100,1378253,1
42936.333276863,1,4943,100,1379404,1
42939.922648115,3,4942,100,1380585,-1
42941.767252616,3,4938,100,1384261,1
42943.365308946,4,4943,100,1379404,1
42944.287799153,3,4932,100,1384622,1
42945.836224645,1,4944,100,1381905,-1
42947.171874806,1,4945,100,1376878,-1
42949.806102153,1,4946,100,1380195,1
42951.195531684,3,4936,100,1382807,1
42953.047784781,4,4946,100,1380195,1
42954.561097275,1,4947,100,1377308,-1
42955.519519445,1,4948,100,1381306,-1
42956.546004843,1,4949,100,1380318,-1
42957.386961257,4,4947,100,1377308,-1
42958.18934386,1,4950,100,1375669,1
42959.820956489,1,4951,100,1376896,1
42961.656556994,1,4952,100,1378167,-1
42963.06512443,4,4935,100,1385952,1
42964.969611656,1,4953,100,1375779,1
42966.013058896,1,4954,100,1378493,1
42967.031216592,3,4950,100,1375669,1
42969.023711114,4,4952,100,1378167,-1
42970.637007388,1,4955,100,1383652,-1
42971.916505177,3,4953,100,1375779,1
42973.159828423,1,4956,100,1383400,-1
42975.95585569,1,4957,100,1379267,1
42976.730305752,3,4948,100,1381306,-1
42978.097460676,3,4931,100,1384588,-1
42979.357514419,4,4945,100,1376878,-1
42981.193045232,3,4951,100,1376896,1
42982.402442625,1,4958,100,1384844,-1
42983.262215037,1,4959,100,1383662,-1
42984.878139915,4,4944,100,1381905,-1
42986.851608619,3,4958,100,1384844,-1
42987.988101785,5,4923,100,1374314,1
42989.383294628,1,4960,100,1386348,-1
42990.115760132,5,4957,100,1379267,1
42991.018778016,4,4960,100,1386348,-1
42991.734568177,4,4956,100,1383400,-1
42992.568380978,3,4954,100,1378493,1
42994.129793522,1,4961,100,1383124,-1
42995.41235501,3,4961,100,1383124,-1
42996.406696074,3,4959,100,1383662,-1
42998.364393594,5,4955,100,1383652,-1
42999.986096296,1,4962,100,1382837,-1
43001.433239726,4,4949,100,1380318,-1
43002.914921792,1,4963,100,1382239,-1
43004.46788035,5,4962,100,1382837,-1
43007.739416516,5,4963,100,1382239,-1
43009.019504594,1,4964,100,1376841,1
43010.642006833,4,4964,100,1376841,1
43012.142211077,1,4965,100,1378010,-1
43015.511856089,1,4966,100,1376599,1
43016.678999403,3,4965,100,1378010,-1
43018.230744883,3,4966,100,1376599,1
43019.044756415,1,4967,100,1372586,1
43022.601482352,3,4967,100,1372586,1
43024.348190017,1,4968,100,1379428,1
43026.750417792,3,4968,100,1379428,1
43028.709980485,1,4969,100,1382326,-1
43029.87181123,3,4969,100,1382326,-1
43031.238110846,1,4970,100,1382642,1
43032.069628822,4,4970,100,1382642,1
43033.058099487,1,4971,100,1382239,1
43034.211282514,1,4972,100,1380703,1
43035.119777092,4,4971,100,1382239,1
43036.831772714,1,4973,100,1377603,1
43037.685600017,4,4972,100,1380703,1
43039.517814342,1,4974,100,1378710,1
43040.599694015,1,4975,100,1378956,1
43042.39672707,1,4976,100,1382155,1
43043.678504216,1,4977,100,1381256,1
43045.565924937,3,4975,100,1378956,1
43046.558395101,1,4978,100,1381912,-1
43047.49472016,1,4979,100,1386899,-1
43049.126481287,1,4980,100,1381974,1
43050.547217987,1,4981,100,1389518,-1
43051.299050807,5,4973,100,1377603,1
43052.913215791,1,4982,100,1379756,1
43053.808695201,4,4976,100,1382155,1
43054.857723387,1,4983,100,1380410,1
43056.692249157,3,4979,100,1386899,-1
43057.870826908,3,4981,100,1389518,-1
43058.937329268,3,4983,100,1380410,1
43060.215136504,1,4984,100,1379408,1
43062.591431812,3,4982,100,1379756,1
43063.357695215,1,4985,100,1382634,-1
43065.387314262,1,4986,100,1376547,1
43067.197716586,1,4987,100,1381231,-1
43068.53549163,3,4986,100,1376547,1
43069.577289727,1,4988,100,1377707,1
43070.736701397,3,4988,100,1377707,1
43072.173170923,3,4978,100,1381912,-1
43072.963018502,4,4977,100,1381256,1
43074.852248722,3,4984,100,1379408,1
43075.844459455,1,4989,100,1372587,1
43077.6466624,1,4990,100,1373825,1
43080.507450308,3,4980,100,1381974,1
43082.466863279,1,4991,100,1375013,-1
43083.646969047,4,4989,100,1372587,1
43085.591121825,1,4992,100,1373463,1
43087.233461926,1,4993,100,1375361,-1
43088.587204029,4,4992,100,1373463,1
43089.8035742,3,4985,100,1382634,-1
43091.066418948,1,4994,100,1377058,-1
43092.295886496,1,4995,100,1371997,1
43093.338730841,1,4996,100,1376985,1
43095.232733013,3,4990,100,1373825,1
43096.172412865,1,4997,100,1382389,-1
43098.19579089,1,4998,100,1377445,1
43099.5243105,3,4998,100,1377445,1
43102.510065166,1,4999,100,1379804,1
43103.384365863,1,5000,100,1378349,-1
43105.140761108,3,4995,100,1371997,1
43105.922431539,4,4991,100,1375013,-1
43107.360736818,1,5001,100,1376903,1
43109.408146311,1,5002,100,1381284,-1
43110.380676393,1,5003,100,1377089,-1
43111.518616488,3,4974,100,1378710,1
43113.487380698,1,5004,100,1380609,-1
43114.480881798,5,4999,100,1379804,1
43116.047061963,3,5000,100,1378349,-1
43116.943173277,3,4993,100,1375361,-1
43118.287801237,1,5005,100,1374521,1
43119.402813956,1,5006,100,1377568,-1
43120.521934879,1,5007,100,1375974,1
43122.144466203,1,5008,100,1380080,-1
43122.965311652,3,5002,100,1381284,-1
43124.661613224,1,5009,100,1371223,1
43126.58564647,3,5001,100,1376903,1
43129.194524047,1,5010,100,1373985,1
43130.773744246,3,5003,100,1377089,-1
43132.69227501,4,5007,100,1375974,1
43134.396239711,4,4994,100,1377058,-1
43135.279441766,1,5011,100,1376049,1
43137.250783065,1,5012,100,1380108,-1
43138.60240288,1,5013,100,1374986,1
43139.844024211,4,5011,100,1376049,1
43140.607229826,1,5014,100,1381327,-1
43142.47426002,4,4996,100,1376985,1
43143.213925795,3,5009,100,1371223,1
43143.950664308,1,5015,100,1375663,1
43145.889325119,3,5014,100,1381327,-1
43149.355194314,1,5016,100,1379710,1
43151.003680342,1,5017,100,1380465,-1
43152.048678802,1,5018,100,1375719,1
43154.001042806,1,5019,100,1378727,-1
43155.603677667,3,5008,100,1380080,-1
43156.768528774,1,5020,100,1370992,1
43157.926884538,3,5016,100,1379710,1
43158.804861387,1,5021,100,1370854,1
43160.846447162,3,4997,100,1382389,-1
43162.873486969,4,5015,100,1375663,1
43163.79215924,4,5010,100,1373985,1
43165.762172953,5,5012,100,1380108,-1
43168.918173253,3,5018,100,1375719,1
43170.938157535,4,5020,100,1370992,1
43172.371432842,1,5022,100,1374518,-1
43174.233889248,3,5013,100,1374986,1
43175.351410106,1,5023,100,1376468,-1
43178.074206501,1,5024,100,1376561,1
43179.741638835,1,5025,100,1379802,-1
43180.989857944,3,5005,100,1374521,1
43182.355435919,3,5019,100,1378727,-1
43183.55244334,5,5021,100,1370854,1
43184.467984829,1,5026,100,1381117,-1
43185.647786916,1,5027,100,1378366,1
43189.471863535,4,5022,100,1374518,-1
43190.503425562,1,5028,100,1380268,-1
43192.497539736,3,5027,100,1378366,1
43194.16983465,1,5029,100,1380454,-1
43195.500668473,1,5030,100,1381596,-1
43196.990648615,1,5031,100,1383094,-1
43202.428328295,3,5025,100,1379802,-1
43204.066741749,1,5032,100,1378212,1
43205.723093781,1,5033,100,1380210,-1
43207.486602371,5,5026,100,1381117,-1
43208.252146251,4,5006,100,1377568,-1
43210.171475256,3,5033,100,1380210,-1
43211.327417799,1,5034,100,1376595,1
43212.178218505,3,5029,100,1380454,-1
43213.960099672,1,5035,100,1375840,-1
43215.411925814,1,5036,100,1377674,-1
43216.503858305,5,5032,100,1378212,1
43217.548224796,3,5030,100,1381596,-1
43219.413064338,3,5036,100,1377674,-1
43221.118408636,4,4987,100,1381231,-1
43222.627931661,3,5031,100,1383094,-1
43223.601589071,1,5037,100,1377106,1
43225.249807652,1,5038,100,1379140,1
43227.13617901,1,5039,100,1377065,1
43228.551134966,3,5035,100,1375840,-1
43229.818326972,1,5040,100,1380460,-1
43231.107388408,1,5041,100,1379428,-1
43233.158482799,4,5017,100,1380465,-1
43234.419996489,1,5042,100,1381769,-1
43235.221191349,1,5043,100,1381361,-1
43236.303946056,3,5028,100,1380268,-1
43237.666939867,3,5034,100,1376595,1
43238.908968239,1,5044,100,1380400,1
43240.754590249,1,5045,100,1385796,-1
43242.523570394,5,5043,100,1381361,-1
43243.337173459,1,5046,100,1383671,1
43244.195698502,3,5039,100,1377065,1
43245.141574124,3,5041,100,1379428,-1
43247.00317238,5,5040,100,1380460,-1
43247.857210938,1,5047,100,1386421,-1
43249.338009844,1,5048,100,1387321,1
43250.61192535,4,5048,100,1387321,1
43252.488330965,4,5046,100,1383671,1
43253.899295801,4,5045,100,1385796,-1
43254.90198532,1,5049,100,1388523,-1
43256.758202407,4,5042,100,1381769,-1
43257.729504833,1,5050,100,1387354,-1
43260.310780866,3,5038,100,1379140,1
43261.767997718,4,5047,100,1386421,-1
43262.848319966,1,5051,100,1384673,-1
43266.115265215,4,5004,100,1380609,-1
43267.281448012,3,5050,100,1387354,-1
43269.708911636,4,5023,100,1376468,-1
43271.743707791,3,5044,100,1380400,1
43272.789544398,1,5052,100,1389491,-1
43275.456043775,3,5052,100,1389491,-1
43277.177763635,1,5053,100,1389779,-1
43278.041094026,4,5051,100,1384673,-1
43279.372566901,4,5049,100,1388523,-1
43281.931790905,1,5054,100,1385450,1
43283.757410297,4,5053,100,1389779,-1
43285.789483025,1,5055,100,1391332,-1
43289.140731662,1,5056,100,1387360,1
43290.843265071,1,5057,100,1388120,-1
43292.136342931,3,5057,100,1388120,-1
43293.670344829,1,5058,100,1387033,1
43294.649121098,3,5024,100,1376561,1
43296.378746207,4,5058,100,1387033,1
43297.613071812,3,5037,100,1377106,1
43298.369211809,3,5055,100,1391332,-1
43300.058805559,5,5056,100,1387360,1
43301.138389434,1,5059,100,1385783,1
43302.278406427,5,5059,100,1385783,1
43304.298463142,1,5060,100,1387774,1
43306.359782765,5,5054,100,1385450,1
43307.714695278,5,5060,100,1387774,1
43309.516086816,1,5061,100,1390027,-1
43310.836907499,1,5062,200,1380407,1
43311.717183591,1,5063,100,1385261,-1
43313.532110394,3,5061,100,1390027,-1
43315.391317365,3,5062,200,1380407,1
43317.445293474,3,5063,100,1385261,-1
43318.876221879,1,5064,100,1389604,-1
43320.033414338,1,5065,100,1387666,1
43320.919516236,1,5066,100,1389462,-1
43322.199928427,1,5067,100,1389497,-1
43322.940743698,1,5068,100,1391120,-1
43324.424942187,3,5067,100,1389497,-1
43325.494433255,3,5068,100,1391120,-1
43327.079369702,1,5069,100,1384907,1
43328.614145067,1,5070,100,1384738,1
43330.436575598,3,5066,100,1389462,-1
43331.359946001,3,5070,100,1384738,1
43332.564407576,1,5071,100,1384119,-1
43334.682770637,1,5072,100,1384221,-1
43336.454518702,1,5073,100,1384638,-1
43337.364592869,1,5074,100,1386402,1
43339.686016633,4,5071,100,1384119,-1
43341.452335778,3,5065,100,1387666,1
43346.117078266,3,5073,100,1384638,-1
43347.272742798,3,5072,100,1384221,-1
43348.297593864,3,5074,100,1386402,1
43350.908633431,1,5075,100,1381972,1
43352.6600684,3,5075,100,1381972,1
43354.429754645,3,5064,100,1389604,-1
43355.175028035,1,5076,100,1384715,-1
43357.244021292,1,5077,100,1382565,-1
43360.52988844,1,5078,100,1382589,-1
43361.630869883,1,5079,100,1383503,-1
43362.473875506,1,5080,100,1379932,1
43364.194125289,4,5069,100,1384907,1
43366.17892361,1,5081,100,1382181,-1
43367.435417069,1,5082,100,1383675,-1
43369.138951108,1,5083,100,1382071,-1
43371.319003498,1,5084,100,1377677,1
43372.993377423,4,5080,100,1379932,1
43373.711897164,3,5083,100,1382071,-1
43374.975853537,1,5085,100,1379762,-1
43377.450450476,3,5077,100,1382565,-1
43378.752622859,1,5086,100,1380543,-1
43380.660606989,1,5087,200,1373975,1
43381.622869002,1,5088,100,1376630,-1
43383.358266725,4,5088,100,1376630,-1
43385.424444368,1,5089,100,1373380,1
43386.668879528,3,5078,100,1382589,-1
43387.817847833,4,5085,100,1379762,-1
43388.994306432,5,5087,100,1373975,1
43390.986205709,1,5090,100,1375964,1
43391.856320787,3,5079,100,1383503,-1
43393.665941991,1,5091,100,1372752,1
43394.724593986,1,5092,100,1373178,1
43396.076320408,5,5090,100,1375964,1
43397.992084384,1,5093,100,1370626,1
43399.558122954,1,5094,100,1375621,1
43400.358338581,4,5094,100,1375621,1
43401.880760174,3,5082,100,1383675,-1
43402.857632482,1,5095,100,1371164,1
43404.934987625,5,5087,100,1373975,1
43406.773019612,1,5096,100,1379682,-1
43408.359677125,1,5097,100,1374295,1
43410.302294261,1,5098,100,1372570,1
43411.052214108,5,5084,100,1377677,1
43412.564724099,1,5099,100,1376417,-1
43414.116475496,1,5100,100,1375907,-1
43415.495891128,1,5101,100,1374187,1
43417.54003684,3,5086,100,1380543,-1
43419.123807909,1,5102,100,1378134,-1
43420.060674721,5,5098,100,1372570,1
43421.502064071,5,5076,100,1384715,-1
43424.273199325,1,5103,100,1373569,1
43425.676830335,3,5101,100,1374187,1
43426.805966412,4,5099,100,1376417,-1
43428.231123834,3,5093,100,1370626,1
43429.261313923,3,5089,100,1373380,1
43431.051516785,5,5102,100,1378134,-1
43432.059845049,1,5104,100,1377548,1
43433.906081962,1,5105,100,1375690,-1
43436.599968688,4,5105,100,1375690,-1
43437.351798689,4,5100,100,1375907,-1
43438.806816195,1,5106,100,1377738,1
43440.488600684,1,5107,100,1377760,-1
43441.299371367,3,5092,100,1373178,1
43443.331182465,1,5108,100,1370954,1
43445.393981668,1,5109,100,1381268,-1
43446.767652796,5,5108,100,1370954,1
43448.177992407,1,5110,100,1380226,-1
43449.178104755,1,5111,100,1375854,1
43450.440228575,1,5112,100,1375824,1
43452.211111954,1,5113,100,1382439,-1
43452.924736058,1,5114,100,1383438,-1
43453.89822581,1,5115,100,1376287,1
43454.97566452,5,5111,100,1375854,1
43455.967148778,3,5081,100,1382181,-1
43457.231164477,1,5116,100,1380384,1
43458.764288543,5,5097,100,1374295,1
43460.569533024,4,5109,100,1381268,-1
43461.309027012,1,5117,100,1378505,1
43462.778957571,4,5114,100,1383438,-1
43463.597925165,1,5118,100,1380456,1
43465.1520966,3,5104,100,1377548,1
43466.455160556,1,5119,100,1377500,1
43467.828137614,1,5120,100,1377645,1
43469.634879022,3,5091,100,1372752,1
43470.763151559,1,5121,100,1377113,1
43471.715382774,1,5122,100,1376672,1
43473.424311755,3,5095,100,1371164,1
43475.341387118,1,5123,100,1377444,1
43477.194304732,4,5107,100,1377760,-1
43478.283355375,1,5124,100,1386609,-1
43479.537266848,3,5096,100,1379682,-1
43481.459604028,1,5125,200,1383381,1
43483.214658106,4,5113,100,1382439,-1
43484.013857202,1,5126,100,1383952,1
43485.334340069,3,5119,100,1377500,1
43487.262380758,1,5127,100,1385316,1
43489.157241773,3,5112,100,1375824,1
43489.918431909,3,5115,100,1376287,1
43491.212877918,5,5103,100,1373569,1
43492.924886824,4,5110,100,1380226,-1
43494.260041731,1,5128,100,1388122,-1
43496.343462434,1,5129,100,1383387,1
43498.172766946,1,5130,100,1386652,-1
43500.787000943,1,5131,100,1381815,-1
43502.219827145,3,5124,100,1386609,-1
43503.292886598,1,5132,100,1385465,1
43504.385369653,3,5121,100,1377113,1
43505.702339705,4,5125,100,1383381,1
43507.385375949,1,5133,100,1384380,-1
43509.10938456,4,5126,100,1383952,1
43511.08519556,3,5133,100,1384380,-1
43513.194704246,5,5122,100,1376672,1
43514.111786813,3,5117,100,1378505,1
43515.910854248,3,5128,100,1388122,-1
43517.733676892,1,5134,100,1383241,1
43518.575320197,1,5135,100,1381295,1
43519.629641515,1,5136,100,1387300,-1
43520.82392343,1,5137,100,1383400,1
43521.883832477,3,5132,100,1385465,1
43523.558915465,1,5138,100,1389211,-1
43524.77457834,1,5139,100,1390622,-1
43526.12212772,3,5135,100,1381295,1
43526.890369079,3,5134,100,1383241,1
43528.367827813,1,5140,100,1393714,-1
43529.7558322,1,5141,100,1386493,1
43530.593945011,1,5142,100,1392754,-1
43532.535362216,4,5139,100,1390622,-1
43534.412970664,1,5143,100,1390143,1
43536.047568542,1,5144,100,1392879,-1
43536.951634166,5,5136,100,1387300,-1
43538.06649873,1,5145,100,1390588,1
43539.533682147,1,5146,100,1394685,-1
43540.601291623,4,5130,100,1386652,-1
43541.598694387,4,5140,100,1393714,-1
43542.486474405,1,5147,100,1396335,-1
43543.628845121,5,5129,100,1383387,1
43546.9739226,4,5142,100,1392754,-1
43548.326241023,1,5148,100,1396785,-1
43549.68807662,1,5149,100,1389391,1
43553.212186433,1,5150,100,1392819,-1
43555.073958137,4,5150,100,1392819,-1
43556.879986345,1,5151,100,1400140,-1
43557.783435019,1,5152,100,1394337,-1
43559.03949075,4,5147,100,1396335,-1
43561.139124766,3,5116,100,1380384,1
43561.961559267,1,5153,100,1396714,1
43563.092073444,1,5154,100,1400927,-1
43564.835246881,1,5155,100,1396485,-1
43566.324048565,5,5131,100,1381815,-1
43567.435339446,1,5156,100,1400680,-1
43569.464018233,1,5157,100,1393865,1
43570.306609608,1,5158,100,1400189,-1
43572.176045426,3,5141,100,1386493,1
43573.449920156,1,5159,100,1391496,1
43578.635544678,3,5138,100,1389211,-1
43580.501981574,5,5120,100,1377645,1
43581.396870912,3,5153,100,1396714,1
43583.788000891,1,5160,100,1392985,-1
43585.261806857,1,5161,100,1391930,-1
43588.176359424,5,5154,100,1400927,-1
43588.927459808,4,5145,100,1390588,1
43589.665535756,4,5143,100,1390143,1
43590.406237264,1,5162,100,1386305,1
43592.221596732,1,5163,100,1385062,1
43592.975468349,3,5118,100,1380456,1
43594.967346796,1,5164,100,1389176,1
43596.277435041,1,5165,100,1391585,-1
43597.558687256,3,5161,100,1391930,-1
43598.713178175,4,5159,100,1391496,1
43600.219468895,5,5157,100,1393865,1
43601.870382101,1,5166,100,1395362,-1
43602.939330328,5,5158,100,1400189,-1
43604.030264152,4,5160,100,1392985,-1
43604.900590958,3,5162,100,1386305,1
43606.510347975,5,5137,100,1383400,1
43607.84944614,3,5164,100,1389176,1
43609.531525222,1,5167,100,1393154,-1
43610.725438824,4,5144,100,1392879,-1
43613.268514125,1,5168,100,1388287,1
43614.200989087,5,5152,100,1394337,-1
43615.428032328,4,5165,100,1391585,-1
43616.429337068,3,5163,100,1385062,1
43618.163072968,1,5169,100,1387675,1
43619.993601138,3,5149,100,1389391,1
43621.19538295,1,5170,100,1386978,1
43621.942455546,1,5171,100,1387890,1
43623.091430577,4,5171,100,1387890,1
43624.237227705,1,5172,100,1392037,-1
43626.34347759,3,5156,100,1400680,-1
43627.17812841,3,5123,100,1377444,1
43627.969185993,1,5173,100,1395093,-1
43629.864670951,1,5174,100,1387300,-1
43631.365838431,1,5175,100,1386647,-1
43632.610340748,3,5127,100,1385316,1
43633.370300311,1,5176,100,1391093,-1
43634.86737735,1,5177,100,1390537,1
43636.455504255,4,5169,100,1387675,1
43637.936514997,1,5178,100,1390651,-1
43639.901186119,3,5167,100,1393154,-1
43641.940059667,1,5179,100,1389471,-1
43642.834418598,1,5180,100,1391416,-1
43644.661840784,4,5170,100,1386978,1
43646.742082581,3,5166,100,1395362,-1
43648.025550438,5,5175,100,1386647,-1
43650.093063646,1,5181,200,1383330,-1
43653.684662425,3,5180,100,1391416,-1
43654.869657048,3,5106,100,1377738,1
43656.681246705,1,5182,100,1388520,-1
43658.648093607,5,5146,100,1394685,-1
43659.408380525,3,5148,100,1396785,-1
43660.925057072,1,5183,100,1388309,1
43662.462383007,3,5178,100,1390651,-1
43664.343846243,1,5184,100,1388808,1
43665.527264167,3,5182,100,1388520,-1
43668.018283911,1,5185,100,1390700,1
43669.975632008,1,5186,100,1394057,-1
43670.875965142,3,5177,100,1390537,1
43672.765320288,3,5181,200,1383330,-1
43673.821290367,4,5179,100,1389471,-1
43675.913832775,4,5176,100,1391093,-1
43676.839348335,1,5187,100,1398094,-1
43678.088125697,3,5173,100,1395093,-1
43681.687388649,1,5188,100,1394458,-1
43683.091428447,4,5188,100,1394458,-1
43684.590238238,3,5155,100,1396485,-1
43685.970608523,3,5185,100,1390700,1
43687.008066625,1,5189,100,1398251,-1
43688.767176679,1,5190,100,1391889,1
43689.808951179,1,5191,100,1391275,-1
43691.233651811,3,5172,100,1392037,-1
43692.735883857,1,5192,100,1395268,-1
43694.138983474,3,5174,100,1387300,-1
43697.073556756,1,5193,100,1391880,1
43698.492707318,4,5191,100,1391275,-1
43700.464301033,5,5184,100,1388808,1
43701.374922113,3,5125,100,1383381,1
43703.473702725,5,5187,100,1398094,-1
43704.654948916,3,5192,100,1395268,-1
43706.235471099,1,5194,100,1399220,-1
43707.103831372,3,5190,100,1391889,1
43708.529219304,1,5195,100,1395055,1
43709.508176361,4,5189,100,1398251,-1
43711.293045925,1,5196,100,1397455,1
43713.160829172,4,5151,100,1400140,-1
43714.695667412,3,5194,100,1399220,-1
43715.885387108,1,5197,100,1400297,-1
43716.699052858,1,5198,100,1400597,1
43718.679519488,1,5199,100,1404060,-1
43722.055395991,4,5186,100,1394057,-1
43723.104218876,1,5200,100,1398194,1
43726.590344475,3,5195,100,1395055,1
43728.217205966,1,5201,100,1401814,-1
43730.164148865,3,5199,100,1404060,-1
43732.266853378,3,5193,100,1391880,1
43733.279104965,1,5202,100,1395717,1
43734.255683915,1,5203,100,1400859,1
43735.414477445,4,5198,100,1400597,1
43737.099670721,3,5183,100,1388309,1
43738.890623904,4,5200,100,1398194,1
43740.318888919,1,5204,100,1395223,-1
43741.470702692,4,5196,100,1397455,1
43742.758622151,1,5205,100,1389135,1
43744.728243734,4,5202,100,1395717,1
43745.917434738,5,5201,100,1401814,-1
43746.797824199,1,5206,100,1394049,-1
43747.911382051,4,5203,100,1400859,1
43748.957038681,1,5207,100,1397890,-1
43750.526695365,1,5208,100,1398553,-1
43751.999477618,1,5209,100,1393356,1
43752.726681154,3,5206,100,1394049,-1
43753.93873615,3,5208,100,1398553,-1
43755.387654362,4,5204,100,1395223,-1
43756.829300441,4,5197,100,1400297,-1
43758.818030742,1,5210,100,1398986,1
43759.667644476,1,5211,100,1396114,-1
43760.563718707,4,5211,100,1396114,-1
43762.635864246,1,5212,100,1398949,-1
43764.232527022,1,5213,100,1400313,-1
43767.323508068,3,5207,100,1397890,-1
43769.034671624,4,5209,100,1393356,1
43771.05366151,1,5214,100,1392384,1
43772.449323198,3,5214,100,1392384,1
43773.300163586,1,5215,100,1397695,-1
43775.346010347,5,5210,100,1398986,1
43778.642937973,3,5212,100,1398949,-1
43780.758640272,1,5216,100,1394651,1
43781.831459053,1,5217,100,1391799,1
43783.019516221,4,5216,100,1394651,1
43785.15706858,3,5215,100,1397695,-1
43786.55902211,1,5218,100,1395929,1
43788.045510285,1,5219,100,1392835,1
43789.442722324,1,5220,100,1396971,1
43792.497338202,5,5218,100,1395929,1
43793.919621366,1,5221,100,1394836,1
43795.998166018,3,5205,100,1389135,1
43797.198834083,1,5222,100,1398200,1
43798.369816518,1,5223,100,1399168,-1
43800.039662887,1,5224,100,1397160,1
43800.856127756,3,5222,100,1398200,1
43802.538250423,4,5224,100,1397160,1
43804.228203625,3,5217,100,1391799,1
43805.522688342,3,5223,100,1399168,-1
43807.6599553,5,5168,100,1388287,1
43808.599277825,4,5221,100,1394836,1
43810.175199982,3,5213,100,1400313,-1
43812.321415901,1,5225,100,1394396,1
43815.903218768,4,5225,100,1394396,1
43816.699408098,3,5219,100,1392835,1
43818.024801734,5,5220,100,1396971,1
43819.365344731,1,5226,100,1390132,1
43821.198320945,5,5226,100,1390132,1
43822.610091029,1,5227,100,1391899,1
43826.557185996,4,5227,100,1391899,1
43828.153165573,1,5228,100,1393512,1
43828.978990986,1,5229,100,1400098,-1
43830.535528183,1,5230,100,1394952,-1
43831.644929564,1,5231,100,1396333,-1
43833.459184787,1,5232,100,1392405,1
43835.365289282,4,5228,100,1393512,1
43836.686606684,1,5233,100,1394519,-1
43838.485001843,3,5229,100,1400098,-1
43839.897648208,1,5234,100,1398630,-1
43841.074872272,4,5232,100,1392405,1
43842.29953433,3,5230,100,1394952,-1
43843.555837696,5,5231,100,1396333,-1
43844.470341363,3,5234,100,1398630,-1
43846.327412157,1,5235,100,1394873,-1
43848.439019544,4,5235,100,1394873,-1
43849.838271903,3,5233,100,1394519,-1
43850.936103941,1,5236,100,1397277,-1
43852.897786231,4,5236,100,1397277,-1
43854.352714419,1,5237,100,1392537,1
43855.680440255,4,5237,100,1392537,1
43856.754138466,1,5238,100,1397381,-1
43858.3269666,1,5239,100,1397880,-1
43863.491483373,3,5238,100,1397381,-1
43865.202087543,1,5240,100,1396269,-1
43866.576826498,1,5241,100,1392065,1
43868.705525825,3,5240,100,1396269,-1
43870.470884489,5,5241,100,1392065,1
43873.147620399,1,5242,100,1395075,-1
43873.914364718,3,5239,100,1397880,-1
43875.09189047,1,5243,100,1391002,1
43876.272665214,4,5242,100,1395075,-1
43877.130020688,1,5244,100,1390353,1
43878.250637523,1,5245,100,1394710,-1
43879.390515251,5,5243,100,1391002,1
43880.51608691,4,5245,100,1394710,-1
43882.230300514,4,5244,100,1390353,1
43883.704937969,1,5246,100,1392508,1
43885.323416479,1,5247,100,1397069,-1
43886.201540151,1,5248,100,1399033,-1
43887.887349215,4,5246,100,1392508,1
43890.006509066,4,5248,100,1399033,-1
43890.762794414,4,5247,100,1397069,-1
43892.142308973,1,5249,100,1397231,-1
43893.459350834,1,5250,100,1395686,-1
43894.360838828,3,5249,100,1397231,-1
43895.116568592,4,5250,100,1395686,-1
43896.327566223,1,5251,100,1391123,1
43897.40217683,1,5252,100,1390898,-1
43899.125773998,1,5253,100,1394636,1
43900.830704458,1,5254,100,1395071,-1
43902.516751238,1,5255,100,1389126,1
43904.548763688,3,5252,100,1390898,-1
43906.433080639,1,5256,100,1393718,1
43907.727510253,4,5254,100,1395071,-1
43908.630387705,5,5255,100,1389126,1
43909.693341293,1,5257,100,1388560,1
43911.545450383,1,5258,100,1389166,1
43913.527140904,1,5259,100,1395145,-1
43915.203344568,4,5253,100,1394636,1
43916.83265055,3,5256,100,1393718,1
43918.749623678,1,5260,100,1395157,-1
43919.63934075,1,5261,100,1392231,-1
43921.669181451,3,5259,100,1395145,-1
43922.431752366,3,5260,100,1395157,-1
43923.840491556,1,5262,100,1386444,1
43925.274317867,4,5258,100,1389166,1
43926.049824766,3,5262,100,1386444,1
43928.054758613,1,5263,100,1390742,1
43929.169018577,1,5264,100,1393524,1
43930.650842255,4,5263,100,1390742,1
43934.541688768,3,5264,100,1393524,1
43936.641069603,1,5265,100,1386534,1
43938.173125374,1,5266,100,1389006,1
43939.586215702,3,5257,100,1388560,1
43940.728144687,1,5267,100,1389323,1
43942.840620098,3,5265,100,1386534,1
43943.975357622,1,5268,100,1392842,1
43945.714278664,3,5266,100,1389006,1
43947.443674473,1,5269,100,1386922,1
43948.985716276,3,5251,100,1391123,1
43949.972207349,3,5269,100,1386922,1
43952.257266821,3,5267,100,1389323,1
43953.849897233,1,5270,100,1387007,1
43954.71242666,1,5271,100,1393279,-1
43956.200255943,1,5272,100,1395341,1
43960.250620608,1,5273,100,1391371,1
43962.358917164,5,5271,100,1393279,-1
43963.161892501,4,5272,100,1395341,1
43964.578058453,1,5274,100,1394182,-1
43965.578707798,1,5275,100,1388184,1
43967.631732603,3,5270,100,1387007,1
43968.439131936,1,5276,100,1389073,1
43970.585616376,1,5277,100,1393673,-1
43972.643327075,4,5277,100,1393673,-1
43973.866328551,1,5278,100,1396754,-1
43975.455904089,1,5279,100,1393341,-1
43977.181299522,4,5278,100,1396754,-1
43979.074427312,3,5261,100,1392231,-1
43980.861387327,3,5273,100,1391371,1
43981.790189829,5,5276,100,1389073,1
43983.662654993,4,5274,100,1394182,-1
43984.971647513,3,5279,100,1393341,-1
43986.783878905,3,5275,100,1388184,1
43987.845250293,3,5268,100,1392842,1
43988.994211017,1,5280,100,1398177,-1
43990.242461599,3,5280,100,1398177,-1
43991.53291091,1,5281,100,1402065,-1
43992.371119443,3,5281,100,1402065,-1
43993.2607647,1,5282,100,1399081,1
43994.889170933,4,5282,100,1399081,1
43995.863541516,1,5283,100,1402269,-1
43996.829108452,1,5284,100,1398470,1
43998.953899956,1,5285,100,1403816,1
44000.632730594,1,5286,100,1406913,-1
44001.494540957,1,5287,100,1402726,1
44002.258652622,3,5284,100,1398470,1
44003.126230693,3,5286,100,1406913,-1
44004.717177624,4,5285,100,1403816,1
44005.99778446,1,5288,100,1405358,-1
44007.273069994,5,5283,100,1402269,-1
44008.849053719,1,5289,100,1400530,1
44009.602557783,4,5287,100,1402726,1
44011.566604094,1,5290,100,1408999,-1
44012.826719748,1,5291,100,1404225,1
44014.481348507,1,5292,100,1407640,-1
44015.411808755,4,5288,100,1405358,-1
44016.30463833,1,5293,100,1404559,-1
44017.133720342,3,5290,100,1408999,-1
44018.956014463,5,5293,100,1404559,-1
44020.624045372,4,5292,100,1407640,-1
44021.736934894,3,5291,100,1404225,1
44024.893660558,1,5294,100,1407112,-1
44028.111427493,3,5289,100,1400530,1
44030.227370522,1,5295,100,1407372,-1
44031.819949183,1,5296,100,1401254,1
44033.011780495,3,5296,100,1401254,1
44036.444355298,1,5297,100,1410052,-1
44037.587090266,1,5298,100,1405110,1
44040.601757525,1,5299,100,1408091,1
44042.377658266,5,5299,100,1408091,1
44043.610959533,3,5294,100,1407112,-1
44045.004904791,1,5300,100,1407948,-1
44045.918311656,1,5301,100,1406993,1
44046.76308243,4,5301,100,1406993,1
44048.528953814,3,5295,100,1407372,-1
44051.089652881,1,5302,100,1403914,1
44052.31078615,1,5303,100,1407913,-1
44053.301388754,3,5298,100,1405110,1
44054.330430814,1,5304,100,1405817,-1
44058.771726587,1,5305,100,1401051,1
44060.050639373,1,5306,100,1410291,-1
44061.942142384,4,5304,100,1405817,-1
44062.898023179,3,5306,100,1410291,-1
44064.843828954,1,5307,100,1414324,-1
44066.914540074,1,5308,100,1417620,-1
44067.687983161,1,5309,100,1414796,-1
44069.768652664,1,5310,100,1415981,-1
44072.510682118,1,5311,100,1414621,-1
44074.275739124,3,5305,100,1401051,1
44075.19439287,5,5302,100,1403914,1
44077.258781878,3,5311,100,1414621,-1
44078.672216861,1,5312,100,1412401,-1
44080.51579683,3,5307,100,1414324,-1
44081.403918308,1,5313,100,1410662,-1
44082.9017671,1,5314,100,1406933,1
44084.736056621,3,5309,100,1414796,-1
44086.755109411,1,5315,100,1408707,1
44087.826411629,1,5316,100,1406410,1
44089.029445586,4,5297,100,1410052,-1
44090.566805481,1,5317,100,1408155,1
44093.299094381,1,5318,100,1408976,1
44095.496785305,1,5319,100,1409659,1
44096.667783683,1,5320,100,1406982,1
44098.428647285,1,5321,100,1409930,1
44100.08456234,5,5317,100,1408155,1
44101.317647736,4,5300,100,1407948,-1
44102.12657329,1,5322,100,1410822,-1
44104.584199632,3,5316,100,1406410,1
44105.497888841,1,5323,100,1410905,1
44107.011249104,4,5312,100,1412401,-1
44108.351067568,1,5324,100,1408146,1
44109.416094125,1,5325,100,1411403,-1
44111.015380064,3,5319,100,1409659,1
44112.116669103,1,5326,100,1411848,1
44115.275356419,4,5322,100,1410822,-1
44117.068628506,1,5327,100,1407192,1
44118.300380964,1,5328,100,1408134,1
44120.458115887,1,5329,100,1411712,-1
44122.19811232,1,5330,100,1406559,1
44123.39534186,4,5313,100,1410662,-1
44126.215401817,3,5328,100,1408134,1
44127.330101513,1,5331,100,1411431,-1
44128.594807514,1,5332,100,1407560,1
44129.486976097,1,5333,100,1412033,-1
44130.53960422,1,5334,100,1412100,1
44132.688659115,3,5332,100,1407560,1
44134.426939533,4,5326,100,1411848,1
44136.018274624,3,5320,100,1406982,1
44137.702243267,3,5324,100,1408146,1
44138.494857221,4,5321,100,1409930,1
44140.464579012,1,5335,100,1412283,-1
44142.035107332,1,5336,100,1408058,-1
44143.437543245,1,5337,100,1405716,1
44144.250531828,1,5338,100,1412402,1
44145.558895638,3,5336,100,1408058,-1
44146.944197253,1,5339,100,1411203,1
44148.222314352,4,5338,100,1412402,1
44150.067251996,4,5329,100,1411712,-1
44152.210342892,5,5331,100,1411431,-1
44154.300200422,3,5318,100,1408976,1
44157.414211178,1,5340,100,1410139,1
44159.487665589,1,5341,100,1414025,-1
44160.702605911,4,5303,100,1407913,-1
44162.361781611,3,5339,100,1411203,1
44163.560841118,1,5342,100,1414339,-1
44164.621556064,1,5343,100,1416002,-1
44166.348183429,5,5342,100,1414339,-1
44171.495460396,1,5344,100,1410798,1
44176.677344464,1,5345,100,1420901,-1
44177.919056411,3,5344,100,1410798,1
44183.427032272,1,5346,100,1413045,-1
44184.955090188,3,5340,100,1410139,1
44186.383467474,3,5310,100,1415981,-1
44187.680962033,3,5315,100,1408707,1
44188.946995995,1,5347,100,1415587,1
44190.093909375,4,5333,100,1412033,-1
44191.795855934,1,5348,100,1418840,-1
44194.959698524,3,5334,100,1412100,1
44195.918394961,4,5345,100,1420901,-1
44196.945819406,1,5349,100,1417672,1
44197.913694763,1,5350,100,1421436,-1
44201.933985667,1,5351,100,1419763,1
44203.676950943,1,5352,100,1426621,-1
44205.51980512,4,5350,100,1421436,-1
44206.528783329,1,5353,100,1423399,-1
44208.097828756,3,5349,100,1417672,1
44209.912799892,1,5354,100,1419108,1
44211.013701748,1,5355,100,1422841,1
44212.965581035,3,5353,100,1423399,-1
44214.24329048,5,5341,100,1414025,-1
44216.63349828,1,5356,100,1423584,1
44218.335419221,1,5357,100,1428086,-1
44219.858666781,3,5337,100,1405716,1
44221.757318504,1,5358,100,1427258,-1
44223.417845591,3,5357,100,1428086,-1
44224.681263784,5,5348,100,1418840,-1
44225.779463818,1,5359,100,1424473,-1
44227.793385419,3,5330,100,1406559,1
44231.544848551,5,5354,100,1419108,1
44233.769627283,4,5325,100,1411403,-1
44235.239492511,4,5343,100,1416002,-1
44236.406169958,1,5360,100,1419861,1
44237.612923237,5,5347,100,1415587,1
44238.42652419,1,5361,100,1421583,-1
44239.96082074,3,5359,100,1424473,-1
44242.052901573,3,5352,100,1426621,-1
44244.191458727,1,5362,100,1418986,1
44245.56667014,4,5335,100,1412283,-1
44246.88929144,4,5355,100,1422841,1
44247.935121083,3,5362,100,1418986,1
44250.047409547,4,5346,100,1413045,-1
44251.625145624,1,5363,100,1423428,-1
44253.582807911,5,5308,100,1417620,-1
44255.50441631,5,5323,100,1410905,1
44256.903700064,1,5364,100,1418911,1
44258.455429607,1,5365,100,1427677,-1
44260.635215509,5,5356,100,1423584,1
44262.748277272,3,5363,100,1423428,-1
44264.875813355,1,5366,100,1423867,1
44266.972329875,4,5361,100,1421583,-1
44268.526596842,3,5351,100,1419763,1
44269.412359909,4,5358,100,1427258,-1
44272.318456842,5,5365,100,1427677,-1
44273.188136157,3,5366,100,1423867,1
44274.098016871,4,5360,100,1419861,1
44275.852462716,4,5314,100,1406933,1
44277.167207477,3,5364,100,1418911,1
44281.0170731,1,5367,100,1428220,1
44282.717082115,5,5367,100,1428220,1
44286.341570953,1,5368,100,1431901,-1
44287.412777817,1,5369,100,1427590,1
44288.823878889,1,5370,100,1426572,1
44290.639942657,3,5370,100,1426572,1
44292.050280118,3,5327,100,1407192,1
44293.323130295,4,5368,100,1431901,-1
44294.969875929,4,5369,100,1427590,1
44296.467134872,1,5371,100,1426842,1
44298.522420709,3,5371,100,1426842,1
44299.971411861,1,5372,100,1429604,-1
44301.589497911,3,5372,100,1429604,-1
44302.528402296,1,5373,100,1428415,1
44303.631406019,3,5373,100,1428415,1
44305.808768114,1,5374,100,1425976,1
44306.671655218,4,5374,100,1425976,1
44308.781607834,1,5375,100,1424881,-1
44309.97470311,1,5376,100,1428363,-1
44312.194447925,1,5377,100,1422889,1
44313.591809061,3,5377,100,1422889,1
44315.595240972,3,5376,100,1428363,-1
44317.743893364,1,5378,100,1427728,-1
44318.920268953,4,5378,100,1427728,-1
44319.685804134,3,5375,100,1424881,-1
44321.826868105,1,5379,100,1428857,-1
44323.169063558,3,5379,100,1428857,-1
44324.197057144,1,5380,100,1422026,1
44325.990712964,3,5380,100,1422026,1
44327.709458995,1,5381,100,1419211,1
44329.529767598,1,5382,100,1421827,-1
44330.877761672,1,5383,100,1416677,1
44332.529752019,4,5381,100,1419211,1
44333.902690716,3,5383,100,1416677,1
44335.506318663,3,5382,100,1421827,-1
44337.055647518,1,5384,100,1425571,-1
44339.232112848,1,5385,100,1424451,1
44340.164949905,3,5385,100,1424451,1
44342.209217594,1,5386,100,1422464,1
44343.399540304,1,5387,100,1423923,-1
44344.653325387,4,5387,100,1423923,-1
44345.660719524,1,5388,100,1420861,1
44347.380448015,3,5384,100,1425571,-1
44348.410010278,1,5389,100,1422363,1
44349.61095534,1,5390,100,1424875,-1
44351.679585434,4,5390,100,1424875,-1
44352.589674852,1,5391,100,1422321,1
44353.963788507,1,5392,100,1427850,-1
44356.180155992,1,5393,100,1426702,-1
44357.25604819,4,5393,100,1426702,-1
44359.408525843,3,5386,100,1422464,1
44360.956015091,5,5391,100,1422321,1
44362.332899335,3,5389,100,1422363,1
44364.497447507,3,5392,100,1427850,-1
44368.118927082,1,5394,100,1421898,1
44369.86338414,1,5395,100,1420092,1
44370.935049525,1,5396,100,1420650,1
44371.724171428,4,5388,100,1420861,1
44373.243926156,3,5395,100,1420092,1
44378.195136694,5,5394,100,1421898,1
44380.046767824,3,5396,100,1420650,1
44381.020166679,1,5397,100,1424430,-1
44382.94714418,3,5397,100,1424430,-1
44384.79940577,1,5398,100,1423192,-1
44386.022925572,3,5398,100,1423192,-1
44387.109413571,1,5399,100,1425732,-1
44389.356076082,5,5399,100,1425732,-1
44390.856919813,1,5400,100,1426285,-1
44392.143226337,1,5401,100,1427890,-1
44393.689007747,1,5402,100,1425664,-1
44394.952356217,1,5403,100,1421446,1
44396.959943153,1,5404,100,1421215,1
44397.945134932,3,5400,100,1426285,-1
44398.858210845,3,5404,100,1421215,1
44401.022735698,1,5405,100,1423008,-1
44401.833173806,1,5406,100,1418630,1
44403.19753438,1,5407,100,1424155,-1
44404.248791988,1,5408,100,1423073,1
44406.106933452,5,5405,100,1423008,-1
44408.247109791,3,5406,100,1418630,1
44410.346698159,1,5409,100,1422797,1
44412.312968914,1,5410,100,1420175,1
44413.367300171,1,5411,100,1420033,1
44414.156920422,1,5412,100,1423351,-1
44415.489606401,4,5403,100,1421446,1
44416.536354771,3,5408,100,1423073,1
44419.441593267,4,5402,100,1425664,-1
44420.941017142,1,5413,100,1422688,1
44422.098203683,1,5414,100,1421948,-1
44422.869987437,5,5413,100,1422688,1
44424.180937881,4,5414,100,1421948,-1
44425.530477509,3,5401,100,1427890,-1
44426.98063547,4,5412,100,1423351,-1
44428.936791581,1,5415,100,1423759,1
44430.863013432,4,5407,100,1424155,-1
44432.90753217,4,5410,100,1420175,1
44434.552162083,5,5411,100,1420033,1
44435.821096141,3,5415,100,1423759,1
44436.948191272,1,5416,100,1425920,-1
44438.207968382,3,5416,100,1425920,-1
44439.840453481,1,5417,100,1426834,1
44441.991485816,1,5418,100,1424775,1
44443.552126512,1,5419,100,1423210,1
44444.517882239,1,5420,100,1422906,1
44446.171053697,5,5419,100,1423210,1
44447.968144758,3,5420,100,1422906,1
44451.109535846,3,5418,100,1424775,1
44452.397077419,1,5421,100,1421766,1
44454.449006673,5,5417,100,1426834,1
44456.4038478,1,5422,100,1423259,-1
44457.394965355,1,5423,100,1428103,-1
44459.361534362,1,5424,100,1423616,1
44461.361031282,1,5425,100,1425171,1
44462.525037425,4,5425,100,1425171,1
44463.467075013,1,5426,100,1429821,-1
44464.245677139,3,5424,100,1423616,1
44465.995538603,3,5426,100,1429821,-1
44467.653542612,3,5422,100,1423259,-1
44469.165148058,5,5409,100,1422797,1
44471.360238283,3,5421,100,1421766,1
44472.563232011,1,5427,100,1424031,1
44473.662367235,3,5427,100,1424031,1
44475.581255038,1,5428,100,1425776,1
44476.407884831,5,5423,100,1428103,-1
44477.840537404,1,5429,100,1435508,-1
44482.056648916,1,5430,100,1428439,1
44483.264543685,3,5429,100,1435508,-1
44484.411591968,1,5431,100,1428929,1
44486.083667325,4,5430,100,1428439,1
44487.318541131,1,5432,100,1429153,-1
44488.983465488,1,5433,100,1429501,1
44490.58407265,5,5432,100,1429153,-1
44491.912732841,1,5434,100,1433474,-1
44493.288397698,3,5428,100,1425776,1
44494.296256956,1,5435,100,1434433,-1
44495.500168254,3,5434,100,1433474,-1
44496.342369335,5,5433,100,1429501,1
44498.133972313,1,5436,100,1431394,1
44499.120033905,1,5437,100,1429133,1
44500.700521808,1,5438,100,1433443,-1
44502.603677942,1,5439,100,1432507,-1
44504.833393094,4,5439,100,1432507,-1
44506.08596798,1,5440,100,1434185,-1
44507.024637734,1,5441,100,1432670,-1
44509.048791392,1,5442,100,1427718,1
44510.022588061,1,5443,100,1430334,-1
44511.868482695,4,5437,100,1429133,1
44513.236750839,4,5431,100,1428929,1
44515.368197974,1,5444,100,1425982,1
44516.171228781,1,5445,100,1431207,-1
44516.955394201,3,5443,100,1430334,-1
44518.141960637,1,5446,100,1431137,-1
44520.020167619,3,5438,100,1433443,-1
44521.840898544,3,5436,100,1431394,1
44523.918299668,3,5442,100,1427718,1
44525.69970124,1,5447,100,1431171,-1
44527.173537222,4,5435,100,1434433,-1
44528.81210026,1,5448,100,1431065,-1
44530.296775475,1,5449,100,1432879,-1
44532.540799165,1,5450,100,1433216,-1
44533.934892135,3,5441,100,1432670,-1
44537.302629705,1,5451,100,1427622,-1
44538.478557516,1,5452,100,1423584,1
44539.684131893,4,5451,100,1427622,-1
44541.551661759,1,5453,100,1423358,1
44543.683331834,5,5445,100,1431207,-1
44544.971997466,1,5454,100,1423564,-1
44546.030494607,1,5455,100,1427501,-1
44546.884951507,3,5447,100,1431171,-1
44548.246846514,1,5456,100,1425968,-1
44549.952261149,5,5452,100,1423584,1
44550.87120084,3,5453,100,1423358,1
44554.801816276,5,5450,100,1433216,-1
44558.479963374,3,5455,100,1427501,-1
44560.497820285,3,5449,100,1432879,-1
44562.421457885,1,5457,100,1424751,-1
44563.985294345,3,5457,100,1424751,-1
44565.326482417,3,5448,100,1431065,-1
44566.282831719,3,5440,100,1434185,-1
44569.088394303,1,5458,100,1422261,-1
44570.471878429,1,5459,100,1424517,-1
44572.395247632,1,5460,100,1424124,-1
44573.625554268,4,5444,100,1425982,1
44576.710654183,3,5460,100,1424124,-1
44578.184150714,3,5458,100,1422261,-1
44580.297636447,3,5456,100,1425968,-1
44581.224941868,1,5461,100,1419568,1
44582.296090346,1,5462,100,1419974,-1
44583.996500299,3,5462,100,1419974,-1
44585.481567421,1,5463,100,1421259,-1
44586.574221313,3,5446,100,1431137,-1
44588.745380933,1,5464,100,1424676,1
44590.97622029,1,5465,100,1421269,1
44594.351726241,3,5465,100,1421269,1
44596.319307139,3,5464,100,1424676,1
44598.279245224,4,5461,100,1419568,1
44599.33898983,1,5466,100,1420780,-1
44600.804650117,3,5454,100,1423564,-1
44601.672251795,3,5459,100,1424517,-1
44603.579311236,1,5467,100,1420365,1
44605.34787903,5,5463,100,1421259,-1
44606.600464196,1,5468,100,1420640,1
44607.764913081,1,5469,100,1421984,-1
44608.773021054,1,5470,100,1422491,-1
44610.724551035,1,5471,100,1418769,1
44612.686694694,1,5472,100,1417729,1
44613.961944121,4,5467,100,1420365,1
44615.515677881,1,5473,100,1419535,1
44617.112847396,5,5472,100,1417729,1
44618.195818488,5,5470,100,1422491,-1
44619.632449418,4,5469,100,1421984,-1
44621.78747684,4,5466,100,1420780,-1
44623.963297242,1,5474,100,1427322,-1
44626.06522185,1,5475,100,1426140,-1
44627.360896977,1,5476,100,1423129,1
44628.29848682,3,5473,100,1419535,1
44629.506115608,1,5477,100,1429796,-1
44631.42528526,3,5475,100,1426140,-1
44633.512129049,3,5477,100,1429796,-1
44635.346948204,1,5478,100,1425160,-1
44639.721658775,3,5476,100,1423129,1
44641.68045452,4,5478,100,1425160,-1
44643.843588457,3,5471,100,1418769,1
44645.282835309,4,5468,100,1420640,1
44647.249352525,3,5474,100,1427322,-1
44648.860855129,1,5479,100,1424969,-1
44649.880324372,1,5480,100,1421150,1
44651.696081038,3,5479,100,1424969,-1
44653.281451836,3,5480,100,1421150,1
44655.477303434,1,5481,100,1423132,1
44657.497853399,3,5481,100,1423132,1
44658.732248084,1,5482,100,1425368,-1
44660.565067719,3,5482,100,1425368,-1
44662.106291756,1,5483,100,1423185,1
44663.025530294,4,5483,100,1423185,1
44663.785523362,1,5484,100,1422696,1
44665.055333442,5,5484,100,1422696,1
44666.268004339,1,5485,100,1428814,-1
44667.894810134,1,5486,100,1429379,-1
44669.304489879,3,5485,100,1428814,-1
44670.829042174,5,5486,100,1429379,-1
44672.72872713,1,5487,100,1424054,1
44674.948193521,1,5488,100,1425482,-1
44676.789214754,3,5488,100,1425482,-1
44678.246810834,3,5487,100,1424054,1
44679.986240012,1,5489,100,1428706,-1
44680.807291679,5,5489,100,1428706,-1
44682.274312978,1,5490,100,1426705,-1
44683.075306394,3,5490,100,1426705,-1
44684.925966817,1,5491,100,1422716,1
44686.754424574,5,5491,100,1422716,1
44687.656742006,1,5492,100,1425907,-1
44688.970671615,1,5493,100,1425473,-1
44690.071395976,1,5494,100,1421452,1
44691.830168625,4,5493,100,1425473,-1
44693.825576572,5,5492,100,1425907,-1
44695.758260122,5,5494,100,1421452,1
44696.673811789,1,5495,100,1421387,1
44697.674968733,5,5495,100,1421387,1
44698.968583742,1,5496,100,1422829,1
44700.515110433,3,5496,100,1422829,1
44701.687742346,1,5497,100,1427360,-1
44704.985011089,1,5498,100,1426624,-1
44707.147110757,1,5499,100,1427066,1
44708.917485341,1,5500,100,1427430,-1
44710.913227179,3,5499,100,1427066,1
44712.092552261,1,5501,100,1427519,-1
44713.688067821,1,5502,100,1426975,1
44714.507903667,3,5498,100,1426624,-1
44716.277054103,1,5503,100,1424037,1
44718.285019136,1,5504,100,1428306,-1
44719.839940219,1,5505,100,1427269,-1
44722.041814478,1,5506,100,1427187,1
44724.116384509,1,5507,100,1428587,-1
44724.927449328,3,5497,100,1427360,-1
44727.206418052,1,5508,100,1429168,1
44728.677008353,4,5503,100,1424037,1
44730.791122729,1,5509,100,1423745,1
44732.675614501,3,5502,100,1426975,1
44734.34307631,3,5508,100,1429168,1
44735.284150404,1,5510,100,1429510,-1
44737.333029515,3,5506,100,1427187,1
44740.562599261,5,5510,100,1429510,-1
44743.901171478,1,5511,100,1424188,1
44746.033241717,5,5511,100,1424188,1
44747.302446295,3,5507,100,1428587,-1
44748.983965483,4,5509,100,1423745,1
44750.110768113,3,5504,100,1428306,-1
44751.799241746,1,5512,100,1426340,-1
44753.377597945,1,5513,100,1426375,-1
44754.933724578,4,5505,100,1427269,-1
44755.992734905,1,5514,100,1421699,-1
44757.087324464,1,5515,100,1419753,1
44758.360493909,3,5514,100,1421699,-1
44759.439080927,5,5501,100,1427519,-1
44760.963823861,1,5516,100,1426306,-1
44762.277738989,3,5500,100,1427430,-1
44763.378691191,5,5515,100,1419753,1
44764.755446569,1,5517,100,1422030,1
44766.928745129,3,5517,100,1422030,1
44769.28771659,3,5516,100,1426306,-1
44771.00809423,1,5518,100,1424333,1
44772.164984072,1,5519,100,1433021,-1
44773.246518216,3,5518,100,1424333,1
44775.380603697,5,5519,100,1433021,-1
44777.359644769,4,5513,100,1426375,-1
44778.324305002,1,5520,100,1427137,-1
44780.069936197,3,5520,100,1427137,-1
44781.681887753,3,5512,100,1426340,-1
44783.049921801,1,5521,100,1429656,-1
44784.420914203,5,5521,100,1429656,-1
44785.676344257,1,5522,100,1431752,-1
44786.544492008,1,5523,100,1429327,-1
44788.570982367,1,5524,100,1433169,-1
44789.655204372,4,5522,100,1431752,-1
44791.256313473,1,5525,100,1432462,-1
44792.409073878,1,5526,100,1431311,-1
44793.915388858,4,5524,100,1433169,-1
44794.691554786,5,5526,100,1431311,-1
44796.810736429,1,5527,100,1431234,1
44797.827163832,4,5523,100,1429327,-1
44798.601807878,3,5527,100,1431234,1
44800.796297633,4,5525,100,1432462,-1
44802.15522079,1,5528,100,1434102,1
44804.103726612,4,5528,100,1434102,1
44805.154123978,1,5529,100,1438684,-1
44806.193047964,5,5529,100,1438684,-1
44807.448586407,1,5530,100,1435814,-1
44810.211618736,5,5530,100,1435814,-1
44812.248879174,1,5531,100,1432134,1
44814.417690691,1,5532,100,1429517,1
44815.373941827,1,5533,100,1435149,-1
44817.466927692,1,5534,100,1429998,1
44819.034987642,1,5535,100,1429648,1
44820.359710985,1,5536,100,1429519,1
44822.505250682,3,5534,100,1429998,1
44824.195834476,1,5537,100,1435522,1
44825.10150834,3,5532,100,1429517,1
44825.930982941,3,5535,100,1429648,1
44828.137150666,1,5538,100,1433375,-1
44829.064983037,1,5539,100,1435148,-1
44832.526152006,3,5531,100,1432134,1
44834.191453613,1,5540,100,1432017,1
44837.680839715,5,5533,100,1435149,-1
44839.870932806,1,5541,100,1433111,-1
44843.510093492,3,5539,100,1435148,-1
44845.789153476,1,5542,100,1430669,-1
44847.808983838,1,5543,100,1429324,-1
44851.097371039,3,5543,100,1429324,-1
44851.938747508,4,5538,100,1433375,-1
44852.752252527,5,5536,100,1429519,1
44854.783760674,1,5544,100,1430356,1
44856.84269997,5,5537,100,1435522,1
44858.534752436,1,5545,100,1430942,-1
44859.317839188,5,5545,100,1430942,-1
44861.594470618,1,5546,100,1429144,1
44863.074259518,3,5544,100,1430356,1
44865.170964253,1,5547,100,1430189,1
44866.912715702,1,5548,100,1427994,1
44870.115055839,1,5549,100,1432793,1
44870.975740114,1,5550,100,1429484,1
44872.381315731,4,5540,100,1432017,1
44873.430549842,1,5551,100,1432569,-1
44875.538564777,3,5550,100,1429484,1
44876.571397338,4,5551,100,1432569,-1
44877.933504467,3,5547,100,1430189,1
44879.128826007,1,5552,100,1433535,1
44881.361226046,1,5553,100,1433075,1
44882.805039762,3,5548,100,1427994,1
44884.926324506,1,5554,100,1431344,1
44886.653232193,5,5541,100,1433111,-1
44889.378383877,4,5542,100,1430669,-1
44890.460001599,4,5553,100,1433075,1
44892.428613795,4,5549,100,1432793,1
44894.45449119,3,5546,100,1429144,1
44896.024142101,3,5554,100,1431344,1
44899.723109916,4,5552,100,1433535,1
44900.875649803,1,5555,100,1430886,1
44902.883291929,3,5555,100,1430886,1
44903.910495331,1,5556,100,1428639,1
44906.111307809,4,5556,100,1428639,1
44907.598627627,1,5557,100,1430613,1
44910.509462928,1,5558,100,1435800,-1
44912.141400782,1,5559,100,1436176,-1
44913.747622755,1,5560,100,1430582,1
44914.657365248,3,5559,100,1436176,-1
44915.777328472,3,5558,100,1435800,-1
44919.62481776,1,5561,100,1433669,1
44920.784008585,1,5562,100,1434100,1
44921.968006795,1,5563,100,1432789,1
44923.969175266,5,5560,100,1430582,1
44925.107701438,3,5561,100,1433669,1
44927.122589333,1,5564,100,1436963,-1
44928.898781317,1,5565,100,1431780,-1
44931.031049051,1,5566,100,1431873,1
44932.007370963,3,5565,100,1431780,-1
44933.300654072,4,5562,100,1434100,1
44935.57058765,3,5566,100,1431873,1
44936.610316984,1,5567,100,1430840,1
44938.863105371,5,5564,100,1436963,-1
44940.296539723,1,5568,100,1435561,-1
44942.185042417,4,5563,100,1432789,1
44942.954588158,1,5569,100,1433419,-1
44945.809022967,1,5570,100,1437633,-1
44947.624833959,4,5569,100,1433419,-1
44949.750621804,1,5571,100,1433300,1
44952.002038212,5,5571,100,1433300,1
44954.008935636,3,5557,100,1430613,1
44956.147161786,5,5568,100,1435561,-1
44958.194685457,3,5570,100,1437633,-1
44959.343355013,5,5567,100,1430840,1
44960.880134521,1,5572,100,1433348,1
44962.571567602,1,5573,100,1435154,1
44964.52973176,3,5573,100,1435154,1
44966.684652141,1,5574,100,1439845,-1
44968.516528625,3,5574,100,1439845,-1
44969.525739905,1,5575,100,1437317,-1
44970.607199592,5,5572,100,1433348,1
44971.446107297,4,5575,100,1437317,-1
44973.679974291,1,5576,300,1427696,1
44975.241510607,1,5577,100,1428530,1
44977.20553265,5,5576,100,1427696,1
44978.097730563,1,5578,100,1427733,1
44980.223263622,3,5576,200,1427696,1
44982.361219767,4,5578,100,1427733,1
44985.199462017,1,5579,100,1429222,1
44986.225577727,3,5577,100,1428530,1
44987.239288032,3,5579,100,1429222,1
44988.202093499,1,5580,100,1429786,1
44989.922033033,3,5580,100,1429786,1
44991.279573856,1,5581,100,1430563,1
44992.445862835,1,5582,100,1434993,-1
44993.47596851,1,5583,100,1431555,1
44995.604846418,1,5584,100,1435531,-1
44997.079221835,1,5585,100,1437296,-1
44998.925198847,1,5586,100,1430011,1
44999.850451577,3,5581,100,1430563,1
45001.048872762,3,5582,100,1434993,-1
45002.083338985,3,5584,100,1435531,-1
45005.389411593,1,5587,100,1433294,1
45006.197483093,1,5588,100,1429575,1
45008.159334761,1,5589,100,1432531,-1
45009.957674391,1,5590,100,1426790,1
45010.911148401,3,5583,100,1431555,1
45013.117956141,4,5588,100,1429575,1
45014.612106897,5,5589,100,1432531,-1
45015.591049655,3,5587,100,1433294,1
45016.894836121,1,5591,100,1431842,1
45020.410791001,1,5592,100,1426029,1
45022.424850073,1,5593,100,1431462,-1
45023.490871165,1,5594,100,1429402,-1
45024.786397801,4,5592,100,1426029,1
45027.078579388,1,5595,100,1423074,1
45028.594415219,1,5596,100,1427986,-1
45030.163675056,3,5593,100,1431462,-1
45032.041205816,1,5597,100,1425911,1
45032.828772895,4,5596,100,1427986,-1
45034.332641051,5,5585,100,1437296,-1
45036.585802931,4,5586,100,1430011,1
45037.979121741,3,5595,100,1423074,1
45039.040521605,1,5598,100,1425861,-1
45042.449744302,1,5599,100,1428282,-1
45045.410865751,3,5594,100,1429402,-1
45047.706964902,1,5600,100,1430639,-1
45048.860865527,1,5601,100,1430733,-1
45052.543960342,1,5602,100,1429919,-1
45055.059588117,4,5590,100,1426790,1
45056.9145779,4,5598,100,1425861,-1
45058.426140362,1,5603,100,1424794,1
45059.369988911,4,5597,100,1425911,1
45060.170306883,3,5591,100,1431842,1
45061.450911126,4,5603,100,1424794,1
45063.530249894,3,5601,100,1430733,-1
45065.055235461,5,5599,100,1428282,-1
45066.985196916,3,5602,100,1429919,-1
45069.044505889,4,5600,100,1430639,-1
45071.056080562,1,5604,100,1418090,1
45073.313256921,1,5605,100,1416162,1
45075.504491757,4,5604,100,1418090,1
45076.34710459,3,5605,100,1416162,1
45078.324768587,1,5606,100,1418298,-1
45081.313446304,4,5606,100,1418298,-1
45082.171310867,1,5607,100,1418712,-1
45083.337951335,1,5608,100,1418998,-1
45086.639125985,4,5608,100,1418998,-1
45090.087304681,1,5609,100,1416926,-1
45091.268923794,3,5609,100,1416926,-1
45092.462273213,1,5610,100,1417743,-1
45094.669033036,1,5611,100,1414885,1
45095.944019504,1,5612,100,1419398,-1
45098.06212504,3,5611,100,1414885,1
45099.588150662,3,5612,100,1419398,-1
45101.091654123,1,5613,100,1416009,-1
45102.833754308,1,5614,100,1410380,-1
45103.905488587,1,5615,100,1415360,-1
45105.834002821,1,5616,100,1414644,-1
45107.416559232,3,5615,100,1415360,-1
45108.726974096,1,5617,100,1414464,-1
45110.347427663,3,5617,100,1414464,-1
45111.28540759,5,5607,100,1418712,-1
45113.121429679,1,5618,100,1409760,1
45114.11945281,3,5618,100,1409760,1
45115.238292012,1,5619,100,1413370,1
45116.646167477,1,5620,100,1414417,1
45118.21396538,1,5621,100,1414448,1
45120.100706483,1,5622,100,1415985,1
45122.732781068,1,5623,100,1416092,1
45124.594916235,3,5613,100,1416009,-1
45126.878546492,1,5624,100,1419965,-1
45128.939727408,4,5614,100,1410380,-1
45130.271067713,3,5621,100,1414448,1
45131.696721726,3,5624,100,1419965,-1
45133.953932267,4,5622,100,1415985,1
45135.773200661,5,5610,100,1417743,-1
45138.119578101,1,5625,100,1417047,1
45139.209123224,1,5626,100,1420982,-1
45141.233466704,1,5627,100,1411681,1
45142.557077437,3,5619,100,1413370,1
45143.925882148,5,5626,100,1420982,-1
45145.002079299,1,5628,100,1411040,1
45147.15563091,1,5629,100,1416576,-1
45149.231332913,1,5630,100,1412995,1
45150.599120312,5,5616,100,1414644,-1
45152.212421919,1,5631,100,1417576,-1
45154.444386102,3,5627,100,1411681,1
45156.698156385,1,5632,100,1415965,-1
45158.432855105,1,5633,100,1414015,1
45160.195731288,3,5623,100,1416092,1
45161.427894527,1,5634,100,1418491,1
45162.304278702,3,5631,100,1417576,-1
45163.103641071,5,5620,100,1414417,1
45164.665910093,1,5635,100,1419610,-1
45167.081607392,3,5635,100,1419610,-1
45168.232105474,1,5636,100,1425490,1
45169.874441647,3,5634,100,1418491,1
45170.731866383,1,5637,100,1420866,1
45171.615639827,1,5638,100,1418814,1
45173.565915038,4,5629,100,1416576,-1
45174.82310825,1,5639,100,1417972,1
45176.032799865,1,5640,100,1422820,-1
45177.680055858,3,5630,100,1412995,1
45179.994426032,4,5638,100,1418814,1
45180.940264822,3,5625,100,1417047,1
45183.812506809,1,5641,100,1417959,-1
45185.36351519,1,5642,100,1418883,1
45187.387634301,1,5643,100,1417861,1
45189.272189753,5,5632,100,1415965,-1
45192.115760232,1,5644,100,1419918,-1
45193.045007477,4,5637,100,1420866,1
45195.286289782,4,5642,100,1418883,1
45196.850623411,1,5645,100,1423339,-1
45198.34215832,4,5643,100,1417861,1
45200.618320716,4,5640,100,1422820,-1
45202.206032631,1,5646,100,1418493,1
45203.870430463,4,5636,100,1425490,1
45205.957638881,3,5644,100,1419918,-1
45207.941042493,4,5641,100,1417959,-1
45209.743920522,4,5645,100,1423339,-1
45212.575651869,3,5633,100,1414015,1
45214.022097289,4,5646,100,1418493,1
45215.644509558,1,5647,100,1417563,1
45217.226974125,3,5647,100,1417563,1
45218.007351897,4,5628,100,1411040,1
45220.04950477,1,5648,100,1417576,1
45221.525735143,1,5649,100,1417958,1
45223.206203942,1,5650,100,1424792,-1
45227.567788574,5,5648,100,1417576,1
45228.715106426,1,5651,100,1417491,1
45230.403276479,1,5652,100,1413844,1
45232.476284352,3,5650,100,1424792,-1
45234.563508234,1,5653,100,1419711,-1
45235.669545254,1,5654,100,1415578,1
45237.190806681,3,5639,100,1417972,1
45238.575171897,4,5651,100,1417491,1
45239.732512661,3,5652,100,1413844,1
45241.348152211,1,5655,100,1420291,1
45243.622089222,1,5656,100,1422771,-1
45245.504047545,1,5657,100,1417975,1
45246.516838343,1,5658,100,1419077,1
45248.286937475,1,5659,100,1418894,-1
45249.864322566,1,5660,100,1423357,-1
45250.877628358,3,5657,100,1417975,1
45252.29629489,4,5653,100,1419711,-1
45253.21773488,1,5661,100,1421733,1
45254.308950481,1,5662,100,1425667,-1
45255.564226287,1,5663,100,1424974,1
45256.410075434,1,5664,100,1426129,-1
45258.118554206,1,5665,100,1422402,-1
45260.377929983,1,5666,100,1419912,1
45262.38761785,3,5663,100,1424974,1
45264.331679445,3,5662,100,1425667,-1
45265.541680435,1,5667,100,1421826,-1
45268.811519035,4,5655,100,1420291,1
45270.395336679,3,5667,100,1421826,-1
45272.204431882,1,5668,100,1420693,1
45273.536883788,5,5658,100,1419077,1
45275.495362239,3,5666,100,1419912,1
45277.500150358,5,5664,100,1426129,-1
45278.448430871,3,5660,100,1423357,-1
45279.721155863,1,5669,100,1422745,-1
45281.743634056,1,5670,100,1419746,1
45282.957672465,1,5671,100,1423604,-1
45284.344778805,1,5672,100,1424710,-1
45286.211830377,3,5668,100,1420693,1
45288.097705392,3,5672,100,1424710,-1
45289.543949511,3,5661,100,1421733,1
45291.218369478,1,5673,100,1426236,-1
45293.02946997,3,5671,100,1423604,-1
45294.485108485,3,5656,100,1422771,-1
45295.507040171,1,5674,100,1423389,1
45296.864031019,1,5675,100,1431204,-1
45298.202455887,4,5669,100,1422745,-1
45300.382388441,3,5649,100,1417958,1
45302.28240521,3,5654,100,1415578,1
45304.179930329,3,5670,100,1419746,1
45306.227762137,4,5659,100,1418894,-1
45308.493004715,1,5676,100,1426405,1
45309.943676568,1,5677,100,1427475,1
45311.118598003,1,5678,100,1430959,-1
45312.644777332,1,5679,100,1424727,1
45313.673067713,1,5680,100,1430088,-1
45317.698518304,3,5680,100,1430088,-1
45319.305777162,1,5681,100,1425941,-1
45320.84218026,1,5682,100,1426105,-1
45321.667558504,1,5683,100,1425680,-1
45323.350721747,1,5684,100,1423456,-1
45324.476303397,3,5683,100,1425680,-1
45326.035990206,3,5682,100,1426105,-1
45327.493478972,4,5681,100,1425941,-1
45329.472350137,1,5685,100,1430957,-1
45330.36429246,3,5673,100,1426236,-1
45331.351323021,4,5679,100,1424727,1
45335.007665027,1,5686,100,1425264,-1
45338.761783521,4,5665,100,1422402,-1
45340.13942227,3,5678,100,1430959,-1
45341.295168799,5,5684,100,1423456,-1
45343.604865447,1,5687,100,1431152,-1
45344.723506924,4,5686,100,1425264,-1
45347.001994964,3,5687,100,1431152,-1
45348.918925618,1,5688,100,1427915,1
45350.642185552,1,5689,100,1431971,1
45352.090831333,1,5690,100,1431627,1
45355.633694788,5,5689,100,1431971,1
45356.664430354,3,5677,100,1427475,1
45357.566942966,3,5675,100,1431204,-1
45359.056857131,3,5676,100,1426405,1
45360.545732834,3,5690,100,1431627,1
45362.602875375,5,5685,100,1430957,-1
45364.806591608,1,5691,100,1436714,-1
45365.62186699,1,5692,100,1435917,-1
45367.398881321,1,5693,100,1427466,1
45369.897048284,1,5694,100,1434844,-1
45372.246392469,1,5695,100,1433064,-1
45373.782010395,1,5696,100,1425239,1
45376.483984567,1,5697,100,1428124,1
45377.564204105,4,5688,100,1427915,1
45378.881046456,1,5698,100,1431335,-1
45380.15779495,3,5674,100,1423389,1
45382.442658946,1,5699,100,1426873,1
45383.701313051,1,5700,100,1430434,-1
45384.91775799,4,5700,100,1430434,-1
45386.305493574,5,5692,100,1435917,-1
45387.277447964,5,5697,100,1428124,1
45389.39734904,1,5701,100,1433857,-1
45390.218637744,4,5695,100,1433064,-1
45391.708782451,3,5696,100,1425239,1
45393.51714763,1,5702,100,1428123,1
45395.496257202,1,5703,100,1426786,1
45398.626261533,4,5702,100,1428123,1
45399.403735356,1,5704,100,1425459,1
45400.718462589,1,5705,100,1429908,-1
45401.843363969,3,5691,100,1436714,-1
45404.145884308,1,5706,100,1424103,-1
45407.006742341,1,5707,100,1424857,-1
45409.112315671,3,5694,100,1434844,-1
45410.962706979,1,5708,100,1423043,-1
45412.78781839,3,5701,100,1433857,-1
45414.140660698,3,5703,100,1426786,1
45417.598042699,1,5709,100,1425610,1
45419.224082596,4,5708,100,1423043,-1
45421.162887889,1,5710,100,1424882,-1
45423.025976288,5,5699,100,1426873,1
45424.85375399,1,5711,100,1422808,1
45426.631165248,4,5706,100,1424103,-1
45429.155183378,3,5693,100,1427466,1
45430.468688227,1,5712,100,1430017,-1
45431.395703215,3,5712,100,1430017,-1
45432.450481585,1,5713,100,1427264,-1
45434.660755257,1,5714,100,1430353,-1
45436.182459838,1,5715,100,1425794,1
45438.339714183,5,5705,100,1429908,-1
45440.360200382,4,5715,100,1425794,1
45442.346064208,4,5707,100,1424857,-1
45443.784179582,3,5711,100,1422808,1
45444.648030772,1,5716,100,1425485,-1
45446.026677015,1,5717,100,1421135,1
45447.419474333,3,5713,100,1427264,-1
45449.451688771,1,5718,100,1425462,-1
45450.824137979,5,5718,100,1425462,-1
45453.560977706,3,5716,100,1425485,-1
45455.399120228,1,5719,100,1416107,1
45456.311058338,4,5709,100,1425610,1
45457.848741488,1,5720,100,1421339,1
45459.589251671,5,5719,100,1416107,1
45460.774564901,4,5720,100,1421339,1
45462.255612682,1,5721,100,1415596,1
45463.778423712,4,5704,100,1425459,1
45464.744051679,4,5717,100,1421135,1
45465.931480757,3,5714,100,1430353,-1
45467.855741603,1,5722,100,1416657,1
45469.539144789,3,5698,100,1431335,-1
45473.180028006,1,5723,100,1418340,1
45474.916416849,1,5724,100,1424615,-1
45475.821115972,1,5725,100,1422333,1
45476.62341747,4,5725,100,1422333,1
45478.146391579,1,5726,100,1418396,1
45481.288318936,1,5727,100,1419456,1
45482.821890385,3,5721,100,1415596,1
45485.093167526,1,5728,100,1423225,1
45485.961006911,1,5729,100,1425316,-1
45487.671611485,5,5726,100,1418396,1
45488.687873688,3,5728,100,1423225,1
45489.494468111,1,5730,100,1420410,-1
45493.100401242,5,5730,100,1420410,-1
45495.425816186,3,5729,100,1425316,-1
45496.578316914,1,5731,100,1424368,-1
45498.468357041,3,5723,100,1418340,1
45499.404215226,1,5732,100,1419732,-1
45500.209061224,3,5710,100,1424882,-1
45501.1288064,1,5733,100,1416828,-1
45502.213927836,3,5724,100,1424615,-1
45503.212191325,1,5734,100,1416051,-1
45505.306591206,4,5722,100,1416657,1
45507.594524813,4,5727,100,1419456,1
45508.516748724,1,5735,100,1416318,1
45510.581251619,3,5732,100,1419732,-1
45512.136695169,3,5733,100,1416828,-1
45514.858126008,1,5736,100,1413620,-1
45516.127444939,1,5737,100,1410382,1
45517.609330362,1,5738,100,1408320,1
45519.297581058,1,5739,100,1410906,1
45521.582354978,4,5735,100,1416318,1
45523.003128434,3,5736,100,1413620,-1
45525.282504483,1,5740,100,1408651,1
45526.265224892,3,5740,100,1408651,1
45527.597897559,1,5741,100,1414400,-1
45529.408804694,3,5738,100,1408320,1
45530.39779794,1,5742,100,1404234,1
45532.442946844,1,5743,100,1409285,-1
45533.605846399,4,5737,100,1410382,1
45534.604601973,4,5743,100,1409285,-1
45536.111089345,1,5744,100,1404154,1
45537.006580389,1,5745,100,1406322,1
45538.065363872,1,5746,100,1406854,1
45539.369875172,4,5739,100,1410906,1
45542.762709351,1,5747,100,1414743,-1
45544.550457765,3,5746,100,1406854,1
45545.348009566,3,5731,100,1424368,-1
45547.355218717,3,5745,100,1406322,1
45549.112372093,3,5744,100,1404154,1
45551.330813571,3,5734,100,1416051,-1
45553.097497961,5,5741,100,1414400,-1
45555.170693161,1,5748,100,1408764,1
45556.354385708,4,5748,100,1408764,1
45557.814538467,1,5749,100,1411706,-1
45558.678995244,4,5747,100,1414743,-1
45559.567764121,4,5749,100,1411706,-1
45560.429212561,1,5750,100,1413760,-1
45562.517859931,3,5742,100,1404234,1
45564.06468978,5,5750,100,1413760,-1
45565.309179054,1,5751,100,1408595,1
45567.459532271,4,5751,100,1408595,1
45569.064921967,1,5752,100,1409135,1
45571.33592494,1,5753,100,1406329,1
45573.114884918,4,5753,100,1406329,1
45575.32355639,1,5754,100,1409842,-1
45577.316385812,3,5752,100,1409135,1
45579.407072727,3,5754,100,1409842,-1
45581.269513996,1,5755,100,1408569,-1
45583.485226773,1,5756,100,1408835,-1
45585.492112124,3,5755,100,1408569,-1
45586.767411137,3,5756,100,1408835,-1
45589.002798651,1,5757,100,1408080,-1
45591.243959123,4,5757,100,1408080,-1
45593.039248533,1,5758,100,1403237,1
45594.839823048,3,5758,100,1403237,1
45596.011713669,1,5759,100,1410461,-1
45597.302362677,4,5759,100,1410461,-1
45598.395253419,1,5760,100,1407654,1
45600.709782649,1,5761,100,1405978,1
45606.043587803,4,5761,100,1405978,1
45607.965746155,5,5760,100,1407654,1
45609.80637912,1,5762,100,1409915,-1
45611.80705425,3,5762,100,1409915,-1
45613.181301194,1,5763,100,1409420,1
45614.696442586,1,5764,100,1413268,-1
45617.445480992,1,5765,100,1412210,-1
45618.799650374,4,5763,100,1409420,1
45619.872367979,1,5766,100,1410893,-1
45621.380554991,1,5767,100,1407629,1
45624.716082227,3,5764,100,1413268,-1
45626.414866185,1,5768,100,1406613,1
45627.895103054,3,5766,100,1410893,-1
45631.72533452,1,5769,100,1403020,1
45633.321677368,1,5770,100,1402744,1
45635.086176098,1,5771,100,1404954,1
45638.744933712,1,5772,100,1409319,-1
45639.593972952,1,5773,100,1404071,1
45640.993286043,1,5774,100,1406121,-1
45642.100137249,4,5768,100,1406613,1
45643.558297417,5,5773,100,1404071,1
45644.625415216,1,5775,100,1402834,1
45645.798720647,5,5775,100,1402834,1
45648.094276993,3,5772,100,1409319,-1
45649.073591951,3,5771,100,1404954,1
45650.167691195,4,5767,100,1407629,1
45651.451118792,1,5776,100,1410555,-1
45652.664486691,5,5774,100,1406121,-1
45654.127014333,3,5776,100,1410555,-1
45655.75516246,1,5777,100,1409768,1
45656.830388947,3,5765,100,1412210,-1
45657.943788166,4,5777,100,1409768,1
45661.228770238,3,5770,100,1402744,1
45663.136377177,5,5769,100,1403020,1
45664.738581828,1,5778,100,1407207,1
45665.69551209,3,5778,100,1407207,1
45666.701368241,1,5779,100,1405903,1
45669.345055682,1,5780,100,1415430,-1
45671.540407979,1,5781,100,1416874,-1
45673.68592536,1,5782,100,1412522,1
45674.86696994,1,5783,100,1414741,-1
45677.029760046,1,5784,100,1415055,-1
45679.126727718,1,5785,100,1410335,1
45681.118781706,1,5786,100,1414705,-1
45682.508006756,1,5787,100,1413477,-1
45683.498818026,1,5788,100,1413341,-1
45685.611781694,3,5782,100,1412522,1
45687.254846626,4,5788,100,1413341,-1
45688.540108501,1,5789,100,1419741,-1
45690.601094709,3,5786,100,1414705,-1
45691.540949748,4,5784,100,1415055,-1
45693.735844055,1,5790,100,1414290,-1
45695.3251309,3,5790,100,1414290,-1
45696.660485877,1,5791,100,1417934,-1
45697.779582915,4,5780,100,1415430,-1
45699.19628553,4,5783,100,1414741,-1
45701.474792379,1,5792,100,1414387,1
45703.943671391,3,5792,100,1414387,1
45707.853083759,3,5791,100,1417934,-1
45709.326540612,3,5787,100,1413477,-1
45712.415681636,1,5793,100,1416122,-1
45714.18747581,1,5794,100,1411205,1
45716.233633498,1,5795,100,1413681,1
45717.093909965,5,5785,100,1410335,1
45717.911552355,4,5795,100,1413681,1
45719.49061592,5,5779,100,1405903,1
45722.697992708,1,5796,100,1409286,1
45723.51763134,4,5794,100,1411205,1
45725.417909641,4,5796,100,1409286,1
45726.379698028,1,5797,100,1409519,-1
45730.05718723,1,5798,100,1408276,1
45733.704959512,1,5799,100,1411077,-1
45735.239182482,3,5797,100,1409519,-1
45737.432100731,3,5798,100,1408276,1
45738.639964158,4,5781,100,1416874,-1
45740.045936919,1,5800,100,1406533,1
45741.510321294,1,5801,100,1407617,1
45742.813935689,1,5802,100,1409162,-1
45744.04976965,4,5799,100,1411077,-1
45744.981727071,3,5789,100,1419741,-1
45746.770393178,4,5801,100,1407617,1
45748.34148182,1,5803,100,1406236,-1
45749.881963094,1,5804,100,1410746,-1
45751.602217617,5,5800,100,1406533,1
45753.576729226,4,5804,100,1410746,-1
45754.693642202,4,5802,100,1409162,-1
45756.457080818,3,5793,100,1416122,-1
45757.381813515,4,5803,100,1406236,-1
45759.366666899,1,5805,100,1410726,1
45760.939858647,3,5805,100,1410726,1
45762.976517032,1,5806,100,1409589,1
45764.259502957,1,5807,100,1412096,-1
45766.306863144,3,5807,100,1412096,-1
45768.245517553,5,5806,100,1409589,1
45769.784681479,1,5808,100,1412933,1
45770.574233463,1,5809,100,1412261,1
45772.852208503,1,5810,100,1409836,1
45774.344975715,3,5808,100,1412933,1
45775.544416702,1,5811,100,1414752,1
45777.063214876,1,5812,100,1409484,1
45778.983919633,1,5813,100,1413303,1
45781.131453158,5,5811,100,1414752,1
45783.141016138,3,5812,100,1409484,1
45783.989029999,5,5809,100,1412261,1
45786.134696872,3,5813,100,1413303,1
45787.976441337,3,5810,100,1409836,1
45788.764799652,1,5814,100,1410631,1
45789.92704917,3,5814,100,1410631,1
45791.975363526,1,5815,100,1409035,-1
45795.801637408,3,5815,100,1409035,-1
45797.047790337,1,5816,100,1414089,-1
45799.161638135,4,5816,100,1414089,-1
45801.18641713,1,5817,100,1412737,-1
45804.163725526,3,5817,100,1412737,-1
45804.966433805,1,5818,100,1414030,1
45807.04191179,4,5818,100,1414030,1
45807.96666734,1,5819,100,1411907,1
45809.917684952,4,5819,100,1411907,1
45811.440684198,1,5820,100,1410639,1
45812.334958494,3,5820,100,1410639,1
45814.23089946,1,5821,100,1413022,-1
45815.159707933,3,5821,100,1413022,-1
45817.248554315,1,5822,100,1411198,1
45819.015025822,3,5822,100,1411198,1
45820.618463155,1,5823,100,1409069,1
45822.543601743,4,5823,100,1409069,1
45823.719524087,1,5824,100,1411105,-1
45825.258496388,1,5825,100,1408638,1
45826.331279234,4,5824,100,1411105,-1
45827.164011601,3,5825,100,1408638,1
45828.958163054,1,5826,100,1410715,1
45830.189853927,3,5826,100,1410715,1
45832.000630861,1,5827,100,1409099,1
45834.304595841,1,5828,100,1412706,1
45835.378754358,4,5828,100,1412706,1
45837.063977601,1,5829,100,1406367,1
45838.126324892,5,5827,100,1409099,1
45839.741479836,4,5829,100,1406367,1
45841.867913916,1,5830,100,1409935,1
45843.04583533,5,5830,100,1409935,1
45844.35215839,1,5831,100,1413794,-1
45845.444782632,3,5831,100,1413794,-1
45846.921667352,1,5832,100,1407747,1
45848.054944442,1,5833,100,1408810,-1
45849.282371128,3,5833,100,1408810,-1
45850.702663627,4,5832,100,1407747,1
45852.187647312,1,5834,100,1408095,-1
45854.155545674,1,5835,100,1405495,-1
45855.676956713,3,5834,100,1408095,-1
45857.733437228,1,5836,100,1406908,-1
45859.465216362,1,5837,100,1410330,-1
45861.534609413,3,5836,100,1406908,-1
45863.482094674,3,5837,100,1410330,-1
45865.033674197,1,5838,100,1407951,-1
45867.06658469,1,5839,100,1408164,-1
45869.074758816,3,5839,100,1408164,-1
45870.852206549,3,5835,100,1405495,-1
45872.127172155,1,5840,100,1401323,1
45874.278058678,1,5841,100,1407781,-1
45875.325744313,3,5840,100,1401323,1
45876.700690959,4,5841,100,1407781,-1
45881.018208719,3,5838,100,1407951,-1
45882.318411606,1,5842,100,1409104,-1
45883.55579326,4,5842,100,1409104,-1
45884.549830561,1,5843,100,1411445,-1
45886.281336871,5,5843,100,1411445,-1
45887.491730438,1,5844,100,1405398,1
45889.202816508,3,5844,100,1405398,1
45890.426649326,1,5845,100,1409639,-1
45892.389728211,5,5845,100,1409639,-1
45893.304403207,1,5846,100,1403903,1
45895.615367945,4,5846,100,1403903,1
45897.258606536,1,5847,100,1406833,1
45899.043173584,4,5847,100,1406833,1
45900.331732421,1,5848,100,1409700,-1
45901.772294627,1,5849,100,1409512,-1
45903.990735093,1,5850,100,1404256,1
45905.462767198,1,5851,100,1405455,1
45906.741712466,1,5852,100,1403867,1
45908.761836119,1,5853,100,1409775,-1
45910.027896086,3,5848,100,1409700,-1
45913.052963534,1,5854,100,1404042,1
45914.696892314,1,5855,100,1407589,1
45916.231893601,3,5852,100,1403867,1
45918.412411759,1,5856,100,1399857,1
45919.643109885,1,5857,100,1403156,1
45920.608624501,3,5853,100,1409775,-1
45921.958465472,1,5858,100,1402734,1
45923.013296592,1,5859,100,1403863,1
45924.293355137,3,5850,100,1404256,1
45925.593763053,1,5860,100,1405098,1
45926.477468834,5,5854,100,1404042,1
45927.36021111,1,5861,100,1403829,-1
45928.461954093,1,5862,100,1403107,-1
45929.839733342,5,5851,100,1405455,1
45930.657320206,3,5859,100,1403863,1
45932.49351462,3,5855,100,1407589,1
45934.816054602,1,5863,100,1403903,1
45936.356755259,5,5858,100,1402734,1
45937.772526364,1,5864,100,1409918,-1
45939.153554493,1,5865,100,1408187,-1
45941.459931142,5,5860,100,1405098,1
45942.530297875,1,5866,100,1401960,1
45943.74918438,1,5867,100,1405837,-1
45945.131462411,5,5864,100,1409918,-1
45946.618396351,1,5868,100,1409731,-1
45947.513913991,1,5869,100,1406768,-1
45951.977932344,3,5861,100,1403829,-1
45953.973596846,1,5870,100,1403588,1
45955.756801041,5,5856,100,1399857,1
45957.225073485,3,5868,100,1409731,-1
45958.15673373,1,5871,100,1401079,1
45959.753403952,3,5863,100,1403903,1
45960.973233881,1,5872,100,1405707,-1
45963.781324902,3,5865,100,1408187,-1
45965.847606643,3,5871,100,1401079,1
45967.81454465,1,5873,100,1403030,-1
45969.858983877,4,5857,100,1403156,1
45970.912677427,3,5870,100,1403588,1
45972.679568589,3,5862,100,1403107,-1
45974.962949062,1,5874,100,1399562,-1
45976.902407763,1,5875,100,1399515,-1
45978.83393102,1,5876,100,1394720,1
45979.876729819,1,5877,100,1391970,1
45981.332563541,4,5866,100,1401960,1
45983.600177473,1,5878,100,1394213,-1
45985.616359946,3,5872,100,1405707,-1
45986.8936325,1,5879,100,1394742,-1
45989.342172915,3,5873,100,1403030,-1
45992.887932284,3,5867,100,1405837,-1
45994.990402551,1,5880,100,1395834,-1
45996.543104077,3,5880,100,1395834,-1
45998.093891718,3,5878,100,1394213,-1
46003.794315042,3,5849,100,1409512,-1
46004.785120879,3,5875,100,1399515,-1
46006.834729655,3,5877,100,1391970,1
46008.389652645,4,5876,100,1394720,1
46009.592496155,3,5879,100,1394742,-1
46010.904729941,4,5874,100,1399562,-1
46012.776555613,4,5869,100,1406768,-1
46014.043875221,1,5881,100,1390623,1
46015.808753573,1,5882,100,1393537,-1
46017.687773592,3,5881,100,1390623,1
46018.51601965,5,5882,100,1393537,-1
46019.620974686,1,5883,100,1389911,1
46021.289149358,1,5884,100,1390197,1
46022.496894406,1,5885,100,1388591,1
46024.649843572,4,5884,100,1390197,1
46025.471968781,4,5885,100,1388591,1
46026.757761406,1,5886,100,1393884,-1
46028.647634509,4,5886,100,1393884,-1
46030.172201442,3,5883,100,1389911,1
46031.536124531,1,5887,100,1393918,-1
46034.723702111,1,5888,100,1397737,-1
46035.973099852,1,5889,100,1394200,-1
46037.35474103,4,5889,100,1394200,-1
46041.028747921,4,5887,100,1393918,-1
46042.906651274,1,5890,100,1386602,1
46043.686672132,3,5888,100,1397737,-1
46044.603274732,5,5890,100,1386602,1
46046.345594178,1,5891,100,1390310,-1
46047.178030078,4,5891,100,1390310,-1
46047.999352152,1,5892,100,1383165,1
46052.027081636,3,5892,100,1383165,1
46054.289201069,1,5893,100,1390367,1
46056.472605975,1,5894,100,1388722,1
46058.370116435,3,5894,100,1388722,1
46060.064437643,4,5893,100,1390367,1
46060.916726579,1,5895,100,1392054,1
46063.701396153,1,5896,100,1393648,1
46064.703033235,4,5896,100,1393648,1
46066.326918604,3,5895,100,1392054,1
46067.39182955,1,5897,100,1394230,-1
46068.190039018,1,5898,100,1389854,1
46070.071949944,3,5897,100,1394230,-1
46071.773997564,1,5899,100,1395199,-1
46073.019228669,1,5900,100,1395606,-1
46075.329197975,4,5900,100,1395606,-1
46077.090393774,1,5901,200,1397271,-1
46078.875668548,4,5899,100,1395199,-1
46081.176252807,3,5898,100,1389854,1
46083.037293913,3,5901,200,1397271,-1
46085.149949596,1,5902,100,1395323,1
46086.652141684,1,5903,200,1398450,-1
46087.896872009,3,5903,200,1398450,-1
46089.122981427,1,5904,100,1395522,-1
46090.631179429,1,5905,100,1388542,1
46092.108398774,1,5906,100,1391232,1
46093.137896855,5,5905,100,1388542,1
46094.216456585,1,5907,100,1393713,-1
46096.149704435,1,5908,100,1400601,-1
46097.857255942,5,5907,100,1393713,-1
46099.797154751,1,5909,100,1395565,-1
46101.596669122,1,5910,100,1393843,1
46102.530291986,1,5911,100,1394243,-1
46103.710930866,3,5910,100,1393843,1
46104.701406414,4,5909,100,1395565,-1
46105.567445379,1,5912,100,1400436,1
46106.652541623,4,5904,100,1395522,-1
46110.930844216,1,5913,100,1405865,-1
46114.107515594,1,5914,100,1402832,-1
46115.472324831,4,5908,100,1400601,-1
46120.893332243,3,5912,100,1400436,1
46123.087898418,3,5902,100,1395323,1
46124.778176002,1,5915,100,1397405,-1
46126.991878987,3,5914,100,1402832,-1
46127.919219536,4,5911,100,1394243,-1
46129.522277992,3,5906,100,1391232,1
46131.003233678,1,5916,100,1396988,-1
46134.583760016,5,5913,100,1405865,-1
46135.576582688,1,5917,100,1399393,-1
46139.412987915,4,5916,100,1396988,-1
46140.332078545,1,5918,100,1401277,-1
46141.767813879,1,5919,100,1400038,1
46143.307832397,5,5915,100,1397405,-1
46144.7022995,1,5920,100,1397118,1
46146.369840454,3,5918,100,1401277,-1
46148.62346679,5,5920,100,1397118,1
46149.854518554,1,5921,100,1397391,1
46152.100749909,3,5919,100,1400038,1
46153.0692494,4,5921,100,1397391,1
46154.672616126,5,5917,100,1399393,-1
46155.504344894,1,5922,100,1401828,-1
46156.655216813,1,5923,100,1403795,1
46160.625251502,1,5924,100,1406597,-1
46161.598532091,1,5925,100,1406216,-1
46164.606499739,3,5923,100,1403795,1
46166.43828077,3,5922,100,1401828,-1
46169.141364486,4,5924,100,1406597,-1
46169.928415497,1,5926,100,1395632,1
46171.57101901,3,5926,100,1395632,1
46173.253014295,1,5927,100,1396108,1
46175.176657702,1,5928,100,1394370,-1
46177.314169913,3,5927,100,1396108,1
46179.420402736,1,5929,100,1391301,1
46181.335539244,1,5930,100,1395684,1
46182.270015606,1,5931,100,1396805,-1
46184.088496723,3,5930,100,1395684,1
46185.514346154,3,5928,100,1394370,-1
46186.807357161,1,5932,100,1398296,1
46187.754208163,3,5925,100,1406216,-1
46189.509669799,1,5933,100,1394142,1
46190.961568578,1,5934,100,1397377,-1
46192.844028028,1,5935,100,1394342,1
46194.192379322,1,5936,100,1396369,-1
46196.097803455,1,5937,100,1394224,1
46200.056145179,1,5938,100,1396615,1
46201.024938069,1,5939,100,1403162,-1
46202.622765245,5,5935,100,1394342,1
46204.483601371,4,5936,100,1396369,-1
46205.487309616,3,5937,100,1394224,1
46206.940760057,1,5940,100,1394893,1
46207.791927434,4,5931,100,1396805,-1
46209.442902419,1,5941,100,1400301,-1
46210.667526746,1,5942,100,1398117,1
46212.395007055,1,5943,100,1399719,1
46214.031837044,1,5944,100,1399220,-1
46215.434761172,4,5934,100,1397377,-1
46217.055012318,3,5940,100,1394893,1
46219.367688543,1,5945,100,1404289,-1
46221.130529871,1,5946,100,1397112,1
46222.638149527,4,5941,100,1400301,-1
46224.176338972,3,5932,100,1398296,1
46225.779564547,1,5947,100,1402727,-1
46227.709461711,3,5947,100,1402727,-1
46228.976432641,1,5948,100,1407175,-1
46230.356220145,3,5943,100,1399719,1
46231.828971623,1,5949,100,1403858,1
46232.821100589,3,5945,100,1404289,-1
46233.622111557,5,5949,100,1403858,1
46236.790351611,3,5933,100,1394142,1
46237.642649093,3,5944,100,1399220,-1
46239.658545203,5,5939,100,1403162,-1
46240.760883839,1,5950,100,1403969,-1
46242.875487368,3,5929,100,1391301,1
46244.001747365,1,5951,100,1399301,1
46246.281832789,3,5951,100,1399301,1
46248.50426247,1,5952,100,1402746,-1
46249.401325632,3,5938,100,1396615,1
46251.103554271,1,5953,100,1406253,-1
46252.458381208,5,5942,100,1398117,1
46253.544687882,1,5954,100,1403338,-1
46255.628619844,1,5955,100,1402656,-1
46257.766903995,3,5952,100,1402746,-1
46259.868132297,1,5956,100,1403353,-1
46263.075127198,3,5956,100,1403353,-1
46264.97563704,1,5957,100,1406696,-1
46265.859059978,1,5958,100,1405045,1
46267.318920589,1,5959,100,1404073,-1
46269.216858514,1,5960,100,1399862,1
46270.283446787,3,5959,100,1404073,-1
46272.311833732,4,5950,100,1403969,-1
46273.563870297,1,5961,100,1402609,1
46275.620816026,1,5962,100,1403708,1
46277.349840846,3,5954,100,1403338,-1
46278.678516358,3,5953,100,1406253,-1
46279.492200105,1,5963,100,1403441,1
46280.557561201,3,5963,100,1403441,1
46282.694516613,1,5964,100,1405954,1
46288.964229465,3,5955,100,1402656,-1
46289.959367498,5,5958,100,1405045,1
46291.874429231,1,5965,100,1403167,-1
46294.156582457,3,5946,100,1397112,1
46295.956472069,1,5966,100,1407505,-1
46297.019632741,5,5957,100,1406696,-1
46297.925820746,5,5965,100,1403167,-1
46299.39760419,3,5961,100,1402609,1
46301.488130457,4,5962,100,1403708,1
46302.67501228,3,5964,100,1405954,1
46304.75997549,1,5967,100,1402971,-1
46306.436819499,1,5968,100,1397187,1
46311.314339225,1,5969,100,1396232,1
46312.578827014,4,5960,100,1399862,1
46314.667575781,1,5970,100,1403101,1
46316.885526002,3,5970,100,1403101,1
46320.324905485,3,5968,100,1397187,1
46321.633612983,3,5966,100,1407505,-1
46322.921379858,4,5967,100,1402971,-1
46324.927316102,4,5969,100,1396232,1
46326.475026738,1,5971,100,1400918,-1
46328.650171162,3,5948,100,1407175,-1
46330.661935897,1,5972,100,1398002,1
46332.926677881,3,5971,100,1400918,-1
46334.454220079,4,5972,100,1398002,1
46335.478030441,1,5973,100,1401468,1
46337.152752269,1,5974,100,1405099,-1
46339.186859507,3,5974,100,1405099,-1
46340.498131372,3,5973,100,1401468,1
46342.489558875,1,5975,100,1405375,-1
46344.68878519,5,5975,100,1405375,-1
46346.364364102,1,5976,100,1405150,-1
46347.154039348,1,5977,100,1402087,1
46348.813863488,4,5976,100,1405150,-1
46349.707324611,4,5977,100,1402087,1
46352.00375746,1,5978,100,1405093,1
46353.913099919,3,5978,100,1405093,1
46355.039256476,1,5979,200,1409233,-1
46355.988123158,1,5980,100,1406405,1
46357.265415448,1,5981,100,1411660,-1
46359.000916396,1,5982,100,1405294,1
46362.101911824,1,5983,100,1409079,-1
46364.405911918,4,5979,200,1409233,-1
46365.19639367,4,5980,100,1406405,1
46367.417673616,3,5982,100,1405294,1
46368.713644741,1,5984,100,1407400,1
46370.835662272,1,5985,100,1413554,-1
46371.849082717,1,5986,100,1411922,-1
46373.352639669,1,5987,100,1410658,-1
46375.629896924,1,5988,200,1405854,1
46376.457947103,3,5987,100,1410658,-1
46377.827470256,1,5989,100,1408818,-1
46380.111181989,1,5990,100,1402487,1
46382.131202645,4,5990,100,1402487,1
46383.409163123,5,5985,100,1413554,-1
46384.737383241,3,5986,100,1411922,-1
46385.960778542,3,5983,100,1409079,-1
46387.080770419,1,5991,100,1402603,1
46388.736489141,5,5989,100,1408818,-1
46390.143455509,3,5981,100,1411660,-1
46391.158239255,1,5992,100,1410133,-1
46394.499231914,4,5992,100,1410133,-1
46396.205848069,4,5984,100,1407400,1
46397.336855213,1,5993,100,1405807,1
46398.47475473,1,5994,100,1408051,1
46400.595433862,3,5991,100,1402603,1
46401.531051642,4,5993,100,1405807,1
46403.786875474,3,5994,100,1408051,1
46405.127512869,4,5988,200,1405854,1
46406.695102469,1,5995,100,1406568,-1
46408.057247216,1,5996,100,1408431,-1
46410.322075086,1,5997,100,1404531,1
46411.613725012,1,5998,100,1407879,-1
46413.271645931,5,5996,100,1408431,-1
46414.756397149,1,5999,100,1407066,1
46416.733619061,1,6000,100,1409339,-1
46417.973425015,1,6001,100,1406183,1
46419.843876013,3,5998,100,1407879,-1
46421.881517253,1,6002,100,1408145,-1
46423.361904134,4,5995,100,1406568,-1
46424.857784188,4,6001,100,1406183,1
46426.126316315,1,6003,100,1403886,-1
46427.895982773,3,6002,100,1408145,-1
46429.947384764,3,6000,100,1409339,-1
46431.706345039,4,6003,100,1403886,-1
46433.523848842,3,5997,100,1404531,1
46434.855516821,3,5999,100,1407066,1
46436.847094997,1,6004,100,1404919,1
46437.867998224,1,6005,100,1411785,-1
46439.470333691,1,6006,100,1413295,-1
46440.514558161,4,6005,100,1411785,-1
46442.660204965,1,6007,100,1410069,1
46444.422792451,1,6008,100,1413206,-1
46446.666154077,1,6009,100,1410493,1
46447.801185987,1,6010,100,1411557,-1
46449.345665221,1,6011,100,1412955,-1
46451.365384627,1,6012,100,1410269,-1
46452.247859781,1,6013,100,1410543,-1
46453.520386731,4,6012,100,1410269,-1
46456.972516522,3,6009,100,1410493,1
46458.072534016,1,6014,100,1413854,1
46458.886720682,3,6008,100,1413206,-1
46460.550207566,3,6013,100,1410543,-1
46462.26529409,3,6004,100,1404919,1
46463.600127684,1,6015,100,1412392,1
46464.817745161,3,6010,100,1411557,-1
46466.267667519,4,6011,100,1412955,-1
46470.586820085,4,6006,100,1413295,-1
46471.380707117,4,6014,100,1413854,1
46473.247084263,3,6015,100,1412392,1
46474.630044686,3,6007,100,1410069,1
46475.797672444,1,6016,100,1412184,1
46476.886212381,5,6016,100,1412184,1
46478.059401533,1,6017,100,1412051,1
46480.185597407,4,6017,100,1412051,1
46482.199863466,1,6018,100,1413511,1
46483.160613161,3,6018,100,1413511,1
46485.02293014,1,6019,100,1412316,-1
46487.293156167,5,6019,100,1412316,-1
46488.424931835,1,6020,100,1404742,1
46490.600061267,1,6021,100,1406893,1
46492.885103271,1,6022,100,1406324,1
46494.750282668,1,6023,100,1409830,-1
46496.023164678,3,6020,100,1404742,1
46496.947526427,1,6024,100,1411236,-1
46498.895493739,1,6025,100,1403336,1
46500.473683461,1,6026,100,1408322,-1
46504.255733165,1,6027,100,1405371,1
46505.582867609,3,6025,100,1403336,1
46507.77959788,1,6028,100,1409043,-1
46509.943389305,3,6028,100,1409043,-1
46512.264839195,3,6026,100,1408322,-1
46514.279721382,1,6029,100,1405535,1
46515.147301848,5,6023,100,1409830,-1
46517.073075008,4,6022,100,1406324,1
46518.301984382,1,6030,100,1408847,1
46519.109458987,1,6031,100,1409650,1
46520.082874345,3,6021,100,1406893,1
46521.85372846,1,6032,100,1415287,-1
46523.336051772,3,6031,100,1409650,1
46525.492736949,1,6033,100,1410779,-1
46526.665017559,1,6034,100,1406723,-1
46528.598108632,1,6035,100,1410300,-1
46530.885833321,3,6035,100,1410300,-1
46531.670845449,4,6030,100,1408847,1
46533.876871565,1,6036,100,1410785,-1
46535.336979136,1,6037,100,1407720,1
46537.135165377,1,6038,100,1408034,-1
46538.8608362,5,6037,100,1407720,1
46540.963772425,1,6039,100,1404503,1
46542.64727167,4,6039,100,1404503,1
46544.911941988,3,6036,100,1410785,-1
46546.410941496,3,6038,100,1408034,-1
46547.993305082,3,6029,100,1405535,1
46549.852047192,1,6040,100,1408139,-1
46552.041161646,1,6041,100,1403493,1
46554.187719078,3,6041,100,1403493,1
46555.74259854,3,6033,100,1410779,-1
46557.27975377,1,6042,100,1405502,-1
46560.485300888,1,6043,100,1406334,1
46561.934220534,3,6034,100,1406723,-1
46564.253985659,4,6042,100,1405502,-1
46566.289307021,1,6044,100,1408341,1
46567.996253479,1,6045,100,1404644,1
46572.174838966,1,6046,100,1411400,-1
46573.761586771,3,6043,100,1406334,1
46575.381843807,3,6045,100,1404644,1
46577.450573404,1,6047,100,1406566,1
46579.567978228,1,6048,100,1409168,-1
46584.025062041,1,6049,100,1410792,-1
46585.294688062,3,6024,100,1411236,-1
46586.223309853,1,6050,100,1411676,-1
46587.895681994,1,6051,100,1409877,1
46589.776180511,1,6052,100,1407505,1
46591.182680331,1,6053,100,1408150,-1
46592.24368235,3,6049,100,1410792,-1
46593.048980857,1,6054,100,1406787,1
46596.630537718,3,6050,100,1411676,-1
46599.647379017,1,6055,100,1404123,-1
46603.323983076,1,6056,100,1407615,-1
46604.542260592,1,6057,100,1406178,-1
46608.04943269,4,6044,100,1408341,1
46610.272840565,5,6032,100,1415287,-1
46611.200305959,1,6058,100,1405664,1
46613.490644568,1,6059,100,1405412,-1
46616.931836494,5,6059,100,1405412,-1
46617.862808685,1,6060,100,1401987,-1
46618.923922123,1,6061,100,1406136,-1
46621.099480194,4,6027,100,1405371,1
46623.075429176,1,6062,100,1396303,1
46625.190196335,5,6057,100,1406178,-1
46627.273753938,4,6047,100,1406566,1
46628.249406771,1,6063,100,1401588,1
46629.696426345,3,6040,100,1408139,-1
46631.500805601,3,6063,100,1401588,1
46632.592287742,5,6053,100,1408150,-1
46633.519078906,1,6064,100,1409448,-1
46635.097369324,1,6065,100,1410530,-1
46636.383408945,4,6052,100,1407505,1
46638.383606953,1,6066,100,1405946,1
46641.367403069,4,6058,100,1405664,1
46642.594846301,1,6067,100,1405047,-1
46643.957787694,1,6068,100,1406509,-1
46645.596290696,1,6069,100,1403710,1
46647.498601021,4,6067,100,1405047,-1
46649.760998594,1,6070,100,1402792,1
46651.417278283,3,6055,100,1404123,-1
46653.469485829,1,6071,100,1406667,1
46655.444225163,3,6065,100,1410530,-1
46656.902711178,1,6072,100,1412062,-1
46658.885550943,5,6070,100,1402792,1
46660.518001848,1,6073,100,1408528,-1
46661.548071448,1,6074,100,1412075,-1
46663.116952217,1,6075,100,1403135,1
46664.709895147,1,6076,100,1404940,1
46666.530186549,5,6048,100,1409168,-1
46668.572007921,1,6077,100,1406627,-1
46670.573192424,3,6077,100,1406627,-1
46671.527135951,4,6051,100,1409877,1
46673.419067529,1,6078,100,1402455,1
46674.3976226,1,6079,100,1403187,1
46675.638255578,5,6056,100,1407615,-1
46676.725151233,4,6076,100,1404940,1
46678.294563826,3,6075,100,1403135,1
46679.495743269,4,6054,100,1406787,1
46681.355004939,1,6080,100,1399296,1
46683.399493947,1,6081,100,1404303,-1
46684.52992348,3,6068,100,1406509,-1
46685.567014835,4,6078,100,1402455,1
46687.853371664,5,6072,100,1412062,-1
46690.656669995,3,6060,100,1401987,-1
46692.793054701,1,6082,100,1397975,1
46693.871104875,1,6083,100,1402128,-1
46695.541346562,1,6084,100,1404345,-1
46697.093888119,1,6085,100,1400318,-1
46698.742929859,1,6086,100,1398997,1
46700.669974039,1,6087,100,1400766,-1
46702.665116128,5,6046,100,1411400,-1
46704.927483379,3,6062,100,1396303,1
46705.870267834,1,6088,100,1400196,-1
46708.129274326,1,6089,100,1395960,1
46709.122123831,1,6090,100,1398223,-1
46710.863899715,5,6083,100,1402128,-1
46714.188706602,3,6088,100,1400196,-1
46716.826569538,1,6091,100,1397792,1
46718.711921708,1,6092,100,1398163,1
46720.032104521,3,6074,100,1412075,-1
46721.970216235,1,6093,100,1401529,-1
46723.106428837,3,6069,100,1403710,1
46725.050952834,3,6061,100,1406136,-1
46726.882281669,4,6085,100,1400318,-1
46728.005004084,1,6094,100,1405185,-1
46729.064073329,1,6095,100,1401523,-1
46730.042075954,4,6071,100,1406667,1
46731.45541314,4,6079,100,1403187,1
46732.683742652,1,6096,100,1396172,1
46734.943435208,3,6084,100,1404345,-1
46737.194714234,3,6073,100,1408528,-1
46738.604663874,1,6097,100,1394537,-1
46740.17178677,1,6098,100,1394520,1
46741.549990388,1,6099,100,1401331,-1
46742.772793304,1,6100,100,1399940,1
46744.557615763,4,6087,100,1400766,-1
46746.436766866,3,6094,100,1405185,-1
46747.765729498,3,6066,100,1405946,1
46749.051554992,1,6101,100,1402865,-1
46752.443869486,3,6097,100,1394537,-1
46753.330493927,4,6080,100,1399296,1
46755.106831156,1,6102,100,1392849,1
46756.830939093,1,6103,100,1399752,-1
46757.856909993,1,6104,100,1390629,1
46758.891145276,3,6093,100,1401529,-1
46760.300901784,4,6086,100,1398997,1
46761.598648263,1,6105,100,1392559,-1
46765.353326585,4,6090,100,1398223,-1
46767.519324894,1,6106,100,1396165,1
46768.772162812,1,6107,100,1397180,-1
46772.785103055,5,6064,100,1409448,-1
46773.761666579,1,6108,100,1397706,-1
46774.661017962,1,6109,100,1390449,1
46775.771015193,1,6110,100,1396457,-1
46777.77101665,1,6111,100,1389951,1
46778.881803113,1,6112,100,1393842,-1
46780.698147966,1,6113,100,1390342,1
46782.526729789,1,6114,100,1388710,1
46784.669595564,3,6113,100,1390342,1
46788.161684531,1,6115,100,1388295,1
46789.314075264,1,6116,100,1393919,-1
46790.567402519,4,6112,100,1393842,-1
46791.962925644,1,6117,100,1389632,-1
46793.243343021,1,6118,100,1394984,-1
46794.709143538,1,6119,100,1395702,-1
46797.904321804,1,6120,100,1391366,1
46798.855115038,3,6096,100,1396172,1
46800.297958015,3,6108,100,1397706,-1
46801.872720896,3,6120,100,1391366,1
46803.607018525,1,6121,100,1390795,1
46805.191983086,1,6122,100,1393325,-1
46806.443612736,3,6109,100,1390449,1
46810.453411449,1,6123,100,1393081,-1
46811.622455211,3,6122,100,1393325,-1
46812.571522879,1,6124,100,1393413,-1
46814.865330849,4,6091,100,1397792,1
46815.671616568,3,6114,100,1388710,1
46816.982889841,3,6104,100,1390629,1
46819.176273437,1,6125,100,1390451,1
46820.676252701,1,6126,100,1389708,-1
46822.746398059,1,6127,100,1388515,-1
46824.574375436,5,6127,100,1388515,-1
46826.104721075,5,6105,100,1392559,-1
46827.185799507,4,6102,100,1392849,1
46828.505133758,3,6101,100,1402865,-1
46829.510335708,1,6128,100,1383567,1
46831.653232714,4,6089,100,1395960,1
46833.357980848,1,6129,100,1392661,-1
46834.130559677,3,6099,100,1401331,-1
46835.466155529,5,6128,100,1383567,1
46836.778995434,5,6110,100,1396457,-1
46838.452075392,4,6106,100,1396165,1
46839.808721752,3,6098,100,1394520,1
46841.905497244,1,6130,100,1395819,-1
46843.273858335,4,6126,100,1389708,-1
46844.200181444,4,6116,100,1393919,-1
46845.250979818,3,6119,100,1395702,-1
46847.537963455,4,6117,100,1389632,-1
46849.199536717,1,6131,100,1396420,-1
46850.432453738,4,6107,100,1397180,-1
46853.983847726,1,6132,100,1391979,1
46854.789473096,3,6081,100,1404303,-1
46855.891320153,1,6133,100,1393654,-1
46857.216591148,1,6134,100,1394734,-1
46858.8639531,1,6135,100,1393246,1
46860.209780483,1,6136,100,1398775,-1
46861.549674195,4,6124,100,1393413,-1
46862.490004627,3,6092,100,1398163,1
46864.31149388,5,6121,100,1390795,1
46865.303391302,1,6137,100,1399611,-1
46866.31340424,3,6132,100,1391979,1
46871.891879198,4,6103,100,1399752,-1
46873.239249857,3,6111,100,1389951,1
46875.474393348,4,6095,100,1401523,-1
46877.49693728,5,6137,100,1399611,-1
46878.714746801,3,6082,100,1397975,1
46880.916066543,1,6138,100,1405136,-1
46881.828924656,1,6139,100,1409490,-1
46883.01544465,5,6133,100,1393654,-1
46884.194653875,1,6140,100,1404235,1
46885.404281097,4,6129,100,1392661,-1
46888.844670205,3,6136,100,1398775,-1
46889.74349405,1,6141,100,1409130,-1
46891.130074146,4,6123,100,1393081,-1
46892.595697655,3,6125,100,1390451,1
46895.970152016,1,6142,100,1408154,-1
46896.917651967,1,6143,100,1408104,-1
46900.82860297,1,6144,100,1410042,1
46902.767130435,1,6145,100,1405111,-1
46904.462572224,1,6146,100,1407705,-1
46908.376052219,5,6135,100,1393246,1
46909.855621449,3,6146,100,1407705,-1
46911.579092938,1,6147,100,1407417,-1
46912.936939354,3,6134,100,1394734,-1
46914.283704624,3,6100,100,1399940,1
46916.183992116,1,6148,100,1405714,1
46918.008161455,1,6149,100,1406513,-1
46920.112450787,5,6130,100,1395819,-1
46921.26957208,4,6141,100,1409130,-1
46922.796548865,4,6138,100,1405136,-1
46923.866770931,1,6150,100,1407902,1
46925.815422412,3,6147,100,1407417,-1
46927.75967537,1,6151,100,1412595,-1
46928.892566841,1,6152,100,1412371,1
46930.456046625,5,6140,100,1404235,1
46931.76305282,1,6153,100,1409081,1
46933.067406134,1,6154,100,1413881,-1
46934.401434435,4,6154,100,1413881,-1
46935.460147556,5,6143,100,1408104,-1
46937.561538058,1,6155,100,1416889,-1
46939.70426183,3,6144,100,1410042,1
46941.921250815,4,6139,100,1409490,-1
46945.028361679,3,6131,100,1396420,-1
46946.157803426,1,6156,100,1408803,-1
46948.257530539,4,6150,100,1407902,1
46949.526496582,1,6157,100,1408766,-1
46950.801535789,4,6152,100,1412371,1
46953.012426119,1,6158,100,1402832,1
46953.849549421,4,6153,100,1409081,1
46955.528353187,3,6158,100,1402832,1
46957.52207081,3,6157,100,1408766,-1
46958.749976216,4,6148,100,1405714,1
46960.853516263,1,6159,100,1408227,-1
46962.335405239,1,6160,100,1403914,-1
46964.14498429,3,6149,100,1406513,-1
46965.377658135,5,6151,100,1412595,-1
46966.794090899,3,6159,100,1408227,-1
46971.148825193,5,6156,100,1408803,-1
46977.150947942,3,6160,100,1403914,-1
46978.520700155,1,6161,100,1404805,1
46980.564805385,5,6161,100,1404805,1
46982.6917234,1,6162,100,1403173,-1
46984.754706138,3,6118,100,1394984,-1
46987.581264287,5,6115,100,1388295,1
46988.874570056,5,6142,100,1408154,-1
46990.226859122,4,6162,100,1403173,-1
46991.241993893,1,6163,100,1406712,-1
46992.515057336,3,6163,100,1406712,-1
46994.072842319,1,6164,100,1407598,-1
46995.404934409,3,6164,100,1407598,-1
46997.693497785,4,6145,100,1405111,-1
46999.294172038,5,6155,100,1416889,-1
47000.124678839,1,6165,100,1400867,1
47002.07422888,3,6165,100,1400867,1
47003.053988718,1,6166,100,1412868,-1
47004.27526229,4,6166,100,1412868,-1
47006.011580721,1,6167,100,1406137,-1
47007.171115643,1,6168,100,1411213,-1
47008.794145113,4,6167,100,1406137,-1
47011.053673117,5,6168,100,1411213,-1
47012.572185506,1,6169,100,1415188,-1
47013.97058268,1,6170,100,1413377,-1
47015.426457475,1,6171,100,1414215,1
47016.777727113,1,6172,100,1412618,-1
47018.588387223,1,6173,100,1407914,1
47020.38036134,4,6171,100,1414215,1
47021.725802429,5,6169,100,1415188,-1
47022.789590826,3,6173,100,1407914,1
47024.392860278,1,6174,100,1411055,-1
47026.341677249,4,6174,100,1411055,-1
47028.826437948,5,6172,100,1412618,-1
47031.056584648,4,6170,100,1413377,-1
47032.587971871,1,6175,100,1407350,-1
47036.592547187,4,6175,100,1407350,-1
47038.188449862,1,6176,100,1406891,-1
47040.308384143,1,6177,100,1407316,-1
47042.396388635,1,6178,100,1404255,-1
47043.583120344,1,6179,100,1407393,-1
47045.003412273,3,6179,100,1407393,-1
47045.829092104,4,6178,100,1404255,-1
47047.322303363,4,6176,100,1406891,-1
47048.934860217,1,6180,100,1401676,1
47050.272289175,5,6177,100,1407316,-1
47052.143771299,5,6180,100,1401676,1
47054.144396221,1,6181,100,1399848,1
47055.785847937,1,6182,100,1400429,1
47057.949880787,1,6183,100,1398869,1
47059.805699191,1,6184,100,1406373,-1
47061.843503401,1,6185,100,1401400,-1
47062.710138134,1,6186,100,1405096,-1
47064.0959077,3,6183,100,1398869,1
47065.928421649,3,6186,100,1405096,-1
47067.420314459,3,6181,100,1399848,1
47069.987352708,1,6187,100,1408537,-1
47070.767382409,1,6188,100,1405445,1
47072.296964838,4,6187,100,1408537,-1
47074.267303771,1,6189,100,1409507,-1
47075.230687287,3,6189,100,1409507,-1
47076.961344629,1,6190,100,1407316,1
47077.781638065,1,6191,100,1405309,1
47079.661551251,1,6192,100,1406028,-1
47081.922993767,1,6193,100,1408416,-1
47082.85610639,3,6192,100,1406028,-1
47087.282145417,1,6194,100,1400274,1
47088.484420367,3,6193,100,1408416,-1
47090.633460342,3,6188,100,1405445,1
47092.105124943,1,6195,100,1404025,-1
47093.181596719,5,6182,100,1400429,1
47094.65357045,3,6190,100,1407316,1
47096.616748193,3,6185,100,1401400,-1
47098.363830839,3,6184,100,1406373,-1
47100.175182948,1,6196,100,1397148,1
47101.322985104,4,6191,100,1405309,1
47102.845259631,3,6195,100,1404025,-1
47106.260838923,3,6196,100,1397148,1
47107.497263766,4,6194,100,1400274,1
47109.492291338,1,6197,100,1399901,1
47111.067918436,4,6197,100,1399901,1
47112.314848469,1,6198,100,1399946,1
47114.044463102,1,6199,100,1398181,1
47115.960115574,1,6200,100,1399175,1
47117.862906354,4,6199,100,1398181,1
47120.110014276,1,6201,100,1399554,1
47121.209647257,1,6202,100,1398419,1
47123.198261431,1,6203,100,1400471,-1
47124.418529597,3,6198,100,1399946,1
47125.947319348,1,6204,100,1393704,1
47127.210996729,3,6204,100,1393704,1
47128.109293926,3,6201,100,1399554,1
47129.168865952,4,6200,100,1399175,1
47130.828407808,3,6202,100,1398419,1
47132.21271605,5,6203,100,1400471,-1
47133.428105596,1,6205,100,1396717,-1
47137.837603152,3,6205,100,1396717,-1
47139.857808149,1,6206,100,1392806,1
47141.78729768,1,6207,100,1394787,-1
47143.662001498,1,6208,100,1394631,1
47147.466309369,1,6209,100,1392179,-1
47149.504929578,3,6209,100,1392179,-1
47152.464578371,1,6210,100,1388336,1
47154.947640968,4,6206,100,1392806,1
47156.461481401,1,6211,100,1388820,1
47158.125736385,1,6212,100,1390943,1
47160.239113091,1,6213,100,1390412,-1
47161.168572189,4,6212,100,1390943,1
47162.768807636,1,6214,100,1384065,1
47166.309363719,5,6208,100,1394631,1
47168.161276019,3,6210,100,1388336,1
47169.099646501,1,6215,100,1383524,1
47171.00045482,1,6216,100,1382484,1
47172.643248268,1,6217,100,1382724,1
47175.92960423,3,6211,100,1388820,1
47177.383483537,5,6214,100,1384065,1
47179.448783659,4,6213,100,1390412,-1
47181.080536176,1,6218,100,1388843,-1
47182.908886063,3,6216,100,1382484,1
47184.768287,1,6219,100,1388090,-1
47185.558664702,1,6220,100,1386195,1
47186.666504262,1,6221,100,1381580,1
47188.37415604,4,6217,100,1382724,1
47190.557571402,5,6215,100,1383524,1
47192.575724927,1,6222,100,1385882,1
47193.740819908,4,6222,100,1385882,1
47198.042927073,4,6221,100,1381580,1
47199.734731732,3,6220,100,1386195,1
47203.260841205,3,6207,100,1394787,-1
47204.430867243,1,6223,100,1382501,-1
47206.603226466,3,6223,100,1382501,-1
47208.846892243,5,6218,100,1388843,-1
47210.487480174,1,6224,100,1381318,-1
47212.65713325,3,6219,100,1388090,-1
47214.35742671,1,6225,100,1376897,1
47215.562985642,1,6226,100,1377378,1
47216.368976232,1,6227,100,1377192,1
47218.516645031,1,6228,100,1379795,-1
47219.813876786,1,6229,100,1378594,1
47221.634198474,4,6225,100,1376897,1
47223.225172064,1,6230,100,1380015,-1
47224.50534117,3,6227,100,1377192,1
47227.534362543,3,6230,100,1380015,-1
47228.662649222,3,6229,100,1378594,1
47230.532423001,1,6231,100,1379683,-1
47232.393839236,3,6226,100,1377378,1
47233.754993622,1,6232,100,1374781,1
47235.382942402,1,6233,100,1383456,-1
47237.939361477,3,6228,100,1379795,-1
47239.418844941,3,6231,100,1379683,-1
47241.580040544,4,6232,100,1374781,1
47245.510607933,4,6224,100,1381318,-1
47247.239661313,1,6234,100,1374082,1
47248.384441294,1,6235,100,1375870,1
47249.20244419,1,6236,100,1375227,-1
47250.336730322,4,6235,100,1375870,1
47252.510926669,3,6233,100,1383456,-1
47253.588579387,1,6237,100,1372427,1
47254.539407885,3,6237,100,1372427,1
47255.422264429,4,6234,100,1374082,1
47256.312398836,3,6236,100,1375227,-1
47258.305595151,1,6238,100,1379856,-1
47260.101563952,4,6238,100,1379856,-1
47262.337151577,1,6239,100,1378959,1
47263.199822892,4,6239,100,1378959,1
47265.27854887,1,6240,100,1378980,1
47266.051159612,4,6240,100,1378980,1
47267.877494742,1,6241,100,1379049,1
47269.333621304,4,6241,100,1379049,1
47270.242301821,1,6242,100,1383809,-1
47271.672643029,1,6243,100,1384987,-1
47273.250449763,1,6244,100,1387616,-1
47275.37955953,1,6245,100,1384298,-1
47276.459956081,3,6245,100,1384298,-1
47278.653636078,1,6246,100,1380145,1
47280.626031297,1,6247,100,1379388,1
47282.850740945,1,6248,100,1376165,1
47283.880619793,4,6242,100,1383809,-1
47284.91284382,3,6248,100,1376165,1
47285.761823463,1,6249,100,1379969,1
47287.457275314,1,6250,100,1379766,1
47288.918323927,1,6251,100,1377773,1
47291.035787641,4,6247,100,1379388,1
47293.069922875,4,6251,100,1377773,1
47295.217205976,1,6252,100,1387319,-1
47297.017256121,1,6253,100,1385949,-1
47298.210070923,5,6252,100,1387319,-1
47299.282120111,4,6243,100,1384987,-1
47300.814264007,5,6249,100,1379969,1
47304.961060461,1,6254,100,1381512,1
47305.950311692,3,6244,100,1387616,-1
47307.138966855,3,6253,100,1385949,-1
47308.274444845,1,6255,100,1383779,-1
47309.9444619,3,6246,100,1380145,1
47312.020021405,3,6255,100,1383779,-1
47314.791851953,5,6254,100,1381512,1
47316.568513075,3,6250,100,1379766,1
47318.594601137,1,6256,100,1382361,-1
47320.70576345,1,6257,100,1377672,1
47322.489259042,1,6258,100,1381307,1
47324.548866148,1,6259,100,1381657,1
47325.801792903,1,6260,100,1380996,1
47327.073350183,5,6258,100,1381307,1
47328.656437882,1,6261,100,1383625,-1
47330.86209516,1,6262,100,1384129,-1
47333.5107384,3,6262,100,1384129,-1
47334.478080293,3,6257,100,1377672,1
47336.503197386,3,6256,100,1382361,-1
47338.545643066,3,6259,100,1381657,1
47340.063546773,5,6261,100,1383625,-1
47340.828588904,3,6260,100,1380996,1
47341.630887913,1,6263,100,1388220,1
47343.098434545,4,6263,100,1388220,1
47345.027275088,1,6264,100,1392737,-1
47348.606405697,1,6265,100,1393903,-1
47352.259907291,4,6265,100,1393903,-1
47353.836666198,3,6264,100,1392737,-1
47354.73044142,1,6266,100,1389425,-1
47355.546235913,1,6267,100,1389178,1
47357.340186297,5,6266,100,1389425,-1
47359.546174323,5,6267,100,1389178,1
47361.444003536,1,6268,100,1389724,1
47363.63509515,5,6268,100,1389724,1
47365.864687529,1,6269,100,1389658,-1
47367.02261269,1,6270,100,1388415,1
47368.861970097,4,6270,100,1388415,1
47370.075324472,5,6269,100,1389658,-1
47371.510611583,1,6271,100,1390478,1
47372.662856532,1,6272,100,1390737,-1
47374.309067845,1,6273,100,1391248,-1
47375.086150487,4,6271,100,1390478,1
47376.82822842,3,6272,100,1390737,-1
47378.830156805,1,6274,100,1386655,1
47379.875774851,1,6275,100,1392169,-1
47381.814983072,3,6275,100,1392169,-1
47383.673386596,1,6276,100,1390847,-1
47385.794837165,1,6277,100,1384135,1
47386.576475566,1,6278,100,1383286,1
47387.822006542,1,6279,100,1385158,1
47389.643004851,1,6280,100,1391149,1
47391.233162459,1,6281,100,1391782,-1
47392.173449219,3,6277,100,1384135,1
47393.572838296,1,6282,100,1394182,-1
47395.847055366,3,6280,100,1391149,1
47398.852776139,1,6283,100,1393970,-1
47401.133977336,3,6283,100,1393970,-1
47402.462703129,1,6284,100,1390130,1
47404.379564744,1,6285,100,1394196,-1
47405.235220761,5,6281,100,1391782,-1
47407.244184594,3,6274,100,1386655,1
47409.24497088,3,6278,100,1383286,1
47410.779801557,1,6286,100,1388852,1
47411.854517874,1,6287,100,1394753,-1
47412.861224708,1,6288,100,1389208,1
47413.813389588,3,6273,100,1391248,-1
47416.009280701,1,6289,100,1384686,1
47417.940239219,1,6290,100,1384701,1
47418.791119148,1,6291,100,1390135,1
47419.628393062,1,6292,100,1386189,1
47421.818232148,1,6293,100,1386128,1
47423.16450065,3,6279,100,1385158,1
47424.937541118,4,6286,100,1388852,1
47425.714287884,1,6294,100,1388135,1
47427.238787403,3,6276,100,1390847,-1
47428.828157202,3,6289,100,1384686,1
47429.608521126,1,6295,100,1384628,1
47430.854079146,1,6296,100,1389714,-1
47431.853742071,4,6293,100,1386128,1
47432.857977138,1,6297,100,1384214,1
47434.681265506,4,6294,100,1388135,1
47436.853844446,3,6297,100,1384214,1
47437.616197339,1,6298,100,1389574,-1
47439.315179526,3,6285,100,1394196,-1
47440.360342976,1,6299,100,1388652,-1
47442.302014873,5,6295,100,1384628,1
47443.2884728,1,6300,100,1384808,-1
47444.331071931,1,6301,100,1381886,-1
47445.475820251,3,6296,100,1389714,-1
47447.683192999,1,6302,100,1388190,-1
47448.966383814,4,6288,100,1389208,1
47450.645109624,3,6291,100,1390135,1
47453.280367892,1,6303,100,1386574,-1
47454.51810872,3,6290,100,1384701,1
47455.351553426,4,6301,100,1381886,-1
47457.505305135,4,6284,100,1390130,1
47459.0690064,1,6304,100,1382915,-1
47462.850656854,3,6302,100,1388190,-1
47464.517083283,3,6300,100,1384808,-1
47468.106960412,3,6304,100,1382915,-1
47469.287266885,1,6305,100,1382538,-1
47470.773061325,1,6306,100,1379823,-1
47472.814601824,1,6307,100,1374764,1
47474.600082877,3,6287,100,1394753,-1
47476.300963565,5,6299,100,1388652,-1
47478.484457631,1,6308,100,1380168,-1
47479.68419083,4,6292,100,1386189,1
47480.577390634,3,6282,100,1394182,-1
47481.516270022,5,6306,100,1379823,-1
47482.311979199,4,6305,100,1382538,-1
47483.267104241,4,6307,100,1374764,1
47484.467174992,5,6298,100,1389574,-1
47486.468879111,5,6308,100,1380168,-1
47487.540371315,1,6309,100,1379718,-1
47488.5426158,3,6309,100,1379718,-1
47489.532801421,1,6310,100,1374326,1
47491.157172591,4,6303,100,1386574,-1
47492.811697028,3,6310,100,1374326,1
47493.633434843,1,6311,100,1376887,-1
47495.210166399,3,6311,100,1376887,-1
47496.152324305,1,6312,100,1376751,-1
47497.123280992,4,6312,100,1376751,-1
47498.715913605,1,6313,100,1376621,-1
47500.414932127,5,6313,100,1376621,-1
47502.217376857,1,6314,100,1370652,1
47503.659494524,4,6314,100,1370652,1
47505.378392568,1,6315,100,1376518,-1
47508.824677807,4,6315,100,1376518,-1
47510.998513123,1,6316,100,1376949,-1
47512.137625784,4,6316,100,1376949,-1
47514.26049587,1,6317,100,1375770,1
47515.704310872,1,6318,100,1379596,-1
47517.837967047,3,6317,100,1375770,1
47519.740239051,3,6318,100,1379596,-1
47521.772229005,1,6319,100,1375170,1
47523.435024098,4,6319,100,1375170,1
47524.310878125,1,6320,100,1375314,1
47525.847768156,5,6320,100,1375314,1
47527.014657002,1,6321,100,1379064,-1
47529.123727043,3,6321,100,1379064,-1
47530.014736916,1,6322,100,1379014,-1
47531.015457601,5,6322,100,1379014,-1
47531.89152635,1,6323,100,1375687,-1
47533.608204788,5,6323,100,1375687,-1
47534.864609231,1,6324,100,1374509,-1
47538.16583287,4,6324,100,1374509,-1
47540.047894871,1,6325,100,1369320,1
47544.05178254,1,6326,100,1368243,1
47545.89647672,1,6327,100,1370154,-1
47548.062871929,1,6328,100,1365765,1
47549.208031151,1,6329,100,1368325,1
47550.832951481,1,6330,100,1374291,-1
47552.433257425,1,6331,100,1367571,1
47555.934756647,4,6325,100,1369320,1
47557.572308981,1,6332,100,1367424,1
47558.406691508,3,6330,100,1374291,-1
47559.179173268,4,6326,100,1368243,1
47560.70057044,1,6333,100,1366407,-1
47561.932904463,4,6332,100,1367424,1
47563.632040602,5,6333,100,1366407,-1
47565.524951747,1,6334,100,1362872,1
47567.071944539,1,6335,100,1366991,-1
47569.12793241,3,6331,100,1367571,1
47571.329896884,1,6336,100,1372272,-1
47573.480319101,4,6328,100,1365765,1
47575.07978038,1,6337,100,1367407,-1
47576.821192261,1,6338,100,1366983,-1
47578.366898141,3,6335,100,1366991,-1
47580.146718247,1,6339,100,1368154,-1
47581.033462917,1,6340,100,1365194,1
47582.577712105,4,6338,100,1366983,-1
47584.352786856,3,6340,100,1365194,1
47586.44339465,5,6327,100,1370154,-1
47587.621740592,1,6341,100,1363328,-1
47588.398550658,1,6342,100,1365141,-1
47590.406195221,1,6343,100,1360626,1
47591.790361749,4,6334,100,1362872,1
47593.562653147,1,6344,100,1358203,1
47595.063772474,4,6329,100,1368325,1
47598.635305162,1,6345,100,1362307,-1
47599.466442687,1,6346,100,1362381,-1
47601.020644353,4,6343,100,1360626,1
47602.904061617,1,6347,100,1360552,1
47605.063484334,1,6348,100,1358669,1
47606.190385638,5,6346,100,1362381,-1
47608.400932758,1,6349,100,1358832,1
47609.356138481,3,6342,100,1365141,-1
47612.106725217,1,6350,100,1357123,1
47615.096616927,1,6351,100,1357338,1
47615.966096416,4,6348,100,1358669,1
47617.497068977,1,6352,100,1359276,-1
47619.621536924,3,6347,100,1360552,1
47621.468274773,1,6353,100,1352717,1
47622.571195074,1,6354,100,1357342,1
47624.390999881,1,6355,100,1359686,-1
47625.294648384,4,6350,100,1357123,1
47627.147851486,1,6356,100,1356651,1
47628.403048551,1,6357,100,1352630,1
47629.898303515,1,6358,100,1356029,-1
47630.680613671,5,6349,100,1358832,1
47631.702755506,3,6339,100,1368154,-1
47633.276684467,1,6359,100,1351327,1
47635.054076301,1,6360,100,1351631,1
47636.05152728,1,6361,100,1352684,1
47637.519027488,3,6357,100,1352630,1
47638.931383247,4,6344,100,1358203,1
47640.940830817,3,6354,100,1357342,1
47643.209206565,5,6336,100,1372272,-1
47644.357054043,1,6362,100,1353862,-1
47646.370373676,1,6363,100,1357396,-1
47648.199692949,1,6364,100,1356379,1
47649.170497857,3,6362,100,1353862,-1
47650.373850231,3,6360,100,1351631,1
47651.156303331,1,6365,100,1355225,-1
47653.665248113,4,6358,100,1356029,-1
47655.186265876,1,6366,100,1352575,1
47656.952437189,3,6356,100,1356651,1
47659.057337109,5,6361,100,1352684,1
47660.252324384,3,6364,100,1356379,1
47661.190317914,3,6337,100,1367407,-1
47662.93634604,1,6367,100,1355991,-1
47664.963167497,3,6363,100,1357396,-1
47666.040134968,3,6353,100,1352717,1
47666.9750409,1,6368,100,1352483,1
47667.747013923,1,6369,100,1357848,1
47669.54799396,1,6370,100,1359990,-1
47671.13866407,1,6371,100,1354163,1
47672.849596596,1,6372,100,1359646,1
47674.752484953,4,6365,100,1355225,-1
47676.526516367,4,6367,100,1355991,-1
47678.325946069,3,6366,100,1352575,1
47679.489340482,3,6370,100,1359990,-1
47680.276988358,1,6373,100,1354726,1
47682.382098699,3,6359,100,1351327,1
47684.050528316,3,6368,100,1352483,1
47685.943819272,5,6345,100,1362307,-1
47689.800148301,4,6369,100,1357848,1
47690.744353828,1,6374,100,1361565,-1
47691.608452561,1,6375,100,1361200,-1
47693.264328491,1,6376,100,1360572,-1
47694.847023143,3,6352,100,1359276,-1
47696.494261564,1,6377,100,1361754,-1
47698.519851716,1,6378,100,1356759,1
47699.439589312,5,6372,100,1359646,1
47700.355763942,1,6379,100,1360272,1
47702.09162218,4,6376,100,1360572,-1
47704.002979722,3,6378,100,1356759,1
47704.87509303,3,6355,100,1359686,-1
47706.690967294,1,6380,100,1356105,1
47707.972821813,5,6377,100,1361754,-1
47709.483759884,1,6381,100,1354112,1
47711.645493343,1,6382,300,1360590,-1
47712.88386046,4,6379,100,1360272,1
47714.969230771,3,6381,100,1354112,1
47715.828427387,1,6383,100,1358418,-1
47719.770254457,4,6383,100,1358418,-1
47721.651950605,1,6384,100,1351391,1
47723.131979716,1,6385,100,1358530,-1
47724.127321495,1,6386,100,1360833,-1
47725.675676903,4,6351,100,1357338,1
47726.453962723,1,6387,100,1356538,1
47728.415600229,4,6387,100,1356538,1
47729.354620336,3,6384,100,1351391,1
47730.488269431,3,6371,100,1354163,1
47732.074510324,1,6388,100,1357789,-1
47733.594377742,1,6389,100,1357714,-1
47735.431990898,1,6390,100,1357733,1
47737.127506802,5,6374,100,1361565,-1
47738.444998344,5,6389,100,1357714,-1
47740.075913928,4,6390,100,1357733,1
47743.129582741,4,6380,100,1356105,1
47745.051128195,1,6391,100,1356577,-1
47746.008777049,4,6373,100,1354726,1
47747.587773609,1,6392,100,1350962,1
47749.246373242,3,6392,100,1350962,1
47751.19009684,1,6393,100,1352305,1
47753.328204612,3,6393,100,1352305,1
47755.196914184,4,6391,100,1356577,-1
47756.10144082,3,6382,300,1360590,-1
47756.846764892,1,6394,100,1357102,-1
47757.993480049,4,6341,100,1363328,-1
47758.848643048,4,6394,100,1357102,-1
47760.91464003,4,6388,100,1357789,-1
47762.216656553,1,6395,100,1353574,-1
47763.144134511,1,6396,100,1353951,-1
47763.994989816,1,6397,100,1353740,-1
47765.698490619,5,6397,100,1353740,-1
47766.486937278,4,6386,100,1360833,-1
47768.571711902,1,6398,100,1346999,1
47770.053195423,3,6385,100,1358530,-1
47770.788742168,1,6399,100,1345294,-1
47772.437695759,1,6400,100,1349948,-1
47773.496573094,1,6401,100,1352716,-1
47774.4567571,4,6399,100,1345294,-1
47775.890121431,4,6400,100,1349948,-1
47776.691532781,1,6402,100,1353665,-1
47777.678399364,3,6401,100,1352716,-1
47779.020545908,1,6403,100,1351979,1
47781.171544824,3,6375,100,1361200,-1
47782.746379306,3,6398,100,1346999,1
47784.032950898,1,6404,100,1347984,1
47785.107069693,1,6405,100,1349461,1
47786.961920796,3,6404,100,1347984,1
47788.375347057,3,6403,100,1351979,1
47789.174844122,1,6406,100,1349634,1
47790.122573079,1,6407,100,1349495,1
47791.414196656,1,6408,100,1346037,1
47792.310379516,1,6409,100,1352961,-1
47793.173392736,3,6408,100,1346037,1
47794.521705489,3,6409,100,1352961,-1
47796.534833711,3,6396,100,1353951,-1
47798.518617579,1,6410,100,1349063,1
47802.278370999,3,6406,100,1349634,1
47804.125008366,3,6405,100,1349461,1
47805.236730774,1,6411,100,1354686,1
47806.022304099,1,6412,100,1348722,1
47807.663364461,1,6413,100,1354688,-1
47808.405286335,1,6414,100,1356104,-1
47809.604208509,1,6415,100,1350999,1
47810.378742774,3,6415,100,1350999,1
47811.807249554,3,6395,100,1353574,-1
47813.602135271,5,6411,100,1354686,1
47816.554907217,1,6416,100,1360011,-1
47819.225932756,1,6417,100,1361394,1
47820.735792582,1,6418,100,1365527,-1
47822.721382441,1,6419,100,1359349,1
47824.326707981,1,6420,100,1363599,-1
47826.02406031,1,6421,100,1357350,1
47828.355606042,1,6422,100,1361331,-1
47829.431550804,3,6419,100,1359349,1
47831.550442209,3,6412,100,1348722,1
47835.24849652,3,6407,100,1349495,1
47836.693804428,4,6417,100,1361394,1
47838.615761254,3,6422,100,1361331,-1
47840.546916547,1,6423,100,1353626,1
47841.389516439,3,6421,100,1357350,1
47843.187732532,5,6423,100,1353626,1
47844.261827968,1,6424,100,1359319,-1
47844.99726279,1,6425,100,1356115,1
47846.728443834,4,6414,100,1356104,-1
47848.651218599,3,6425,100,1356115,1
47849.562427889,4,6424,100,1359319,-1
47851.42601257,3,6402,100,1353665,-1
47853.0329874,4,6416,100,1360011,-1
47854.629387511,3,6410,100,1349063,1
47856.117154298,5,6420,100,1363599,-1
47857.751726294,3,6418,100,1365527,-1
47859.226181849,4,6413,100,1354688,-1
47860.747766439,1,6426,100,1362464,-1
47861.91333238,1,6427,100,1363249,-1
47862.980153139,1,6428,100,1363765,-1
47864.837079865,1,6429,100,1365489,-1
47866.909176048,5,6428,100,1363765,-1
47868.548570256,4,6426,100,1362464,-1
47869.587343106,3,6427,100,1363249,-1
47871.223581915,1,6430,100,1363273,-1
47872.30387921,1,6431,100,1362803,-1
47873.048883233,1,6432,100,1363741,-1
47875.052984591,4,6431,100,1362803,-1
47876.457132198,3,6432,100,1363741,-1
47877.800483548,1,6433,100,1361197,-1
47880.559738265,3,6429,100,1365489,-1
47881.537601329,1,6434,100,1358503,1
47883.573422382,1,6435,100,1353436,1
47884.345952777,4,6434,100,1358503,1
47885.665109705,1,6436,100,1354504,1
47887.400441718,3,6430,100,1363273,-1
47888.21090658,1,6437,100,1356039,-1
47889.295390774,1,6438,100,1359208,1
47890.684516438,4,6438,100,1359208,1
47891.697975271,4,6437,100,1356039,-1
47893.469210026,3,6433,100,1361197,-1
47895.154717215,1,6439,100,1357457,1
47896.814557618,4,6436,100,1354504,1
47897.962712248,1,6440,100,1361262,-1
47899.646194424,4,6439,100,1357457,1
47901.624000441,3,6435,100,1353436,1
47903.381905459,3,6440,100,1361262,-1
47904.227290004,1,6441,100,1357388,1
47905.980778686,1,6442,100,1358380,1
47907.465997975,1,6443,100,1358232,1
47908.957148116,1,6444,100,1362607,-1
47909.947297913,1,6445,100,1355142,1
47911.894525108,3,6442,100,1358380,1
47913.233176848,4,6441,100,1357388,1
47914.105698477,1,6446,100,1353809,1
47916.194281208,3,6445,100,1355142,1
47917.767283969,1,6447,100,1359388,1
47919.575852099,3,6446,100,1353809,1
47921.046733921,1,6448,100,1357523,1
47921.990123513,1,6449,100,1356096,1
47923.690151917,1,6450,100,1362091,-1
47926.027203149,3,6448,100,1357523,1
47927.479501629,4,6450,100,1362091,-1
47929.627225432,3,6449,100,1356096,1
47932.674356727,1,6451,100,1365052,-1
47934.676535114,3,6443,100,1358232,1
47936.602178697,4,6451,100,1365052,-1
47938.015833444,3,6444,100,1362607,-1
47939.126541597,1,6452,100,1368875,-1
47940.034688692,1,6453,100,1371523,-1
47941.45426939,3,6452,100,1368875,-1
47943.192319896,4,6453,100,1371523,-1
47944.502178012,1,6454,100,1378507,-1
47946.178496648,3,6447,100,1359388,1
47948.298853221,3,6454,100,1378507,-1
47949.23300066,1,6455,100,1369587,1
47950.612808228,1,6456,100,1373471,-1
47952.408372404,3,6456,100,1373471,-1
47954.166358409,3,6455,100,1369587,1
47955.168229247,1,6457,100,1369121,1
47956.432349243,4,6457,100,1369121,1
47957.638348345,1,6458,100,1374096,-1
47959.635191625,1,6459,100,1370167,1
47961.383700174,3,6459,100,1370167,1
47963.11440664,3,6458,100,1374096,-1
47964.738237544,1,6460,100,1371825,1
47965.735645164,1,6461,100,1370542,1
47967.164685822,4,6461,100,1370542,1
47968.672586413,1,6462,100,1371017,-1
47970.110177124,1,6463,100,1376518,-1
47971.904488079,3,6463,100,1376518,-1
47972.803877194,1,6464,100,1375463,-1
47974.358618638,3,6460,100,1371825,1
47976.491586187,4,6464,100,1375463,-1
47978.281262949,5,6462,100,1371017,-1
47979.798394297,1,6465,100,1372016,1
47982.626664626,3,6465,100,1372016,1
47984.672819494,1,6466,100,1374774,1
47985.602820652,3,6466,100,1374774,1
47986.66564712,1,6467,100,1371141,1
47987.67314387,4,6467,100,1371141,1
47989.629570895,1,6468,100,1369880,1
47990.853184226,1,6469,100,1375566,-1
47991.69481337,3,6469,100,1375566,-1
47993.015878773,5,6468,100,1369880,1
47994.118469327,1,6470,100,1371060,-1
47996.214330105,1,6471,100,1373972,1
47998.756179626,1,6472,100,1376168,-1
48000.602585078,5,6471,100,1373972,1
48001.439411297,4,6470,100,1371060,-1
48002.676736781,3,6472,100,1376168,-1
48003.870580894,1,6473,100,1381232,-1
48004.799910263,1,6474,100,1381481,1
48006.756977614,1,6475,100,1382384,-1
48007.514920778,1,6476,100,1376442,1
48008.785191227,1,6477,100,1375553,1
48010.84957553,3,6476,100,1376442,1
48012.965025844,3,6473,100,1381232,-1
48015.540677558,3,6474,100,1381481,1
48018.328049827,3,6475,100,1382384,-1
48019.632544588,4,6477,100,1375553,1
48021.270273199,1,6478,100,1375281,1
48023.271533743,3,6478,100,1375281,1
48024.251411435,1,6479,100,1375081,1
48025.323889657,4,6479,100,1375081,1
48026.534615852,1,6480,100,1376038,-1
48029.123395905,3,6480,100,1376038,-1
48031.216805592,1,6481,100,1373914,-1
48032.978948724,5,6481,100,1373914,-1
48033.72286128,1,6482,100,1369561,1
48036.838900577,1,6483,100,1377763,-1
48038.470667046,1,6484,100,1373431,1
48040.216906033,4,6483,100,1377763,-1
48041.812574922,4,6484,100,1373431,1
48044.910759351,5,6482,100,1369561,1
48045.766176476,1,6485,100,1374958,-1
48047.516743992,1,6486,100,1373608,-1
48048.714880882,1,6487,100,1377043,-1
48050.342658085,1,6488,100,1373574,1
48051.422639378,3,6486,100,1373608,-1
48052.877900842,3,6488,100,1373574,1
48053.678301315,1,6489,100,1375504,-1
48057.180959294,3,6485,100,1374958,-1
48059.044921062,5,6487,100,1377043,-1
48061.507356957,3,6489,100,1375504,-1
48062.294948312,1,6490,100,1379700,-1
48063.498919469,5,6490,100,1379700,-1
48064.429638952,1,6491,100,1377292,1
48066.159718884,1,6492,100,1379998,-1
48068.053330435,3,6492,100,1379998,-1
48068.986851839,4,6491,100,1377292,1
48069.9900663,1,6493,100,1378021,-1
48071.964712006,3,6493,100,1378021,-1
48073.056565408,1,6494,100,1374496,1
48073.806806457,1,6495,100,1379167,-1
48074.70830426,4,6494,100,1374496,1
48076.104988693,1,6496,100,1376636,-1
48077.161116668,4,6495,100,1379167,-1
48078.743311876,3,6496,100,1376636,-1
48079.811467157,1,6497,100,1372938,-1
48082.427430146,3,6497,100,1372938,-1
48084.016746215,1,6498,100,1367828,1
48086.193317415,1,6499,100,1370095,-1
48087.672479911,4,6498,100,1367828,1
48089.714592019,1,6500,100,1364744,1
48091.900460255,4,6499,100,1370095,-1
48093.410366935,4,6500,100,1364744,1
48094.582445029,1,6501,100,1368482,1
48096.606302685,5,6501,100,1368482,1
48097.585592458,1,6502,100,1373209,-1
48098.714502379,1,6503,100,1370874,-1
48100.074478928,3,6503,100,1370874,-1
48100.963103048,1,6504,100,1371505,1
48102.59196078,3,6504,100,1371505,1
48104.435689008,4,6502,100,1373209,-1
48106.041664553,1,6505,100,1368815,-1
48107.402001476,1,6506,100,1365411,1
48108.925685675,1,6507,100,1365687,1
48110.511239986,1,6508,100,1367329,-1
48111.54051796,5,6508,100,1367329,-1
48113.061390709,5,6507,100,1365687,1
48115.02596566,3,6506,100,1365411,1
48116.804070193,3,6505,100,1368815,-1
48118.657721347,1,6509,100,1364914,1
48121.232650604,1,6510,100,1370783,-1
48122.207120914,1,6511,100,1366494,1
48123.303730974,1,6512,100,1363873,1
48125.318867878,4,6511,100,1366494,1
48126.5268948,1,6513,100,1360944,1
48127.55136226,1,6514,100,1366459,-1
48128.433485351,1,6515,100,1365836,-1
48129.595842193,3,6510,100,1370783,-1
48131.239639895,4,6509,100,1364914,1
48132.489177682,3,6513,100,1360944,1
48134.166368628,5,6512,100,1363873,1
48134.95055186,4,6514,100,1366459,-1
48135.76480611,3,6515,100,1365836,-1
48137.255505333,1,6516,100,1358873,1
48139.050554668,1,6517,100,1363913,-1
48141.498459927,5,6517,100,1363913,-1
48142.599932591,1,6518,100,1363672,-1
48145.307235202,3,6516,100,1358873,1
48147.151443012,1,6519,100,1365421,-1
48148.038309581,3,6519,100,1365421,-1
48148.99401275,4,6518,100,1363672,-1
48149.814739793,1,6520,100,1361054,1
48151.630057212,1,6521,100,1366814,-1
48153.68473365,3,6520,100,1361054,1
48154.61783158,3,6521,100,1366814,-1
48156.302615917,1,6522,100,1363974,1
48157.115532278,3,6522,100,1363974,1
48159.060741501,1,6523,100,1365397,1
48160.076267713,4,6523,100,1365397,1
48161.894336716,1,6524,100,1368219,-1
48163.132573948,3,6524,100,1368219,-1
48165.123022111,1,6525,100,1365000,1
48166.39088139,1,6526,100,1363931,1
48168.468735509,4,6526,100,1363931,1
48169.999484621,1,6527,100,1367732,-1
48171.934255539,4,6525,100,1365000,1
48173.427553197,1,6528,100,1362975,1
48175.358510179,4,6527,100,1367732,-1
48176.35141432,1,6529,100,1367502,-1
48179.042755936,1,6530,100,1373358,-1
48181.058001559,5,6530,100,1373358,-1
48184.420540884,3,6529,100,1367502,-1
48185.892207911,1,6531,100,1372624,-1
48187.696051751,1,6532,100,1371226,-1
48188.547868014,1,6533,100,1366622,1
48190.63339917,1,6534,100,1371883,-1
48191.592514755,1,6535,100,1367800,1
48192.40272203,3,6531,100,1372624,-1
48193.956469536,1,6536,100,1370348,1
48194.867777874,4,6534,100,1371883,-1
48197.586151828,1,6537,100,1372959,1
48199.289726757,3,6535,100,1367800,1
48200.045095264,1,6538,100,1372653,1
48201.955005948,1,6539,100,1377334,1
48203.763489984,4,6539,100,1377334,1
48206.315143569,3,6537,100,1372959,1
48207.287335544,3,6538,100,1372653,1
48208.890767047,1,6540,100,1377679,1
48210.4326007,3,6533,100,1366622,1
48211.903564765,1,6541,100,1376059,-1
48212.904234525,4,6540,100,1377679,1
48214.477346651,1,6542,100,1372028,-1
48216.283128527,1,6543,100,1370790,-1
48219.056121449,3,6528,100,1362975,1
48220.921377046,1,6544,100,1370070,-1
48224.728178851,1,6545,100,1373467,-1
48226.549535458,3,6542,100,1372028,-1
48229.113425017,3,6545,100,1373467,-1
48230.234186948,4,6541,100,1376059,-1
48231.714329607,4,6544,100,1370070,-1
48232.808649069,1,6546,100,1369293,1
48234.811314961,5,6546,100,1369293,1
48237.621915775,3,6532,100,1371226,-1
48241.07207224,1,6547,100,1378171,-1
48241.927083206,4,6543,100,1370790,-1
48243.768758086,3,6536,100,1370348,1
48245.164708489,1,6548,100,1379108,-1
48248.771660681,4,6547,100,1378171,-1
48249.832771217,1,6549,100,1375716,1
48251.17300637,3,6548,100,1379108,-1
48253.090513825,3,6549,100,1375716,1
48253.890851133,1,6550,100,1377090,-1
48255.635157433,1,6551,100,1376866,-1
48256.942686084,3,6550,100,1377090,-1
48257.972065796,1,6552,100,1377535,-1
48259.978525612,1,6553,100,1377263,1
48260.712571264,1,6554,100,1380627,-1
48261.571790722,3,6554,100,1380627,-1
48263.656363376,1,6555,100,1376469,1
48267.03530826,3,6552,100,1377535,-1
48268.13828567,4,6551,100,1376866,-1
48268.981070233,1,6556,100,1377314,1
48270.772764722,4,6556,100,1377314,1
48271.519731232,1,6557,100,1372255,1
48273.097648665,1,6558,100,1378512,1
48277.104274308,1,6559,100,1382623,-1
48278.049313285,1,6560,100,1381115,1
48279.450946864,1,6561,100,1384423,-1
48281.829917132,1,6562,100,1377706,1
48282.67750781,4,6560,100,1381115,1
48284.106267396,4,6559,100,1382623,-1
48286.008531582,3,6562,100,1377706,1
48286.749980654,1,6563,100,1383424,-1
48288.012485902,1,6564,100,1382503,-1
48288.803808286,4,6564,100,1382503,-1
48290.374932729,3,6561,100,1384423,-1
48293.424516176,5,6563,100,1383424,-1
48295.075623455,3,6553,100,1377263,1
48295.891864181,1,6565,100,1380116,-1
48296.77849657,3,6555,100,1376469,1
48298.526891151,4,6558,100,1378512,1
48301.625649822,1,6566,100,1373360,1
48303.213612382,1,6567,100,1375261,-1
48304.680963227,1,6568,100,1373396,-1
48306.663859798,4,6566,100,1373360,1
48308.58419285,5,6568,100,1373396,-1
48313.263282018,4,6557,100,1372255,1
48314.010184603,1,6569,100,1368700,-1
48314.983165252,1,6570,100,1372078,-1
48316.100120872,3,6567,100,1375261,-1
48316.840671008,3,6569,100,1368700,-1
48317.736185699,1,6571,100,1367938,1
48318.637695533,5,6565,100,1380116,-1
48320.187230122,4,6570,100,1372078,-1
48323.442261135,5,6571,100,1367938,1
48324.513459721,1,6572,100,1371498,1
48325.658621182,3,6572,100,1371498,1
48327.155936839,1,6573,100,1371222,1
48328.00353057,4,6573,100,1371222,1
48329.6771857,1,6574,100,1375776,1
48330.767861171,4,6574,100,1375776,1
48332.65285984,1,6575,100,1375366,-1
48333.699456701,1,6576,100,1374824,1
48335.075624068,4,6576,100,1374824,1
48336.116574971,4,6575,100,1375366,-1
48337.373561703,1,6577,100,1381281,-1
48339.337138516,1,6578,100,1375142,1
48340.391840158,1,6579,100,1376986,1
48343.190445301,3,6577,100,1381281,-1
48344.898978534,1,6580,100,1377925,1
48346.818379706,1,6581,100,1384768,-1
48349.256790175,1,6582,100,1376243,1
48350.618391594,1,6583,100,1377091,1
48353.671268643,1,6584,100,1378892,-1
48354.515685658,1,6585,100,1377821,-1
48355.959256239,3,6584,100,1378892,-1
48356.671248649,1,6586,100,1375056,1
48357.545949339,1,6587,100,1373803,1
48359.185807492,4,6586,100,1375056,1
48360.939124204,5,6581,100,1384768,-1
48362.224691482,3,6585,100,1377821,-1
48362.955086322,3,6583,100,1377091,1
48363.912936063,1,6588,100,1381090,-1
48365.151105035,1,6589,100,1377372,-1
48366.490366109,1,6590,100,1374938,1
48368.317961723,4,6589,100,1377372,-1
48369.116803517,4,6588,100,1381090,-1
48370.553354886,1,6591,100,1375108,1
48372.369141142,3,6578,100,1375142,1
48373.947249935,1,6592,100,1378226,-1
48378.190208604,5,6592,100,1378226,-1
48379.349842361,3,6579,100,1376986,1
48380.462323866,1,6593,100,1377048,1
48381.273095777,3,6580,100,1377925,1
48382.485831286,1,6594,100,1379693,-1
48384.357519561,1,6595,100,1381628,1
48385.32770912,1,6596,100,1379828,-1
48387.38085574,1,6597,100,1382017,1
48388.482347886,1,6598,100,1381296,1
48389.551647922,1,6599,100,1377830,1
48391.110958865,4,6597,100,1382017,1
48392.235501027,3,6587,100,1373803,1
48393.505166841,1,6600,100,1383541,-1
48394.429267884,3,6598,100,1381296,1
48396.191382675,5,6593,100,1377048,1
48397.307724762,4,6594,100,1379693,-1
48398.586944441,3,6595,100,1381628,1
48400.311181339,3,6600,100,1383541,-1
48401.300813639,4,6596,100,1379828,-1
48403.185077078,3,6590,100,1374938,1
48404.096450086,3,6582,100,1376243,1
48405.606666566,1,6601,100,1385674,-1
48408.640229943,4,6601,100,1385674,-1
48409.727955822,5,6599,100,1377830,1
48413.123949264,1,6602,100,1381299,1
48414.21484715,4,6602,100,1381299,1
48415.999160336,3,6591,100,1375108,1
48416.826657812,1,6603,100,1386569,-1
48417.706110277,1,6604,100,1383549,-1
48419.222134353,3,6604,100,1383549,-1
48420.462735217,4,6603,100,1386569,-1
48421.453926697,1,6605,100,1391662,-1
48423.376894953,3,6605,100,1391662,-1
48424.694040703,1,6606,100,1388812,1
48425.908676746,3,6606,100,1388812,1
48427.225221301,1,6607,100,1392899,-1
48428.328099692,4,6607,100,1392899,-1
48429.335211556,1,6608,100,1393519,-1
48430.72381072,4,6608,100,1393519,-1
48431.910811395,1,6609,100,1390260,1
48433.712882093,1,6610,100,1397248,-1
48434.7544055,3,6609,100,1390260,1
48436.665086897,5,6610,100,1397248,-1
48438.578126618,1,6611,100,1391271,-1
48440.15959104,3,6611,100,1391271,-1
48441.530396833,1,6612,100,1390253,-1
48443.454917125,4,6612,100,1390253,-1
48445.495942112,1,6613,100,1386974,1
48447.460730522,1,6614,100,1387308,1
48448.399420134,4,6614,100,1387308,1
48449.389991765,3,6613,100,1386974,1
48451.076627152,1,6615,100,1391498,-1
48451.804491145,4,6615,100,1391498,-1
48452.505302361,1,6616,100,1386841,-1
48454.562427896,3,6616,100,1386841,-1
48456.420479452,1,6617,100,1383804,1
48457.397118766,1,6618,100,1387001,1
48460.890256282,1,6619,100,1390118,-1
48462.842975045,4,6618,100,1387001,1
48464.175974159,1,6620,100,1386598,-1
48466.243972411,3,6617,100,1383804,1
48468.733488711,1,6621,100,1383062,1
48469.931014241,1,6622,100,1382731,1
48470.667048867,3,6619,100,1390118,-1
48472.094828284,5,6622,100,1382731,1
48473.652237569,1,6623,100,1388585,-1
48475.865918512,3,6623,100,1388585,-1
48477.353273686,5,6620,100,1386598,-1
48478.43173719,3,6621,100,1383062,1
48480.153963217,1,6624,100,1386764,-1
48482.238881001,3,6624,100,1386764,-1
48484.129991475,1,6625,100,1386036,1
48484.836877698,1,6626,100,1392719,-1
48486.74671745,3,6626,100,1392719,-1
48488.604835298,1,6627,100,1392941,-1
48489.680871526,3,6627,100,1392941,-1
48491.659151016,1,6628,100,1389988,1
48493.47393402,4,6628,100,1389988,1
48494.85255902,1,6629,100,1389946,-1
48496.457211151,5,6629,100,1389946,-1
48499.048812152,3,6625,100,1386036,1
48499.943226979,1,6630,100,1386389,1
48502.605510736,1,6631,100,1384837,-1
48504.108230657,1,6632,100,1388288,-1
48504.929683368,3,6632,100,1388288,-1
48506.691332906,1,6633,100,1382542,1
48508.30560536,1,6634,100,1382527,1
48510.224134999,1,6635,100,1381769,1
48511.128845442,1,6636,100,1382462,1
48512.206745333,4,6631,100,1384837,-1
48513.834967862,1,6637,100,1382205,1
48514.653699891,3,6633,100,1382542,1
48515.433441315,4,6630,100,1386389,1
48517.393285937,4,6637,100,1382205,1
48518.176551061,3,6635,100,1381769,1
48519.745235309,4,6636,100,1382462,1
48521.784544405,1,6638,100,1379074,1
48523.027954526,1,6639,100,1381019,1
48524.439189501,4,6634,100,1382527,1
48525.218310952,3,6638,100,1379074,1
48527.290415644,1,6640,100,1382535,1
48528.821795825,1,6641,100,1384238,1
48530.361915718,1,6642,100,1389913,-1
48531.978390004,5,6641,100,1384238,1
48533.956892157,4,6642,100,1389913,-1
48534.730520971,1,6643,100,1386000,1
48535.54892683,3,6639,100,1381019,1
48538.256824727,5,6643,100,1386000,1
48541.230298104,1,6644,100,1387133,-1
48543.200622688,3,6640,100,1382535,1
48543.910554676,1,6645,100,1380606,1
48545.216936534,1,6646,100,1378492,1
48546.180483557,1,6647,100,1385389,-1
48546.95834937,1,6648,100,1383631,1
48549.037616853,4,6648,100,1383631,1
48550.572186547,3,6647,100,1385389,-1
48552.494569465,4,6644,100,1387133,-1
48553.825008053,3,6645,100,1380606,1
48555.895747894,1,6649,100,1383636,1
48557.665497068,3,6646,100,1378492,1
48559.263824015,3,6649,100,1383636,1
48560.987386823,1,6650,100,1381179,1
48562.430313675,3,6650,100,1381179,1
48563.977598374,1,6651,100,1387606,-1
48564.705048758,4,6651,100,1387606,-1
48566.425872218,1,6652,100,1389275,-1
48568.110290399,4,6652,100,1389275,-1
48569.433458815,1,6653,100,1386288,1
48570.504039106,1,6654,100,1392081,-1
48571.618290562,1,6655,100,1391510,-1
48572.709156169,4,6654,100,1392081,-1
48573.94431654,5,6653,100,1386288,1
48575.474099158,3,6655,100,1391510,-1
48576.953838594,1,6656,100,1391601,-1
48579.735874733,5,6656,100,1391601,-1
48580.686396225,1,6657,100,1389020,1
48582.623925159,1,6658,100,1388673,1
48584.003832245,1,6659,100,1394700,-1
48585.631012307,3,6657,100,1389020,1
48587.204043945,5,6658,100,1388673,1
48588.818656264,3,6659,100,1394700,-1
48590.081253876,1,6660,100,1388848,-1
48590.835883007,1,6661,100,1385630,-1
48592.89757007,1,6662,100,1387771,1
48594.723925187,5,6662,100,1387771,1
48595.589856787,1,6663,100,1386241,1
48596.873443334,4,6663,100,1386241,1
48598.409122147,4,6661,100,1385630,-1
48599.224679481,3,6660,100,1388848,-1
48600.10061729,1,6664,100,1387540,-1
48601.217385027,3,6664,100,1387540,-1
48602.953022128,1,6665,100,1388773,-1
48604.025638096,4,6665,100,1388773,-1
48605.371667533,1,6666,100,1391961,-1
48606.623336006,1,6667,100,1391423,-1
48607.946522772,3,6667,100,1391423,-1
48609.956704194,1,6668,100,1389468,1
48611.901665915,1,6669,100,1397231,-1
48613.029693794,4,6666,100,1391961,-1
48616.326542107,5,6668,100,1389468,1
48619.190245617,1,6670,100,1395870,1
48620.25818319,1,6671,100,1396168,1
48621.783478416,3,6670,100,1395870,1
48622.711588565,1,6672,100,1397572,1
48623.801501814,4,6671,100,1396168,1
48625.09848659,1,6673,100,1394012,1
48626.571416615,3,6673,100,1394012,1
48627.305623364,1,6674,100,1392753,-1
48632.260268975,4,6674,100,1392753,-1
48633.515527734,4,6672,100,1397572,1
48635.047013714,1,6675,100,1394008,-1
48636.376518317,1,6676,100,1393447,1
48637.347971895,1,6677,100,1389394,1
48639.168734201,3,6669,100,1397231,-1
48640.366218294,3,6675,100,1394008,-1
48641.844103917,5,6676,100,1393447,1
48642.674636473,1,6678,100,1381465,1
48644.574442185,1,6679,100,1384127,1
48645.551543272,5,6679,100,1384127,1
48646.843060877,4,6677,100,1389394,1
48647.532883771,1,6680,100,1387230,1
48650.235644355,1,6681,100,1391380,-1
48652.25613795,1,6682,100,1391286,-1
48653.224828585,5,6682,100,1391286,-1
48655.073407015,1,6683,100,1395839,-1
48657.955909273,3,6683,100,1395839,-1
48659.401934986,4,6681,100,1391380,-1
48660.979087624,5,6680,100,1387230,1
48662.416009673,1,6684,100,1388337,1
48663.818763226,1,6685,100,1390500,-1
48666.858520957,3,6684,100,1388337,1
48668.500532808,4,6678,100,1381465,1
48669.749840994,3,6685,100,1390500,-1
48671.099877484,1,6686,100,1383488,1
48673.859339113,3,6686,100,1383488,1
48674.863774484,1,6687,100,1384122,1
48676.369975789,4,6687,100,1384122,1
48677.425415177,1,6688,100,1384055,1
48678.861235643,4,6688,100,1384055,1
48680.242601754,1,6689,100,1386831,-1
48681.15542063,1,6690,100,1383209,1
48682.153216489,1,6691,100,1385105,-1
48683.410892883,3,6691,100,1385105,-1
48684.908286675,1,6692,100,1393047,-1
48685.715803202,3,6690,100,1383209,1
48687.735533987,3,6689,100,1386831,-1
48689.75231149,3,6692,100,1393047,-1
48691.392536035,1,6693,100,1388143,1
48692.357622046,3,6693,100,1388143,1
48693.370582377,1,6694,100,1394289,-1
48694.348751046,3,6694,100,1394289,-1
48695.371922404,1,6695,100,1389316,1
48696.537583881,5,6695,100,1389316,1
48697.964361709,1,6696,100,1393678,-1
48699.22220297,1,6697,100,1395099,1
48701.271194174,1,6698,100,1394418,-1
48702.549294952,5,6698,100,1394418,-1
48703.24076266,1,6699,100,1390227,1
48704.120628013,1,6700,100,1395297,-1
48707.182108326,5,6699,100,1390227,1
48711.478495001,1,6701,100,1387304,1
48713.522973472,1,6702,100,1389078,1
48714.238426121,3,6696,100,1393678,-1
48715.218843631,1,6703,100,1392757,1
48717.990397307,3,6703,100,1392757,1
48718.993661761,1,6704,100,1391727,1
48720.640958346,4,6704,100,1391727,1
48722.351395226,1,6705,100,1393009,1
48723.822275,5,6702,100,1389078,1
48725.143900122,3,6700,100,1395297,-1
48727.076800933,4,6697,100,1395099,1
48728.678603768,5,6701,100,1387304,1
48729.466914429,3,6705,100,1393009,1
48731.345022428,1,6706,100,1392187,1
48733.24367074,1,6707,100,1391946,1
48734.052601714,4,6707,100,1391946,1
48735.01195166,1,6708,100,1390979,-1
48737.732062323,1,6709,100,1393988,-1
48739.136791063,1,6710,100,1393601,1
48740.349554177,1,6711,100,1396212,-1
48741.862428781,4,6711,100,1396212,-1
48743.186414308,3,6709,100,1393988,-1
48744.477907979,3,6706,100,1392187,1
48746.449491283,3,6708,100,1390979,-1
48747.804781504,1,6712,100,1392646,1
48748.55297839,1,6713,100,1390756,1
48752.017256064,4,6710,100,1393601,1
48753.509126615,5,6713,100,1390756,1
48754.386990413,1,6714,100,1393469,-1
48755.53576135,1,6715,100,1391548,-1
48757.572962372,3,6712,100,1392646,1
48758.429909183,3,6714,100,1393469,-1
48759.50951457,3,6715,100,1391548,-1
48760.432534879,1,6716,100,1388092,1
48761.938276223,4,6716,100,1388092,1
48762.908207065,1,6717,100,1388981,1
48764.659980661,3,6717,100,1388981,1
48765.774637948,1,6718,100,1388023,1
48768.742842335,3,6718,100,1388023,1
48770.780543017,1,6719,100,1388015,-1
48771.726876876,4,6719,100,1388015,-1
48772.571503212,1,6720,100,1387271,1
48774.004399867,1,6721,100,1391838,1
48774.739258361,3,6721,100,1391838,1
48776.734657161,1,6722,100,1386224,1
48778.414007004,5,6720,100,1387271,1
48779.463367291,3,6722,100,1386224,1
48781.395892083,1,6723,100,1389453,1
48783.035078849,1,6724,100,1390134,1
48783.989420198,3,6724,100,1390134,1
48785.720162683,4,6723,100,1389453,1
48786.519405914,1,6725,100,1391845,-1
48787.910081182,1,6726,100,1394339,-1
48789.312584803,1,6727,100,1394966,-1
48792.166351592,1,6728,100,1395168,-1
48795.23513335,3,6728,100,1395168,-1
48797.179294521,4,6725,100,1391845,-1
48798.424504693,1,6729,100,1394486,-1
48800.217136551,1,6730,100,1389132,1
48801.725687474,4,6730,100,1389132,1
48802.754358301,1,6731,100,1396090,-1
48804.023666755,4,6726,100,1394339,-1
48804.903874725,3,6731,100,1396090,-1
48805.816194807,4,6729,100,1394486,-1
48809.116869793,4,6727,100,1394966,-1
48810.937960667,1,6732,100,1395601,1
48812.962519941,3,6732,100,1395601,1
48814.929271252,1,6733,100,1400549,-1
48815.743708112,1,6734,100,1395233,1
48817.730401017,4,6733,100,1400549,-1
48818.972050364,1,6735,100,1396810,1
48819.866592423,3,6735,100,1396810,1
48821.013371435,1,6736,100,1394037,1
48822.146226851,3,6736,100,1394037,1
48823.204770205,1,6737,100,1398820,-1
48824.681061544,4,6734,100,1395233,1
48827.114953882,5,6737,100,1398820,-1
48827.916673213,1,6738,100,1394409,-1
48829.539977068,3,6738,100,1394409,-1
48830.239893175,1,6739,100,1393494,-1
48831.437044598,1,6740,100,1390352,1
48832.644352737,4,6739,100,1393494,-1
48833.779179772,1,6741,100,1395280,-1
48837.164332466,4,6741,100,1395280,-1
48838.661304758,5,6740,100,1390352,1
48839.811012177,1,6742,100,1392966,-1
48840.776959323,1,6743,100,1390030,1
48842.410694878,3,6742,100,1392966,-1
48844.393764958,3,6743,100,1390030,1
48845.543165946,1,6744,100,1393696,-1
48846.531209489,1,6745,100,1391773,1
48847.464446509,3,6745,100,1391773,1
48848.784945736,3,6744,100,1393696,-1
48849.981165021,1,6746,100,1394507,-1
48850.830903788,3,6746,100,1394507,-1
48852.51810054,1,6747,100,1393132,1
48853.415307647,3,6747,100,1393132,1
48854.215502832,1,6748,100,1392378,1
48855.607670225,1,6749,100,1396315,-1
48856.314162906,5,6749,100,1396315,-1
48858.080952575,3,6748,100,1392378,1
48858.763937356,1,6750,100,1394488,-1
48860.76248346,5,6750,100,1394488,-1
48861.664942854,1,6751,100,1392339,1
48862.391533091,1,6752,100,1397194,-1
48863.132848479,4,6751,100,1392339,1
48864.078901798,1,6753,100,1393386,1
48865.597491377,3,6752,100,1397194,-1
48866.62360238,4,6753,100,1393386,1
48868.495049494,1,6754,100,1396651,-1
48869.792136906,5,6754,100,1396651,-1
48871.048119499,1,6755,100,1395527,1
48872.649223924,4,6755,100,1395527,1
48873.680421881,1,6756,100,1401163,-1
48874.846342794,4,6756,100,1401163,-1
48875.691216976,1,6757,100,1399094,1
48876.798730845,1,6758,100,1396033,1
48878.776391355,3,6758,100,1396033,1
48879.721259962,5,6757,100,1399094,1
48880.832060201,1,6759,100,1401358,-1
48881.8605645,1,6760,100,1403879,-1
48882.701144978,4,6760,100,1403879,-1
48883.664379497,3,6759,100,1401358,-1
48884.384755655,1,6761,100,1393229,1
48885.955006775,4,6761,100,1393229,1
48886.826403272,1,6762,100,1394389,1
48888.821458296,3,6762,100,1394389,1
48890.71186597,1,6763,100,1395649,1
48892.915853181,1,6764,100,1396420,1
48894.696370271,1,6765,100,1396344,1
48895.993046728,3,6764,100,1396420,1
48899.209905226,3,6765,100,1396344,1
48901.18495424,1,6766,100,1392194,-1
48902.678518417,3,6763,100,1395649,1
48903.907489089,1,6767,100,1393048,1
48906.026159042,5,6766,100,1392194,-1
48908.209193924,1,6768,100,1389738,1
48909.009217238,3,6767,100,1393048,1
48909.894956654,1,6769,100,1393491,1
48911.028889519,4,6768,100,1389738,1
48912.554705422,4,6769,100,1393491,1
48913.928343212,1,6770,100,1390731,-1
48915.244027649,3,6770,100,1390731,-1
48916.153883699,1,6771,100,1390143,1
48918.021835005,4,6771,100,1390143,1
48919.537790287,1,6772,100,1386138,1
48920.339790391,1,6773,100,1389951,1
48921.092826876,5,6772,100,1386138,1
48921.951988194,1,6774,100,1390457,-1
48923.451233187,1,6775,100,1390314,-1
48924.701376928,3,6773,100,1389951,1
48925.638567659,4,6775,100,1390314,-1
48927.024468196,4,6774,100,1390457,-1
48928.00682257,1,6776,100,1388368,-1
48929.877512499,1,6777,100,1390190,-1
48932.41354741,3,6777,100,1390190,-1
48934.300202306,1,6778,100,1389673,1
48936.283490403,3,6778,100,1389673,1
48937.921981142,3,6776,100,1388368,-1
48939.031856061,1,6779,100,1387286,-1
48941.926820015,3,6779,100,1387286,-1
48942.729806403,1,6780,100,1386650,1
48944.201376592,3,6780,100,1386650,1
48945.895777898,1,6781,100,1390027,-1
48947.266560125,3,6781,100,1390027,-1
48948.44767966,1,6782,100,1386123,1
48949.859653926,1,6783,100,1386551,1
48952.205605011,3,6783,100,1386551,1
48953.268001775,1,6784,100,1384398,1
48956.397359478,1,6785,100,1378577,1
48957.600207199,3,6782,100,1386123,1
48958.534557857,1,6786,100,1381390,1
48959.635941195,3,6786,100,1381390,1
48962.960565654,4,6784,100,1384398,1
48964.947473105,1,6787,100,1382338,1
48966.815742672,1,6788,100,1387934,-1
48968.59950974,1,6789,100,1383013,1
48970.292313004,1,6790,100,1387772,-1
48971.117451,1,6791,100,1387198,1
48971.999545626,1,6792,100,1385279,1
48973.990549805,1,6793,100,1385445,1
48975.61008885,1,6794,100,1390666,-1
48977.548154899,4,6791,100,1387198,1
48978.729741288,1,6795,100,1385099,1
48980.690385256,1,6796,100,1387630,1
48981.434494114,3,6796,100,1387630,1
48983.700201651,3,6794,100,1390666,-1
48986.483578549,3,6787,100,1382338,1
48988.399430212,1,6797,100,1387630,1
48989.201105036,3,6795,100,1385099,1
48989.938822607,1,6798,100,1391855,-1
48993.217939728,1,6799,100,1387579,1
48994.302585582,3,6793,100,1385445,1
48995.529861878,3,6798,100,1391855,-1
48997.240281469,5,6792,100,1385279,1
48998.018283325,1,6800,100,1388325,1
48999.250768154,3,6788,100,1387934,-1
49000.093903205,5,6800,100,1388325,1
49001.005449733,1,6801,100,1388522,1
49001.853878078,5,6797,100,1387630,1
49003.437601317,1,6802,100,1390474,-1
49004.174917654,1,6803,100,1388348,-1
49005.916319568,3,6790,100,1387772,-1
49007.370559273,4,6799,100,1387579,1
49009.001494893,1,6804,100,1380434,1
49010.624472672,4,6801,100,1388522,1
49011.801950228,3,6803,100,1388348,-1
49012.988538068,4,6785,100,1378577,1
49014.511712155,1,6805,100,1388290,-1
49016.497475422,1,6806,100,1384125,1
49017.496630528,1,6807,100,1385296,1
49018.910343838,4,6807,100,1385296,1
49020.590820583,3,6805,100,1388290,-1
49021.787458984,3,6804,100,1380434,1
49022.969875983,4,6806,100,1384125,1
49024.401425476,1,6808,100,1381368,1
49025.674882077,1,6809,100,1384595,-1
49027.412542266,3,6808,100,1381368,1
49029.139414612,3,6809,100,1384595,-1
49030.813609705,4,6789,100,1383013,1
49031.643665343,1,6810,100,1383385,1
49032.326387964,1,6811,100,1385449,-1
49033.037473302,4,6811,100,1385449,-1
49034.331961954,4,6802,100,1390474,-1
49035.711195644,1,6812,100,1389127,-1
49039.115031694,4,6812,100,1389127,-1
49042.161153989,1,6813,100,1393901,-1
49043.479067119,4,6813,100,1393901,-1
49044.358691306,3,6810,100,1383385,1
49046.019161935,1,6814,100,1391369,-1
49047.567392514,1,6815,100,1393568,-1
49050.276368412,1,6816,100,1393772,-1
49051.393630153,1,6817,100,1383510,1
49052.401239699,1,6818,100,1389955,-1
49054.18542366,1,6819,100,1389148,-1
49055.055232517,5,6815,100,1393568,-1
49056.834183145,1,6820,100,1391320,-1
49058.369407566,3,6816,100,1393772,-1
49060.337933956,3,6818,100,1389955,-1
49061.311813051,1,6821,100,1393496,-1
49062.14159842,3,6817,100,1383510,1
49063.257154457,5,6819,100,1389148,-1
49064.426438814,5,6821,100,1393496,-1
49065.143319914,4,6820,100,1391320,-1
49066.919107615,5,6814,100,1391369,-1
49067.889209509,1,6822,100,1398469,1
49069.362789854,1,6823,100,1398151,1
49070.246532933,3,6823,100,1398151,1
49071.875217913,1,6824,100,1401361,1
49074.422481988,3,6822,100,1398469,1
49075.584699504,4,6824,100,1401361,1
49076.250638143,1,6825,100,1395279,-1
49077.656692435,5,6825,100,1395279,-1
49079.268150009,1,6826,100,1395618,1
49080.772227216,4,6826,100,1395618,1
49081.742631773,1,6827,100,1394364,1
49083.17993275,1,6828,100,1394398,1
49083.947493452,5,6828,100,1394398,1
49085.256288259,1,6829,100,1398450,1
49087.126104024,4,6829,100,1398450,1
49087.832531518,1,6830,100,1394175,1
49089.254019788,4,6827,100,1394364,1
49090.46313909,3,6830,100,1394175,1
49091.375060499,1,6831,100,1397603,-1
49092.466799479,3,6831,100,1397603,-1
49093.975150818,1,6832,100,1400049,-1
49095.014564448,1,6833,100,1398278,1
49095.772225073,1,6834,100,1402951,-1
49097.552067343,3,6833,100,1398278,1
49098.76987216,5,6834,100,1402951,-1
49100.486226953,3,6832,100,1400049,-1
49101.742599419,1,6835,100,1396519,1
49104.42085219,3,6835,100,1396519,1
49105.402098187,1,6836,100,1400205,1
49106.464981043,1,6837,100,1404952,-1
49108.365549889,1,6838,100,1399897,1
49109.618041152,3,6838,100,1399897,1
49110.495024252,5,6837,100,1404952,-1
49111.271190565,5,6836,100,1400205,1
49112.168269688,1,6839,100,1400527,1
49112.896390494,3,6839,100,1400527,1
49114.502253944,1,6840,100,1403995,-1
49115.961972993,3,6840,100,1403995,-1
49116.800417772,1,6841,100,1405254,-1
49117.848043076,4,6841,100,1405254,-1
49119.672007541,1,6842,100,1406086,-1
49120.529939396,1,6843,100,1403053,-1
49121.193817451,1,6844,100,1408051,-1
49123.758733235,1,6845,100,1406013,-1
49126.613387951,1,6846,100,1407232,-1
49128.353352719,1,6847,100,1402584,1
49130.320077726,3,6843,100,1403053,-1
49131.207162298,3,6846,100,1407232,-1
49132.543885035,1,6848,100,1407903,1
49133.656018316,1,6849,100,1403627,1
49135.231537977,3,6848,100,1407903,1
49136.507454509,3,6847,100,1402584,1
49137.868297282,3,6842,100,1406086,-1
49139.500523897,1,6850,100,1402410,-1
49141.966608107,1,6851,100,1405742,-1
49144.846696213,1,6852,100,1408791,1
49146.524684132,1,6853,100,1409303,1
49148.089310069,3,6845,100,1406013,-1
49148.904126202,3,6852,100,1408791,1
49149.755074524,1,6854,100,1404497,1
49151.715900897,3,6844,100,1408051,-1
49153.680117805,5,6854,100,1404497,1
49154.963955326,1,6855,100,1410179,1
49155.979849066,4,6851,100,1405742,-1
49156.961434813,5,6849,100,1403627,1
49158.372391349,3,6853,100,1409303,1
49159.056363975,1,6856,100,1412750,-1
49159.994787661,3,6850,100,1402410,-1
49161.380990978,1,6857,100,1414309,1
49163.191349739,1,6858,100,1420446,-1
49163.900805449,3,6855,100,1410179,1
49164.604655412,4,6856,100,1412750,-1
49166.048186727,4,6857,100,1414309,1
49168.518813964,1,6859,100,1409640,1
49169.70603688,4,6859,100,1409640,1
49170.755020398,3,6858,100,1420446,-1
49172.529034206,1,6860,100,1412609,-1
49173.636949455,1,6861,100,1415982,-1
49174.815338877,1,6862,100,1411870,-1
49176.329277643,1,6863,100,1417353,-1
49177.381235392,3,6861,100,1415982,-1
49178.898900049,1,6864,100,1415036,-1
49180.304087764,3,6860,100,1412609,-1
49181.54934014,1,6865,100,1416070,-1
49183.052626676,3,6864,100,1415036,-1
49184.815516171,3,6863,100,1417353,-1
49185.878719684,4,6862,100,1411870,-1
49187.29154549,1,6866,100,1416070,-1
49189.176744465,3,6866,100,1416070,-1
49190.568928612,1,6867,100,1417963,-1
49191.994480793,1,6868,100,1412774,1
49193.265317986,1,6869,100,1411793,1
49194.51796848,3,6867,100,1417963,-1
49195.378856017,4,6865,100,1416070,-1
49196.592223725,1,6870,100,1416950,-1
49198.395333346,4,6868,100,1412774,1
49199.212370224,3,6870,100,1416950,-1
49203.788157495,1,6871,100,1419329,-1
49205.721151652,1,6872,100,1420909,-1
49206.576914869,3,6869,100,1411793,1
49207.883175424,1,6873,100,1415198,-1
49210.356383646,1,6874,100,1418037,-1
49211.204442424,1,6875,100,1418663,-1
49212.720894417,5,6874,100,1418037,-1
49213.83604819,3,6875,100,1418663,-1
49215.217865622,4,6873,100,1415198,-1
49216.943908669,3,6872,100,1420909,-1
49217.759840723,1,6876,100,1417643,-1
49218.479260205,5,6876,100,1417643,-1
49221.828406647,3,6871,100,1419329,-1
49223.438769186,1,6877,100,1417165,-1
49226.131860756,3,6877,100,1417165,-1
49227.449646738,1,6878,100,1415861,-1
49228.501532822,4,6878,100,1415861,-1
49230.245565346,1,6879,100,1415997,-1
49233.223904566,1,6880,100,1409721,1
49234.89600792,1,6881,100,1414366,-1
49236.51472988,1,6882,100,1409917,1
49238.182791209,1,6883,100,1407801,1
49240.064186089,1,6884,100,1412294,1
49241.740004531,5,6883,100,1407801,1
49242.705009418,4,6884,100,1412294,1
49244.30369511,1,6885,100,1411099,-1
49245.937711904,1,6886,100,1411081,-1
49247.162764051,1,6887,100,1405846,1
49248.498678195,3,6880,100,1409721,1
49250.24252876,1,6888,100,1411838,-1
49251.489584846,4,6882,100,1409917,1
49252.2753947,1,6889,100,1409358,-1
49253.14235198,4,6887,100,1405846,1
49253.939380575,4,6879,100,1415997,-1
49254.900208414,1,6890,100,1402420,1
49255.634005279,1,6891,100,1404236,1
49257.302741177,1,6892,100,1403812,1
49258.746782671,3,6889,100,1409358,-1
49259.924522649,1,6893,100,1403566,1
49261.867975422,5,6888,100,1411838,-1
49263.675924519,1,6894,100,1398872,1
49265.188950245,1,6895,100,1401515,1
49265.864436712,1,6896,100,1408853,-1
49267.018525382,1,6897,100,1408172,-1
49268.292775363,3,6892,100,1403812,1
49269.276848144,3,6894,100,1398872,1
49271.772848076,5,6897,100,1408172,-1
49273.508485317,1,6898,100,1413324,-1
49274.88943953,4,6885,100,1411099,-1
49276.821118612,1,6899,100,1412601,-1
49278.466435937,1,6900,100,1409022,-1
49279.522715334,3,6898,100,1413324,-1
49280.804390302,1,6901,100,1406626,1
49282.640870204,3,6893,100,1403566,1
49284.321843244,4,6891,100,1404236,1
49285.199891369,1,6902,100,1401680,-1
49286.536686666,3,6899,100,1412601,-1
49287.551793929,5,6890,100,1402420,1
49291.545998434,1,6903,100,1406153,1
49293.149669608,3,6900,100,1409022,-1
49294.147171858,4,6901,100,1406626,1
49295.093936941,1,6904,100,1406830,-1
49296.219170211,3,6886,100,1411081,-1
49297.676326226,3,6904,100,1406830,-1
49298.666726879,1,6905,100,1405499,1
49300.233395876,5,6903,100,1406153,1
49301.44550845,1,6906,100,1404757,1
49302.875290699,3,6905,100,1405499,1
49304.298424403,3,6902,100,1401680,-1
49305.646598331,1,6907,100,1404483,-1
49308.30664255,1,6908,100,1400324,1
49310.113409215,1,6909,100,1405689,-1
49310.881969261,3,6908,100,1400324,1
49312.699891769,1,6910,100,1400382,-1
49313.396858767,4,6906,100,1404757,1
49314.369478005,5,6909,100,1405689,-1
49315.617659943,1,6911,100,1402507,1
49317.095922524,5,6895,100,1401515,1
49318.966658805,1,6912,100,1404063,-1
49320.48054623,1,6913,100,1404339,-1
49322.284826263,5,6911,100,1402507,1
49324.048891053,3,6913,100,1404339,-1
49325.570258191,3,6896,100,1408853,-1
49327.255474595,1,6914,100,1398053,1
49328.896473411,3,6910,100,1400382,-1
49330.370318692,1,6915,100,1398597,-1
49333.521237402,1,6916,100,1402578,-1
49334.287413593,3,6914,100,1398053,1
49336.22183301,4,6915,100,1398597,-1
49337.872903329,3,6916,100,1402578,-1
49339.66325245,1,6917,100,1398586,-1
49341.380677339,4,6917,100,1398586,-1
49342.406675703,1,6918,100,1404925,-1
49344.294018104,3,6912,100,1404063,-1
49345.244739717,4,6881,100,1414366,-1
49346.817083145,1,6919,100,1401939,-1
49348.01604212,5,6919,100,1401939,-1
49348.726417208,3,6918,100,1404925,-1
49350.181285175,1,6920,100,1397187,1
49351.819110318,1,6921,100,1402664,-1
49352.555936335,5,6921,100,1402664,-1
49353.612739174,3,6920,100,1397187,1
49356.581067601,4,6907,100,1404483,-1
49358.352194895,1,6922,100,1398280,1
49360.701203814,1,6923,100,1396482,1
49361.460141502,1,6924,100,1397639,1
49362.840585813,3,6924,100,1397639,1
49363.799998997,3,6923,100,1396482,1
49365.426712002,3,6922,100,1398280,1
49366.086455704,1,6925,100,1399910,1
49368.345645123,1,6926,100,1402377,-1
49369.531482072,1,6927,100,1399995,-1
49370.569262966,4,6925,100,1399910,1
49372.118499292,3,6927,100,1399995,-1
49373.57990847,4,6926,100,1402377,-1
49374.479381687,1,6928,100,1398724,1
49376.089095373,5,6928,100,1398724,1
49376.938200813,1,6929,100,1398133,1
49378.384851529,3,6929,100,1398133,1
49379.286935596,1,6930,100,1399687,1
49380.18861848,1,6931,100,1398436,1
49381.51120766,1,6932,100,1405066,-1
49382.503466844,1,6933,100,1400882,1
49384.670076549,1,6934,100,1397546,1
49387.644639797,4,6933,100,1400882,1
49388.334709352,3,6931,100,1398436,1
49389.573576581,4,6930,100,1399687,1
49390.995204691,1,6935,100,1400209,-1
49394.020237007,5,6935,100,1400209,-1
49395.418627199,1,6936,100,1398573,-1
49396.213136192,1,6937,100,1397010,-1
49398.975094588,5,6934,100,1397546,1
49399.653955892,1,6938,100,1399062,-1
49400.417889951,4,6937,100,1397010,-1
49402.25987627,1,6939,100,1401039,-1
49402.92323202,1,6940,100,1399118,1
49403.854017191,1,6941,100,1401150,-1
49405.43308442,3,6939,100,1401039,-1
49406.513465062,1,6942,100,1402291,-1
49407.30688906,3,6941,100,1401150,-1
49408.668671986,1,6943,100,1393930,1
49409.669124191,3,6938,100,1399062,-1
49411.482477802,1,6944,100,1398167,-1
49412.293729043,3,6942,100,1402291,-1
49415.020610242,1,6945,100,1398457,-1
49415.877156407,1,6946,100,1396473,1
49416.714831812,1,6947,100,1396743,1
49418.229140396,1,6948,100,1393898,1
49419.268594702,4,6947,100,1396743,1
49420.544244532,1,6949,100,1393125,1
49421.99807387,5,6945,100,1398457,-1
49423.640197401,1,6950,100,1393335,1
49426.901295549,3,6943,100,1393930,1
49427.878564429,1,6951,100,1387126,1
49428.633769,4,6946,100,1396473,1
49429.379493163,4,6950,100,1393335,1
49430.724062857,1,6952,100,1387004,1
49432.315345011,1,6953,100,1386968,1
49433.149266454,5,6948,100,1393898,1
49434.297081525,1,6954,100,1395074,-1
49435.739368087,1,6955,100,1387582,1
49436.580077005,3,6952,100,1387004,1
49438.320424447,1,6956,100,1392799,-1
49439.715815337,3,6949,100,1393125,1
49441.26265856,1,6957,100,1391631,-1
49443.084239877,1,6958,100,1392563,-1
49443.901664737,3,6953,100,1386968,1
49444.709025435,4,6940,100,1399118,1
49446.026417935,1,6959,100,1389986,1
49446.704524037,3,6958,100,1392563,-1
49447.998303583,1,6960,100,1389524,-1
49448.712478241,1,6961,100,1393108,-1
49450.340256377,3,6955,100,1387582,1
49451.837041835,1,6962,100,1385812,1
49453.46890075,1,6963,100,1384660,1
49456.85099939,1,6964,100,1385133,1
49458.026721319,3,6962,100,1385812,1
49458.686844461,1,6965,100,1382386,1
49459.547501789,3,6964,100,1385133,1
49460.487721111,3,6957,100,1391631,-1
49461.490420827,3,6944,100,1398167,-1
49463.235198553,1,6966,100,1386557,-1
49464.835201776,4,6951,100,1387126,1
49466.390146717,1,6967,100,1387315,-1
49467.871561355,3,6956,100,1392799,-1
49468.855208319,3,6932,100,1405066,-1
49469.861314947,5,6966,100,1386557,-1
49470.853746499,3,6936,100,1398573,-1
49471.768230622,1,6968,100,1382528,1
49472.46971603,1,6969,100,1380310,1
49473.726176639,1,6970,100,1385976,-1
49474.529434716,1,6971,100,1384005,-1
49475.290186105,4,6963,100,1384660,1
49476.890890392,1,6972,100,1380754,1
49477.620135373,4,6968,100,1382528,1
49478.879132466,4,6959,100,1389986,1
49480.491210072,1,6973,100,1379071,1
49481.969042919,1,6974,100,1383250,-1
49483.455967891,3,6954,100,1395074,-1
49484.527688861,1,6975,100,1382188,-1
49485.476758572,1,6976,100,1380246,1
49487.057110075,4,6969,100,1380310,1
49488.651079673,5,6965,100,1382386,1
49489.312299835,3,6975,100,1382188,-1
49490.233686853,3,6973,100,1379071,1
49491.001124109,4,6976,100,1380246,1
49491.983832318,5,6967,100,1387315,-1
49492.773389097,1,6977,100,1379415,-1
49493.49045983,4,6972,100,1380754,1
49495.045194182,3,6961,100,1393108,-1
49496.251338913,4,6974,100,1383250,-1
49496.898963882,1,6978,100,1374671,-1
49498.456261801,3,6960,100,1389524,-1
49499.780488991,1,6979,100,1378185,-1
49501.200697399,1,6980,100,1377322,1
49503.01209168,1,6981,100,1372430,1
49504.150414763,1,6982,100,1371782,1
49509.026996056,1,6983,100,1377276,-1
49510.186774622,3,6971,100,1384005,-1
49511.216321537,1,6984,100,1368879,1
49512.315173374,1,6985,100,1370509,-1
49514.481637519,1,6986,100,1379058,-1
49516.868880249,1,6987,100,1375250,1
49518.045190636,3,6987,100,1375250,1
49518.776718559,3,6981,100,1372430,1
49519.883767293,1,6988,100,1382418,-1
49521.330246148,1,6989,100,1376165,1
49522.953028805,4,6989,100,1376165,1
49524.584568712,3,6978,100,1374671,-1
49526.062032243,4,6977,100,1379415,-1
49527.293754082,1,6990,100,1381020,-1
49528.822008391,3,6988,100,1382418,-1
49529.65635721,1,6991,100,1378006,1
49531.217486247,3,6984,100,1368879,1
49533.065382556,4,6980,100,1377322,1
49534.324500431,1,6992,100,1374538,1
49535.279307565,4,6992,100,1374538,1
49536.280718298,1,6993,100,1370486,1
49537.220628753,4,6985,100,1370509,-1
49539.037547999,1,6994,100,1374899,1
49539.916578391,5,6994,100,1374899,1
49541.602511301,3,6970,100,1385976,-1
49542.250873912,1,6995,100,1373022,1
49543.337825658,1,6996,100,1374993,1
49544.568768351,3,6979,100,1378185,-1
49547.414598346,1,6997,100,1377217,-1
49548.995157913,3,6997,100,1377217,-1
49550.249540997,1,6998,100,1375906,1
49552.025567546,1,6999,100,1374631,1
49553.623783556,1,7000,100,1375770,1
49554.897614733,3,6996,100,1374993,1
49555.555168557,1,7001,100,1378327,-1
49557.010435364,1,7002,100,1379264,1
49557.935424526,3,6983,100,1377276,-1
49559.276355308,1,7003,100,1377366,1
49560.03947476,1,7004,100,1382339,-1
49560.763075026,1,7005,100,1378116,1
49561.478089446,3,6990,100,1381020,-1
49562.283039523,1,7006,200,1375184,1
49563.376409608,3,6998,100,1375906,1
49564.576592901,1,7007,100,1380406,-1
49566.166436758,3,6991,100,1378006,1
49567.601294688,1,7008,100,1375749,1
49569.355344035,1,7009,100,1372528,1
49570.712342649,3,7000,100,1375770,1
49572.146687594,4,6999,100,1374631,1
49573.066589694,3,6995,100,1373022,1
49573.713454261,1,7010,100,1373942,1
49575.368227902,1,7011,100,1371533,1
49577.148041884,1,7012,100,1371547,1
49578.785511075,1,7013,100,1374126,-1
49580.621810315,4,7008,100,1375749,1
49581.64828503,1,7014,100,1375878,-1
49582.798459537,4,7012,100,1371547,1
49583.634850127,1,7015,100,1374504,-1
49586.673706431,3,7006,200,1375184,1
49588.067291278,1,7016,100,1371780,1
49589.172597865,4,7009,100,1372528,1
49590.985260345,3,7003,100,1377366,1
49591.903192791,4,7013,100,1374126,-1
49593.316004779,1,7017,100,1375632,-1
49594.071312789,3,6986,100,1379058,-1
49595.666740827,1,7018,100,1372050,-1
49597.204093234,3,7005,100,1378116,1
49597.887385823,1,7019,100,1373201,1
49599.638104239,1,7020,100,1367564,1
49601.335332434,1,7021,100,1370688,1
49603.21762068,1,7022,100,1369345,1
49604.096729893,3,7007,100,1380406,-1
49605.710947727,3,6993,100,1370486,1
49607.551371223,3,7015,100,1374504,-1
49608.592787144,3,7018,100,1372050,-1
49610.423596919,3,7001,100,1378327,-1
49612.104836025,1,7023,100,1367587,1
49616.817166052,3,7002,100,1379264,1
49619.41540865,1,7024,100,1374396,1
49620.645068429,1,7025,100,1378873,-1
49622.008178756,1,7026,100,1375797,-1
49623.745016314,3,7004,100,1382339,-1
49624.791072115,3,7020,100,1367564,1
49626.20648824,5,7010,100,1373942,1
49627.347706207,3,7024,100,1374396,1
49628.683943376,1,7027,100,1371317,1
49631.451317789,1,7028,100,1370134,1
49632.852767264,4,6982,100,1371782,1
49634.061326847,4,7011,100,1371533,1
49634.805607898,3,7017,100,1375632,-1
49636.677498605,5,7022,100,1369345,1
49637.867100649,5,7025,100,1378873,-1
49639.691342502,3,7023,100,1367587,1
49640.951283125,5,7027,100,1371317,1
49642.049154275,4,7026,100,1375797,-1
49642.85163393,3,7019,100,1373201,1
49644.48451547,1,7029,100,1373675,1
49645.532861942,5,7021,100,1370688,1
49646.766117971,3,7029,100,1373675,1
49648.371471861,1,7030,100,1377641,-1
49649.227532454,3,7014,100,1375878,-1
49651.049339238,4,7030,100,1377641,-1
49652.919826212,1,7031,100,1371194,1
49653.979233859,1,7032,100,1374232,-1
49655.421151329,4,7031,100,1371194,1
49656.474243768,1,7033,100,1372563,-1
49657.317781712,1,7034,100,1378096,-1
49658.810283193,3,7032,100,1374232,-1
49660.261485068,3,7016,100,1371780,1
49661.312494581,1,7035,100,1371251,1
49662.278810486,3,7034,100,1378096,-1
49663.002146919,3,7033,100,1372563,-1
49664.424617063,1,7036,100,1377116,-1
49665.788081416,1,7037,100,1378444,1
49668.841175188,1,7038,100,1380461,-1
49669.47492995,1,7039,100,1380032,-1
49671.061017882,1,7040,200,1381235,-1
49672.90466857,1,7041,100,1380424,-1
49673.84308832,1,7042,100,1376712,1
49674.981270758,1,7043,100,1376308,-1
49676.11816301,3,7041,100,1380424,-1
49677.822389336,1,7044,100,1380922,-1
49679.287460297,4,7038,100,1380461,-1
49680.115027739,1,7045,100,1380961,-1
49681.361229416,1,7046,100,1376292,-1
49682.465361402,2,7040,100,1381235,-1
49683.730186935,1,7047,100,1378683,-1
49684.87004157,4,7045,100,1380961,-1
49686.419762118,1,7048,100,1375860,1
49688.097975515,3,7028,100,1370134,1
49689.487753051,1,7049,100,1376222,1
49691.106507777,5,7044,100,1380922,-1
49693.178324398,3,7049,100,1376222,1
49694.225333416,1,7050,100,1376006,1
49695.938197759,1,7051,100,1372215,1
49697.157408849,4,7046,100,1376292,-1
49697.932036193,1,7052,100,1373182,1
49699.635917702,1,7053,100,1377427,-1
49700.691494745,3,7042,100,1376712,1
49701.410298363,3,7043,100,1376308,-1
49702.568786504,1,7054,100,1377465,-1
49703.566111512,5,7051,100,1372215,1
49705.185961367,1,7055,100,1369372,1
49707.01842036,4,7055,100,1369372,1
49707.89320034,1,7056,100,1370315,1
49710.159585166,1,7057,100,1375620,-1
49712.817738341,1,7058,100,1371454,-1
49713.57538944,3,7037,100,1378444,1
49714.51269233,1,7059,100,1373112,1
49715.630104286,3,7059,100,1373112,1
49716.407776256,3,7035,100,1371251,1
49719.312137811,1,7060,100,1374232,-1
49720.13542463,1,7061,100,1371260,1
49721.644149031,1,7062,100,1375197,-1
49723.294958204,1,7063,100,1366884,1
49723.918184361,1,7064,100,1368646,1
49724.926048436,1,7065,100,1365018,1
49726.129574182,1,7066,100,1367003,1
49727.738551108,1,7067,100,1378211,-1
49728.480352775,3,7053,100,1377427,-1
49729.794765506,1,7068,100,1369582,1
49731.180200731,1,7069,100,1373988,-1
49732.200194339,5,7036,100,1377116,-1
49733.84527421,1,7070,100,1368022,1
49734.617296153,1,7071,100,1365349,1
49735.856227737,5,7048,100,1375860,1
49737.29064776,1,7072,100,1365894,1
49738.689008693,5,7068,100,1369582,1
49739.38189425,5,7064,100,1368646,1
49740.62807183,5,7063,100,1366884,1
49743.615030859,1,7073,100,1366621,1
49745.140628433,1,7074,100,1361515,1
49746.298853759,1,7075,100,1367936,-1
49747.407220238,4,7075,100,1367936,-1
49748.864528934,1,7076,100,1362875,1
49751.338487543,3,7054,100,1377465,-1
49751.96929641,1,7077,100,1368300,-1
49753.640228196,5,7060,100,1374232,-1
49755.483242998,3,7076,100,1362875,1
49757.196763903,3,7067,100,1378211,-1
49758.710328908,5,7057,100,1375620,-1
49759.385305298,1,7078,100,1360181,1
49760.914439126,1,7079,100,1359020,1
49762.195880379,1,7080,100,1365017,-1
49763.020208783,3,7050,100,1376006,1
49764.250972398,3,7073,100,1366621,1
49765.076886057,3,7072,100,1365894,1
49766.226469352,1,7081,100,1364432,1
49767.916092477,1,7082,100,1364708,1
49768.827715733,4,7080,100,1365017,-1
49770.515759376,5,7069,100,1373988,-1
49771.533311672,1,7083,100,1369741,-1
49772.383160011,4,7065,100,1365018,1
49773.591972108,4,7077,100,1368300,-1
49774.402488153,1,7084,100,1363327,1
49776.581810878,1,7085,100,1364656,-1
49777.671447129,1,7086,100,1364291,1
49779.467411854,1,7087,100,1366394,-1
49782.156681413,5,7078,100,1360181,1
49783.499705667,5,7062,100,1375197,-1
49784.68722131,3,7052,100,1373182,1
49785.778082519,3,7087,100,1366394,-1
49787.058511914,1,7088,100,1367690,1
49787.73573758,1,7089,100,1362835,-1
49788.952303512,4,7071,100,1365349,1
49790.532355116,5,7058,100,1371454,-1
49791.475628349,3,7083,100,1369741,-1
49792.602757736,1,7090,100,1363376,1
49793.323879196,5,7086,100,1364291,1
49794.415373927,3,7039,100,1380032,-1
49795.154710747,4,7066,100,1367003,1
49796.513884837,1,7091,100,1371194,-1
49797.180985386,1,7092,100,1366394,1
49798.814308887,3,7081,100,1364432,1
49800.692066645,4,7070,100,1368022,1
49802.357368382,1,7093,100,1370155,-1
49803.458984073,1,7094,100,1368123,1
49804.147242865,3,7047,100,1378683,-1
49806.905352567,1,7095,100,1368683,1
49807.600304306,1,7096,100,1368777,1
49808.340535464,4,7085,100,1364656,-1
49809.252605405,3,7096,100,1368777,1
49810.429754107,3,7090,100,1363376,1
49811.966734138,4,7095,100,1368683,1
49812.646888931,3,7089,100,1362835,-1
49813.475124468,5,7040,100,1381235,-1
49815.53031501,3,7082,100,1364708,1
49817.044009042,5,7091,100,1371194,-1
49817.916642667,1,7097,100,1368399,1
49819.667340321,5,7079,100,1359020,1
49821.413975142,1,7098,100,1367474,1
49822.496426141,3,7098,100,1367474,1
49824.198624797,3,7088,100,1367690,1
49825.473944245,3,7093,100,1370155,-1
49827.249551309,3,7097,100,1368399,1
49828.006941295,4,7061,100,1371260,1
49829.815443138,1,7099,100,1371908,1
49831.974254278,3,7099,100,1371908,1
49833.572669033,3,7074,100,1361515,1
49835.834373376,1,7100,200,1372996,-1
49838.03612897,4,7100,100,1372996,-1
49839.78921305,1,7101,100,1369191,1
49840.522261231,3,7092,100,1366394,1
49841.145900796,1,7102,100,1374046,-1
49842.638721444,1,7103,100,1375069,-1
49843.534034903,3,7102,100,1374046,-1
49844.966502718,3,7103,100,1375069,-1
49846.471744017,3,7084,100,1363327,1
49848.177112368,1,7104,100,1371259,1
49849.353265894,3,7100,100,1372996,-1
49850.286537327,1,7105,100,1368158,1
49851.76088746,1,7106,100,1371482,1
49853.171854622,3,7105,100,1368158,1
49854.317391888,4,7101,100,1369191,1
49855.200604863,1,7107,100,1369878,1
49856.711604952,1,7108,100,1373685,-1
49858.032945602,5,7056,100,1370315,1
49859.850111907,1,7109,100,1375377,-1
49861.245541285,3,7106,100,1371482,1
49861.85755617,3,7104,100,1371259,1
49862.489396277,1,7110,100,1369335,1
49863.264506424,1,7111,100,1374714,1
49865.096441028,4,7111,100,1374714,1
49867.852496433,1,7112,100,1375504,-1
49869.657926426,1,7113,100,1374685,1
49872.274016652,3,7108,100,1373685,-1
49873.703091457,1,7114,100,1375075,-1
49876.285136761,5,7113,100,1374685,1
49877.926404625,1,7115,100,1372935,-1
49879.504657327,1,7116,100,1376286,-1
49881.282697395,3,7116,100,1376286,-1
49882.953502465,1,7117,100,1375073,-1
49884.131446528,1,7118,100,1374925,-1
49885.035894828,3,7117,100,1375073,-1
49885.772730689,3,7115,100,1372935,-1
49887.411352428,4,7107,100,1369878,1
49889.10687317,1,7119,100,1369315,1
49890.699815305,5,7112,100,1375504,-1
49891.376780766,5,7109,100,1375377,-1
49892.207321556,1,7120,100,1370545,-1
49893.326114545,1,7121,100,1370877,1
49894.520900667,3,7114,100,1375075,-1
49895.298188248,1,7122,100,1375273,1
49896.423949019,5,7120,100,1370545,-1
49897.807723451,3,7119,100,1369315,1
49899.284350611,3,7094,100,1368123,1
49900.779926843,3,7121,100,1370877,1
49901.441205017,1,7123,100,1376115,-1
49903.826012548,3,7122,100,1375273,1
49904.97046066,1,7124,100,1368690,1
49906.222032419,1,7125,100,1373740,-1
49908.442259196,1,7126,100,1370967,1
49910.421055937,3,7124,100,1368690,1
49912.639731503,5,7125,100,1373740,-1
49914.646846109,1,7127,100,1371594,-1
49916.339222092,5,7127,100,1371594,-1
49918.149565089,3,7123,100,1376115,-1
49918.758022692,1,7128,100,1363547,1
49919.387204966,1,7129,100,1364253,1
49920.964206021,3,7118,100,1374925,-1
49921.802890854,1,7130,100,1365488,1
49924.98591254,1,7131,100,1365984,-1
49926.18631302,5,7110,100,1369335,1
49926.844090118,3,7129,100,1364253,1
49927.642241178,3,7131,100,1365984,-1
49928.369564357,1,7132,100,1373038,-1
49929.16328269,4,7126,100,1370967,1
49930.731039128,3,7128,100,1363547,1
49932.448540757,3,7132,100,1373038,-1
49933.251722463,4,7130,100,1365488,1
49934.469012333,1,7133,100,1365475,-1
49935.93893835,4,7133,100,1365475,-1
49937.09908817,1,7134,100,1365784,-1
49938.46352992,3,7134,100,1365784,-1
49940.061653638,1,7135,100,1365525,-1
49940.762797865,1,7136,100,1366491,-1
49941.751252952,3,7135,100,1365525,-1
49942.467297378,3,7136,100,1366491,-1
49943.600157469,1,7137,100,1361844,1
49944.795356263,1,7138,100,1365838,-1
49945.851486663,1,7139,100,1362996,1
49947.21301546,3,7138,100,1365838,-1
49948.486972865,1,7140,100,1362697,-1
49949.908400532,3,7139,100,1362996,1
49952.591026119,4,7140,100,1362697,-1
49953.732862147,1,7141,100,1361767,-1
49955.050678664,1,7142,100,1358997,1
49955.731289637,4,7137,100,1361844,1
49956.494952522,4,7142,100,1358997,1
49957.727930934,3,7141,100,1361767,-1
49959.474641925,1,7143,100,1359420,1
49960.548118205,4,7143,100,1359420,1
49961.724780115,1,7144,100,1360174,1
49962.832323244,3,7144,100,1360174,1
49964.269278062,1,7145,100,1363215,-1
49965.647258112,4,7145,100,1363215,-1
49966.875358241,1,7146,100,1363438,-1
49967.723637598,5,7146,100,1363438,-1
49969.394907055,1,7147,100,1364724,-1
49970.429782339,5,7147,100,1364724,-1
49971.476300776,1,7148,100,1367974,-1
49973.012516465,1,7149,100,1364174,-1
49973.847839705,1,7150,100,1363694,-1
49975.119956623,3,7150,100,1363694,-1
49976.667669651,5,7149,100,1364174,-1
49977.907908566,3,7148,100,1367974,-1
49979.682422912,1,7151,100,1362535,1
49981.034937212,1,7152,100,1364633,-1
49981.814861294,3,7151,100,1362535,1
49983.501608449,3,7152,100,1364633,-1
49985.249311616,1,7153,100,1363981,-1
49986.814200338,1,7154,100,1359518,-1
49989.629371077,1,7155,100,1360925,1
49990.668291364,4,7154,100,1359518,-1
49992.737685965,4,7155,100,1360925,1
49993.637635663,1,7156,100,1358747,-1
49994.770126628,1,7157,100,1361797,1
49995.961403865,1,7158,100,1356601,1
49996.810069056,3,7153,100,1363981,-1
49997.504152988,1,7159,100,1358324,1
49998.972270579,1,7160,100,1358379,-1
50000.603370878,3,7156,100,1358747,-1
50001.629051427,1,7161,100,1357475,1
50002.556676201,1,7162,100,1361044,1
50003.673963909,1,7163,100,1354760,1
50004.477721761,3,7161,100,1357475,1
50006.007921864,1,7164,100,1355389,1
50007.151664942,1,7165,100,1360250,-1
50008.420988999,1,7166,100,1355392,1
50009.327530493,1,7167,100,1353730,1
50010.781489215,1,7168,100,1352996,1
50011.988845092,1,7169,100,1350793,1
50013.44503615,1,7170,100,1349196,1
50014.356736733,1,7171,100,1349977,-1
50017.014236635,3,7157,100,1361797,1
50018.543899516,3,7159,100,1358324,1
50019.343190067,5,7166,100,1355392,1
50020.536157775,3,7171,100,1349977,-1
50021.237900999,1,7172,100,1350545,-1
50022.426173021,3,7162,100,1361044,1
50023.49380016,3,7164,100,1355389,1
50024.398494273,1,7173,100,1354318,-1
50025.439815927,3,7160,100,1358379,-1
50026.973441098,1,7174,100,1350535,1
50028.646650677,4,7167,100,1353730,1
50029.355917195,3,7169,100,1350793,1
50030.407387684,1,7175,100,1346123,1
50031.600506458,4,7168,100,1352996,1
50033.351864985,4,7163,100,1354760,1
50034.061472594,1,7176,100,1351807,-1
50035.237086929,1,7177,100,1352864,-1
50036.646818164,1,7178,100,1349051,1
50037.756565753,5,7172,100,1350545,-1
50039.338925772,1,7179,100,1355652,-1
50040.843538828,1,7180,100,1354923,-1
50041.941045307,1,7181,100,1353345,-1
50043.843392439,1,7182,100,1349232,1
50045.235660256,3,7176,100,1351807,-1
50046.473370619,3,7179,100,1355652,-1
50048.206777692,1,7183,100,1351673,-1
50048.965072355,1,7184,100,1353785,-1
50050.654497619,1,7185,100,1351735,-1
50052.286544016,1,7186,100,1354804,-1
50053.760628167,1,7187,100,1349917,1
50054.491931606,3,7187,100,1349917,1
50056.000000287,4,7177,100,1352864,-1
50056.624697004,3,7182,100,1349232,1
50058.317297166,4,7173,100,1354318,-1
50061.199768256,3,7165,100,1360250,-1
50062.16588538,3,7180,100,1354923,-1
50063.634876567,1,7188,100,1354835,1
50064.830078611,1,7189,100,1352402,-1
50066.065407071,5,7170,100,1349196,1
50067.06969289,3,7183,100,1351673,-1
50068.025674417,4,7158,100,1356601,1
50069.007403714,3,7188,100,1354835,1
50070.414243428,4,7186,100,1354804,-1
50071.42369584,1,7190,100,1358236,-1
50072.192198247,1,7191,100,1351256,1
50073.111728125,1,7192,100,1356043,-1
50073.791670771,1,7193,100,1351201,1
50075.406527185,1,7194,100,1358651,-1
50076.357628998,5,7184,100,1353785,-1
50077.112117667,5,7189,100,1352402,-1
50078.509727404,1,7195,100,1350160,1
50079.960615761,3,7195,100,1350160,1
50081.353899509,1,7196,100,1351127,1
50082.540735186,5,7181,100,1353345,-1
50086.619619286,3,7192,100,1356043,-1
50087.661787701,4,7196,100,1351127,1
50088.421739449,4,7178,100,1349051,1
50089.180560686,1,7197,100,1351133,1
50090.210623071,1,7198,100,1348631,1
50090.8484231,5,7198,100,1348631,1
50091.74486879,1,7199,100,1349737,1
50092.439228411,4,7174,100,1350535,1
50093.609726162,4,7191,100,1351256,1
50094.780741276,4,7199,100,1349737,1
50095.821157428,1,7200,100,1348272,1
50097.607060184,1,7201,100,1350364,-1
50099.198194566,1,7202,100,1352384,1
50100.919914173,1,7203,100,1350713,1
50102.702740415,4,7202,100,1352384,1
50104.386746421,1,7204,100,1356601,-1
50105.931757752,3,7203,100,1350713,1
50107.465649898,4,7201,100,1350364,-1
50108.409554496,3,7194,100,1358651,-1
50110.083330837,1,7205,100,1358417,-1
50111.746935292,3,7193,100,1351201,1
50113.156358044,5,7185,100,1351735,-1
50114.411961385,1,7206,100,1355628,1
50116.157953619,1,7207,100,1358698,-1
50117.103380583,1,7208,100,1360020,-1
50118.558529594,1,7209,100,1359632,-1
50121.277422446,1,7210,100,1357008,-1
50122.667509411,1,7211,100,1358423,1
50124.236062178,1,7212,100,1363219,-1
50124.837284745,1,7213,100,1359256,1
50125.870984767,3,7213,100,1359256,1
50127.395637121,1,7214,100,1357554,1
50128.504551053,1,7215,100,1356709,1
50130.081492689,1,7216,100,1360129,-1
50131.787792097,3,7216,100,1360129,-1
50133.458768637,1,7217,100,1353831,1
50134.539278577,1,7218,100,1356904,-1
50136.526349205,1,7219,100,1354692,1
50137.348367953,3,7214,100,1357554,1
50138.709358364,3,7210,100,1357008,-1
50139.391328274,5,7217,100,1353831,1
50140.664899069,3,7200,100,1348272,1
50141.553067397,4,7218,100,1356904,-1
50142.965789688,1,7220,100,1363487,-1
50144.606568563,1,7221,100,1366103,-1
50145.717456798,1,7222,100,1364505,-1
50147.04281962,1,7223,100,1358410,1
50147.811868433,1,7224,100,1363071,-1
50149.293153045,1,7225,100,1358607,1
50150.389159376,4,7205,100,1358417,-1
50151.087681585,3,7212,100,1363219,-1
50151.825295723,1,7226,100,1368633,1
50153.587455399,5,7197,100,1351133,1
50154.455685841,1,7227,100,1364282,1
50155.738740456,5,7226,100,1368633,1
50156.514085887,1,7228,100,1370151,1
50157.60480639,1,7229,100,1368790,-1
50158.678971105,4,7229,100,1368790,-1
50159.41131687,3,7219,100,1354692,1
50160.295989711,1,7230,100,1366325,1
50161.042984349,1,7231,100,1367861,-1
50162.433594756,1,7232,100,1364822,1
50163.057270745,3,7223,100,1358410,1
50163.653019395,3,7227,100,1364282,1
50164.442669489,1,7233,100,1361480,1
50165.404517254,1,7234,100,1361569,1
50167.284724681,1,7235,100,1369355,-1
50167.91606821,1,7236,100,1369279,1
50169.096211131,3,7204,100,1356601,-1
50170.130477511,3,7233,100,1361480,1
50171.858720575,4,7208,100,1360020,-1
50174.224670707,1,7237,100,1371558,1
50175.892417278,3,7220,100,1363487,-1
50176.617373925,1,7238,100,1375697,-1
50177.83027053,4,7224,100,1363071,-1
50179.95203625,1,7239,100,1374428,-1
50181.628572808,1,7240,100,1371185,-1
50182.269654059,4,7190,100,1358236,-1
50183.580042511,4,7240,100,1371185,-1
50184.895853111,1,7241,100,1374514,-1
50186.412583115,4,7209,100,1359632,-1
50188.717508156,1,7242,100,1370055,1
50189.937718879,1,7243,100,1374198,-1
50191.263783547,1,7244,100,1371380,-1
50192.053073976,3,7237,100,1371558,1
50192.903005594,5,7244,100,1371380,-1
50193.777215119,4,7207,100,1358698,-1
50194.841424716,1,7245,100,1376284,-1
50196.493561507,1,7246,100,1376312,-1
50197.241267282,1,7247,100,1373429,1
50198.052241323,4,7235,100,1369355,-1
50198.877110724,3,7238,100,1375697,-1
50200.533818785,1,7248,100,1377688,-1
50201.76391835,1,7249,100,1371702,-1
50203.230123462,3,7175,100,1346123,1
50203.944109074,3,7232,100,1364822,1
50204.840257802,5,7228,100,1370151,1
50205.650522802,1,7250,100,1373904,-1
50206.429135404,3,7243,100,1374198,-1
50208.145739951,3,7215,100,1356709,1
50209.215452281,1,7251,100,1373079,1
50209.971025287,4,7251,100,1373079,1
50211.340215498,3,7206,100,1355628,1
50213.061585023,3,7250,100,1373904,-1
50213.686689615,3,7249,100,1371702,-1
50215.412972985,4,7231,100,1367861,-1
50216.161635759,1,7252,100,1370989,-1
50216.958733756,3,7234,100,1361569,1
50218.169665543,5,7239,100,1374428,-1
50218.829816132,3,7247,100,1373429,1
50219.609258159,1,7253,100,1369913,1
50220.779919419,3,7241,100,1374514,-1
50221.753024651,1,7254,100,1374548,-1
50223.203162815,3,7245,100,1376284,-1
50224.500004979,1,7255,100,1375946,-1
50225.56163298,1,7256,100,1371098,1
50227.045448165,1,7257,100,1372694,1
50227.762367525,1,7258,100,1375338,-1
50229.048540001,3,7253,100,1369913,1
50230.552363716,3,7211,100,1358423,1
50231.232842426,1,7259,100,1372601,1
50232.163985635,5,7257,100,1372694,1
50233.488029432,4,7221,100,1366103,-1
50234.321780388,1,7260,100,1374465,1
50234.910701736,3,7254,100,1374548,-1
50236.439711025,4,7222,100,1364505,-1
50237.777426234,1,7261,100,1375710,1
50240.869733328,3,7225,100,1358607,1
50241.486248264,1,7262,100,1382962,-1
50242.091620548,1,7263,100,1382201,-1
50243.428722126,4,7248,100,1377688,-1
50244.638737122,1,7264,100,1382480,-1
50245.378207797,1,7265,100,1375066,1
50246.500951793,3,7264,100,1382480,-1
50247.483482763,1,7266,100,1380261,1
50249.176934671,1,7267,100,1379101,1
50251.49751611,1,7268,100,1382652,-1
50252.786617929,3,7266,100,1380261,1
50253.803565038,4,7258,100,1375338,-1
50254.470142503,1,7269,100,1377160,1
50255.810726871,1,7270,100,1378567,1
50257.073049134,1,7271,100,1379402,-1
50257.77129577,1,7272,100,1381078,-1
50258.955843321,1,7273,100,1375363,1
50260.572606913,3,7256,100,1371098,1
50262.310873593,4,7252,100,1370989,-1
50264.697874429,1,7274,100,1373883,1
50265.82776977,4,7255,100,1375946,-1
50266.929681166,3,7263,100,1382201,-1
50268.625225054,1,7275,100,1375820,-1
50269.956487797,3,7269,100,1377160,1
50271.413122637,3,7273,100,1375363,1
50273.044072659,4,7261,100,1375710,1
50274.086298258,1,7276,100,1373746,1
50275.445887425,5,7275,100,1375820,-1
50276.42407905,4,7267,100,1379101,1
50277.435997806,4,7260,100,1374465,1
50278.945902739,3,7242,100,1370055,1
50279.69511115,1,7277,100,1371339,-1
50280.731240544,3,7271,100,1379402,-1
50281.55358931,4,7277,100,1371339,-1
50283.045856898,3,7230,100,1366325,1
50284.594152976,3,7262,100,1382962,-1
50285.967923046,1,7278,100,1371680,-1
50287.702221753,5,7259,100,1372601,1
50288.917931703,1,7279,100,1369287,1
50289.80497305,3,7246,100,1376312,-1
50290.851860599,1,7280,100,1372556,-1
50292.475388373,3,7236,100,1369279,1
50293.177059176,1,7281,100,1367551,1
50293.772992868,4,7280,100,1372556,-1
50295.474573523,3,7276,100,1373746,1
50297.155138196,4,7274,100,1373883,1
50298.419241738,1,7282,100,1372747,-1
50299.778225621,1,7283,100,1375487,-1
50300.937460548,1,7284,100,1367907,1
50301.966824131,3,7282,100,1372747,-1
50305.203008724,4,7270,100,1378567,1
50308.919969654,5,7283,100,1375487,-1
50309.62998634,1,7285,100,1366875,1
50311.312251309,5,7279,100,1369287,1
50311.960386818,3,7278,100,1371680,-1
50313.428492701,1,7286,100,1367656,1
50316.711309435,3,7285,100,1366875,1
50317.7445913,3,7268,100,1382652,-1
50318.495997286,5,7265,100,1375066,1
50319.587689908,3,7286,100,1367656,1
50320.637012841,4,7281,100,1367551,1
50322.082466043,5,7284,100,1367907,1
50323.507430163,4,7272,100,1381078,-1
50324.859168104,1,7287,100,1377503,1
50327.71120792,1,7288,100,1377381,1
50328.697615319,3,7287,100,1377503,1
50329.932484244,1,7289,100,1382820,-1
50331.016322744,3,7288,100,1377381,1
50331.713571347,1,7290,100,1383760,-1
50333.28063116,3,7289,100,1382820,-1
50334.554337574,1,7291,100,1384521,-1
50335.83999883,1,7292,100,1379973,1
50337.301338722,3,7291,100,1384521,-1
50338.312220216,1,7293,100,1377442,1
50339.855309315,3,7290,100,1383760,-1
50341.989146076,4,7292,100,1379973,1
50342.990451976,3,7293,100,1377442,1
50344.408042881,1,7294,100,1379928,-1
50345.255905008,4,7294,100,1379928,-1
50346.437353487,1,7295,100,1376426,-1
50347.467727462,3,7295,100,1376426,-1
50349.147794042,1,7296,100,1375326,1
50351.666017844,1,7297,100,1377958,-1
50352.458126561,1,7298,100,1374190,-1
50353.058976372,1,7299,100,1376475,-1
50354.590697599,1,7300,100,1370478,1
50356.10941787,3,7297,100,1377958,-1
50357.638862224,4,7296,100,1375326,1
50359.285803625,3,7299,100,1376475,-1
50361.766436764,1,7301,100,1371876,1
50362.421767903,3,7301,100,1371876,1
50363.70105047,1,7302,100,1377694,-1
50365.40221674,3,7300,100,1370478,1
50366.277002467,1,7303,100,1379223,-1
50367.843825573,1,7304,100,1373100,1
50368.618821835,3,7303,100,1379223,-1
50369.487314561,3,7302,100,1377694,-1
50370.625989703,1,7305,100,1373086,-1
50371.822629397,3,7305,100,1373086,-1
50374.692905656,3,7298,100,1374190,-1
50375.377057926,1,7306,100,1370611,-1
50376.337875653,4,7304,100,1373100,1
50377.763424216,5,7306,100,1370611,-1
50379.420369692,1,7307,100,1368508,1
50381.089085998,1,7308,100,1369233,1
50382.511450469,3,7307,100,1368508,1
50385.94207708,5,7308,100,1369233,1
50387.418621369,1,7309,100,1371131,1
50388.849064648,4,7309,100,1371131,1
50389.994897477,1,7310,100,1368725,1
50390.895857094,1,7311,100,1372117,-1
50391.554660155,3,7310,100,1368725,1
50392.384426013,3,7311,100,1372117,-1
50393.786408296,1,7312,100,1375236,-1
50394.535278236,3,7312,100,1375236,-1
50395.367541819,1,7313,100,1371167,1
50398.695174474,3,7313,100,1371167,1
50400.398044033,1,7314,100,1372972,-1
50401.874121168,4,7314,100,1372972,-1
50403.403644616,1,7315,100,1373615,-1
50404.607943085,1,7316,100,1365891,1
50405.529464538,4,7316,100,1365891,1
50406.453015818,3,7315,100,1373615,-1
50408.079027719,1,7317,100,1367642,-1
50409.404533134,4,7317,100,1367642,-1
50410.632595691,1,7318,100,1367725,-1
50412.039352672,1,7319,100,1364563,1
50413.380803128,3,7318,100,1367725,-1
50414.110025577,1,7320,100,1366024,1
50415.421888419,3,7320,100,1366024,1
50417.804909957,1,7321,100,1363071,1
50418.455170674,1,7322,100,1367301,-1
50419.617575726,3,7321,100,1363071,1
50421.219334453,3,7319,100,1364563,1
50422.590383648,1,7323,100,1364778,1
50423.299691969,3,7323,100,1364778,1
50424.873728955,4,7322,100,1367301,-1
50426.395950262,1,7324,100,1369550,1
50428.10112006,5,7324,100,1369550,1
50428.829287289,1,7325,100,1368388,-1
50429.896024034,4,7325,100,1368388,-1
50430.811546455,1,7326,100,1365503,1
50433.546420178,1,7327,100,1365234,1
50434.558630501,3,7326,100,1365503,1
50437.068162938,1,7328,100,1368086,1
50437.8629728,3,7327,100,1365234,1
50439.530665461,1,7329,100,1368414,1
50440.29773407,1,7330,100,1374288,-1
50443.83082218,4,7330,100,1374288,-1
50444.880642271,3,7329,100,1368414,1
50445.824925921,3,7328,100,1368086,1
50446.725229095,1,7331,100,1371432,1
50447.822288394,4,7331,100,1371432,1
50449.520758514,1,7332,100,1371509,1
50451.215722811,1,7333,100,1369177,1
50452.023475764,5,7332,100,1371509,1
50452.685335138,1,7334,100,1370433,1
50454.336145389,1,7335,100,1376021,-1
50455.744353938,3,7335,100,1376021,-1
50456.741054527,3,7334,100,1370433,1
50457.772152566,1,7336,100,1373854,1
50459.399008487,4,7333,100,1369177,1
50460.786757365,3,7336,100,1373854,1
50462.432990102,1,7337,100,1381556,-1
50463.824124603,1,7338,100,1374750,1
50464.614182861,1,7339,100,1380362,-1
50466.200099899,3,7339,100,1380362,-1
50466.861304426,4,7338,100,1374750,1
50469.233197488,1,7340,100,1382106,-1
50470.020048838,3,7337,100,1381556,-1
50470.697587578,1,7341,100,1373782,1
50474.071025118,3,7341,100,1373782,1
50475.642534642,1,7342,100,1375121,1
50477.124087387,1,7343,100,1376399,-1
50477.874750133,3,7340,100,1382106,-1
50478.545182347,3,7343,100,1376399,-1
50479.477122593,3,7342,100,1375121,1
50480.487169795,1,7344,100,1381739,-1
50481.524955713,1,7345,100,1378341,1
50482.92427348,1,7346,100,1382194,-1
50484.277952045,1,7347,100,1378943,1
50485.718159224,3,7347,100,1378943,1
50486.875838705,3,7346,100,1382194,-1
50488.427544377,3,7345,100,1378341,1
50490.338891802,3,7344,100,1381739,-1
50491.730730603,1,7348,100,1371185,1
50492.361581632,4,7348,100,1371185,1
50493.312860499,1,7349,100,1372957,-1
50493.94567903,5,7349,100,1372957,-1
50495.186032362,1,7350,100,1372225,-1
50496.577647878,3,7350,100,1372225,-1
50497.228225925,1,7351,100,1374865,-1
50500.048374222,4,7351,100,1374865,-1
50501.64769091,1,7352,100,1371268,1
50502.572312055,1,7353,100,1372247,1
50503.962722341,3,7352,100,1371268,1
50504.920210405,4,7353,100,1372247,1
50505.518874667,1,7354,100,1378982,-1
50506.77201986,1,7355,100,1369891,1
50507.546914957,4,7355,100,1369891,1
50508.608421561,4,7354,100,1378982,-1
50509.776149686,1,7356,100,1374448,-1
50510.679523778,3,7356,100,1374448,-1
50511.428566027,1,7357,200,1379329,-1
50512.692220163,2,7357,100,1379329,-1
50514.292539195,1,7358,100,1373703,1
50515.782065918,1,7359,100,1379685,-1
50517.058743877,1,7360,100,1379244,-1
50518.190386502,1,7361,100,1380481,-1
50519.45259182,3,7360,100,1379244,-1
50520.070334913,5,7358,100,1373703,1
50520.648718339,1,7362,100,1374256,1
50521.301561596,3,7361,100,1380481,-1
50522.516797519,3,7357,100,1379329,-1
50523.86308549,1,7363,100,1378675,-1
50526.541042404,1,7364,100,1380099,1
50527.680767569,3,7363,100,1378675,-1
50529.215274503,3,7364,100,1380099,1
50530.270013259,1,7365,100,1385835,-1
50531.611671883,3,7362,100,1374256,1
50532.646970957,5,7359,100,1379685,-1
50533.749068533,1,7366,100,1379050,1
50534.808130988,1,7367,100,1378047,-1
50535.789433639,5,7366,100,1379050,1
50536.834249038,3,7365,100,1385835,-1
50538.534157581,5,7367,100,1378047,-1
50540.160668664,1,7368,100,1384889,-1
50542.45992351,1,7369,100,1385024,1
50543.557033407,5,7368,100,1384889,-1
50544.45239645,3,7369,100,1385024,1
50545.123156376,1,7370,100,1384469,1
50546.668685841,1,7371,100,1383434,1
50547.268230985,3,7371,100,1383434,1
50548.458164469,1,7372,100,1388023,-1
50550.015490677,3,7370,100,1384469,1
50550.995387747,3,7372,100,1388023,-1
50551.722672151,1,7373,100,1384286,1
50552.526310527,4,7373,100,1384286,1
50553.993166725,1,7374,100,1385441,1
50555.517952856,1,7375,100,1386632,1
50556.733252992,1,7376,100,1391277,-1
50558.293001203,4,7375,100,1386632,1
50559.773624957,3,7376,100,1391277,-1
50561.902943631,1,7377,100,1383641,-1
50563.431065495,4,7374,100,1385441,1
50564.796536637,4,7377,100,1383641,-1
50566.061316428,1,7378,100,1386055,1
50566.631480444,3,7378,100,1386055,1
50567.854526444,1,7379,100,1383950,-1
50569.31524499,1,7380,100,1382911,1
50570.638858971,4,7379,100,1383950,-1
50571.98599908,1,7381,100,1385081,-1
50573.022770703,4,7381,100,1385081,-1
50574.713163332,3,7380,100,1382911,1
50575.851872764,1,7382,100,1385966,-1
50576.500033881,3,7382,100,1385966,-1
50577.497155478,1,7383,100,1381298,1
50578.129177427,3,7383,100,1381298,1
50578.79243141,1,7384,100,1385744,-1
50579.588855278,1,7385,100,1386036,-1
50580.613237957,4,7384,100,1385744,-1
50581.486668774,3,7385,100,1386036,-1
50583.077297824,1,7386,100,1384482,1
50584.222017963,1,7387,100,1381158,1
50584.979037923,3,7387,100,1381158,1
50586.2216224,3,7386,100,1384482,1
50586.811624709,1,7388,100,1384569,-1
50587.539313446,5,7388,100,1384569,-1
50588.117332132,1,7389,100,1382657,1
50589.759221215,4,7389,100,1382657,1
50591.0792168,1,7390,100,1377637,1
50592.588082511,3,7390,100,1377637,1
50593.807093776,1,7391,100,1378337,-1
50594.872567546,4,7391,100,1378337,-1
50596.476566481,1,7392,100,1379550,-1
50597.860945146,5,7392,100,1379550,-1
50598.959603248,1,7393,100,1379060,1
50600.334658388,3,7393,100,1379060,1
50601.955651736,1,7394,100,1379810,1
50602.774542329,1,7395,100,1382379,-1
50603.823144966,3,7394,100,1379810,1
50604.470157877,1,7396,100,1379849,-1
50605.092989923,5,7396,100,1379849,-1
50606.205871261,3,7395,100,1382379,-1
50607.867960974,1,7397,100,1382299,-1
50609.385919428,3,7397,100,1382299,-1
50610.264913085,1,7398,100,1379291,1
50610.831111714,1,7399,100,1383405,-1
50611.435509917,1,7400,100,1377485,1
50612.439628074,3,7400,100,1377485,1
50613.432396782,4,7398,100,1379291,1
50614.448137903,4,7399,100,1383405,-1
50615.677015533,1,7401,100,1373171,1
50617.259041987,1,7402,100,1373143,1
50618.086530427,1,7403,100,1376737,-1
50618.998594834,1,7404,100,1371954,1
50620.551631782,1,7405,100,1378450,-1
50621.707990429,3,7404,100,1371954,1
50622.985087818,4,7401,100,1373171,1
50624.408066411,1,7406,100,1376899,-1
50625.767322712,3,7406,100,1376899,-1
50627.000548308,4,7403,100,1376737,-1
50628.141923265,3,7405,100,1378450,-1
50629.681993146,1,7407,100,1374664,1
50630.372496351,5,7402,100,1373143,1
50631.36655865,1,7408,100,1375194,-1
50632.366089323,4,7407,100,1374664,1
50635.442347854,1,7409,100,1376230,-1
50636.150231433,1,7410,100,1376673,-1
50638.502782221,3,7408,100,1375194,-1
50639.859144646,3,7409,100,1376230,-1
50640.448767207,1,7411,100,1373943,-1
50641.410617742,3,7410,100,1376673,-1
50643.087097121,1,7412,100,1375155,-1
50644.658299257,1,7413,100,1375432,-1
50646.328245884,3,7412,100,1375155,-1
50647.090682391,4,7411,100,1373943,-1
50649.986105375,1,7414,100,1375090,1
50651.624686644,1,7415,100,1375323,-1
50652.427314182,1,7416,100,1373530,1
50653.428372387,3,7414,100,1375090,1
50655.31380431,1,7417,100,1379436,-1
50656.492756365,1,7418,100,1374270,1
50657.225496362,3,7415,100,1375323,-1
50658.562406991,1,7419,100,1373381,1
50659.392295884,5,7418,100,1374270,1
50661.052409719,3,7419,100,1373381,1
50661.766061169,1,7420,100,1375916,1
50662.516390311,4,7420,100,1375916,1
50664.053875354,3,7417,100,1379436,-1
50665.273771665,3,7416,100,1373530,1
50666.144254746,3,7413,100,1375432,-1
50667.423534003,1,7421,100,1370566,1
50668.468411108,1,7422,100,1373605,-1
50670.957665469,1,7423,100,1372731,-1
50671.524553396,3,7423,100,1372731,-1
50673.188814511,5,7422,100,1373605,-1
50674.784628788,4,7421,100,1370566,1
50676.44400576,1,7424,100,1373730,-1
50677.255652912,3,7424,100,1373730,-1
50678.525875941,1,7425,100,1371280,1
50679.989058387,1,7426,100,1372886,1
50680.835567627,3,7426,100,1372886,1
50682.238985619,1,7427,100,1371787,-1
50683.182273314,4,7427,100,1371787,-1
50684.289565666,1,7428,100,1374890,-1
50685.335189546,1,7429,100,1375707,-1
50685.938872447,4,7428,100,1374890,-1
50687.434625415,1,7430,100,1372541,1
50688.730454526,4,7430,100,1372541,1
50690.399173664,1,7431,100,1376868,-1
50691.045246511,1,7432,100,1370891,1
50692.117513643,3,7431,100,1376868,-1
50692.875294322,1,7433,100,1371117,1
50693.696602586,3,7432,100,1370891,1
50695.067192291,1,7434,100,1370973,1
50696.580477367,3,7434,100,1370973,1
50697.78826453,4,7429,100,1375707,-1
50698.449145407,4,7425,100,1371280,1
50699.44125928,3,7433,100,1371117,1
50700.089974391,1,7435,100,1373527,1
50702.235425328,1,7436,100,1372912,1
50703.426849461,3,7435,100,1373527,1
50704.449434819,1,7437,100,1377687,-1
50705.86937116,1,7438,100,1375439,1
50707.236865476,1,7439,100,1375910,-1
50708.425069436,3,7439,100,1375910,-1
50709.21709685,3,7437,100,1377687,-1
50710.209525911,4,7436,100,1372912,1
50711.579117483,1,7440,100,1377349,-1
50712.95859847,3,7438,100,1375439,1
50713.817860835,1,7441,100,1377518,1
50714.912468694,3,7440,100,1377349,-1
50715.974091133,3,7441,100,1377518,1
50716.616338617,1,7442,100,1378447,1
50717.884534943,3,7442,100,1378447,1
50719.140272324,1,7443,100,1383682,-1
50720.541681172,1,7444,100,1383673,-1
50721.832292753,1,7445,100,1379429,1
50723.422022652,5,7444,100,1383673,-1
50724.876928398,1,7446,100,1380765,1
50726.317656531,1,7447,100,1386432,-1
50727.899178627,1,7448,100,1391383,-1
50728.577907453,1,7449,100,1390737,-1
50729.300846961,3,7447,100,1386432,-1
50730.332040962,3,7449,100,1390737,-1
50731.505674694,3,7446,100,1380765,1
50732.37733766,1,7450,100,1388477,-1
50734.590986699,3,7443,100,1383682,-1
50736.667560811,3,7450,100,1388477,-1
50737.30521293,1,7451,100,1385384,1
50738.275903627,1,7452,100,1386150,1
50740.533497101,1,7453,100,1388514,-1
50742.047302877,1,7454,100,1388732,-1
50743.181608308,1,7455,100,1384430,1
50744.341639777,1,7456,100,1390820,-1
50745.241880959,1,7457,100,1390411,-1
50746.449342158,1,7458,100,1390484,-1
50747.771858141,3,7457,100,1390411,-1
50749.846033807,3,7451,100,1385384,1
50750.702451372,1,7459,100,1389686,-1
50751.461190997,1,7460,100,1388180,-1
50752.866467999,3,7455,100,1384430,1
50753.421857012,1,7461,100,1385468,-1
50754.375902192,1,7462,100,1385323,-1
50755.799491374,1,7463,100,1387698,1
50756.469260482,4,7463,100,1387698,1
50757.628882069,1,7464,100,1386960,1
50758.285129721,4,7454,100,1388732,-1
50759.642991234,4,7452,100,1386150,1
50760.700297618,1,7465,100,1389010,-1
50761.692733618,3,7459,100,1389686,-1
50762.361301936,1,7466,100,1389645,-1
50763.830852453,1,7467,100,1385213,1
50764.547391825,4,7462,100,1385323,-1
50766.115781871,1,7468,100,1385638,-1
50766.759850392,1,7469,100,1389032,-1
50767.537634561,1,7470,100,1386843,-1
50768.701055827,1,7471,100,1381879,1
50769.405458014,4,7470,100,1386843,-1
50770.265094989,5,7464,100,1386960,1
50770.885387152,3,7461,100,1385468,-1
50771.96663517,1,7472,100,1389256,-1
50773.220124235,3,7468,100,1385638,-1
50774.632188619,1,7473,100,1390223,-1
50775.514353714,1,7474,100,1390273,-1
50777.14238288,5,7473,100,1390223,-1
50778.192281914,4,7453,100,1388514,-1
50779.015947447,3,7448,100,1391383,-1
50780.003249032,1,7475,100,1391779,-1
50781.179258258,1,7476,100,1391408,-1
50781.829116971,3,7460,100,1388180,-1
50784.531709282,4,7466,100,1389645,-1
50785.945675679,1,7477,100,1394044,-1
50786.606286444,1,7478,100,1392834,1
50787.247936293,1,7479,100,1395989,-1
50788.495193547,1,7480,100,1390447,1
50789.614033001,1,7481,100,1390149,1
50791.100213019,4,7475,100,1391779,-1
50791.932835397,1,7482,100,1391571,1
50793.984946449,4,7469,100,1389032,-1
50795.053421857,4,7480,100,1390447,1
50796.000855874,1,7483,100,1394127,-1
50797.500690474,3,7481,100,1390149,1
50799.017530427,3,7483,100,1394127,-1
50800.111765354,4,7477,100,1394044,-1
50801.006489653,1,7484,100,1396137,-1
50802.415075914,1,7485,100,1398095,-1
50803.235373814,3,7472,100,1389256,-1
50805.6977241,3,7479,100,1395989,-1
50807.118161011,3,7456,100,1390820,-1
50807.921458225,1,7486,100,1397801,-1
50809.969813169,4,7478,100,1392834,1
50811.302890183,3,7486,100,1397801,-1
50814.576422649,3,7485,100,1398095,-1
50817.253420244,4,7474,100,1390273,-1
50818.10861955,4,7484,100,1396137,-1
50818.874807973,1,7487,200,1397291,-1
50820.461008063,3,7471,100,1381879,1
50821.824612319,1,7488,100,1396099,1
50822.957744433,5,7467,100,1385213,1
50824.370402115,3,7465,100,1389010,-1
50824.927226844,4,7487,200,1397291,-1
50825.620376969,4,7458,100,1390484,-1
50827.437872113,1,7489,100,1400455,-1
50828.049913077,4,7488,100,1396099,1
50830.258468023,4,7476,100,1391408,-1
50831.218816,1,7490,100,1395368,-1
50832.761810844,4,7490,100,1395368,-1
50833.864230364,5,7482,100,1391571,1
50835.506138449,1,7491,100,1396030,1
50836.937001498,1,7492,100,1393253,-1
50837.711749303,4,7492,100,1393253,-1
50838.768190063,1,7493,100,1393717,-1
50840.245844621,1,7494,100,1386697,1
50841.333016505,1,7495,100,1388142,1
50843.917980921,3,7493,100,1393717,-1
50845.233840817,1,7496,100,1389450,-1
50846.546050691,4,7491,100,1396030,1
50847.866376146,5,7494,100,1386697,1
50849.147572677,1,7497,100,1389284,1
50849.713350157,3,7489,100,1400455,-1
50850.816556456,5,7497,100,1389284,1
50852.439536343,5,7445,100,1379429,1
50853.127191492,3,7496,100,1389450,-1
50853.82115449,3,7495,100,1388142,1
50854.393523527,1,7498,100,1393613,-1
50855.643360422,3,7498,100,1393613,-1
50857.021049323,1,7499,100,1393398,-1
50858.333879264,1,7500,100,1391623,-1
50859.168609585,4,7500,100,1391623,-1
50859.898685267,4,7499,100,1393398,-1
50860.694274482,1,7501,100,1394865,-1
50862.233948348,4,7501,100,1394865,-1
50863.675478223,1,7502,100,1388531,1
50865.193777941,1,7503,100,1392994,-1
50866.475996643,1,7504,100,1386786,1
50867.84130072,3,7504,100,1386786,1
50868.818853149,3,7502,100,1388531,1
50869.631741402,5,7503,100,1392994,-1
50870.801326874,1,7505,100,1386911,-1
50871.450397658,3,7505,100,1386911,-1
50872.036039751,1,7506,100,1384564,1
50873.181366188,1,7507,100,1386909,-1
50874.671718052,4,7507,100,1386909,-1
50876.289318021,1,7508,200,1390943,-1
50877.215419225,3,7506,100,1384564,1
50877.834739211,1,7509,100,1384965,-1
50878.65152741,3,7508,200,1390943,-1
50879.42586779,3,7509,100,1384965,-1
50880.611942059,1,7510,100,1384567,1
50882.086412787,1,7511,100,1382533,1
50882.867621996,3,7510,100,1384567,1
50883.952292604,3,7511,100,1382533,1
50885.220628065,1,7512,100,1386270,1
50886.393229057,3,7512,100,1386270,1
50887.919947411,1,7513,100,1383376,1
50888.557651695,1,7514,100,1388867,-1
50889.180944146,3,7514,100,1388867,-1
50890.010296556,4,7513,100,1383376,1
50891.295072659,1,7515,100,1388274,-1
50894.450508244,3,7515,100,1388274,-1
50895.784642818,1,7516,100,1384831,1
50896.848308599,1,7517,100,1389252,-1
50897.729191772,1,7518,100,1388456,-1
50899.291482032,1,7519,100,1390604,-1
50900.049148293,1,7520,100,1385555,1
50900.708763261,3,7519,100,1390604,-1
50902.238798695,1,7521,100,1389161,-1
50903.735440248,4,7517,100,1389252,-1
50904.331527008,1,7522,100,1389893,1
50904.937730609,5,7520,100,1385555,1
50906.041361627,5,7516,100,1384831,1
50907.383612582,1,7523,100,1391210,1
50908.784391217,1,7524,100,1395414,-1
50909.909051644,1,7525,100,1393223,1
50912.732432064,1,7526,200,1387201,1
50914.176921718,1,7527,100,1392997,-1
50914.991008624,3,7526,200,1387201,1
50916.42122388,1,7528,100,1390400,-1
50917.274795647,1,7529,100,1390071,-1
50918.512087307,1,7530,100,1390343,-1
50919.884408523,3,7523,100,1391210,1
50920.660501615,1,7531,100,1386403,1
50921.408282202,1,7532,100,1389984,1
50922.232299567,3,7522,100,1389893,1
50923.268888649,1,7533,100,1392363,1
50924.277264527,1,7534,100,1389204,1
50925.661287895,1,7535,100,1392413,-1
50926.283785384,5,7528,100,1390400,-1
50926.966631065,3,7533,100,1392363,1
50928.062910993,4,7527,100,1392997,-1
50929.16629356,1,7536,100,1390572,1
50930.179667041,1,7537,100,1394904,-1
50931.354448677,4,7536,100,1390572,1
50932.063289781,4,7530,100,1390343,-1
50933.563897104,3,7518,100,1388456,-1
50934.243018916,4,7529,100,1390071,-1
50935.063635554,4,7535,100,1392413,-1
50935.670675909,5,7532,100,1389984,1
50937.077874886,1,7538,100,1392130,-1
50938.675239042,3,7524,100,1395414,-1
50939.714933173,4,7521,100,1389161,-1
50941.153593852,3,7537,100,1394904,-1
50942.491618733,4,7525,100,1393223,1
50943.748149045,1,7539,100,1390407,-1
50944.99096973,1,7540,100,1391812,-1
50946.261341226,1,7541,100,1385790,1
50947.468815651,1,7542,100,1384886,1
50951.033078168,5,7539,100,1390407,-1
50952.503758672,1,7543,100,1391728,-1
50954.104837477,1,7544,100,1392777,-1
50954.860162975,1,7545,100,1391780,1
50956.075780874,3,7545,100,1391780,1
50957.616648609,1,7546,100,1394354,-1
50958.248561422,1,7547,100,1391846,1
50959.670084726,1,7548,100,1395010,-1
50960.257760379,1,7549,100,1389138,1
50960.954583953,3,7543,100,1391728,-1
50961.806374942,3,7549,100,1389138,1
50963.224485752,3,7538,100,1392130,-1
50964.779455312,1,7550,100,1390568,1
50965.538534925,1,7551,100,1393956,1
50966.814906103,1,7552,100,1389390,1
50967.818500313,5,7551,100,1393956,1
50968.875883529,3,7542,100,1384886,1
50970.222129121,1,7553,100,1397334,-1
50971.791934024,1,7554,100,1394408,1
50972.960035954,3,7553,100,1397334,-1
50973.944608513,4,7548,100,1395010,-1
50975.425845509,5,7552,100,1389390,1
50976.281953392,1,7555,100,1396275,1
50977.352568005,3,7544,100,1392777,-1
50978.769491747,3,7547,100,1391846,1
50980.348053918,3,7540,100,1391812,-1
50981.302992558,1,7556,100,1393824,1
50982.793112936,3,7546,100,1394354,-1
50983.828866238,4,7555,100,1396275,1
50985.38676248,1,7557,100,1395601,1
50986.025593922,4,7550,100,1390568,1
50986.713593055,4,7531,100,1386403,1
50988.062875637,1,7558,100,1398318,1
50989.218618437,1,7559,100,1399330,1
50989.992187985,1,7560,100,1400141,1
50990.87115072,1,7561,100,1399758,1
50992.046835224,1,7562,100,1404593,-1
50992.746912959,3,7560,100,1400141,1
50993.804506265,1,7563,100,1396944,1
50995.197089011,5,7541,100,1385790,1
50995.985165432,3,7557,100,1395601,1
50997.996715698,1,7564,100,1396644,1
51000.955452477,1,7565,100,1401539,-1
51001.933082348,4,7559,100,1399330,1
51002.607225192,4,7558,100,1398318,1
51003.423273007,4,7563,100,1396944,1
51006.211711139,5,7564,100,1396644,1
51006.788455375,3,7554,100,1394408,1
51007.570128988,3,7556,100,1393824,1
51009.014155393,1,7566,100,1395056,1
51009.854743651,1,7567,100,1403107,-1
51010.906630834,1,7568,100,1400362,-1
51012.052276821,1,7569,100,1403130,-1
51013.198689496,1,7570,100,1401139,1
51014.209814582,3,7562,100,1404593,-1
51015.490010703,1,7571,100,1394069,1
51016.210224136,3,7566,100,1395056,1
51017.530421432,1,7572,100,1392795,1
51018.076620436,1,7573,100,1400351,-1
51018.742714924,3,7573,100,1400351,-1
51020.295047522,5,7567,100,1403107,-1
51020.871391364,3,7565,100,1401539,-1
51021.535651457,1,7574,100,1398629,1
51022.438899889,1,7575,100,1399978,-1
51023.477205212,1,7576,100,1395260,1
51024.307911586,5,7574,100,1398629,1
51024.972780782,1,7577,100,1398762,-1
51026.506090011,1,7578,100,1399440,-1
51027.445004923,3,7576,100,1395260,1
51028.465545802,1,7579,100,1399252,-1
51029.11015688,1,7580,100,1401052,-1
51029.857135441,3,7577,100,1398762,-1
51030.859504943,1,7581,100,1392128,1
51031.622799675,3,7578,100,1399440,-1
51032.430670007,1,7582,100,1398161,-1
51033.760637344,3,7581,100,1392128,1
51034.655672112,4,7570,100,1401139,1
51035.81178161,1,7583,100,1395089,1
51037.229220583,3,7579,100,1399252,-1
51039.469273103,1,7584,100,1397284,-1
51040.520998365,5,7582,100,1398161,-1
51041.987590363,5,7568,100,1400362,-1
51043.092042118,1,7585,100,1393257,1
51044.567613209,3,7580,100,1401052,-1
51045.299996297,1,7586,100,1390025,1
51047.507443362,4,7561,100,1399758,1
51048.358328514,1,7587,100,1399091,-1
51049.055308984,1,7588,100,1399395,-1
51049.814456103,4,7583,100,1395089,1
51051.393177492,1,7589,100,1392769,1
51052.844720149,1,7590,100,1400224,-1
51053.778865811,1,7591,100,1399447,1
51054.454120364,1,7592,100,1399573,1
51055.701635776,3,7587,100,1399091,-1
51056.885294462,1,7593,100,1398752,1
51057.850908488,1,7594,100,1402110,-1
51059.097195799,4,7594,100,1402110,-1
51059.814077632,1,7595,100,1398781,1
51061.370058259,1,7596,100,1403750,-1
51061.987486668,1,7597,100,1406626,-1
51063.34304069,1,7598,100,1404726,-1
51064.850001711,4,7575,100,1399978,-1
51066.339917062,1,7599,100,1401907,-1
51067.216113558,1,7600,100,1404161,-1
51068.736945296,5,7586,100,1390025,1
51069.477655767,3,7584,100,1397284,-1
51070.13190257,1,7601,100,1398339,1
51073.2376352,3,7601,100,1398339,1
51074.154527353,1,7602,100,1404609,-1
51075.412013902,3,7596,100,1403750,-1
51076.716260191,5,7588,100,1399395,-1
51078.104058565,1,7603,100,1398798,-1
51079.213701217,5,7592,100,1399573,1
51080.748317424,1,7604,100,1400905,-1
51081.665272277,1,7605,100,1404627,-1
51083.013580174,1,7606,100,1400511,-1
51084.522152971,1,7607,100,1397588,-1
51086.09103133,5,7602,100,1404609,-1
51087.510950834,4,7606,100,1400511,-1
51089.495922801,3,7604,100,1400905,-1
51090.477526364,3,7534,100,1389204,1
51091.661189284,3,7607,100,1397588,-1
51092.920031162,1,7608,100,1399993,1
51094.164399394,1,7609,100,1405558,-1
51095.279515514,4,7569,100,1403130,-1
51096.657907555,3,7591,100,1399447,1
51098.137585005,1,7610,100,1403984,-1
51099.698777223,3,7597,100,1406626,-1
51101.200125421,3,7600,100,1404161,-1
51103.601600108,1,7611,100,1405063,-1
51104.770916362,1,7612,100,1406765,-1
51105.854017749,1,7613,100,1408436,-1
51106.790444344,1,7614,100,1398643,1
51108.270372427,1,7615,100,1400871,1
51109.344668229,3,7590,100,1400224,-1
51110.694422355,3,7605,100,1404627,-1
51111.659458363,1,7616,100,1403714,-1
51112.602973806,3,7610,100,1403984,-1
51114.043280811,5,7571,100,1394069,1
51115.140029744,3,7612,100,1406765,-1
51116.257533409,1,7617,100,1398865,1
51117.704418227,1,7618,100,1396871,1
51119.208308339,1,7619,100,1395481,1
51120.099318662,4,7614,100,1398643,1
51121.617638632,1,7620,100,1393911,1
51122.323048274,3,7585,100,1393257,1
51123.546582166,3,7611,100,1405063,-1
51124.26853627,3,7608,100,1399993,1
51125.070947084,3,7589,100,1392769,1
51125.913802633,1,7621,100,1392654,1
51126.730292113,1,7622,100,1398425,-1
51128.281827489,3,7622,100,1398425,-1
51129.445227989,1,7623,100,1393757,1
51130.913040262,3,7623,100,1393757,1
51132.197488817,3,7603,100,1398798,-1
51133.536982873,5,7595,100,1398781,1
51134.143896588,1,7624,100,1388974,1
51136.241385976,1,7625,100,1392275,1
51137.548862249,3,7615,100,1400871,1
51139.59191106,1,7626,100,1394738,-1
51140.301843985,5,7616,100,1403714,-1
51141.392687864,4,7618,100,1396871,1
51142.936834233,1,7627,100,1391782,-1
51144.485673453,1,7628,100,1387967,-1
51145.576307358,3,7613,100,1408436,-1
51146.434081099,3,7598,100,1404726,-1
51147.541030585,3,7625,100,1392275,1
51149.056153724,3,7628,100,1387967,-1
51150.086788992,5,7626,100,1394738,-1
51151.194181027,4,7593,100,1398752,1
51152.711711557,4,7572,100,1392795,1
51154.181502007,1,7629,100,1384304,1
51155.021385834,1,7630,100,1386881,-1
51155.902063613,5,7627,100,1391782,-1
51157.16153113,5,7621,100,1392654,1
51158.713587539,1,7631,100,1389227,-1
51159.658500142,5,7631,100,1389227,-1
51160.836558704,1,7632,100,1384185,1
51162.386838926,1,7633,100,1388455,-1
51163.764909854,3,7599,100,1401907,-1
51164.793119569,4,7617,100,1398865,1
51166.199545381,1,7634,100,1386792,-1
51167.567931844,4,7619,100,1395481,1
51168.362678433,1,7635,100,1389301,-1
51169.778546539,3,7620,100,1393911,1
51171.272950579,1,7636,100,1388071,1
51172.653002145,1,7637,100,1387365,1
51173.690894832,5,7624,100,1388974,1
51174.492246782,1,7638,100,1388830,1
51175.303587321,3,7636,100,1388071,1
51176.722302332,3,7629,100,1384304,1
51177.524828914,1,7639,100,1391580,1
51178.428594704,4,7635,100,1389301,-1
51178.976946826,4,7634,100,1386792,-1
51180.414080989,3,7630,100,1386881,-1
51181.406957252,1,7640,100,1395162,-1
51182.839793839,1,7641,100,1392094,1
51183.731541588,1,7642,100,1395388,-1
51184.668262014,5,7639,100,1391580,1
51185.893486283,5,7640,100,1395162,-1
51186.933118539,1,7643,100,1397270,1
51187.762843546,1,7644,100,1396602,-1
51189.088647369,1,7645,100,1398297,-1
51190.002507829,3,7645,100,1398297,-1
51190.599635822,4,7633,100,1388455,-1
51193.066652964,3,7643,100,1397270,1
51194.906313009,3,7644,100,1396602,-1
51195.545182967,3,7641,100,1392094,1
51196.910523548,3,7609,100,1405558,-1
51197.957957305,5,7632,100,1384185,1
51198.627887138,1,7646,100,1399479,-1
51199.640273938,1,7647,100,1391686,1
51201.401972561,1,7648,100,1395554,-1
51202.078262857,1,7649,100,1398985,-1
51203.138064697,3,7649,100,1398985,-1
51204.652858853,3,7638,100,1388830,1
51205.595447165,3,7646,100,1399479,-1
51206.862353987,3,7647,100,1391686,1
51209.483917923,3,7648,100,1395554,-1
51210.199885048,1,7650,100,1388763,1
51211.049226211,4,7650,100,1388763,1
51212.061295314,5,7637,100,1387365,1
51212.83609399,1,7651,100,1387593,1
51213.538313542,1,7652,100,1390057,-1
51214.107506382,4,7652,100,1390057,-1
51215.11812789,1,7653,100,1396900,-1
51215.800371644,3,7642,100,1395388,-1
51216.833465303,3,7653,100,1396900,-1
51217.75495132,3,7651,100,1387593,1
51218.58112064,1,7654,100,1393600,-1
51220.057113173,3,7654,100,1393600,-1
51220.940994838,1,7655,100,1393923,-1
51221.475416919,4,7655,100,1393923,-1
51222.178767448,1,7656,100,1390607,-1
51223.721485314,1,7657,100,1386624,1
51224.771725309,4,7657,100,1386624,1
51225.709475469,3,7656,100,1390607,-1
51226.265958215,1,7658,100,1388578,-1
51227.724350291,1,7659,100,1387246,1
51229.257853991,1,7660,100,1389658,-1
51230.685984128,3,7658,100,1388578,-1
51233.112274984,5,7659,100,1387246,1
51235.089950108,3,7660,100,1389658,-1
51236.55880913,1,7661,100,1388217,1
51237.871703002,4,7661,100,1388217,1
51239.126120182,1,7662,100,1390592,-1
51239.650081158,1,7663,100,1386559,1
51240.313359254,1,7664,100,1386672,1
51242.986784538,4,7662,100,1390592,-1
51243.719910314,3,7664,100,1386672,1
51244.854349506,3,7663,100,1386559,1
51245.87250994,1,7665,100,1391269,1
51246.524793619,4,7665,100,1391269,1
51247.553197242,1,7666,100,1394546,-1
51248.646230317,1,7667,100,1390154,1
51249.817843666,3,7667,100,1390154,1
51250.342900362,3,7666,100,1394546,-1
51251.377540815,1,7668,100,1388413,1
51253.597075609,3,7668,100,1388413,1
51254.910413426,1,7669,100,1386034,1
51257.43657881,4,7669,100,1386034,1
51258.460091587,1,7670,100,1388765,-1
51259.866891318,5,7670,100,1388765,-1
51261.116044264,1,7671,100,1383517,1
51261.942023849,5,7671,100,1383517,1
51263.41778358,1,7672,100,1386995,-1
51264.676455898,3,7672,100,1386995,-1
51265.219205027,1,7673,100,1385707,1
51265.744066073,1,7674,100,1389423,1
51266.493403424,1,7675,100,1387004,-1
51267.73587101,1,7676,100,1387422,1
51268.651695312,1,7677,100,1387418,1
51270.165692287,1,7678,100,1393141,-1
51270.977606726,1,7679,100,1386150,1
51272.195559112,3,7678,100,1393141,-1
51272.76111115,4,7675,100,1387004,-1
51274.022059698,1,7680,100,1394108,-1
51275.376453383,4,7674,100,1389423,1
51276.301919898,1,7681,100,1385505,1
51277.013877689,3,7673,100,1385707,1
51277.617488012,1,7682,100,1387996,-1
51278.39214017,3,7676,100,1387422,1
51279.136040105,1,7683,100,1386133,-1
51280.108824204,3,7683,100,1386133,-1
51281.374935941,3,7679,100,1386150,1
51282.698133693,5,7680,100,1394108,-1
51283.292467541,3,7677,100,1387418,1
51284.654671367,1,7684,100,1385723,-1
51285.768964474,1,7685,100,1381024,1
51286.689772079,3,7684,100,1385723,-1
51287.914113516,1,7686,100,1384877,1
51288.660269535,5,7682,100,1387996,-1
51289.831923176,1,7687,100,1381883,1
51290.451800077,3,7686,100,1384877,1
51291.95844623,1,7688,100,1388345,-1
51292.701532784,1,7689,100,1384090,1
51294.186160539,1,7690,100,1382357,1
51296.704257193,3,7690,100,1382357,1
51297.842241543,1,7691,100,1382591,1
51299.302594615,1,7692,100,1382184,1
51300.478496119,3,7687,100,1381883,1
51301.681735095,1,7693,100,1384020,1
51302.763639766,3,7692,100,1382184,1
51303.811675539,4,7691,100,1382591,1
51304.817909314,1,7694,100,1383714,-1
51305.935703307,1,7695,100,1377411,1
51306.490866201,3,7695,100,1377411,1
51307.695108407,3,7689,100,1384090,1
51308.650500988,1,7696,100,1373480,1
51309.661645973,5,7693,100,1384020,1
51310.24530618,3,7696,100,1373480,1
51311.29586356,1,7697,100,1375595,1
51312.27283744,3,7688,100,1388345,-1
51313.593670647,1,7698,100,1371045,1
51316.024286356,1,7699,100,1371178,1
51316.757593599,5,7694,100,1383714,-1
51317.446868258,3,7685,100,1381024,1
51320.065239016,1,7700,100,1367480,1
51320.938550102,1,7701,100,1370282,-1
51321.656868795,3,7698,100,1371045,1
51322.821801826,1,7702,100,1369238,-1
51323.378127493,1,7703,100,1370044,-1
51325.184556396,4,7697,100,1375595,1
51326.670360818,1,7704,100,1368504,1
51327.80514634,1,7705,100,1369206,-1
51328.388860935,3,7701,100,1370282,-1
51329.517944298,1,7706,100,1367719,1
51330.355687998,3,7702,100,1369238,-1
51331.562868692,1,7707,100,1361709,1
51332.596335457,1,7708,100,1360960,1
51334.02460318,4,7681,100,1385505,1
51334.798263181,4,7699,100,1371178,1
51336.310445095,1,7709,100,1364977,1
51337.606606926,4,7706,100,1367719,1
51338.443719409,3,7709,100,1364977,1
51340.305911957,3,7705,100,1369206,-1
51341.237569503,3,7703,100,1370044,-1
51341.99299507,5,7707,100,1361709,1
51343.152130123,5,7704,100,1368504,1
51343.818694598,3,7708,100,1360960,1
51344.807294817,1,7710,100,1371933,-1
51347.236032457,1,7711,100,1364052,1
51347.913944921,3,7700,100,1367480,1
51349.283592604,1,7712,100,1374971,-1
51349.835194648,4,7710,100,1371933,-1
51350.394329795,1,7713,100,1369706,1
51352.720084624,1,7714,100,1375669,-1
51354.419843925,4,7713,100,1369706,1
51354.936404129,5,7711,100,1364052,1
51355.756354052,5,7714,100,1375669,-1
51356.824582147,1,7715,200,1373984,-1
51357.905559021,4,7715,100,1373984,-1
51358.937247264,3,7712,100,1374971,-1
51359.825449445,1,7716,100,1370752,1
51361.057506701,1,7717,100,1371769,-1
51361.889401895,4,7715,100,1373984,-1
51362.99666563,1,7718,100,1368975,1
51364.132103498,4,7717,100,1371769,-1
51365.43700213,1,7719,100,1378447,-1
51368.200741154,1,7720,100,1376296,1
51369.5816788,1,7721,100,1380031,1
51370.921660213,1,7722,100,1377931,1
51371.545921202,1,7723,100,1379942,-1
51372.343058524,4,7721,100,1380031,1
51373.809725267,1,7724,100,1373290,1
51375.245975756,1,7725,100,1380429,-1
51376.595619616,3,7716,100,1370752,1
51377.952933128,3,7719,100,1378447,-1
51378.800229822,5,7720,100,1376296,1
51379.516393488,3,7723,100,1379942,-1
51380.267908022,4,7725,100,1380429,-1
51381.006145891,1,7726,100,1384673,-1
51382.047913613,1,7727,100,1383644,1
51382.585858073,5,7724,100,1373290,1
51383.462839853,1,7728,100,1382846,-1
51384.014423825,3,7718,100,1368975,1
51385.539358967,1,7729,100,1382250,1
51386.08930259,4,7728,100,1382846,-1
51386.925077169,5,7722,100,1377931,1
51388.789242215,3,7727,100,1383644,1
51389.598598383,1,7730,100,1383321,1
51390.136071086,3,7729,100,1382250,1
51390.978249014,1,7731,100,1381234,1
51392.003692323,4,7726,100,1384673,-1
51392.964505318,1,7732,100,1382628,1
51394.451413372,3,7730,100,1383321,1
51395.67197322,4,7731,100,1381234,1
51396.411914122,3,7732,100,1382628,1
51397.230752432,1,7733,100,1384215,1
51398.470666775,1,7734,100,1382227,1
51399.201042991,4,7733,100,1384215,1
51400.580021586,3,7734,100,1382227,1
51401.170493064,1,7735,100,1384606,1
51402.585211601,3,7735,100,1384606,1
51403.942879012,1,7736,100,1383073,1
51404.593765395,1,7737,100,1382031,-1
51405.560295302,5,7736,100,1383073,1
51406.387855108,3,7737,100,1382031,-1
51407.486543289,1,7738,100,1384037,-1
51410.12757013,3,7738,100,1384037,-1
51411.305851168,1,7739,100,1379264,1
51413.503091411,3,7739,100,1379264,1
51414.063463681,1,7740,100,1379165,-1
51415.595333524,4,7740,100,1379165,-1
51416.203280743,1,7741,100,1374124,1
51417.235312152,1,7742,100,1379136,1
51418.500300096,5,7741,100,1374124,1
51421.067289393,1,7743,100,1378998,-1
51421.595807366,1,7744,100,1375545,1
51422.556441867,3,7743,100,1378998,-1
51424.074947357,3,7744,100,1375545,1
51425.235587594,4,7742,100,1379136,1
51426.247661817,1,7745,100,1375587,1
51427.509197182,1,7746,100,1375250,1
51429.062219147,1,7747,100,1374504,1
51429.658518242,1,7748,100,1379259,1
51430.374660793,3,7746,100,1375250,1
51431.423194052,3,7745,100,1375587,1
51432.743875727,1,7749,100,1375667,1
51433.735129642,1,7750,100,1380024,-1
51434.960546118,4,7749,100,1375667,1
51435.528059247,3,7747,100,1374504,1
51436.789846554,1,7751,100,1375626,1
51437.327533286,1,7752,100,1381752,-1
51438.480217582,3,7748,100,1379259,1
51439.086149316,3,7752,100,1381752,-1
51439.96713362,1,7753,100,1371058,1
51441.311466979,1,7754,100,1380616,-1
51442.062414069,3,7751,100,1375626,1
51443.383810137,1,7755,100,1374701,1
51444.25512395,3,7750,100,1380024,-1
51444.993152724,3,7755,100,1374701,1
51446.335547748,3,7753,100,1371058,1
51447.076190382,4,7754,100,1380616,-1
51447.646746962,1,7756,100,1373914,1
51448.581353106,1,7757,100,1371388,1
51449.572340695,1,7758,100,1372584,1
51450.603610946,1,7759,100,1376381,-1
51451.510218805,1,7760,100,1376636,-1
51452.888476602,4,7757,100,1371388,1
51453.954474621,1,7761,100,1370198,1
51455.295313249,3,7756,100,1373914,1
51456.564452983,5,7759,100,1376381,-1
51457.268397761,3,7760,100,1376636,-1
51458.394362784,5,7761,100,1370198,1
51459.17033577,1,7762,100,1371850,1
51460.336418778,1,7763,100,1376795,-1
51461.372695813,1,7764,100,1379805,-1
51461.973141652,3,7758,100,1372584,1
51463.20961067,1,7765,100,1372765,1
51464.698996608,1,7766,100,1373063,1
51466.07048468,3,7766,100,1373063,1
51467.238752946,3,7763,100,1376795,-1
51467.991366078,3,7762,100,1371850,1
51468.680591695,4,7765,100,1372765,1
51470.025729758,1,7767,100,1377644,-1
51471.464874563,1,7768,100,1375703,-1
51472.09611401,1,7769,100,1377176,-1
51473.453764694,3,7767,100,1377644,-1
51474.801848956,1,7770,100,1371415,1
51475.502155712,3,7770,100,1371415,1
51478.855826254,3,7768,100,1375703,-1
51479.896269581,4,7764,100,1379805,-1
51480.847679343,1,7771,100,1369516,-1
51481.852296814,3,7771,100,1369516,-1
51482.890476926,1,7772,100,1369526,1
51483.691430478,1,7773,100,1371578,-1
51485.068714962,4,7773,100,1371578,-1
51485.685072599,3,7769,100,1377176,-1
51486.794669502,1,7774,100,1377208,-1
51487.4298114,3,7772,100,1369526,1
51488.476858985,1,7775,100,1376288,-1
51488.99790252,1,7776,100,1375359,-1
51489.517372421,1,7777,100,1371619,-1
51490.450246219,1,7778,100,1370104,1
51491.638687872,3,7778,100,1370104,1
51492.449418906,3,7776,100,1375359,-1
51492.979023909,3,7774,100,1377208,-1
51493.967076502,1,7779,100,1370490,1
51495.221813363,4,7777,100,1371619,-1
51495.821323338,4,7779,100,1370490,1
51496.56274724,1,7780,100,1373297,-1
51498.007697553,1,7781,100,1369103,-1
51498.821603014,1,7782,100,1370676,-1
51499.61812252,1,7783,100,1365453,1
51500.734324824,3,7781,100,1369103,-1
51501.242023711,3,7780,100,1373297,-1
51502.037159573,1,7784,100,1371829,-1
51503.308810411,4,7775,100,1376288,-1
51504.06837584,1,7785,100,1371559,-1
51505.093941288,1,7786,100,1365245,-1
51506.2696372,1,7787,100,1366627,-1
51506.949901749,4,7783,100,1365453,1
51508.031286934,3,7784,100,1371829,-1
51508.911415776,4,7786,100,1365245,-1
51510.351015624,1,7788,100,1366396,-1
51511.700302855,3,7785,100,1371559,-1
51512.549782932,1,7789,100,1360412,1
51513.804363824,1,7790,100,1364443,1
51514.342806652,1,7791,100,1359669,1
51515.388568099,3,7782,100,1370676,-1
51516.721366698,1,7792,100,1363878,1
51518.098156807,1,7793,100,1369845,1
51519.339636396,1,7794,100,1373276,-1
51520.063376676,3,7789,100,1360412,1
51520.677807946,1,7795,100,1370044,1
51521.946464195,3,7794,100,1373276,-1
51522.73584567,1,7796,100,1368134,1
51524.16728935,5,7796,100,1368134,1
51525.638173475,1,7797,100,1370769,1
51526.373201377,3,7791,100,1359669,1
51526.888448851,3,7788,100,1366396,-1
51529.067185071,1,7798,100,1367526,1
51529.899400119,1,7799,100,1367775,1
51530.936553312,1,7800,100,1371179,-1
51532.065757996,3,7793,100,1369845,1
51535.359363395,1,7801,100,1369948,-1
51536.816241377,4,7792,100,1363878,1
51538.168964148,1,7802,100,1362800,1
51539.190685548,1,7803,100,1365961,-1
51540.194838744,3,7801,100,1369948,-1
51541.155774674,4,7795,100,1370044,1
51542.606315509,3,7790,100,1364443,1
51543.321201681,1,7804,100,1371260,-1
51544.61075881,5,7803,100,1365961,-1
51545.233160719,4,7797,100,1370769,1
51546.202366154,3,7804,100,1371260,-1
51547.397018761,1,7805,100,1366641,1
51549.733145899,3,7799,100,1367775,1
51551.344597442,1,7806,100,1364734,1
51552.337221051,3,7805,100,1366641,1
51552.959957708,5,7802,100,1362800,1
51554.275508229,4,7787,100,1366627,-1
51554.801383939,3,7798,100,1367526,1
51556.175746554,4,7806,100,1364734,1
51557.380282983,1,7807,100,1363600,1
51557.99883276,4,7800,100,1371179,-1
51559.085772909,3,7807,100,1363600,1
51559.776686412,1,7808,100,1369720,-1
51561.18356487,3,7808,100,1369720,-1
51562.507622995,1,7809,100,1361893,1
51563.657591867,1,7810,100,1365107,1
51565.078813542,3,7810,100,1365107,1
51565.874623193,3,7809,100,1361893,1
51567.021952222,1,7811,100,1363794,1
51567.613865762,3,7811,100,1363794,1
51568.518584606,1,7812,100,1361039,1
51569.432542342,1,7813,100,1359729,1
51570.815039672,1,7814,100,1367168,-1
51572.033114809,3,7812,100,1361039,1
51572.935089635,4,7814,100,1367168,-1
51573.737716763,1,7815,100,1369691,-1
51574.585915833,1,7816,100,1370901,-1
51576.263130916,3,7813,100,1359729,1
51577.727234852,1,7817,100,1370675,-1
51578.805299201,1,7818,100,1372547,-1
51579.800060291,1,7819,100,1372820,-1
51580.986468668,1,7820,100,1372156,1
51582.271173436,3,7820,100,1372156,1
51583.607193961,1,7821,100,1368946,-1
51584.232845512,3,7821,100,1368946,-1
51585.085002969,1,7822,100,1368611,1
51585.831047508,4,7817,100,1370675,-1
51586.462824695,4,7816,100,1370901,-1
51587.603642515,1,7823,100,1369075,1
51588.832482961,4,7815,100,1369691,-1
51589.708700357,1,7824,100,1368907,1
51590.373712452,1,7825,100,1373720,-1
51591.148030434,1,7826,100,1373297,-1
51592.459881625,1,7827,100,1375415,-1
51593.970360523,5,7819,100,1372820,-1
51594.482837331,1,7828,100,1375295,-1
51595.086673962,4,7826,100,1373297,-1
51596.492741354,4,7818,100,1372547,-1
51597.692391998,4,7825,100,1373720,-1
51601.949229239,1,7829,100,1368410,1
51602.678076843,1,7830,100,1365663,1
51603.806134562,1,7831,100,1366269,1
51604.830133367,3,7828,100,1375295,-1
51605.996918779,3,7822,100,1368611,1
51607.260546886,4,7823,100,1369075,1
51607.894106341,1,7832,100,1369746,-1
51608.406695521,3,7831,100,1366269,1
51611.796440244,1,7833,100,1376105,-1
51612.938611017,1,7834,100,1375970,-1
51613.503409897,1,7835,100,1378022,-1
51614.147391505,3,7824,100,1368907,1
51614.89110252,5,7835,100,1378022,-1
51616.57193998,1,7836,100,1372456,1
51617.755911038,1,7837,100,1374146,1
51618.860938623,3,7829,100,1368410,1
51620.098855048,5,7834,100,1375970,-1
51621.183366853,1,7838,100,1373564,1
51621.906959542,1,7839,100,1378299,-1
51622.433403546,1,7840,100,1376104,-1
51623.02190208,3,7832,100,1369746,-1
51625.352454935,1,7841,100,1374587,-1
51626.750232322,3,7827,100,1375415,-1
51628.194355328,1,7842,100,1373998,-1
51628.738063512,1,7843,100,1369056,1
51629.854189387,3,7837,100,1374146,1
51630.851694806,1,7844,100,1376273,-1
51632.042928089,1,7845,100,1374680,1
51632.918827254,3,7844,100,1376273,-1
51633.712540306,1,7846,100,1374544,-1
51634.605039555,3,7838,100,1373564,1
51635.519582507,5,7840,100,1376104,-1
51636.347275175,1,7847,100,1370468,1
51637.067507453,3,7836,100,1372456,1
51637.687662959,3,7833,100,1376105,-1
51638.924194056,1,7848,100,1367731,1
51639.810026233,1,7849,100,1372091,1
51641.012358713,4,7847,100,1370468,1
51642.117588042,3,7849,100,1372091,1
51644.063003417,1,7850,100,1372420,-1
51645.391794939,1,7851,100,1373223,-1
51646.142734606,4,7850,100,1372420,-1
51647.598580179,1,7852,100,1369773,1
51648.237057068,3,7846,100,1374544,-1
51649.195722631,1,7853,100,1375707,-1
51650.083767344,3,7845,100,1374680,1
51650.913437068,4,7852,100,1369773,1
51651.912182529,1,7854,100,1375360,-1
51653.20085517,1,7855,100,1375638,-1
51654.534276184,4,7842,100,1373998,-1
51657.669182102,1,7856,100,1371015,1
51658.43706231,3,7853,100,1375707,-1
51659.133091241,1,7857,100,1375420,1
51660.525379303,1,7858,100,1375374,1
51662.663418023,3,7848,100,1367731,1
51663.517240833,3,7856,100,1371015,1
51664.825081154,3,7857,100,1375420,1
51665.693076419,1,7859,100,1375278,1
51666.198847998,3,7851,100,1373223,-1
51666.825326983,1,7860,100,1373016,1
51669.148412032,3,7859,100,1375278,1
51670.501176225,1,7861,100,1377381,-1
51671.419738243,1,7862,100,1373746,1
51671.934677839,1,7863,100,1378761,-1
51672.870656001,3,7863,100,1378761,-1
51674.318740169,3,7855,100,1375638,-1
51676.246720584,1,7864,100,1375248,1
51677.123166986,4,7854,100,1375360,-1
51677.674837376,5,7864,100,1375248,1
51678.310046759,1,7865,100,1377307,-1
51679.786825771,1,7866,100,1377203,1
51681.251188959,4,7862,100,1373746,1
51681.897779507,3,7843,100,1369056,1
51683.025036303,4,7858,100,1375374,1
51685.238258372,1,7867,100,1377924,-1
51686.621087955,1,7868,100,1373471,1
51687.97708706,1,7869,100,1373875,1
51689.002205603,3,7869,100,1373875,1
51689.584146048,1,7870,100,1375110,-1
51691.455794194,4,7867,100,1377924,-1
51692.540884574,1,7871,100,1372804,1
51693.874103254,3,7841,100,1374587,-1
51694.728622926,3,7830,100,1365663,1
51695.389834227,1,7872,100,1377748,1
51696.655139805,1,7873,100,1376892,-1
51697.33561494,4,7870,100,1375110,-1
51698.021422596,3,7866,100,1377203,1
51699.192319927,4,7873,100,1376892,-1
51700.321466248,1,7874,100,1379096,-1
51701.1301432,1,7875,100,1375327,-1
51703.17481691,5,7868,100,1373471,1
51705.499597723,1,7876,100,1375028,1
51706.330961691,1,7877,100,1377224,1
51707.328919656,4,7839,100,1378299,-1
51708.156853867,4,7875,100,1375327,-1
51710.191549233,3,7876,100,1375028,1
51710.889185649,3,7865,100,1377307,-1
51711.455533784,1,7878,100,1370920,1
51712.668927507,5,7874,100,1379096,-1
51713.463889078,1,7879,100,1374760,1
51714.648108422,1,7880,100,1369823,1
51716.018883943,1,7881,100,1369419,1
51716.767409692,3,7880,100,1369823,1
51718.097340127,1,7882,100,1369646,1
51718.68258267,4,7877,100,1377224,1
51719.315510744,4,7871,100,1372804,1
51720.112834069,1,7883,100,1373687,-1
51720.671382435,1,7884,100,1368365,1
51721.531061498,5,7879,100,1374760,1
51722.285489065,5,7883,100,1373687,-1
51723.284092694,3,7882,100,1369646,1
51724.226465997,4,7872,100,1377748,1
51724.992851675,1,7885,100,1375764,-1
51725.657111637,1,7886,100,1375902,-1
51726.159013273,1,7887,100,1377562,-1
51726.717283328,1,7888,100,1380495,-1
51728.028744608,3,7884,100,1368365,1
51728.930256314,3,7885,100,1375764,-1
51731.3633578,4,7860,100,1373016,1
51732.173773465,1,7889,100,1371651,1
51734.181556955,1,7890,100,1379528,-1
51738.270702084,4,7861,100,1377381,-1
51739.081943681,1,7891,100,1377862,-1
51740.459377701,4,7887,100,1377562,-1
51741.876167249,4,7889,100,1371651,1
51745.543807091,1,7892,100,1375606,-1
51746.074428186,3,7890,100,1379528,-1
51747.414376735,1,7893,100,1374660,-1
51748.229827418,4,7878,100,1370920,1
51750.469254368,5,7881,100,1369419,1
51751.791134049,1,7894,100,1369468,1
51752.603292933,3,7894,100,1369468,1
51753.489326325,1,7895,100,1373561,-1
51754.329450698,4,7886,100,1375902,-1
51755.059758677,1,7896,100,1367983,1
51756.510189836,4,7896,100,1367983,1
51757.461217816,3,7888,100,1380495,-1
51758.067897438,1,7897,100,1368594,-1
51758.705308306,3,7891,100,1377862,-1
51759.959909796,3,7893,100,1374660,-1
51760.929725389,1,7898,100,1368190,1
51761.980006976,1,7899,100,1370739,-1
51763.398068938,1,7900,100,1368128,-1
51764.171729449,1,7901,100,1372942,-1
51765.557623596,1,7902,100,1373601,1
51766.53007082,1,7903,100,1370178,1
51767.541044793,1,7904,100,1370157,1
51768.185685496,3,7901,100,1372942,-1
51768.919906916,5,7892,100,1375606,-1
51769.985487815,5,7898,100,1368190,1
51771.149538322,3,7895,100,1373561,-1
51771.768637127,3,7900,100,1368128,-1
51773.867943455,1,7905,100,1371062,1
51774.397913586,1,7906,100,1371088,1
51775.688498859,3,7904,100,1370157,1
51776.243886764,5,7906,100,1371088,1
51777.228020776,4,7902,100,1373601,1
51777.851194686,1,7907,100,1373260,1
51779.323371034,3,7907,100,1373260,1
51780.089446468,1,7908,100,1374534,1
51780.635516396,5,7908,100,1374534,1
51781.64718229,1,7909,100,1375587,1
51782.88901781,1,7910,100,1378905,-1
51783.68759946,3,7905,100,1371062,1
51784.576134387,1,7911,100,1373696,1
51785.423516085,3,7910,100,1378905,-1
51786.589057897,1,7912,100,1372373,1
51787.310967524,1,7913,100,1373210,-1
51788.37634752,1,7914,100,1373338,-1
51789.00828204,1,7915,100,1376919,-1
51790.808600625,3,7914,100,1373338,-1
51791.465358446,1,7916,100,1370696,1
51792.375526937,3,7913,100,1373210,-1
51793.677595293,3,7897,100,1368594,-1
51794.288917416,5,7915,100,1376919,-1
51794.881346152,1,7917,100,1367087,1
51795.897366921,1,7918,100,1368361,1
51797.270862138,4,7918,100,1368361,1
51797.89780369,1,7919,100,1366761,1
51799.273731036,5,7916,100,1370696,1
51800.154505456,1,7920,100,1364314,1
51801.164376031,4,7919,100,1366761,1
51801.744590051,4,7909,100,1375587,1
51802.608451857,4,7903,100,1370178,1
51803.672358933,3,7899,100,1370739,-1
51804.281249233,1,7921,100,1358865,1
51805.179939788,3,7917,100,1367087,1
51805.975184378,4,7921,100,1358865,1
51808.629812461,4,7920,100,1364314,1
51809.58064201,4,7912,100,1372373,1
51810.628256319,4,7911,100,1373696,1
51811.357337161,1,7922,100,1357314,1
51813.332875474,1,7923,100,1352973,1
51815.836924073,4,7922,100,1357314,1
51817.153127984,1,7924,100,1354950,1
51818.522314026,1,7925,100,1356271,-1
51819.452621752,1,7926,100,1354095,1
51820.089514953,3,7926,100,1354095,1
51821.048722512,1,7927,100,1361888,-1
51822.488680115,3,7925,100,1356271,-1
51823.93407869,3,7927,100,1361888,-1
51825.328089722,3,7924,100,1354950,1
51826.646410911,1,7928,100,1361721,-1
51827.996118404,3,7923,100,1352973,1
51829.299952213,3,7928,100,1361721,-1
51830.288833948,1,7929,100,1364604,-1
51831.22994652,1,7930,100,1365918,-1
51832.176954927,3,7930,100,1365918,-1
51833.211551457,1,7931,100,1357951,1
51833.726963449,4,7929,100,1364604,-1
51834.380716409,3,7931,100,1357951,1
51835.444335494,1,7932,100,1360161,-1
51836.860220176,3,7932,100,1360161,-1
51837.613149797,1,7933,100,1361232,1
51838.731208383,1,7934,100,1365891,-1
51840.068640835,5,7933,100,1361232,1
51841.074196698,1,7935,100,1363475,1
51841.691864331,1,7936,100,1366512,1
51842.617623792,1,7937,100,1369398,-1
51843.957839772,3,7937,100,1369398,-1
51844.584204864,4,7934,100,1365891,-1
51845.961155178,1,7938,100,1366010,1
51847.190841605,1,7939,100,1369058,-1
51848.167212311,3,7936,100,1366512,1
51849.384607473,4,7939,100,1369058,-1
51850.589990596,3,7935,100,1363475,1
51851.486426069,4,7938,100,1366010,1
51852.58826379,1,7940,100,1369297,-1
51853.968348258,3,7940,100,1369297,-1
51854.649280096,1,7941,100,1366704,1
51855.726179932,4,7941,100,1366704,1
51856.662533065,1,7942,100,1367864,-1
51857.539683468,5,7942,100,1367864,-1
51858.345988682,1,7943,100,1365972,1
51859.245744374,1,7944,100,1368660,-1
51859.962091858,4,7943,100,1365972,1
51861.044109156,1,7945,100,1365028,1
51861.950212889,4,7945,100,1365028,1
51862.783054173,3,7944,100,1368660,-1
51863.785866849,1,7946,100,1369458,-1
51864.293425589,3,7946,100,1369458,-1
51865.313867437,1,7947,100,1366814,1
51866.368649665,3,7947,100,1366814,1
51867.167099848,1,7948,100,1365415,1
51868.565470126,3,7948,100,1365415,1
51869.451704119,1,7949,100,1367628,-1
51870.541561162,4,7949,100,1367628,-1
51871.045361253,1,7950,100,1369387,-1
51871.595165068,4,7950,100,1369387,-1
51872.109685965,1,7951,100,1368020,-1
51872.927885493,1,7952,100,1362217,1
51874.240895924,1,7953,100,1368426,-1
51875.233739388,3,7953,100,1368426,-1
51876.048597783,1,7954,100,1362781,1
51877.168288868,4,7951,100,1368020,-1
51877.78976338,3,7954,100,1362781,1
51878.813512677,1,7955,100,1369698,-1
51879.405668459,4,7955,100,1369698,-1
51880.090588373,5,7952,100,1362217,1
51881.173200716,1,7956,100,1366295,1
51881.856933782,1,7957,100,1369635,-1
51882.805231494,1,7958,100,1365225,1
51884.181944935,3,7958,100,1365225,1
51886.062573622,3,7957,100,1369635,-1
51886.552009871,3,7956,100,1366295,1
51887.757422968,1,7959,100,1370652,-1
51888.991181709,3,7959,100,1370652,-1
51889.798963585,1,7960,100,1367363,-1
51890.829200549,5,7960,100,1367363,-1
51891.855289732,1,7961,100,1366751,-1
51892.915738554,3,7961,100,1366751,-1
51893.453951855,1,7962,100,1362246,-1
51894.110234949,1,7963,100,1366852,-1
51895.104796015,3,7963,100,1366852,-1
51897.0987525,3,7962,100,1362246,-1
51897.953131082,1,7964,100,1362129,1
51899.265329117,1,7965,100,1366164,-1
51900.336687494,4,7964,100,1362129,1
51901.602656922,4,7965,100,1366164,-1
51902.96961589,1,7966,100,1357820,1
51904.234500943,3,7966,100,1357820,1
51905.243047445,1,7967,100,1363291,-1
51905.754774605,1,7968,100,1362138,1
51906.686721706,3,7967,100,1363291,-1
51907.383866519,3,7968,100,1362138,1
51907.965063966,1,7969,100,1355268,1
51909.355552565,4,7969,100,1355268,1
51910.496736863,1,7970,100,1359042,1
51911.925280416,3,7970,100,1359042,1
51912.605232049,1,7971,100,1354683,1
51913.912934617,1,7972,100,1359854,-1
51915.477003807,1,7973,100,1359810,-1
51916.533874369,4,7972,100,1359854,-1
51917.501170113,1,7974,100,1357870,-1
51918.22026362,3,7973,100,1359810,-1
51919.44673918,1,7975,100,1363842,-1
51920.230885211,1,7976,100,1355927,1
51921.488284403,1,7977,100,1362528,-1
51922.232135119,3,7976,100,1355927,1
51923.09737413,1,7978,100,1362111,-1
51923.875601701,3,7977,100,1362528,-1
51925.109897661,1,7979,100,1363204,-1
51926.058002812,1,7980,100,1362279,-1
51927.107938593,3,7975,100,1363842,-1
51927.605638957,5,7979,100,1363204,-1
51929.48809313,3,7974,100,1357870,-1
51930.557652881,1,7981,100,1360651,-1
51933.251415954,1,7982,100,1355993,1
51933.771134942,1,7983,100,1359958,1
51934.371598016,1,7984,100,1360241,-1
51935.082344269,1,7985,100,1354418,1
51936.42280138,4,7982,100,1355993,1
51937.547304571,1,7986,100,1355126,1
51938.984060901,3,7984,100,1360241,-1
51940.115413977,3,7978,100,1362111,-1
51940.877883298,1,7987,100,1354572,1
51941.624445077,1,7988,100,1358872,1
51943.724049312,3,7971,100,1354683,1
51944.874512262,3,7987,100,1354572,1
51945.425358804,4,7988,100,1358872,1
51947.189145308,3,7985,100,1354418,1
51947.90175291,5,7981,100,1360651,-1
51948.833810125,3,7983,100,1359958,1
51949.440462436,1,7989,100,1359981,1
51950.403223567,1,7990,100,1365280,-1
51953.757137489,3,7990,100,1365280,-1
51955.056380264,1,7991,100,1360285,-1
51956.189688779,3,7986,100,1355126,1
51956.947492951,1,7992,100,1364092,-1
51958.0960095,1,7993,100,1359459,1
51958.702610291,1,7994,100,1356231,1
51959.666713569,1,7995,100,1362931,-1
51960.960750685,1,7996,100,1355020,1
51961.769873157,3,7991,100,1360285,-1
51963.09965319,1,7997,100,1357722,-1
51964.417425795,1,7998,100,1356594,1
51964.898358375,4,7989,100,1359981,1
51965.964604821,3,7993,100,1359459,1
51966.787635556,1,7999,100,1354198,1
51968.223598672,1,8000,100,1350330,1
51970.366458284,3,7995,100,1362931,-1
51971.301593534,3,7997,100,1357722,-1
51972.590962814,4,7996,100,1355020,1
51974.645557622,3,7994,100,1356231,1
51975.293284044,3,7998,100,1356594,1
51976.410964731,1,8001,100,1353637,1
51977.246550819,1,8002,100,1353872,1
51978.174166049,4,7980,100,1362279,-1
51980.471117057,1,8003,100,1354457,1
51981.616288613,1,8004,100,1354928,1
51982.422289052,1,8005,100,1361136,-1
51983.822976895,1,8006,100,1358921,1
51984.394674742,4,8006,100,1358921,1
51985.761683932,3,8001,100,1353637,1
51986.757697432,1,8007,100,1357269,-1
51987.678543985,1,8008,100,1358258,-1
51988.356200283,3,8002,100,1353872,1
51989.771000417,3,7999,100,1354198,1
51990.700600738,1,8009,100,1353827,-1
51991.281792604,1,8010,100,1358524,-1
51992.138862239,5,8000,100,1350330,1
51992.868385632,1,8011,100,1352813,1
51993.498056674,3,8005,100,1361136,-1
51994.331722891,3,8011,100,1352813,1
51996.045463758,4,8008,100,1358258,-1
51996.775080391,1,8012,100,1357527,1
51997.425085942,4,8009,100,1353827,-1
51998.54671562,3,8003,100,1354457,1
52000.327987815,1,8013,100,1355357,-1
52001.295978093,1,8014,100,1359420,-1
52002.119444569,3,8013,100,1355357,-1
52003.458568177,3,8007,100,1357269,-1
52004.765804164,1,8015,100,1358374,-1
52005.853848213,3,8012,100,1357527,1
52006.456124309,1,8016,100,1354654,1
52007.304093383,3,7992,100,1364092,-1
52008.428120717,1,8017,100,1351395,1
52009.659109038,3,8016,100,1354654,1
52010.62521329,1,8018,100,1352859,1
52011.14197968,4,8015,100,1358374,-1
52011.648534699,4,8010,100,1358524,-1
52012.773806522,1,8019,100,1356999,1
52013.81983507,3,8017,100,1351395,1
52015.244611696,1,8020,100,1355000,1
52016.590323216,1,8021,100,1363331,-1
52017.606181572,5,8014,100,1359420,-1
52018.546388548,1,8022,100,1362215,-1
52019.172850348,1,8023,100,1363895,1
52020.588352314,5,8019,100,1356999,1
52021.459659323,4,8022,100,1362215,-1
52022.256084342,1,8024,100,1362607,-1
52023.057935985,1,8025,100,1370508,-1
52024.37290195,3,8020,100,1355000,1
52025.243790457,5,8004,100,1354928,1
52026.339195672,1,8026,100,1376181,-1
52027.613340584,4,8024,100,1362607,-1
52029.700879793,1,8027,100,1369917,1
52030.756116844,3,8026,100,1376181,-1
52031.353893221,1,8028,100,1374055,-1
52031.918410719,1,8029,100,1377090,-1
52033.07632854,3,8028,100,1374055,-1
52033.788457806,1,8030,100,1377127,-1
52034.747638863,4,8021,100,1363331,-1
52036.133239173,4,8025,100,1370508,-1
52037.752085301,1,8031,100,1373573,1
52038.695193327,4,8029,100,1377090,-1
52039.708697364,1,8032,100,1375949,-1
52040.771882109,1,8033,100,1368684,1
52041.40817904,1,8034,100,1371865,1
52044.150769413,1,8035,100,1366806,1
52044.906236432,5,8033,100,1368684,1
52046.083461545,1,8036,100,1372213,-1
52047.344173545,3,8023,100,1363895,1
52048.970562528,3,8027,100,1369917,1
52049.974975502,1,8037,100,1371188,-1
52051.008761543,1,8038,100,1371442,-1
52052.176163845,1,8039,100,1366895,1
52053.583176301,4,8031,100,1373573,1
52054.172953786,1,8040,100,1371291,1
52055.406357096,3,8034,100,1371865,1
52056.233161437,3,8038,100,1371442,-1
52056.955652229,1,8041,100,1365731,1
52058.016603963,3,8035,100,1366806,1
52059.280933666,3,8041,100,1365731,1
52060.052670724,3,8030,100,1377127,-1
52060.620462853,3,8018,100,1352859,1
52062.877694308,1,8042,100,1375274,-1
52063.861908136,1,8043,100,1371952,1
52064.40878093,3,8037,100,1371188,-1
52065.045727289,1,8044,100,1370002,1
52066.323815473,1,8045,100,1366920,1
52066.998898929,1,8046,100,1372114,-1
52067.907560907,1,8047,100,1371407,-1
52068.67900363,1,8048,100,1367601,1
52069.278483232,5,8036,100,1372213,-1
52070.35353044,3,8044,100,1370002,1
52071.027329077,1,8049,100,1371417,-1
52072.136751142,1,8050,100,1364019,1
52073.037620121,4,8045,100,1366920,1
52073.787626923,3,8032,100,1375949,-1
52075.034929223,5,8042,100,1375274,-1
52076.425444598,4,8039,100,1366895,1
52077.365378767,1,8051,100,1362846,1
52077.946926851,5,8040,100,1371291,1
52079.466826166,1,8052,100,1361749,1
52080.814165795,1,8053,100,1366427,1
52081.949210724,3,8051,100,1362846,1
52083.163082181,1,8054,100,1365396,-1
52084.034371815,3,8054,100,1365396,-1
52084.867303918,3,8048,100,1367601,1
52085.390280544,1,8055,100,1369400,-1
52087.917997585,3,8049,100,1371417,-1
52088.473989198,1,8056,100,1370400,1
52089.830060524,3,8050,100,1364019,1
52090.493578825,3,8046,100,1372114,-1
52090.97432963,1,8057,100,1372288,1
52092.311982608,4,8055,100,1369400,-1
52092.906733342,4,8047,100,1371407,-1
52094.228624694,3,8053,100,1366427,1
52095.207426075,1,8058,100,1373383,1
52096.827812805,3,8057,100,1372288,1
52097.629006576,5,8052,100,1361749,1
52098.480318562,4,8056,100,1370400,1
52099.643182925,1,8059,100,1375219,-1
52100.478848166,3,8059,100,1375219,-1
52101.75359183,3,8058,100,1373383,1
52102.842706017,1,8060,100,1374172,-1
52103.724395934,3,8043,100,1371952,1
52104.403887081,3,8060,100,1374172,-1
52105.159542846,1,8061,100,1378255,-1
52105.910461881,4,8061,100,1378255,-1
52106.671217892,1,8062,100,1381407,-1
52107.21570529,3,8062,100,1381407,-1
52108.395756485,1,8063,100,1378504,1
52108.970689708,1,8064,100,1382150,-1
52109.631106019,1,8065,100,1376574,1
52110.916836253,3,8063,100,1378504,1
52111.926674854,3,8064,100,1382150,-1
52112.443352156,1,8066,100,1384756,-1
52113.80083012,4,8065,100,1376574,1
52114.49010609,1,8067,100,1380096,1
52115.479682485,5,8066,100,1384756,-1
52116.475978546,5,8067,100,1380096,1
52117.44800279,1,8068,100,1385725,-1
52118.837001758,4,8068,100,1385725,-1
52119.597523837,1,8069,100,1385478,-1
52120.071318375,3,8069,100,1385478,-1
52121.440705066,1,8070,100,1382048,1
52122.247200129,3,8070,100,1382048,1
52123.439372598,1,8071,100,1383873,-1
52124.010364319,1,8072,100,1383999,-1
52124.951590158,3,8072,100,1383999,-1
52125.449752914,3,8071,100,1383873,-1
52125.946483703,1,8073,100,1384489,-1
52126.608327376,1,8074,100,1378569,1
52127.114341921,1,8075,100,1379968,-1
52127.586340849,5,8075,100,1379968,-1
52129.576301339,1,8076,100,1378054,-1
52130.425034274,3,8076,100,1378054,-1
52131.740021427,1,8077,100,1381278,-1
52132.316645751,1,8078,100,1374931,1
52133.533425887,1,8079,100,1381656,-1
52135.036928565,3,8079,100,1381656,-1
52136.395206626,5,8073,100,1384489,-1
52137.650973626,4,8077,100,1381278,-1
52139.714939315,3,8078,100,1374931,1
52140.789889538,3,8074,100,1378569,1
52142.043086441,1,8080,100,1384197,-1
52142.950548519,4,8080,100,1384197,-1
52143.638395161,1,8081,100,1380217,1
52144.8815187,3,8081,100,1380217,1
52145.624871891,1,8082,100,1379068,1
52147.507368652,4,8082,100,1379068,1
52148.021784276,1,8083,100,1379875,-1
52148.593967603,3,8083,100,1379875,-1
52149.182032502,1,8084,100,1384947,-1
52150.534648768,3,8084,100,1384947,-1
52151.483652166,1,8085,100,1382953,-1
52152.151696561,3,8085,100,1382953,-1
52152.967562647,1,8086,100,1378706,-1
52153.738103005,3,8086,100,1378706,-1
52155.021892478,1,8087,100,1381832,-1
52156.909617823,3,8087,100,1381832,-1
52157.424669926,1,8088,100,1383257,1
52158.46346711,3,8088,100,1383257,1
52158.994083089,1,8089,100,1385445,-1
52159.629068304,1,8090,100,1381581,1
52160.725280226,4,8090,100,1381581,1
52161.842451726,1,8091,100,1383775,1
52163.335831203,4,8091,100,1383775,1
52164.327771724,4,8089,100,1385445,-1
52164.981228799,1,8092,100,1383272,-1
52166.210954773,1,8093,100,1380189,1
52166.779024864,4,8092,100,1383272,-1
52167.735707553,4,8093,100,1380189,1
52168.886718277,1,8094,100,1379283,1
52170.152310461,1,8095,100,1375868,1
52172.371661989,5,8095,100,1375868,1
52173.520233793,4,8094,100,1379283,1
52174.570682515,1,8096,100,1376611,1
52175.660766503,1,8097,100,1378462,-1
52176.281123298,3,8096,100,1376611,1
52177.277939861,1,8098,100,1377569,-1
52178.322363808,1,8099,100,1376868,-1
52179.243185825,4,8098,100,1377569,-1
52180.969912973,4,8099,100,1376868,-1
52182.303686638,1,8100,100,1370824,1
52183.202688471,4,8097,100,1378462,-1
52184.350027684,3,8100,100,1370824,1
52185.541311418,1,8101,100,1375649,-1
52189.356793266,3,8101,100,1375649,-1
52190.216163685,1,8102,100,1381154,-1
52190.874346264,3,8102,100,1381154,-1
52191.926606494,1,8103,100,1377862,-1
52192.616937886,3,8103,100,1377862,-1
52193.45323287,1,8104,100,1375641,1
52193.945632903,3,8104,100,1375641,1
52195.137272653,1,8105,100,1380200,1
52195.834156581,1,8106,100,1383010,1
52196.336319453,1,8107,100,1385994,-1
52196.92808215,3,8107,100,1385994,-1
52198.255623418,4,8105,100,1380200,1
52199.597718979,1,8108,100,1387255,1
52200.5687929,1,8109,100,1391396,-1
52201.933259916,1,8110,100,1390958,-1
52202.611187012,3,8106,100,1383010,1
52203.429389111,3,8108,100,1387255,1
52204.195738196,3,8110,100,1390958,-1
52205.152762129,1,8111,100,1386221,1
52206.168247019,1,8112,100,1386583,1
52207.08478212,4,8112,100,1386583,1
52208.286322197,1,8113,100,1384702,1
52208.755688075,4,8111,100,1386221,1
52209.432822815,3,8113,100,1384702,1
52209.998698813,5,8109,100,1391396,-1
52211.011758124,1,8114,100,1383400,1
52211.503485975,1,8115,100,1387383,-1
52212.088436406,3,8115,100,1387383,-1
52214.010053739,1,8116,100,1387285,-1
52216.202215416,1,8117,100,1383026,1
52217.573455137,1,8118,100,1382230,1
52218.670139736,1,8119,100,1383228,1
52219.878076881,1,8120,100,1389869,-1
52220.415196762,1,8121,100,1389691,-1
52221.121898938,3,8116,100,1387285,-1
52222.471763842,1,8122,100,1383245,1
52223.478922906,1,8123,100,1385769,1
52224.301735057,3,8123,100,1385769,1
52225.107688067,1,8124,100,1391969,-1
52226.287152403,3,8119,100,1383228,1
52227.590304348,3,8118,100,1382230,1
52228.260316136,4,8120,100,1389869,-1
52228.824616778,1,8125,100,1390894,-1
52229.453081662,4,8124,100,1391969,-1
52230.336693605,5,8121,100,1389691,-1
52231.701864544,3,8122,100,1383245,1
52232.183344097,1,8126,100,1391848,-1
52234.482019314,3,8126,100,1391848,-1
52235.231157272,4,8125,100,1390894,-1
52236.602546828,3,8117,100,1383026,1
52237.361276298,3,8114,100,1383400,1
52238.494745841,1,8127,100,1389872,1
52239.819314506,5,8127,100,1389872,1
52241.140354086,1,8128,100,1388225,1
52241.604806344,1,8129,100,1393598,-1
52242.373561549,4,8128,100,1388225,1
52243.604946433,1,8130,100,1392367,-1
52244.227835606,1,8131,100,1391708,-1
52247.092143034,1,8132,100,1392529,-1
52249.38811589,3,8130,100,1392367,-1
52250.110402455,4,8132,100,1392529,-1
52250.61919004,3,8129,100,1393598,-1
52251.340414889,3,8131,100,1391708,-1
52252.628851207,1,8133,100,1397000,-1
52253.49124164,3,8133,100,1397000,-1
52254.725397086,1,8134,100,1392340,1
52256.108852818,1,8135,100,1389517,1
52256.9406882,4,8134,100,1392340,1
52258.253393977,4,8135,100,1389517,1
52259.036921821,1,8136,100,1397600,-1
52260.042756978,1,8137,100,1393838,1
52260.791968402,5,8136,100,1397600,-1
52262.018897063,1,8138,100,1390628,-1
52262.592390257,1,8139,100,1390686,1
52263.180068929,1,8140,100,1395658,-1
52264.338818795,1,8141,100,1394012,1
52265.572207696,4,8141,100,1394012,1
52266.74126336,5,8139,100,1390686,1
52267.713439031,1,8142,100,1392126,1
52268.256681959,1,8143,100,1392553,1
52269.452357487,1,8144,100,1397781,-1
52270.230921781,1,8145,100,1398573,-1
52271.197550563,3,8137,100,1393838,1
52271.984645192,5,8140,100,1395658,-1
52272.975332943,1,8146,100,1398626,1
52273.830708726,1,8147,100,1401522,-1
52274.57018813,3,8138,100,1390628,-1
52275.944020755,1,8148,100,1404533,-1
52276.904129407,1,8149,100,1398748,1
52278.162876542,3,8144,100,1397781,-1
52279.494414099,1,8150,100,1397275,1
52280.301924646,4,8149,100,1398748,1
52281.515231438,4,8150,100,1397275,1
52282.887259966,1,8151,100,1401926,-1
52284.953012251,1,8152,100,1401891,-1
52286.18222563,1,8153,100,1394719,1
52286.998358381,1,8154,100,1393535,1
52288.319510855,1,8155,100,1393601,1
52289.592146069,4,8146,100,1398626,1
52290.816105653,3,8151,100,1401926,-1
52291.617275691,1,8156,100,1396038,-1
52292.814442889,3,8156,100,1396038,-1
52293.964067332,4,8145,100,1398573,-1
52295.08502468,3,8142,100,1392126,1
52296.278421269,1,8157,100,1398492,1
52297.349341893,1,8158,100,1396009,1
52298.171231602,5,8157,100,1398492,1
52299.041809873,1,8159,100,1401026,1
52299.762626491,1,8160,100,1401683,-1
52300.332170561,5,8153,100,1394719,1
52301.01139135,4,8159,100,1401026,1
52302.27565716,3,8160,100,1401683,-1
52302.786486481,1,8161,100,1403151,1
52303.367635525,4,8152,100,1401891,-1
52304.728046742,5,8158,100,1396009,1
52306.087148517,3,8154,100,1393535,1
52307.041551714,3,8155,100,1393601,1
52308.400183108,3,8147,100,1401522,-1
52309.409698209,1,8162,100,1398196,1
52310.113818368,1,8163,100,1402330,-1
52310.915223916,3,8162,100,1398196,1
52312.097755007,1,8164,100,1403260,-1
52313.306436135,1,8165,100,1399662,1
52314.249452903,1,8166,100,1398568,1
52314.784788281,3,8161,100,1403151,1
52315.393960548,1,8167,100,1401601,1
52316.568399668,1,8168,100,1399995,-1
52317.761947414,5,8165,100,1399662,1
52318.252795961,1,8169,100,1403596,1
52318.947867861,1,8170,100,1398039,1
52319.771727373,1,8171,100,1401105,1
52320.625627358,3,8166,100,1398568,1
52321.375020475,4,8167,100,1401601,1
52322.540044191,1,8172,100,1404616,-1
52323.900592242,3,8148,100,1404533,-1
52325.185770387,4,8169,100,1403596,1
52326.702153876,1,8173,100,1403033,1
52327.46467278,1,8174,100,1406298,1
52328.598702892,1,8175,100,1409993,-1
52329.210617268,3,8164,100,1403260,-1
52329.825031558,3,8168,100,1399995,-1
52331.00300653,4,8172,100,1404616,-1
52332.152267735,1,8176,100,1405628,1
52333.296583826,1,8177,100,1403602,1
52334.488658425,3,8175,100,1409993,-1
52335.287996917,4,8163,100,1402330,-1
52336.537590867,3,8170,100,1398039,1
52337.150753746,4,8174,100,1406298,1
52337.765774244,1,8178,100,1404973,1
52339.111389204,3,8173,100,1403033,1
52339.641663568,4,8171,100,1401105,1
52340.817601697,3,8177,100,1403602,1
52341.850634072,3,8176,100,1405628,1
52342.677690598,4,8143,100,1392553,1
52343.466816056,1,8179,100,1411537,-1
52344.345513874,1,8180,100,1405536,1
52345.630180048,5,8178,100,1404973,1
52346.701859316,4,8180,100,1405536,1
52348.940642689,1,8181,100,1403628,-1
52349.77243553,1,8182,100,1403391,-1
52350.420738089,1,8183,100,1405778,-1
52351.404949179,1,8184,100,1405230,-1
52352.98028382,1,8185,100,1396288,1
52353.998745291,3,8179,100,1411537,-1
52355.081900223,1,8186,100,1398710,-1
52356.068392259,3,8183,100,1405778,-1
52357.05152615,3,8185,100,1396288,1
52357.660688252,3,8184,100,1405230,-1
52358.192957113,3,8181,100,1403628,-1
52358.995289763,3,8182,100,1403391,-1
52359.607229125,3,8186,100,1398710,-1
52360.180051587,1,8187,100,1392399,1
52360.987968709,1,8188,100,1393217,1
52361.44801184,5,8188,100,1393217,1
52362.179997486,4,8187,100,1392399,1
52362.992422886,1,8189,100,1398772,-1
52363.615356176,1,8190,100,1394043,1
52364.15403089,1,8191,100,1400089,-1
52365.341501361,4,8189,100,1398772,-1
52366.282896046,1,8192,100,1397874,1
52366.843756931,3,8190,100,1394043,1
52367.764712319,1,8193,100,1403653,-1
52368.789465732,1,8194,100,1400910,-1
52369.558564602,1,8195,100,1401562,-1
52371.016972425,3,8192,100,1397874,1
52372.322077984,3,8194,100,1400910,-1
52373.595089455,1,8196,100,1399451,-1
52374.866745309,1,8197,100,1395081,-1
52375.42627864,1,8198,100,1392959,1
52376.409595692,4,8198,100,1392959,1
52377.617832442,1,8199,100,1393623,-1
52378.371714876,1,8200,100,1393104,-1
52379.495363368,1,8201,100,1385937,1
52379.955267475,1,8202,100,1391169,-1
52380.503325175,5,8202,100,1391169,-1
52381.835768395,4,8200,100,1393104,-1
52382.5770971,3,8195,100,1401562,-1
52383.495386522,3,8193,100,1403653,-1
52384.404030345,1,8203,100,1393544,-1
52385.36741396,5,8199,100,1393623,-1
52386.159540559,4,8197,100,1395081,-1
52387.146125959,4,8196,100,1399451,-1
52389.052490856,1,8204,100,1391913,1
52389.927145777,5,8203,100,1393544,-1
52390.749411745,1,8205,100,1389615,1
52391.219831639,5,8205,100,1389615,1
52392.048316438,1,8206,100,1393924,1
52392.76180641,3,8201,100,1385937,1
52393.382270481,3,8191,100,1400089,-1
52394.115368982,3,8204,100,1391913,1
52394.614172329,1,8207,100,1389157,-1
52395.143237169,5,8207,100,1389157,-1
52395.778986666,1,8208,100,1391245,-1
52396.896822864,5,8206,100,1393924,1
52397.526258262,3,8208,100,1391245,-1
52398.562261342,1,8209,100,1390202,1
52399.320183513,1,8210,100,1391813,-1
52400.548194283,3,8210,100,1391813,-1
52401.062806572,4,8209,100,1390202,1
52402.103885006,1,8211,100,1394648,-1
52403.382487837,1,8212,100,1388633,-1
52404.174861088,1,8213,100,1386520,1
52404.991377874,3,8211,100,1394648,-1
52405.875249219,3,8213,100,1386520,1
52406.81939233,1,8214,100,1387857,-1
52407.613382171,4,8214,100,1387857,-1
52408.593546024,3,8212,100,1388633,-1
52409.587959337,1,8215,100,1391949,-1
52410.837352338,3,8215,100,1391949,-1
52412.097944142,1,8216,100,1395072,-1
52413.246547257,1,8217,100,1388190,1
52414.159579625,1,8218,100,1392341,1
52415.44733475,1,8219,100,1390441,1
52416.442908802,3,8216,100,1395072,-1
52417.336338086,3,8219,100,1390441,1
52417.879771723,1,8220,100,1389981,-1
52419.075527911,3,8220,100,1389981,-1
52420.244212707,1,8221,100,1392831,-1
52420.892205704,4,8221,100,1392831,-1
52422.090207031,3,8217,100,1388190,1
52423.265359657,5,8218,100,1392341,1
52423.736365968,1,8222,100,1390801,1
52425.044962247,1,8223,100,1391215,1
52425.884231519,1,8224,100,1389625,1
52427.099138844,1,8225,100,1390276,1
52427.673947125,3,8222,100,1390801,1
52428.490955174,3,8224,100,1389625,1
52429.711375766,1,8226,100,1392963,-1
52430.618465436,3,8226,100,1392963,-1
52431.663844083,3,8225,100,1390276,1
52433.849211526,4,8223,100,1391215,1
52434.708066572,1,8227,100,1395296,-1
52435.412682295,1,8228,100,1392865,1
52436.251786861,3,8228,100,1392865,1
52437.58119452,1,8229,100,1393560,1
52438.177635733,1,8230,100,1395514,1
52439.168560759,1,8231,100,1394168,1
52440.459890336,1,8232,100,1397258,-1
52441.614150536,1,8233,100,1398154,-1
52442.463067109,5,8227,100,1395296,-1
52443.636087522,3,8230,100,1395514,1
52444.229025882,1,8234,100,1402341,-1
52445.270163849,1,8235,100,1400327,-1
52446.196373537,5,8229,100,1393560,1
52446.669161465,1,8236,100,1397226,-1
52447.726068553,1,8237,100,1399308,-1
52448.202613859,3,8233,100,1398154,-1
52450.120893732,1,8238,100,1395454,1
52451.132790498,1,8239,100,1398723,-1
52452.220059576,1,8240,100,1394301,1
52453.271729223,4,8231,100,1394168,1
52454.207963898,1,8241,100,1395046,1
52455.258561105,1,8242,100,1396675,-1
52455.993230807,1,8243,100,1397016,1
52457.099147124,1,8244,100,1400535,1
52458.357230709,4,8244,100,1400535,1
52460.48930169,3,8232,100,1397258,-1
52461.020470543,3,8235,100,1400327,-1
52462.116940997,1,8245,100,1403652,1
52462.977972411,1,8246,100,1407759,1
52463.464772091,4,8234,100,1402341,-1
52464.7841801,5,8245,100,1403652,1
52466.085887971,3,8236,100,1397226,-1
52468.21616231,5,8246,100,1407759,1
52470.033170468,1,8247,100,1415129,-1
52471.266643782,1,8248,100,1417922,-1
52471.926231949,1,8249,100,1411392,1
52474.474706018,1,8250,100,1414511,1
52475.229758311,3,8240,100,1394301,1
52476.236635202,4,8247,100,1415129,-1
52476.695438167,1,8251,100,1416304,1
52477.915892196,3,8242,100,1396675,-1
52478.422825385,3,8251,100,1416304,1
52479.415496742,3,8243,100,1397016,1
52480.230309457,4,8237,100,1399308,-1
52480.74965873,3,8241,100,1395046,1
52481.778844868,1,8252,100,1418910,-1
52482.48216598,1,8253,100,1415609,1
52483.55151383,1,8254,100,1417881,1
52484.898398867,4,8239,100,1398723,-1
52485.940383213,1,8255,100,1419537,-1
52486.445156069,5,8238,100,1395454,1
52487.127260271,1,8256,100,1415976,-1
52488.541976145,1,8257,100,1409217,1
52489.34917401,4,8256,100,1415976,-1
52490.073428262,1,8258,100,1412417,1
52490.919876065,3,8254,100,1417881,1
52491.395029463,3,8248,100,1417922,-1
52492.344698434,1,8259,100,1417020,-1
52492.969326476,3,8249,100,1411392,1
52493.725927539,1,8260,100,1414972,1
52494.47879131,4,8253,100,1415609,1
52495.236328321,1,8261,100,1412885,1
52496.914837464,4,8250,100,1414511,1
52497.395969834,1,8262,100,1413843,1
52498.21768514,1,8263,100,1417480,-1
52500.963670451,1,8264,300,1412288,1
52501.680147309,1,8265,100,1410919,1
52502.506391456,4,8259,100,1417020,-1
52503.844562452,1,8266,100,1418166,-1
52504.388219216,1,8267,100,1413602,1
52504.841494179,4,8266,100,1418166,-1
52505.730913071,4,8252,100,1418910,-1
52506.36651009,3,8257,100,1409217,1
52506.926809697,4,8263,100,1417480,-1
52508.943456323,4,8260,100,1414972,1
52509.971963064,5,8258,100,1412417,1
52510.58216904,1,8268,100,1419183,-1
52511.138395116,4,8268,100,1419183,-1
52512.333177018,4,8255,100,1419537,-1
52513.229896319,1,8269,100,1417630,1
52514.000782276,1,8270,100,1417198,1
52514.474340773,3,8262,100,1413843,1
52515.812602371,1,8271,100,1423653,-1
52516.634065384,3,8269,100,1417630,1
52517.525001364,4,8267,100,1413602,1
52518.868092981,1,8272,100,1414813,1
52520.103783379,3,8261,100,1412885,1
52520.740424369,1,8273,100,1418934,-1
52521.821748026,3,8272,100,1414813,1
52522.859658743,1,8274,100,1414022,1
52524.181285828,3,8271,100,1423653,-1
52524.896234915,4,8274,100,1414022,1
52525.851375013,3,8265,100,1410919,1
52526.893648944,5,8270,100,1417198,1
52527.696514793,1,8275,100,1414334,1
52528.154905674,5,8275,100,1414334,1
52529.260040802,1,8276,100,1414196,-1
52530.077546108,1,8277,100,1414969,1
52530.927533747,4,8276,100,1414196,-1
52532.542000341,3,8273,100,1418934,-1
52533.145774479,1,8278,100,1419245,-1
52534.05384951,4,8277,100,1414969,1
52535.362466357,1,8279,100,1411814,1
52536.397077182,1,8280,100,1418697,-1
52537.192804196,4,8280,100,1418697,-1
52538.092778216,4,8278,100,1419245,-1
52538.549808162,3,8279,100,1411814,1
52539.079955895,2,8264,200,1412288,1
52539.700998847,3,8264,100,1412288,1
52540.829218896,1,8281,100,1417627,-1
52541.879697811,3,8281,100,1417627,-1
52542.65595579,1,8282,100,1416062,1
52543.252422868,1,8283,100,1415469,1
52543.926363502,1,8284,100,1414763,1
52544.687813018,5,8283,100,1415469,1
52545.723394283,3,8282,100,1416062,1
52547.850944004,1,8285,100,1420332,-1
52549.175867959,3,8284,100,1414763,1
52549.851659655,5,8285,100,1420332,-1
52550.657229268,1,8286,100,1416625,1
52551.662010217,1,8287,100,1420381,-1
52553.592358354,3,8287,100,1420381,-1
52556.035366552,1,8288,100,1411912,1
52556.839680287,1,8289,100,1412998,1
52557.734278934,1,8290,100,1417597,-1
52559.530929183,5,8286,100,1416625,1
52560.697546483,1,8291,100,1412968,1
52561.758548092,4,8290,100,1417597,-1
52563.094983967,1,8292,100,1420457,-1
52564.384368742,3,8289,100,1412998,1
52564.910156494,3,8291,100,1412968,1
52566.763189706,1,8293,100,1418977,-1
52568.960397078,4,8288,100,1411912,1
52569.584111257,3,8293,100,1418977,-1
52571.570911471,5,8292,100,1420457,-1
52572.495794522,1,8294,100,1411871,1
52573.825988335,1,8295,100,1411229,1
52574.817026768,1,8296,100,1408021,1
52575.460728739,5,8294,100,1411871,1
52576.605771763,1,8297,100,1410149,1
52577.940928715,1,8298,100,1413089,-1
52579.023744013,1,8299,100,1404613,1
52579.965623097,1,8300,100,1414498,-1
52582.045276899,3,8298,100,1413089,-1
52582.597909426,1,8301,100,1411206,-1
52583.505888601,1,8302,100,1408620,-1
52584.651649142,4,8297,100,1410149,1
52585.653260695,1,8303,100,1407938,-1
52586.129024349,3,8301,100,1411206,-1
52587.080058153,5,8295,100,1411229,1
52588.276756692,4,8302,100,1408620,-1
52589.133187147,3,8303,100,1407938,-1
52591.181885669,3,8296,100,1408021,1
52591.770344762,1,8304,100,1405209,1
52592.361569954,3,8300,100,1414498,-1
52592.943244599,1,8305,100,1405950,1
52594.254074601,5,8304,100,1405209,1
52595.14868955,1,8306,100,1413699,1
52595.622339674,3,8299,100,1404613,1
52596.93458409,1,8307,100,1413215,-1
52597.75533836,1,8308,100,1408448,1
52598.979372769,1,8309,100,1408908,1
52599.654360565,1,8310,100,1407032,1
52600.111717602,1,8311,100,1405251,1
52601.235447384,1,8312,100,1410290,-1
52601.679632193,1,8313,100,1406362,-1
52602.219800964,1,8314,100,1407179,1
52603.083451135,5,8308,100,1408448,1
52604.176093963,4,8306,100,1413699,1
52605.912311786,1,8315,100,1403707,1
52606.947448262,3,8307,100,1413215,-1
52607.738135634,1,8316,100,1408692,-1
52608.863148922,1,8317,100,1405101,1
52609.962723725,4,8309,100,1408908,1
52611.132225756,1,8318,100,1404781,1
52612.435086475,1,8319,100,1410603,-1
52615.196142388,3,8313,100,1406362,-1
52616.489063944,1,8320,100,1412568,1
52617.506195697,5,8305,100,1405950,1
52618.159188429,1,8321,100,1409177,1
52619.300036859,1,8322,100,1410953,1
52620.571399557,4,8322,100,1410953,1
52622.939515236,4,8319,100,1410603,-1
52623.502031512,5,8311,100,1405251,1
52624.129795084,5,8315,100,1403707,1
52625.31182037,1,8323,100,1414911,-1
52626.140511015,1,8324,100,1410184,1
52626.585017472,5,8323,100,1414911,-1
52627.56151593,1,8325,100,1416059,-1
52628.764465165,4,8320,100,1412568,1
52629.719475606,1,8326,100,1408048,1
52630.864557874,3,8324,100,1410184,1
52633.148873136,1,8327,100,1411442,-1
52634.307749301,1,8328,100,1407612,1
52635.373470139,4,8321,100,1409177,1
52636.122167255,1,8329,100,1401811,1
52637.320525589,3,8328,100,1407612,1
52639.491140654,3,8329,100,1401811,1
52640.477141465,1,8330,100,1402438,1
52641.594984391,4,8326,100,1408048,1
52642.639801166,5,8314,100,1407179,1
52643.389803918,1,8331,100,1404323,1
52643.836964099,4,8310,100,1407032,1
52645.084026371,3,8330,100,1402438,1
52646.274919538,3,8331,100,1404323,1
52647.417214862,5,8318,100,1404781,1
52647.963408964,4,8317,100,1405101,1
52649.058989199,4,8312,100,1410290,-1
52650.034029538,3,8316,100,1408692,-1
52651.122645546,5,8325,100,1416059,-1
52651.884942504,3,8327,100,1411442,-1
52653.050474766,1,8332,100,1406112,-1
52654.718009399,1,8333,100,1407257,-1
52656.023293906,3,8332,100,1406112,-1
52657.003232194,4,8333,100,1407257,-1
52657.475728474,1,8334,100,1402057,1
52659.213888725,1,8335,100,1405742,-1
52660.423528035,4,8335,100,1405742,-1
52661.932060141,4,8334,100,1402057,1
52662.919231438,1,8336,100,1406083,-1
52663.938974166,1,8337,100,1408879,1
52664.967409281,3,8336,100,1406083,-1
52665.418809407,3,8337,100,1408879,1
52666.085838504,1,8338,100,1402956,1
52666.682913528,4,8338,100,1402956,1
52667.511237512,1,8339,100,1408462,1
52668.579184423,1,8340,100,1404562,1
52669.476923674,1,8341,100,1410183,-1
52670.441426763,1,8342,100,1409753,-1
52671.280067024,1,8343,100,1403077,1
52672.083054199,3,8340,100,1404562,1
52673.138607004,5,8339,100,1408462,1
52674.110910916,1,8344,100,1410439,1
52674.949978345,1,8345,100,1416135,-1
52675.5562496,1,8346,100,1412085,1
52676.617323175,4,8341,100,1410183,-1
52677.617872321,3,8342,100,1409753,-1
52678.820720157,1,8347,100,1416770,-1
52679.529706788,1,8348,100,1411368,1
52680.729236963,1,8349,100,1416645,-1
52681.544888592,1,8350,100,1415185,-1
52683.41517824,1,8351,100,1410672,1
52684.189694773,3,8350,100,1415185,-1
52685.441042655,1,8352,100,1415801,-1
52687.114265313,1,8353,100,1413182,1
52687.5701335,3,8344,100,1410439,1
52688.171129108,3,8348,100,1411368,1
52689.433487477,1,8354,100,1409022,1
52690.619414828,4,8353,100,1413182,1
52691.355689196,1,8355,100,1412832,-1
52692.065357416,3,8354,100,1409022,1
52692.891843833,4,8349,100,1416645,-1
52693.943473083,3,8355,100,1412832,-1
52694.400937725,5,8346,100,1412085,1
52695.331288928,1,8356,100,1415759,-1
52696.529065459,3,8347,100,1416770,-1
52697.27530908,3,8352,100,1415801,-1
52698.483137331,4,8345,100,1416135,-1
52700.402330489,1,8357,100,1419172,1
52701.102906895,3,8351,100,1410672,1
52701.596730527,3,8343,100,1403077,1
52702.346396176,1,8358,100,1419007,-1
52703.566059681,1,8359,100,1420944,-1
52704.158266199,5,8358,100,1419007,-1
52704.793989489,4,8357,100,1419172,1
52706.103339455,1,8360,100,1418478,-1
52707.052502758,1,8361,100,1415822,1
52708.141579791,1,8362,100,1418964,-1
52708.61423604,3,8361,100,1415822,1
52709.124735367,3,8362,100,1418964,-1
52710.058119881,1,8363,100,1413620,-1
52711.174856566,4,8363,100,1413620,-1
52712.109111207,1,8364,100,1413989,-1
52712.86908555,1,8365,100,1414908,-1
52713.897630008,1,8366,100,1415651,-1
52714.916263712,4,8360,100,1418478,-1
52716.14906337,4,8365,100,1414908,-1
52717.162004998,1,8367,100,1418106,-1
52718.262706686,4,8366,100,1415651,-1
52719.022275957,5,8359,100,1420944,-1
52719.967994235,4,8364,100,1413989,-1
52721.150379536,4,8356,100,1415759,-1
52722.132745496,5,8367,100,1418106,-1
52723.079993575,1,8368,100,1416998,1
52723.867475791,1,8369,100,1418968,-1
52724.996105107,1,8370,100,1417220,-1
52725.505728203,4,8370,100,1417220,-1
52726.355343318,1,8371,100,1413507,1
52727.644214181,1,8372,100,1418601,-1
52728.878706462,3,8369,100,1418968,-1
52729.901508893,5,8372,100,1418601,-1
52730.373212306,1,8373,100,1418136,1
52731.006650091,3,8371,100,1413507,1
52732.142025157,3,8373,100,1418136,1
52733.321172631,1,8374,100,1412203,1
52733.991704849,4,8368,100,1416998,1
52735.07634546,1,8375,100,1414316,1
52735.630775291,3,8375,100,1414316,1
52736.440953565,1,8376,100,1414822,-1
52737.532297158,1,8377,100,1418865,-1
52738.34033258,4,8377,100,1418865,-1
52739.148296431,1,8378,100,1419984,-1
52739.809808697,4,8376,100,1414822,-1
52740.514327207,1,8379,100,1422671,-1
52741.070977829,1,8380,100,1419433,1
52741.768619289,4,8380,100,1419433,1
52743.902031045,1,8381,100,1424319,-1
52745.001791831,4,8381,100,1424319,-1
52745.460799683,1,8382,100,1422430,1
52746.620168431,4,8379,100,1422671,-1
52747.68804324,5,8378,100,1419984,-1
52750.081246027,1,8383,100,1416851,1
52751.221216775,3,8382,100,1422430,1
52751.668909206,5,8383,100,1416851,1
52753.398373339,4,8374,100,1412203,1
52754.280305406,1,8384,100,1416649,1
52755.244125405,4,8384,100,1416649,1
52756.249054846,1,8385,100,1415531,-1
52756.702435067,1,8386,100,1419647,-1
52757.627787662,1,8387,200,1415904,1
52758.593201453,1,8388,100,1418628,1
52759.632845141,5,8386,100,1419647,-1
52760.070932326,3,8388,100,1418628,1
52761.155527769,3,8385,100,1415531,-1
52762.223072125,1,8389,100,1420342,-1
52763.068155548,1,8390,100,1422029,-1
52764.273694069,3,8387,200,1415904,1
52765.301749801,3,8390,100,1422029,-1
52765.916979548,1,8391,100,1412959,1
52767.708802015,4,8391,100,1412959,1
52768.980191878,3,8389,100,1420342,-1
52769.816392132,1,8392,100,1416855,1
52770.80886792,1,8393,100,1420808,-1
52771.737418293,5,8392,100,1416855,1
52772.881084554,5,8393,100,1420808,-1
52773.627761158,1,8394,100,1423151,-1
52774.834745825,4,8394,100,1423151,-1
52775.859789983,1,8395,100,1424848,-1
52776.92541099,4,8395,100,1424848,-1
52778.169978108,1,8396,100,1420328,1
52779.015934223,1,8397,100,1424119,-1
52779.667075555,1,8398,100,1420547,1
52780.484807441,3,8398,100,1420547,1
52781.341451174,3,8397,100,1424119,-1
52781.948540242,3,8396,100,1420328,1
52782.573531241,1,8399,100,1418287,1
52783.491146641,1,8400,100,1421415,-1
52785.391245074,1,8401,100,1425495,-1
52786.488165005,4,8401,100,1425495,-1
52787.537848745,3,8400,100,1421415,-1
52788.178563093,1,8402,100,1427087,-1
52788.931713143,1,8403,100,1423404,-1
52789.993902471,1,8404,100,1419778,-1
52790.767548459,1,8405,100,1422461,-1
52791.774748529,1,8406,100,1417905,1
52792.835281727,1,8407,100,1422678,-1
52794.789370492,1,8408,100,1418309,1
52796.084048379,3,8408,100,1418309,1
52797.284209101,1,8409,100,1416892,1
52799.433266537,1,8410,100,1422547,-1
52800.598050254,3,8403,100,1423404,-1
52801.89041699,3,8399,100,1418287,1
52802.978256224,1,8411,100,1422275,-1
52803.61922301,3,8405,100,1422461,-1
52804.308955435,1,8412,100,1423940,-1
52805.177738457,1,8413,100,1419085,1
52806.111275662,3,8402,100,1427087,-1
52806.999805698,4,8404,100,1419778,-1
52808.139546955,3,8407,100,1422678,-1
52808.876757641,1,8414,100,1416441,1
52810.556693283,1,8415,100,1413937,1
52811.298985479,1,8416,100,1414460,1
52812.396502463,4,8406,100,1417905,1
52813.090385526,1,8417,100,1411712,1
52813.89642386,1,8418,100,1414764,1
52815.889587877,3,8414,100,1416441,1
52816.52459812,1,8419,100,1416499,1
52817.542923816,3,8418,100,1414764,1
52818.000058879,3,8411,100,1422275,-1
52818.916630614,1,8420,100,1421469,-1
52819.927199641,1,8421,100,1421818,-1
52820.63620356,3,8413,100,1419085,1
52821.134553562,1,8422,100,1419049,-1
52822.179800153,4,8419,100,1416499,1
52823.814578199,1,8423,100,1419552,1
52824.364675251,5,8412,100,1423940,-1
52825.616689988,4,8422,100,1419049,-1
52826.476206579,1,8424,100,1417321,1
52827.217421534,1,8425,100,1423207,-1
52828.354881627,1,8426,100,1418131,-1
52829.537936827,1,8427,100,1417690,1
52830.443456417,3,8417,100,1411712,1
52831.846719925,1,8428,100,1420208,-1
52832.321074466,1,8429,100,1423454,-1
52833.509967255,1,8430,100,1421813,-1
52834.409206122,1,8431,100,1418608,1
52836.308424786,3,8426,100,1418131,-1
52837.174704567,4,8428,100,1420208,-1
52839.108869815,1,8432,100,1417359,1
52841.616863459,3,8415,100,1413937,1
52842.515563996,3,8429,100,1423454,-1
52843.052816179,1,8433,100,1415469,1
52844.043482426,3,8425,100,1423207,-1
52844.964867736,5,8421,100,1421818,-1
52845.454547212,1,8434,100,1420583,1
52847.62138908,5,8434,100,1420583,1
52848.555012589,5,8427,100,1417690,1
52849.666013166,4,8420,100,1421469,-1
52850.46498208,3,8432,100,1417359,1
52851.723640128,1,8435,100,1427396,-1
52852.979515613,3,8431,100,1418608,1
52854.216719068,3,8416,100,1414460,1
52854.913906377,3,8435,100,1427396,-1
52857.114525343,3,8423,100,1419552,1
52857.74291247,4,8430,100,1421813,-1
52858.341763995,5,8433,100,1415469,1
52859.512470707,1,8436,100,1422895,-1
52860.251889645,4,8410,100,1422547,-1
52862.414291001,3,8436,100,1422895,-1
52863.626897884,1,8437,100,1422907,-1
52864.063139844,1,8438,100,1418119,1
52864.59161051,4,8437,100,1422907,-1
52865.642816554,1,8439,100,1421792,1
52866.785536261,1,8440,100,1425581,-1
52867.630326861,1,8441,100,1418248,1
52868.087638663,1,8442,100,1417814,1
52868.528473448,3,8441,100,1418248,1
52870.566141013,4,8439,100,1421792,1
52871.335543087,5,8442,100,1417814,1
52872.382263935,5,8409,100,1416892,1
52873.261198534,5,8438,100,1418119,1
52874.21008041,3,8440,100,1425581,-1
52875.107689654,1,8443,100,1419759,1
52876.319654536,4,8443,100,1419759,1
52877.145228395,1,8444,100,1424010,-1
52878.267758315,1,8445,100,1423708,-1
52879.363220053,1,8446,100,1422535,1
52880.597113052,3,8424,100,1417321,1
52882.654179345,5,8444,100,1424010,-1
52884.192618674,3,8445,100,1423708,-1
52885.088899327,4,8446,100,1422535,1
52885.986468832,1,8447,100,1416608,1
52887.071771485,4,8447,100,1416608,1
52888.06418829,1,8448,100,1421589,-1
52888.761545668,3,8448,100,1421589,-1
52889.733618636,1,8449,100,1422766,-1
52891.315982499,1,8450,100,1425055,-1
52891.92889602,1,8451,100,1423880,-1
52892.462913953,1,8452,100,1419101,-1
52893.680562416,3,8450,100,1425055,-1
52895.51820876,4,8452,100,1419101,-1
52896.26945892,3,8449,100,1422766,-1
52897.109395436,3,8451,100,1423880,-1
52898.334660311,1,8453,100,1420216,1
52899.220001202,1,8454,100,1420484,1
52900.490813579,3,8454,100,1420484,1
52901.280781323,3,8453,100,1420216,1
52901.822952648,1,8455,100,1426686,-1
52902.798044426,1,8456,100,1420164,1
52904.941635074,3,8455,100,1426686,-1
52906.172689793,3,8456,100,1420164,1
52907.291651095,1,8457,100,1421674,-1
52908.501245448,3,8457,100,1421674,-1
52908.989632431,1,8458,100,1423796,-1
52910.856586139,5,8458,100,1423796,-1
52911.5315594,1,8459,100,1424430,-1
52911.963059446,1,8460,100,1422601,1
52912.698316204,4,8460,100,1422601,1
52913.53946945,1,8461,100,1419587,1
52914.812338953,4,8459,100,1424430,-1
52915.567063217,1,8462,100,1419192,1
52916.035515519,4,8462,100,1419192,1
52916.932578728,1,8463,100,1423161,1
52917.823687245,1,8464,100,1427180,1
52918.461308972,4,8464,100,1427180,1
52919.441210002,3,8461,100,1419587,1
52920.235891245,3,8463,100,1423161,1
52921.18995326,1,8465,100,1426061,-1
52921.885944218,3,8465,100,1426061,-1
52922.56138354,1,8466,100,1423317,1
52923.472831542,1,8467,100,1424372,-1
52923.997869529,1,8468,100,1425494,-1
52925.045611288,3,8468,100,1425494,-1
52927.176314898,1,8469,100,1417530,1
52928.294935844,4,8469,100,1417530,1
52929.215801943,1,8470,100,1422375,-1
52930.203255777,3,8470,100,1422375,-1
52931.190762894,1,8471,100,1423655,-1
52932.191963509,3,8467,100,1424372,-1
52932.924418285,4,8466,100,1423317,1
52933.862415341,1,8472,100,1420270,1
52934.431374325,1,8473,100,1422975,-1
52934.890777021,4,8473,100,1422975,-1
52936.066796755,1,8474,200,1429919,-1
52937.256462585,1,8475,100,1425924,-1
52937.990773596,1,8476,100,1426589,-1
52938.569067644,1,8477,100,1421494,1
52939.670403067,4,8471,100,1423655,-1
52940.296621318,4,8477,100,1421494,1
52940.831743855,3,8472,100,1420270,1
52941.273192827,1,8478,100,1420516,1
52942.204383486,5,8478,100,1420516,1
52943.342566226,2,8474,100,1429919,-1
52944.30560832,1,8479,100,1421786,-1
52945.37882059,1,8480,100,1415169,1
52946.008566115,3,8479,100,1421786,-1
52946.597071982,4,8480,100,1415169,1
52947.080518963,3,8474,100,1429919,-1
52947.812883324,3,8476,100,1426589,-1
52948.859057241,4,8475,100,1425924,-1
52950.046659902,1,8481,100,1416239,-1
52950.871627511,1,8482,100,1411580,1
52951.576853594,1,8483,100,1410552,1
52952.465058911,3,8481,100,1416239,-1
52953.05857314,3,8483,100,1410552,1
52954.104339439,1,8484,100,1419874,-1
52954.981452113,4,8484,100,1419874,-1
52955.777700284,5,8482,100,1411580,1
52956.950821412,1,8485,100,1416965,1
52959.224677734,3,8485,100,1416965,1
52960.2287569,1,8486,100,1416347,-1
52960.888468406,1,8487,100,1413951,-1
52962.623032645,1,8488,100,1413965,-1
52963.609428205,1,8489,100,1417608,-1
52964.836391551,4,8487,100,1413951,-1
52965.834786745,1,8490,100,1418255,-1
52966.578018023,4,8488,100,1413965,-1
52967.758150126,1,8491,100,1414015,-1
52968.404062724,3,8490,100,1418255,-1
52969.436534614,1,8492,100,1415718,-1
52970.343181964,1,8493,100,1416515,1
52970.977976849,5,8492,100,1415718,-1
52971.418865422,3,8493,100,1416515,1
52972.360647132,3,8486,100,1416347,-1
52973.321618726,5,8491,100,1414015,-1
52973.95693115,5,8489,100,1417608,-1
52975.124385337,1,8494,100,1418575,1
52975.788208051,1,8495,100,1418009,1
52976.888282641,1,8496,100,1422364,1
52977.68474329,3,8494,100,1418575,1
52979.35277329,3,8496,100,1422364,1
52981.159398095,4,8495,100,1418009,1
52981.84168993,1,8497,100,1418168,1
52982.946066769,4,8497,100,1418168,1
52984.016173208,1,8498,100,1415068,1
52985.082535787,4,8498,100,1415068,1
52985.9973513,1,8499,100,1422569,-1
52986.684125313,3,8499,100,1422569,-1
52987.135051055,1,8500,100,1422116,-1
52988.236771335,3,8500,100,1422116,-1
52988.692348546,1,8501,100,1423251,-1
52989.505517379,4,8501,100,1423251,-1
52990.292633667,1,8502,100,1420963,1
52991.307645496,3,8502,100,1420963,1
52992.128278346,1,8503,100,1421182,1
52992.589429635,1,8504,100,1427929,-1
52993.50857152,1,8505,100,1424163,-1
52994.582359872,1,8506,100,1421028,1
52995.075917799,4,8505,100,1424163,-1
52995.992334296,3,8506,100,1421028,1
52997.148514726,3,8504,100,1427929,-1
52998.345834213,5,8503,100,1421182,1
52999.010686539,1,8507,100,1423575,-1
52999.479364301,1,8508,100,1419671,1
53001.523585118,4,8507,100,1423575,-1
53002.494972396,5,8508,100,1419671,1
53003.263481334,1,8509,100,1427948,1
53004.456419642,4,8509,100,1427948,1
53005.087727662,1,8510,100,1426656,1
53005.604168013,3,8510,100,1426656,1
53006.543502532,1,8511,100,1431860,-1
53008.346128888,5,8511,100,1431860,-1
53009.364151705,1,8512,100,1427225,1
53010.25464468,1,8513,100,1425579,1
53010.684969164,1,8514,100,1429799,1
53011.346276652,3,8514,100,1429799,1
53012.273419423,1,8515,100,1426369,1
53012.898238393,1,8516,100,1432275,-1
53014.74134778,1,8517,100,1428557,1
53015.833740954,1,8518,100,1432256,-1
53016.952634374,4,8517,100,1428557,1
53017.689309169,4,8518,100,1432256,-1
53018.895382895,1,8519,100,1432858,-1
53019.573597556,1,8520,100,1428463,1
53020.056639173,1,8521,100,1431298,-1
53020.576276113,1,8522,100,1430526,-1
53022.180652468,1,8523,100,1427378,1
53023.05698437,1,8524,100,1430474,-1
53023.954129933,1,8525,100,1428507,1
53024.501288601,1,8526,100,1432035,-1
53025.110614283,1,8527,100,1427198,1
53026.33212188,1,8528,100,1425756,1
53027.046275188,1,8529,100,1427079,1
53028.116914039,1,8530,100,1427503,1
53028.583301989,1,8531,100,1431523,-1
53029.575739132,3,8512,100,1427225,1
53030.746250986,3,8530,100,1427503,1
53031.482906003,4,8516,100,1432275,-1
53032.46240806,4,8524,100,1430474,-1
53033.697713725,3,8521,100,1431298,-1
53034.304229468,3,8529,100,1427079,1
53034.804183341,1,8532,100,1432893,-1
53036.522164759,1,8533,100,1433403,1
53037.508923451,1,8534,100,1430516,1
53038.678403104,3,8527,100,1427198,1
53039.446141512,1,8535,100,1437523,-1
53039.887428455,1,8536,100,1431245,1
53040.792606525,1,8537,100,1431673,1
53041.807007844,3,8528,100,1425756,1
53042.874631647,4,8532,100,1432893,-1
53043.976865103,1,8538,100,1436393,-1
53044.685668172,1,8539,100,1433482,1
53046.062746797,1,8540,100,1432373,1
53047.390991704,4,8526,100,1432035,-1
53048.256540485,1,8541,100,1430691,1
53049.412861042,3,8513,100,1425579,1
53049.883652159,3,8522,100,1430526,-1
53050.363069832,3,8541,100,1430691,1
53053.700815442,3,8539,100,1433482,1
53054.230371074,1,8542,100,1428828,1
53055.002454968,1,8543,100,1429359,1
53055.467515806,3,8533,100,1433403,1
53056.241514899,4,8534,100,1430516,1
53057.086126819,3,8543,100,1429359,1
53057.898147826,4,8525,100,1428507,1
53058.550290753,1,8544,100,1429524,1
53059.460978027,3,8538,100,1436393,-1
53060.156611815,1,8545,100,1429487,-1
53060.901515232,5,8531,100,1431523,-1
53061.370222655,3,8545,100,1429487,-1
53063.037936014,3,8535,100,1437523,-1
53063.853464039,4,8540,100,1432373,1
53064.364868957,3,8537,100,1431673,1
53065.260120042,3,8542,100,1428828,1
53066.459295079,4,8536,100,1431245,1
53067.01414391,1,8546,100,1428177,1
53068.216098325,5,8523,100,1427378,1
53069.068029109,3,8544,100,1429524,1
53069.589931502,3,8520,100,1428463,1
53070.107858963,4,8546,100,1428177,1
53070.552230901,1,8547,100,1431038,1
53071.665437069,1,8548,100,1427033,1
53072.155709353,1,8549,100,1427237,1
53072.842874325,4,8547,100,1431038,1
53073.437710109,1,8550,100,1433907,-1
53074.408557086,1,8551,100,1431089,1
53075.448065736,3,8549,100,1427237,1
53076.731667293,1,8552,100,1427108,1
53077.260552537,3,8548,100,1427033,1
53078.126263539,5,8551,100,1431089,1
53078.6892325,1,8553,100,1426682,1
53079.779044449,1,8554,100,1421811,1
53080.598148426,1,8555,100,1430312,-1
53081.65091075,5,8550,100,1433907,-1
53082.973159846,1,8556,100,1436112,-1
53083.810536677,3,8554,100,1421811,1
53084.953838512,3,8519,100,1432858,-1
53085.47430962,3,8515,100,1426369,1
53086.29261983,3,8553,100,1426682,1
53087.480147887,5,8555,100,1430312,-1
53087.965663028,3,8556,100,1436112,-1
53088.60577859,1,8557,100,1433937,-1
53089.463361858,1,8558,100,1430780,-1
53090.337321978,3,8557,100,1433937,-1
53091.192202582,3,8552,100,1427108,1
53092.2730504,4,8558,100,1430780,-1
53092.986858489,1,8559,100,1437419,-1
53093.681904647,3,8559,100,1437419,-1
53094.595710447,1,8560,100,1441207,-1
53095.084476471,3,8560,100,1441207,-1
53096.159317608,1,8561,100,1438183,-1
53096.83962098,1,8562,100,1433497,1
53097.440105485,1,8563,100,1435007,1
53098.410213116,3,8562,100,1433497,1
53099.51051366,3,8561,100,1438183,-1
53100.685594432,4,8563,100,1435007,1
53101.898842252,1,8564,100,1439274,-1
53102.884130047,3,8564,100,1439274,-1
53103.364050338,1,8565,100,1437399,1
53104.440595038,1,8566,100,1440139,-1
53105.402595543,3,8566,100,1440139,-1
53106.159102642,4,8565,100,1437399,1
53106.705197546,1,8567,100,1442300,-1
53107.67017197,4,8567,100,1442300,-1
53108.807737661,1,8568,100,1442574,-1
53109.445365633,3,8568,100,1442574,-1
53109.938422989,1,8569,100,1438222,1
53110.9459807,1,8570,100,1443183,-1
53111.643176675,4,8570,100,1443183,-1
53112.172255312,4,8569,100,1438222,1
53112.703017773,1,8571,100,1441870,-1
53113.612375766,1,8572,100,1435770,1
53114.250166581,1,8573,100,1436514,-1
53114.969655322,1,8574,100,1440844,-1
53116.210619925,4,8572,100,1435770,1
53117.229327242,3,8574,100,1440844,-1
53118.149586771,1,8575,100,1441677,-1
53118.734312096,1,8576,100,1439085,1
53119.912445865,1,8577,100,1438158,1
53120.543332127,1,8578,100,1438088,1
53121.13472124,1,8579,100,1442279,1
53121.988424478,1,8580,100,1441949,-1
53122.878238896,3,8580,100,1441949,-1
53123.41933364,3,8578,100,1438088,1
53124.574183074,3,8577,100,1438158,1
53125.737907439,1,8581,100,1436201,1
53126.455059699,3,8573,100,1436514,-1
53128.610820496,3,8571,100,1441870,-1
53129.693181232,4,8575,100,1441677,-1
53130.480465577,3,8581,100,1436201,1
53131.624552198,3,8576,100,1439085,1
53133.724601329,4,8579,100,1442279,1
53134.915173445,1,8582,100,1444495,1
53135.413922914,4,8582,100,1444495,1
53136.277073668,1,8583,100,1448027,-1
53137.335440149,3,8583,100,1448027,-1
53138.345071511,1,8584,100,1448964,-1
53139.221983754,3,8584,100,1448964,-1
53140.014396033,1,8585,100,1444015,1
53141.054283961,1,8586,100,1449602,-1
53143.095309523,1,8587,100,1448320,-1
53144.319061767,5,8585,100,1444015,1
53145.010123559,1,8588,100,1449603,-1
53146.182031634,1,8589,100,1445857,1
53146.648378287,1,8590,100,1448856,-1
53147.67145086,1,8591,100,1445907,1
53148.903126446,3,8588,100,1449603,-1
53149.98015027,3,8589,100,1445857,1
53150.580264902,3,8591,100,1445907,1
53151.303182875,1,8592,100,1452663,-1
53152.043952187,1,8593,100,1448587,1
53153.772898423,1,8594,100,1445239,1
53154.422535124,1,8595,100,1444698,1
53155.348217198,3,8593,100,1448587,1
53156.242648069,4,8587,100,1448320,-1
53157.46113597,3,8590,100,1448856,-1
53158.125150001,3,8586,100,1449602,-1
53159.264403583,1,8596,100,1443659,-1
53161.256409304,3,8594,100,1445239,1
53162.974732028,4,8595,100,1444698,1
53164.168455287,3,8596,100,1443659,-1
53165.173628275,1,8597,100,1441178,-1
53165.639571122,3,8597,100,1441178,-1
53166.737973275,3,8592,100,1452663,-1
53167.613194783,1,8598,100,1439272,-1
53168.139417414,3,8598,100,1439272,-1
53168.878492167,1,8599,100,1435579,1
53169.366194126,4,8599,100,1435579,1
53170.074905718,1,8600,100,1437409,-1
53170.848237821,1,8601,100,1438245,-1
53172.059124574,1,8602,100,1436474,1
53172.506761332,1,8603,100,1439068,-1
53173.576785751,1,8604,100,1439113,-1
53174.198889559,1,8605,100,1440309,-1
53176.135802958,3,8600,100,1437409,-1
53178.498525533,3,8603,100,1439068,-1
53179.3777046,4,8605,100,1440309,-1
53181.08830216,1,8606,100,1440481,1
53182.489359656,3,8606,100,1440481,1
53183.20482158,1,8607,100,1443844,1
53183.672319679,1,8608,100,1441460,1
53184.510764499,5,8604,100,1439113,-1
53184.973386775,1,8609,100,1447916,-1
53185.698890346,1,8610,100,1444107,-1
53186.349965201,1,8611,100,1446903,-1
53186.924779408,3,8610,100,1444107,-1
53187.654995306,1,8612,100,1439431,1
53188.573061286,5,8607,100,1443844,1
53189.494491396,1,8613,100,1442039,1
53190.191088774,3,8612,100,1439431,1
53190.684016187,3,8613,100,1442039,1
53191.519715592,1,8614,100,1446910,-1
53192.472794237,3,8614,100,1446910,-1
53193.079778632,1,8615,100,1440005,1
53193.622486333,1,8616,100,1446065,-1
53194.277232638,1,8617,100,1444893,1
53194.733099687,4,8617,100,1444893,1
53195.632846913,1,8618,100,1444220,-1
53196.858798886,5,8601,100,1438245,-1
53197.860962802,3,8602,100,1436474,1
53198.976681087,3,8608,100,1441460,1
53199.798193256,1,8619,100,1447970,-1
53201.262150885,5,8618,100,1444220,-1
53201.894026126,3,8611,100,1446903,-1
53202.812568607,3,8619,100,1447970,-1
53204.339021867,1,8620,100,1446854,-1
53205.27231212,5,8616,100,1446065,-1
53206.468581311,1,8621,100,1440309,1
53207.362787216,1,8622,100,1444731,-1
53207.975816481,3,8621,100,1440309,1
53208.486581437,4,8615,100,1440005,1
53209.310942757,1,8623,100,1442655,-1
53210.101085697,1,8624,100,1438166,1
53211.210809523,3,8609,100,1447916,-1
53212.158245102,4,8624,100,1438166,1
53213.355028292,1,8625,100,1433187,1
53214.297504489,3,8622,100,1444731,-1
53215.437503276,1,8626,100,1435463,1
53216.518298045,3,8625,100,1433187,1
53217.161259004,3,8623,100,1442655,-1
53217.784380302,1,8627,100,1434413,1
53218.723001975,1,8628,100,1434253,-1
53219.467926059,4,8626,100,1435463,1
53220.042282908,1,8629,200,1430938,1
53220.587884964,1,8630,100,1432930,1
53221.270426629,1,8631,100,1434281,1
53221.932223136,1,8632,100,1433516,1
53222.654234738,1,8633,100,1431660,1
53223.874260618,1,8634,100,1435366,-1
53224.342278538,4,8627,100,1434413,1
53225.150776911,1,8635,100,1433579,-1
53225.884307595,3,8628,100,1434253,-1
53226.335708897,1,8636,100,1435592,-1
53227.493832763,1,8637,100,1434784,1
53228.434012392,3,8620,100,1446854,-1
53229.654651719,5,8634,100,1435366,-1
53230.571063862,3,8629,200,1430938,1
53231.018980975,4,8637,100,1434784,1
53231.47348094,3,8633,100,1431660,1
53232.198378333,3,8635,100,1433579,-1
53233.031864751,3,8630,100,1432930,1
53233.488694117,5,8631,100,1434281,1
53234.516384775,3,8632,100,1433516,1
53235.712346633,1,8638,100,1433825,1
53236.80305503,1,8639,100,1433316,-1
53237.674481612,3,8638,100,1433825,1
53238.500281744,1,8640,100,1427327,1
53239.670052957,3,8640,100,1427327,1
53240.588332749,5,8639,100,1433316,-1
53241.508227663,4,8636,100,1435592,-1
53242.580296689,1,8641,200,1426614,1
53243.447738617,5,8641,100,1426614,1
53244.100460177,4,8641,100,1426614,1
53244.642837795,1,8642,100,1431115,1
53245.396048894,4,8642,100,1431115,1
53246.176480216,1,8643,100,1431730,-1
53247.143090327,3,8643,100,1431730,-1
53247.705174251,1,8644,100,1431536,-1
53248.526854875,4,8644,100,1431536,-1
53249.341449467,1,8645,100,1429761,-1
53250.546242386,3,8645,100,1429761,-1
53251.443207417,1,8646,100,1430546,-1
53252.385890007,1,8647,100,1427822,1
53253.039998699,1,8648,100,1432913,-1
53254.219905917,1,8649,100,1428244,1
53255.917549404,4,8646,100,1430546,-1
53256.885722628,1,8650,100,1428735,1
53257.511108729,1,8651,100,1434479,-1
53258.31271016,1,8652,100,1428960,1
53259.208166356,3,8649,100,1428244,1
53260.268796778,1,8653,100,1434594,-1
53261.373820593,1,8654,100,1434937,-1
53261.871687337,4,8648,100,1432913,-1
53262.807867747,3,8653,100,1434594,-1
53263.351139011,1,8655,200,1430675,1
53264.200160057,1,8656,100,1433751,-1
53265.310354698,3,8651,100,1434479,-1
53266.033918647,1,8657,100,1438623,-1
53266.715371183,3,8647,100,1427822,1
53267.526261955,3,8657,100,1438623,-1
53268.286206656,1,8658,100,1434262,1
53269.106761425,4,8656,100,1433751,-1
53270.077911181,1,8659,100,1436254,1
53271.16745369,3,8652,100,1428960,1
53272.211118147,5,8659,100,1436254,1
53273.294871677,4,8658,100,1434262,1
53274.320809868,1,8660,100,1437147,-1
53275.198395944,1,8661,100,1435009,-1
53276.933823527,3,8660,100,1437147,-1
53277.625521421,1,8662,100,1435771,-1
53278.225745672,1,8663,100,1437607,-1
53278.663199173,3,8650,100,1428735,1
53279.406795432,3,8663,100,1437607,-1
53280.909164779,5,8661,100,1435009,-1
53281.761750651,1,8664,100,1435884,1
53282.607154462,2,8655,100,1430675,1
53283.488250047,3,8655,100,1430675,1
53284.658151563,5,8662,100,1435771,-1
53285.168289684,1,8665,100,1435690,-1
53285.753391376,1,8666,100,1438696,-1
53287.966056772,1,8667,100,1435975,-1
53289.367712691,1,8668,100,1439384,-1
53290.073559639,3,8654,100,1434937,-1
53290.850655568,1,8669,100,1430440,1
53291.932452656,4,8664,100,1435884,1
53293.076968405,4,8667,100,1435975,-1
53293.860665268,1,8670,100,1431762,1
53296.074209917,1,8671,100,1430914,-1
53296.677274004,4,8669,100,1430440,1
53297.274975895,4,8671,100,1430914,-1
53298.117202209,3,8670,100,1431762,1
53299.200752774,3,8668,100,1439384,-1
53299.767147675,1,8672,100,1430343,-1
53300.931980971,3,8672,100,1430343,-1
53301.655310923,3,8665,100,1435690,-1
53302.749217631,3,8666,100,1438696,-1
53303.79425493,1,8673,100,1430886,1
53304.751043909,4,8673,100,1430886,1
53305.816091074,1,8674,100,1431553,-1
53306.9950194,1,8675,100,1429634,1
53307.734822375,4,8674,100,1431553,-1
53308.674281911,1,8676,100,1433220,-1
53309.342369666,1,8677,100,1432051,-1
53309.975381767,1,8678,100,1428929,-1
53311.179467066,1,8679,100,1428492,1
53312.19553899,5,8676,100,1433220,-1
53313.733194951,3,8677,100,1432051,-1
53314.364958419,1,8680,100,1433856,-1
53316.703995683,1,8681,100,1427538,-1
53317.605395481,4,8681,100,1427538,-1
53318.56665962,1,8682,100,1431040,-1
53319.594152604,4,8678,100,1428929,-1
53320.055215332,5,8680,100,1433856,-1
53320.75296843,3,8679,100,1428492,1
53321.387346223,1,8683,100,1432345,-1
53322.224047327,4,8682,100,1431040,-1
53322.829316329,3,8683,100,1432345,-1
53323.686012035,1,8684,100,1430380,-1
53324.618096862,1,8685,100,1434278,-1
53325.468326991,4,8675,100,1429634,1
53326.270638585,3,8685,100,1434278,-1
53327.154924035,1,8686,100,1427948,1
53328.299241744,3,8684,100,1430380,-1
53329.697641631,1,8687,100,1432095,-1
53330.715115178,5,8686,100,1427948,1
53332.190272768,5,8687,100,1432095,-1
53332.638984549,1,8688,100,1431841,1
53333.301146115,4,8688,100,1431841,1
53334.380317776,1,8689,100,1427870,1
53335.073615879,3,8689,100,1427870,1
53335.548680365,1,8690,100,1433162,1
53336.450294016,1,8691,100,1430298,1
53336.912472548,5,8691,100,1430298,1
53337.591410239,3,8690,100,1433162,1
53338.3111925,1,8692,100,1433556,1
53338.879131173,3,8692,100,1433556,1
53339.397624203,1,8693,100,1436052,1
53339.906502493,1,8694,100,1439395,-1
53340.476392975,3,8694,100,1439395,-1
53341.159774137,4,8693,100,1436052,1
53341.93087342,1,8695,100,1433000,-1
53342.475887177,1,8696,100,1431155,1
53342.95152544,3,8695,100,1433000,-1
53343.591700512,4,8696,100,1431155,1
53344.793450663,1,8697,100,1433641,1
53345.584953658,4,8697,100,1433641,1
53346.517180695,1,8698,100,1435576,-1
53347.11690359,1,8699,100,1436374,-1
53348.107705089,1,8700,100,1432611,1
53349.2248091,3,8700,100,1432611,1
53349.670678778,1,8701,100,1429111,1
53350.80806507,1,8702,100,1433967,-1
53351.834577617,1,8703,100,1428224,1
53352.332508179,1,8704,100,1432297,1
53352.893773152,1,8705,100,1432836,-1
53353.411927973,1,8706,100,1431571,-1
53354.308366458,1,8707,100,1434230,-1
53354.962135897,1,8708,100,1434714,-1
53356.127230064,5,8703,100,1428224,1
53356.937141289,3,8701,100,1429111,1
53358.113111893,1,8709,100,1431066,1
53358.739909737,1,8710,100,1431352,1
53359.477887171,3,8704,100,1432297,1
53360.157707633,1,8711,100,1434150,-1
53360.633930045,1,8712,100,1433186,1
53361.058219377,1,8713,100,1428470,1
53361.580802467,3,8711,100,1434150,-1
53362.008739575,3,8708,100,1434714,-1
53363.23992764,3,8698,100,1435576,-1
53364.258190778,4,8712,100,1433186,1
53365.157061261,1,8714,100,1427106,1
53366.009985466,3,8710,100,1431352,1
53367.192289575,3,8699,100,1436374,-1
53367.867372507,4,8706,100,1431571,-1
53369.997558328,3,8713,100,1428470,1
53371.085847311,4,8705,100,1432836,-1
53371.573901216,1,8715,100,1430783,1
53372.091908996,3,8709,100,1431066,1
53372.709058992,3,8714,100,1427106,1
53373.514809144,3,8715,100,1430783,1
53374.614159895,3,8707,100,1434230,-1
53375.967884418,1,8716,100,1434423,1
53376.499176833,5,8702,100,1433967,-1
53377.533483499,1,8717,100,1441421,-1
53378.612356753,1,8718,100,1432516,1
53379.497366704,1,8719,100,1437702,-1
53380.172457013,1,8720,200,1429913,1
53381.338503406,3,8716,100,1434423,1
53382.14613875,3,8717,100,1441421,-1
53382.788749391,1,8721,100,1438194,-1
53383.401770755,5,8718,100,1432516,1
53384.565634844,1,8722,100,1436332,-1
53385.699492888,1,8723,100,1438947,-1
53386.82755329,1,8724,100,1433072,1
53387.742931691,3,8723,100,1438947,-1
53388.547516885,1,8725,100,1439614,-1
53389.085415974,1,8726,100,1435443,1
53389.563555503,3,8725,100,1439614,-1
53390.717745015,3,8722,100,1436332,-1
53391.748962879,1,8727,100,1443480,1
53392.272553071,1,8728,100,1439965,1
53393.422700908,1,8729,100,1439003,1
53394.409034289,2,8720,100,1429913,1
53394.853036196,1,8730,100,1440678,-1
53395.82875018,1,8731,100,1446457,-1
53396.633974087,1,8732,100,1444189,-1
53397.075136216,3,8730,100,1440678,-1
53397.757250386,3,8727,100,1443480,1
53398.260556078,4,8719,100,1437702,-1
53399.23954712,1,8733,100,1439128,1
53400.384084471,1,8734,100,1441728,1
53401.112604097,1,8735,100,1442290,1
53402.232601834,3,8733,100,1439128,1
53402.780895286,1,8736,100,1442252,1
53403.332233034,5,8735,100,1442290,1
53404.260950502,3,8726,100,1435443,1
53404.92923361,5,8720,100,1429913,1
53405.391887799,1,8737,100,1448104,-1
53406.127922699,1,8738,100,1447875,-1
53407.225575317,3,8724,100,1433072,1
53409.445473779,1,8739,100,1441239,-1
53409.866745884,3,8728,100,1439965,1
53411.348233326,1,8740,100,1445379,-1
53412.192210725,1,8741,100,1439091,1
53412.624673572,4,8734,100,1441728,1
53413.124027404,3,8739,100,1441239,-1
53414.796169273,4,8721,100,1438194,-1
53416.227766291,1,8742,100,1441899,1
53417.015638603,4,8732,100,1444189,-1
53417.806540615,3,8738,100,1447875,-1
53418.315738985,1,8743,100,1441682,1
53419.147715542,4,8740,100,1445379,-1
53420.04852719,1,8744,100,1446571,-1
53420.915603997,4,8731,100,1446457,-1
53421.319876285,1,8745,100,1441337,-1
53421.748220462,3,8741,100,1439091,1
53422.484487138,1,8746,100,1443128,1
53423.189949196,1,8747,100,1441966,1
53423.772058058,3,8736,100,1442252,1
53425.252221777,1,8748,100,1443470,1
53426.325156382,1,8749,100,1448001,-1
53427.781438686,1,8750,100,1450945,1
53429.352792694,1,8751,100,1446899,1
53430.486837896,4,8749,100,1448001,-1
53432.102173597,1,8752,100,1448792,1
53432.879740166,4,8750,100,1450945,1
53433.387838716,1,8753,100,1448710,1
53434.500249299,4,8737,100,1448104,-1
53435.212594648,1,8754,100,1451144,-1
53436.074263176,1,8755,100,1445600,1
53436.903537926,3,8742,100,1441899,1
53437.474279107,1,8756,100,1446368,1
53437.922669373,1,8757,100,1448556,1
53438.406273221,1,8758,100,1448844,-1
53439.23939212,1,8759,100,1453181,1
53440.18632334,1,8760,100,1451878,-1
53441.580651056,5,8756,100,1446368,1
53442.420277155,1,8761,100,1451801,1
53443.123071191,3,8752,100,1448792,1
53444.998165707,3,8759,100,1453181,1
53446.188178316,1,8762,100,1451928,-1
53446.92704484,1,8763,100,1456209,1
53447.409045893,3,8748,100,1443470,1
53448.505101283,4,8761,100,1451801,1
53449.338805344,1,8764,100,1447699,1
53449.826360733,1,8765,100,1451143,-1
53450.377745492,1,8766,100,1445804,1
53451.133002166,3,8744,100,1446571,-1
53451.832440677,1,8767,100,1450478,-1
53452.714890459,1,8768,100,1451796,-1
53453.893869775,5,8745,100,1441337,-1
53454.396240921,4,8767,100,1450478,-1
53454.809877513,3,8766,100,1445804,1
53455.694445714,3,8755,100,1445600,1
53456.706685053,5,8754,100,1451144,-1
53457.121712212,3,8764,100,1447699,1
53458.089603109,1,8769,100,1447215,1
53458.964618298,1,8770,100,1446129,1
53459.967022569,1,8771,100,1446615,1
53460.999261239,1,8772,100,1446834,1
53462.125448194,3,8751,100,1446899,1
53462.814064417,4,8758,100,1448844,-1
53463.818603521,3,8772,100,1446834,1
53464.741427463,1,8773,100,1448310,1
53465.34389502,3,8771,100,1446615,1
53466.452924755,3,8743,100,1441682,1
53467.067216446,1,8774,100,1449950,-1
53468.132773975,1,8775,100,1449087,-1
53469.248735717,1,8776,100,1441539,1
53470.091026951,3,8747,100,1441966,1
53471.959767383,1,8777,100,1446052,-1
53472.662810743,1,8778,100,1448007,-1
53473.390283057,1,8779,100,1445795,-1
53474.56007684,1,8780,100,1446179,1
53475.510405988,1,8781,100,1444474,1
53475.913310611,1,8782,100,1445343,-1
53477.870492064,4,8781,100,1444474,1
53478.595250317,1,8783,100,1449344,-1
53479.163247174,5,8774,100,1449950,-1
53479.917222316,3,8782,100,1445343,-1
53480.476088371,1,8784,100,1447483,-1
53480.91414628,3,8765,100,1451143,-1
53481.533712283,4,8769,100,1447215,1
53482.400870864,1,8785,100,1441788,1
53482.8443886,1,8786,100,1442193,1
53483.783340818,3,8785,100,1441788,1
53484.635946134,1,8787,100,1444705,-1
53485.199052469,1,8788,100,1439615,-1
53485.815576416,3,8776,100,1441539,1
53488.230633315,1,8789,100,1442305,1
53488.653337453,3,8746,100,1443128,1
53490.173249202,3,8753,100,1448710,1
53491.366269629,1,8790,100,1438279,-1
53492.490239113,1,8791,100,1437323,1
53493.076215994,4,8763,100,1456209,1
53494.644451135,1,8792,100,1436322,1
53495.261741942,1,8793,100,1434236,1
53495.964984972,3,8760,100,1451878,-1
53497.086575802,1,8794,100,1435839,-1
53497.535350661,1,8795,100,1438931,-1
53497.996549032,1,8796,100,1438437,-1
53498.677776513,1,8797,100,1434637,-1
53499.530500379,1,8798,100,1432611,1
53500.680481005,4,8792,100,1436322,1
53501.262240647,3,8798,100,1432611,1
53502.278112993,1,8799,100,1438823,-1
53503.394379659,1,8800,100,1433333,1
53504.21176362,1,8801,100,1441407,-1
53505.014449357,3,8787,100,1444705,-1
53506.034406969,1,8802,100,1439839,-1
53506.762348826,1,8803,100,1439288,-1
53507.231051978,1,8804,100,1435667,1
53507.74405429,3,8800,100,1433333,1
53508.411468125,1,8805,100,1440594,-1
53509.457725042,1,8806,100,1435711,1
53510.026825064,4,8804,100,1435667,1
53510.887841867,1,8807,100,1433865,-1
53511.701074967,1,8808,100,1436310,1
53512.597868578,3,8802,100,1439839,-1
53513.190026575,4,8808,100,1436310,1
53513.93424696,1,8809,100,1433303,1
53515.670904405,1,8810,100,1439822,1
53516.63669098,1,8811,100,1440358,1
53517.124320062,4,8729,100,1439003,1
53518.289147304,1,8812,100,1441169,-1
53520.002725271,4,8757,100,1448556,1
53521.191718277,1,8813,100,1439728,1
53522.287568504,3,8770,100,1446129,1
53523.223313485,3,8780,100,1446179,1
53523.982562244,3,8789,100,1442305,1
53525.762328557,4,8807,100,1433865,-1
53526.203007144,3,8768,100,1451796,-1
53527.029566809,1,8814,100,1447101,-1
53527.924509497,4,8799,100,1438823,-1
53528.746606864,1,8815,100,1444285,1
53529.506673317,3,8788,100,1439615,-1
53529.972877034,4,8773,100,1448310,1
53530.738388476,1,8816,100,1444406,1
53531.883708126,3,8784,100,1447483,-1
53532.867501755,3,8791,100,1437323,1
53533.694771329,1,8817,100,1442375,1
53534.492042341,1,8818,100,1441188,1
53536.41469262,3,8815,100,1444285,1
53537.150133231,3,8803,100,1439288,-1
53538.098988268,1,8819,100,1444777,1
53539.039918707,1,8820,100,1446324,1
53540.329067125,5,8779,100,1445795,-1
53540.842479063,3,8805,100,1440594,-1
53541.467555192,5,8786,100,1442193,1
53541.906381719,3,8818,100,1441188,1
53542.324386253,1,8821,100,1449581,1
53543.153172211,1,8822,100,1453052,1
53543.796342787,1,8823,100,1453994,-1
53544.531229694,3,8793,100,1434236,1
53545.094189351,1,8824,100,1445313,1
53545.503933059,4,8778,100,1448007,-1
53546.48289246,1,8825,100,1449043,-1
53547.088605966,1,8826,100,1447214,1
53547.610643223,5,8777,100,1446052,-1
53548.442457778,5,8814,100,1447101,-1
53549.412061426,1,8827,100,1450688,1
53550.254056896,1,8828,100,1453528,-1
53551.974470429,3,8812,100,1441169,-1
53552.916981916,5,8796,100,1438437,-1
53553.670699828,3,8823,100,1453994,-1
53554.606590821,3,8762,100,1451928,-1
53555.229954819,3,8827,100,1450688,1
53556.016943018,5,8809,100,1433303,1
53556.587847959,3,8795,100,1438931,-1
53557.885404975,1,8829,100,1452914,1
53559.632449568,3,8806,100,1435711,1
53560.407244885,5,8829,100,1452914,1
53562.360973276,1,8830,100,1457319,-1
53562.779259523,5,8824,100,1445313,1
53563.862321324,1,8831,100,1455285,-1
53565.023753106,3,8825,100,1449043,-1
53566.057181289,1,8832,100,1451375,1
53567.274319905,5,8775,100,1449087,-1
53568.024836824,1,8833,100,1453279,1
53569.212064609,1,8834,100,1448125,1
53569.66280496,1,8835,100,1448542,1
53570.324423045,1,8836,100,1455071,-1
53571.055457126,1,8837,100,1447725,1
53572.046031241,3,8835,100,1448542,1
53573.734172193,3,8810,100,1439822,1
53574.504561074,3,8816,100,1444406,1
53575.018666927,1,8838,100,1458799,1
53575.667993248,1,8839,100,1459687,1
53576.697335341,1,8840,100,1460381,1
53577.645454912,1,8841,100,1459456,1
53578.759039219,3,8840,100,1460381,1
53579.837124761,1,8842,100,1459593,1
53580.865805648,1,8843,100,1458585,1
53581.380919743,3,8817,100,1442375,1
53582.072340163,1,8844,100,1459099,1
53583.142311109,1,8845,100,1459349,1
53584.082351566,1,8846,100,1456778,1
53585.152636994,4,8783,100,1449344,-1
53586.232123341,1,8847,100,1463446,-1
53587.386222985,1,8848,100,1463902,-1
53587.863580254,1,8849,100,1463701,-1
53588.308253479,3,8846,100,1456778,1
53589.127036823,1,8850,100,1459286,-1
53589.65963067,3,8822,100,1453052,1
53590.161166479,4,8797,100,1434637,-1
53590.922795153,5,8832,100,1451375,1
53591.642941958,3,8811,100,1440358,1
53592.43487922,3,8838,100,1458799,1
53593.421861073,1,8851,100,1455742,1
53594.476592414,3,8847,100,1463446,-1
53595.154500447,1,8852,100,1456391,1
53596.227853715,1,8853,100,1460573,1
53597.251057843,4,8850,100,1459286,-1
53598.46730006,3,8819,100,1444777,1
53598.940258487,5,8834,100,1448125,1
53600.689097848,1,8854,100,1464752,-1
53601.804196717,4,8828,100,1453528,-1
53602.336357269,3,8848,100,1463902,-1
53603.352159812,1,8855,100,1465212,-1
53604.899536849,4,8839,100,1459687,1
53605.573620096,5,8820,100,1446324,1
53606.546546995,1,8856,100,1462437,-1
53607.397091276,1,8857,100,1462948,-1
53608.024586418,1,8858,100,1461046,1
53608.438411129,3,8843,100,1458585,1
53609.339882923,4,8830,100,1457319,-1
53610.418008719,4,8844,100,1459099,1
53610.96624604,1,8859,100,1457514,1
53612.095389656,3,8858,100,1461046,1
53613.216458742,1,8860,100,1455898,1
53614.054447337,1,8861,100,1461289,-1
53614.986585468,1,8862,100,1461525,-1
53616.11100377,1,8863,100,1460440,1
53617.152466225,4,8831,100,1455285,-1
53618.195791685,4,8853,100,1460573,1
53619.200328042,3,8856,100,1462437,-1
53620.089260919,1,8864,100,1458314,1
53621.095012048,3,8860,100,1455898,1
53621.692970602,5,8854,100,1464752,-1
53623.803820431,3,8836,100,1455071,-1
53624.849951447,1,8865,100,1463552,-1
53625.606001278,4,8801,100,1441407,-1
53626.102240276,3,8864,100,1458314,1
53627.239739793,4,8794,100,1435839,-1
53628.396045241,4,8861,100,1461289,-1
53629.289319745,1,8866,100,1460474,-1
53629.822172354,4,8849,100,1463701,-1
53630.969582571,3,8859,100,1457514,1
53632.222280174,3,8855,100,1465212,-1
53632.988808771,5,8833,100,1453279,1
53634.540291999,4,8862,100,1461525,-1
53635.970521934,3,8845,100,1459349,1
53636.487457436,1,8867,100,1459844,1
53637.093800783,1,8868,100,1465228,-1
53638.12444933,3,8863,100,1460440,1
53638.78446538,3,8790,100,1438279,-1
53639.752153273,4,8857,100,1462948,-1
53640.588706401,1,8869,100,1466109,-1
53641.169047618,4,8865,100,1463552,-1
53641.613352413,1,8870,100,1459150,1
53642.356357809,4,8870,100,1459150,1
53643.515342896,1,8871,100,1462464,-1
53644.048374094,1,8872,100,1463301,-1
53644.662072846,3,8813,100,1439728,1
53645.165992084,5,8869,100,1466109,-1
53646.295862452,3,8872,100,1463301,-1
53647.431361283,1,8873,100,1454758,1
53648.068303739,5,8867,100,1459844,1
53649.016688524,1,8874,100,1450217,1
53649.946371032,3,8868,100,1465228,-1
53650.645490709,3,8842,100,1459593,1
53651.248134013,1,8875,100,1454484,-1
53651.986374928,1,8876,100,1453158,-1
53652.391769916,3,8871,100,1462464,-1
53653.176822998,4,8841,100,1459456,1
53653.750850862,1,8877,100,1454092,-1
53654.910966375,5,8837,100,1447725,1
53656.062851548,1,8878,100,1451313,-1
53657.444515192,3,8866,100,1460474,-1
53658.513047001,1,8879,100,1450904,-1
53659.028927393,3,8875,100,1454484,-1
53659.494359766,1,8880,100,1445921,1
53660.060565478,1,8881,100,1447867,1
53660.987272888,1,8882,100,1449677,1
53662.910706986,1,8883,100,1454001,-1
53663.918042646,3,8883,100,1454001,-1
53664.421230903,5,8877,100,1454092,-1
53665.137747935,1,8884,100,1445501,1
53666.105498059,1,8885,100,1446204,1
53667.045122492,1,8886,100,1448955,-1
53668.050933278,5,8874,100,1450217,1
53669.812037214,1,8887,100,1452728,-1
53670.496244264,1,8888,100,1446606,1
53671.523648861,1,8889,100,1446699,1
53672.252558199,4,8851,100,1455742,1
53674.099360888,1,8890,100,1451592,-1
53674.784599917,1,8891,100,1449622,-1
53675.269740059,1,8892,200,1445214,1
53676.167707804,5,8878,100,1451313,-1
53677.025492777,5,8821,100,1449581,1
53678.214150903,3,8881,100,1447867,1
53678.659518071,4,8880,100,1445921,1
53679.059036994,4,8852,100,1456391,1
53680.513052772,1,8893,100,1444139,1
53681.674090461,1,8894,100,1450205,-1
53683.239871466,4,8884,100,1445501,1
53683.898200968,1,8895,100,1439472,1
53684.952979977,1,8896,100,1445974,-1
53685.560569913,1,8897,100,1442064,1
53685.954016433,4,8882,100,1449677,1
53686.397851073,1,8898,100,1440806,1
53687.34800717,5,8892,100,1445214,1
53688.364962075,4,8873,100,1454758,1
53689.270005713,4,8889,100,1446699,1
53690.209236606,3,8879,100,1450904,-1
53691.126199894,3,8890,100,1451592,-1
53692.080322746,1,8899,100,1441046,1
53692.558187285,1,8900,100,1444455,1
53693.010901233,4,8893,100,1444139,1
53693.756324976,4,8888,100,1446606,1
53694.54917217,1,8901,100,1441863,1
53695.636178617,3,8887,100,1452728,-1
53696.768056511,5,8900,100,1444455,1
53697.935412768,1,8902,100,1445879,-1
53698.402954602,3,8891,100,1449622,-1
53698.884495006,1,8903,100,1440771,1
53699.78541586,5,8898,100,1440806,1
53700.545016037,1,8904,100,1441861,1
53702.212232996,4,8896,100,1445974,-1
53702.686870808,3,8826,100,1447214,1
53703.583123828,1,8905,100,1446173,-1
53704.56453626,3,8903,100,1440771,1
53705.094168837,1,8906,100,1438016,1
53705.583344152,5,8876,100,1453158,-1
53706.43051698,1,8907,100,1440784,-1
53707.446782925,3,8905,100,1446173,-1
53707.912012597,3,8892,100,1445214,1
53708.435622982,1,8908,100,1438940,1
53709.44835041,1,8909,100,1444124,-1
53709.966349835,3,8907,100,1440784,-1
53710.716215746,3,8899,100,1441046,1
53711.604336113,3,8895,100,1439472,1
53712.038912675,1,8910,100,1441964,-1
53713.064783305,1,8911,100,1443664,-1
53713.845602123,1,8912,100,1436797,1
53714.748879693,3,8886,100,1448955,-1
53715.436970471,1,8913,100,1434732,1
53716.096847551,3,8908,100,1438940,1
53718.591049446,4,8904,100,1441861,1
53719.409214549,1,8914,100,1442385,-1
53720.371599065,3,8894,100,1450205,-1
53721.21801923,4,8897,100,1442064,1
53721.875781628,1,8915,100,1438699,-1
53722.94257403,3,8902,100,1445879,-1
53723.713297739,4,8912,100,1436797,1
53724.406584743,3,8914,100,1442385,-1
53725.388514606,5,8911,100,1443664,-1
53726.309099393,1,8916,100,1437332,-1
53726.734363661,1,8917,100,1435062,1
53728.771432559,1,8918,100,1439693,-1
53729.916353338,1,8919,100,1436953,-1
53730.934958124,5,8916,100,1437332,-1
53731.351094261,5,8909,100,1444124,-1
53732.906910979,4,8919,100,1436953,-1
53733.448538173,1,8920,100,1441295,-1
53734.467736762,3,8918,100,1439693,-1
53734.973709299,1,8921,100,1441651,-1
53736.783179922,1,8922,100,1441928,-1
53737.687553363,3,8885,100,1446204,1
53738.475688413,3,8917,100,1435062,1
53739.300218778,1,8923,100,1443132,-1
53740.255126112,1,8924,100,1444731,-1
53740.674857033,1,8925,100,1445244,-1
53741.798562127,3,8913,100,1434732,1
53742.534904757,1,8926,100,1443491,1
53743.600649241,4,8901,100,1441863,1
53744.270535643,1,8927,100,1444403,-1
53745.067551497,4,8923,100,1443132,-1
53745.746867511,3,8926,100,1443491,1
53746.853732089,1,8928,100,1442171,-1
53747.438597032,1,8929,100,1446323,-1
53748.298724991,1,8930,100,1442362,1
53749.167417696,3,8925,100,1445244,-1
53749.689990118,1,8931,100,1445523,1
53750.120090255,3,8930,100,1442362,1
53750.898950816,1,8932,100,1450833,-1
53751.441128579,1,8933,100,1447650,1
53752.821095468,3,8933,100,1447650,1
53753.753396782,1,8934,100,1445254,1
53754.26850237,1,8935,100,1445461,1
53755.206843073,1,8936,100,1449345,-1
53755.758211316,5,8920,100,1441295,-1
53756.814316504,4,8927,100,1444403,-1
53757.938052665,3,8928,100,1442171,-1
53758.989122739,3,8934,100,1445254,1
53759.58837201,1,8937,100,1444372,1
53760.081910997,3,8936,100,1449345,-1
53761.115352976,4,8910,100,1441964,-1
53762.172548599,5,8935,100,1445461,1
53762.742184799,1,8938,100,1441518,-1
53763.152267507,3,8932,100,1450833,-1
53764.046755546,5,8938,100,1441518,-1
53764.725080319,1,8939,100,1444293,-1
53765.677723,4,8924,100,1444731,-1
53766.084661943,3,8937,100,1444372,1
53766.848913445,1,8940,100,1441340,1
53767.258700509,1,8941,100,1447492,-1
53768.035904817,3,8922,100,1441928,-1
53768.521908067,3,8929,100,1446323,-1
53769.381245958,1,8942,100,1443514,1
53770.520116446,4,8939,100,1444293,-1
53771.06583137,1,8943,100,1444055,1
53772.088195946,1,8944,100,1447778,-1
53773.41284516,1,8945,100,1443002,1
53774.962966639,4,8940,100,1441340,1
53775.852467898,3,8906,100,1438016,1
53776.889436905,1,8946,100,1445351,-1
53777.813095695,1,8947,100,1442787,-1
53778.643172881,3,8946,100,1445351,-1
53779.788579796,1,8948,100,1440561,-1
53780.633553394,1,8949,100,1442358,-1
53781.936270827,4,8949,100,1442358,-1
53782.649603942,1,8950,100,1442662,-1
53783.283907621,3,8942,100,1443514,1
53784.114133807,3,8945,100,1443002,1
53784.530055334,3,8943,100,1444055,1
53785.610644712,3,8931,100,1445523,1
53786.327393844,5,8950,100,1442662,-1
53787.277532443,5,8948,100,1440561,-1
53788.048444869,3,8947,100,1442787,-1
53788.537953534,3,8921,100,1441651,-1
53789.495347287,1,8951,100,1442713,-1
53790.531435257,4,8915,100,1438699,-1
53791.416069175,3,8951,100,1442713,-1
53792.416939008,3,8941,100,1447492,-1
53794.289386389,3,8944,100,1447778,-1
53795.364538899,1,8952,100,1440327,1
53796.509714915,1,8953,100,1441716,1
53797.206588998,3,8952,100,1440327,1
53798.068974752,5,8953,100,1441716,1
53799.186874459,1,8954,100,1440006,1
53799.853310355,1,8955,100,1439505,1
53800.51924685,1,8956,100,1439032,1
53801.883666778,3,8955,100,1439505,1
53802.822063827,5,8954,100,1440006,1
53803.647797261,1,8957,100,1441195,1
53805.449634428,1,8958,100,1440786,1
53805.91258683,5,8958,100,1440786,1
53806.657872032,3,8957,100,1441195,1
53807.22650586,3,8956,100,1439032,1
53808.170665526,1,8959,100,1437603,1
53809.901606702,1,8960,100,1440344,-1
53810.407130646,3,8959,100,1437603,1
53811.255635088,3,8960,100,1440344,-1
53811.819821082,1,8961,100,1441098,-1
53812.837800971,4,8961,100,1441098,-1
53813.747406262,1,8962,100,1437533,-1
53814.507652225,1,8963,100,1432507,1
53815.131116196,3,8963,100,1432507,1
53816.202560545,3,8962,100,1437533,-1
53816.637869836,1,8964,100,1434811,-1
53817.303048485,3,8964,100,1434811,-1
53817.985757694,1,8965,100,1432124,1
53819.099168145,5,8965,100,1432124,1
53819.61417635,1,8966,100,1430966,1
53821.488823427,3,8966,100,1430966,1
53821.969785307,1,8967,100,1428062,-1
53822.898437369,1,8968,100,1433661,-1
53823.65169406,1,8969,100,1431103,-1
53824.210774892,3,8967,100,1428062,-1
53824.702470119,3,8968,100,1433661,-1
53825.779708326,4,8969,100,1431103,-1
53826.723870083,1,8970,100,1429837,-1
53827.774937468,3,8970,100,1429837,-1
53828.681907142,1,8971,100,1431020,-1
53829.461741411,5,8971,100,1431020,-1
53829.854051957,1,8972,100,1426309,1
53830.391661772,3,8972,100,1426309,1
53830.837025855,1,8973,100,1434492,-1
53831.260142236,4,8973,100,1434492,-1
53832.333793482,1,8974,100,1423103,1
53833.414873659,1,8975,100,1429438,-1
53833.887092268,3,8975,100,1429438,-1
53834.84962539,1,8976,100,1430066,-1
53835.308410977,1,8977,100,1431582,-1
53836.752438923,1,8978,100,1426029,-1
53837.887177916,3,8974,100,1423103,1
53838.734768737,1,8979,100,1431773,-1
53839.230655691,3,8976,100,1430066,-1
53840.22889325,4,8978,100,1426029,-1
53841.332527036,1,8980,100,1434292,-1
53842.167672315,1,8981,100,1425973,1
53842.647730833,1,8982,100,1431268,1
53843.201983114,3,8981,100,1425973,1
53844.472744068,3,8977,100,1431582,-1
53844.909057474,5,8979,100,1431773,-1
53845.647826442,1,8983,100,1428833,-1
53846.450050344,1,8984,100,1425382,1
53846.89914451,1,8985,100,1424313,1
53847.881107375,3,8982,100,1431268,1
53848.43229225,1,8986,100,1422274,1
53849.1028456,1,8987,100,1425119,1
53849.837241354,4,8984,100,1425382,1
53851.547624146,5,8987,100,1425119,1
53852.355644639,3,8985,100,1424313,1
53853.213911867,3,8983,100,1428833,-1
53853.730626288,4,8986,100,1422274,1
53854.70527133,4,8980,100,1434292,-1
53855.755862695,1,8988,100,1429938,1
53856.907482399,1,8989,100,1432455,1
53857.684209246,5,8989,100,1432455,1
53858.884141696,4,8988,100,1429938,1
53859.395315992,1,8990,100,1428084,1
53860.307570651,1,8991,100,1432030,-1
53860.782976843,1,8992,100,1431278,-1
53861.494755963,1,8993,100,1432891,-1
53862.433683083,4,8990,100,1428084,1
53863.894641052,3,8993,100,1432891,-1
53865.000482203,3,8991,100,1432030,-1
53866.025311454,5,8992,100,1431278,-1
53866.74497015,1,8994,100,1429191,-1
53867.619138773,5,8994,100,1429191,-1
53868.567267251,1,8995,100,1431255,-1
53869.039945321,1,8996,100,1432942,-1
53869.669000255,1,8997,100,1426889,1
53870.383514457,1,8998,100,1425793,1
53871.252391318,5,8996,100,1432942,-1
53872.01762349,5,8998,100,1425793,1
53872.880419978,1,8999,100,1430736,-1
53873.741301191,5,8999,100,1430736,-1
53874.607996,1,9000,100,1431510,1
53875.355173588,5,8995,100,1431255,-1
53875.761357561,5,9000,100,1431510,1
53876.373786841,1,9001,100,1424901,1
53876.983289877,1,9002,100,1431138,-1
53878.118477618,1,9003,100,1426816,1
53878.60325898,1,9004,100,1430433,-1
53879.317953293,1,9005,100,1425724,1
53881.143648998,3,9001,100,1424901,1
53881.790056085,1,9006,100,1426909,1
53884.663951243,1,9007,100,1431330,-1
53886.024951518,1,9008,100,1431908,-1
53887.04998146,5,9004,100,1430433,-1
53887.599656543,1,9009,100,1428186,1
53888.194659908,4,9006,100,1426909,1
53890.006181814,1,9010,100,1427468,1
53891.830827476,4,9002,100,1431138,-1
53892.78509164,1,9011,100,1430903,1
53893.707451556,3,9008,100,1431908,-1
53894.277123428,1,9012,100,1429414,1
53894.911310753,3,9009,100,1428186,1
53895.532431994,3,9011,100,1430903,1
53896.163304492,1,9013,100,1437271,-1
53896.762431867,1,9014,100,1429424,1
53897.808778013,1,9015,100,1436178,-1
53898.753263009,1,9016,100,1431713,1
53899.665054429,3,9015,100,1436178,-1
53900.073330489,5,9010,100,1427468,1
53901.029085873,4,9007,100,1431330,-1
53902.028041482,3,9005,100,1425724,1
53903.048531842,1,9017,100,1433817,1
53904.037579045,3,9013,100,1437271,-1
53904.979674471,1,9018,100,1437291,-1
53905.869085319,1,9019,100,1433358,1
53906.949279564,3,8997,100,1426889,1
53907.468190517,4,9018,100,1437291,-1
53908.535383126,4,9012,100,1429414,1
53909.398579315,1,9020,100,1431226,1
53910.074480737,1,9021,100,1438431,-1
53910.659807268,1,9022,100,1435511,-1
53911.643987549,3,9020,100,1431226,1
53913.187858957,3,9022,100,1435511,-1
53913.838250994,5,9021,100,1438431,-1
53914.668593689,5,9003,100,1426816,1
53915.555833983,1,9023,100,1431857,-1
53916.598916849,3,9023,100,1431857,-1
53917.322969984,5,9019,100,1433358,1
53919.020408719,5,9016,100,1431713,1
53919.426356827,1,9024,100,1433053,1
53920.035067056,1,9025,100,1434999,1
53920.603389002,4,9017,100,1433817,1
53921.198099602,1,9026,100,1435253,-1
53921.822015912,1,9027,100,1435776,-1
53922.518751479,1,9028,100,1433895,1
53923.727014771,1,9029,100,1435032,1
53924.47966272,3,9014,100,1429424,1
53925.021128672,3,9026,100,1435253,-1
53925.921707491,3,9028,100,1433895,1
53927.658033959,5,9024,100,1433053,1
53928.358744667,3,9025,100,1434999,1
53930.347865769,1,9030,100,1430764,1
53931.257718422,1,9031,100,1430054,1
53932.228281035,3,9031,100,1430054,1
53932.915588547,1,9032,100,1432510,1
53933.580413677,3,9029,100,1435032,1
53934.249020909,3,9030,100,1430764,1
53934.710533613,1,9033,100,1433689,1
53935.660317217,4,9033,100,1433689,1
53936.541285032,5,9032,100,1432510,1
53937.207023284,4,9027,100,1435776,-1
53937.646251471,1,9034,100,1434684,1
53938.480597845,3,9034,100,1434684,1
53939.364132648,1,9035,100,1432641,-1
53940.407072727,1,9036,100,1433232,-1
53941.019568523,4,9036,100,1433232,-1
53941.759492517,1,9037,100,1428359,1
53942.692418692,1,9038,100,1435225,-1
53943.449429591,1,9039,200,1430039,1
53944.892982087,1,9040,100,1436716,-1
53945.808259349,1,9041,100,1431594,1
53946.329978368,3,9041,100,1431594,1
53947.404040359,2,9039,100,1430039,1
53948.324707266,3,9039,100,1430039,1
53949.294866705,1,9042,100,1431727,1
53950.118194735,1,9043,100,1435352,-1
53950.887644452,1,9044,100,1434038,1
53951.610865688,1,9045,100,1437894,1
53952.741068523,3,9035,100,1432641,-1
53953.650024867,3,9037,100,1428359,1
53954.256128129,1,9046,100,1439925,-1
53954.949026612,1,9047,100,1440820,-1
53956.627433295,1,9048,100,1442454,-1
53957.407510956,3,9045,100,1437894,1
53957.806565711,3,9044,100,1434038,1
53958.46215173,1,9049,100,1441356,1
53959.03908732,3,9040,100,1436716,-1
53959.976882581,1,9050,100,1447901,-1
53960.74446717,5,9049,100,1441356,1
53961.324424345,4,9038,100,1435225,-1
53962.894010046,3,9047,100,1440820,-1
53963.532639424,1,9051,100,1445140,-1
53964.158379467,1,9052,100,1439490,1
53965.178264854,3,9052,100,1439490,1
53967.15550976,1,9053,100,1443036,-1
53968.013727331,1,9054,100,1439228,-1
53968.973766542,1,9055,100,1443865,-1
53970.886374485,5,9046,100,1439925,-1
53972.164116005,1,9056,100,1443259,1
53973.150852854,1,9057,100,1437261,1
53973.87317514,5,9048,100,1442454,-1
53974.608832196,3,9054,100,1439228,-1
53975.194351142,3,9056,100,1443259,1
53975.849178453,4,9043,100,1435352,-1
53976.257804865,1,9058,100,1443299,-1
53976.81719929,4,9058,100,1443299,-1
53977.756281672,1,9059,100,1447196,-1
53978.444639847,3,9057,100,1437261,1
53979.164883713,1,9060,100,1446403,1
53980.221761362,3,9060,100,1446403,1
53980.892023958,1,9061,100,1443571,1
53982.721515226,3,9061,100,1443571,1
53983.730387903,3,9042,100,1431727,1
53984.420198036,1,9062,100,1449557,-1
53985.37223981,5,9062,100,1449557,-1
53985.916634882,3,9051,100,1445140,-1
53986.40435923,3,9050,100,1447901,-1
53986.882194086,1,9063,100,1450097,-1
53987.911797056,1,9064,100,1449386,-1
53989.365491437,3,9063,100,1450097,-1
53990.0972349,1,9065,100,1449800,-1
53990.657611383,1,9066,100,1444222,1
53991.601943548,3,9065,100,1449800,-1
53992.509295692,3,9055,100,1443865,-1
53993.287026475,3,9059,100,1447196,-1
53994.572638875,1,9067,100,1453198,-1
53995.191999377,1,9068,100,1448314,-1
53995.608352231,1,9069,100,1447685,1
53996.158496833,1,9070,100,1451430,-1
53996.726509847,1,9071,100,1453366,-1
53997.818739979,5,9071,100,1453366,-1
53998.914300482,3,9053,100,1443036,-1
53999.358169539,1,9072,100,1450190,1
53999.799765109,4,9064,100,1449386,-1
54000.543317444,5,9066,100,1444222,1
54001.572234468,4,9068,100,1448314,-1
54002.463949963,1,9073,100,1450284,-1
54003.384693911,5,9067,100,1453198,-1
54003.796492928,1,9074,100,1447947,1
54004.602422596,3,9070,100,1451430,-1
54005.263212871,3,9069,100,1447685,1
54006.160547469,4,9073,100,1450284,-1
54007.24448502,1,9075,100,1450537,-1
54007.747745918,1,9076,100,1448869,1
54008.830756738,1,9077,100,1452781,1
54009.605143473,1,9078,100,1447361,1
54010.358493758,3,9078,100,1447361,1
54011.404595381,1,9079,100,1447868,1
54011.901701986,3,9077,100,1452781,1
54012.919362371,1,9080,100,1449372,-1
54013.397465408,1,9081,100,1455663,-1
54013.839199658,3,9079,100,1447868,1
54015.637209369,4,9080,100,1449372,-1
54016.460961493,1,9082,100,1448076,1
54017.198552818,3,9082,100,1448076,1
54017.982469377,3,9075,100,1450537,-1
54018.884565885,3,9081,100,1455663,-1
54019.766512482,1,9083,100,1453883,-1
54021.808606869,3,9074,100,1447947,1
54022.306415108,3,9076,100,1448869,1
54022.788793819,4,9083,100,1453883,-1
54023.356925008,1,9084,100,1447741,1
54024.133823639,4,9072,100,1450190,1
54024.950821659,3,9084,100,1447741,1
54025.839494397,1,9085,100,1450289,-1
54026.270206272,1,9086,100,1447938,-1
54027.041828166,5,9086,100,1447938,-1
54027.877879374,5,9085,100,1450289,-1
54028.273822201,1,9087,100,1449470,1
54028.935008138,3,9087,100,1449470,1
54029.652649371,1,9088,100,1452245,-1
54030.742534569,5,9088,100,1452245,-1
54031.564024515,1,9089,100,1448411,1
54032.239123065,4,9089,100,1448411,1
54033.22699346,1,9090,100,1457516,-1
54033.849986745,3,9090,100,1457516,-1
54034.702637327,1,9091,100,1452642,-1
54035.47938963,1,9092,100,1452937,1
54036.306549722,1,9093,100,1455979,-1
54036.734668525,1,9094,100,1455718,-1
54037.498605584,3,9092,100,1452937,1
54037.952484695,1,9095,100,1456322,-1
54038.873943164,1,9096,100,1458090,-1
54039.812944899,1,9097,100,1452568,1
54041.406685298,3,9095,100,1456322,-1
54041.97217971,3,9096,100,1458090,-1
54044.189448605,3,9093,100,1455979,-1
54044.690819761,1,9098,100,1454505,-1
54045.274622732,4,9091,100,1452642,-1
54045.794864056,1,9099,100,1451352,-1
54046.865036275,3,9094,100,1455718,-1
54047.285326547,1,9100,100,1448635,1
54048.209094933,3,9097,100,1452568,1
54048.966368989,1,9101,100,1447806,1
54049.454830354,3,9100,100,1448635,1
54049.929201715,1,9102,100,1449165,1
54050.873137563,1,9103,100,1454289,-1
54051.353448687,1,9104,100,1452088,-1
54052.225991568,4,9103,100,1454289,-1
54053.010813035,1,9105,100,1455448,-1
54053.506575374,1,9106,100,1454863,-1
54053.908282527,3,9105,100,1455448,-1
54054.924421835,1,9107,100,1448831,1
54055.862286509,3,9101,100,1447806,1
54056.657952085,3,9099,100,1451352,-1
54057.728754694,5,9098,100,1454505,-1
54058.114768782,4,9104,100,1452088,-1
54059.18701069,3,9106,100,1454863,-1
54060.287852567,3,9107,100,1448831,1
54061.006990398,4,9102,100,1449165,1
54061.97341602,1,9108,100,1450829,1
54062.79671934,1,9109,100,1456030,-1
54063.836586319,5,9109,100,1456030,-1
54064.680156228,1,9110,100,1450934,-1
54066.378732392,3,9108,100,1450829,1
54068.448376513,1,9111,100,1452254,-1
54069.173252255,3,9111,100,1452254,-1
54069.76559464,3,9110,100,1450934,-1
54070.86322616,1,9112,100,1452245,-1
54071.803936367,1,9113,100,1450591,-1
54072.744537227,5,9113,100,1450591,-1
54073.590026145,1,9114,100,1451901,1
54074.343986398,1,9115,100,1454460,1
54075.0797847,1,9116,100,1451185,1
54075.946652329,5,9112,100,1452245,-1
54076.627946435,1,9117,100,1451547,1
54078.042317848,3,9115,100,1454460,1
54079.077832056,3,9116,100,1451185,1
54080.071140388,1,9118,100,1455682,-1
54080.744262842,1,9119,100,1455542,-1
54081.69076887,1,9120,100,1451412,1
54082.102814731,1,9121,100,1451520,-1
54082.996191136,4,9120,100,1451412,1
54084.016638777,1,9122,100,1452687,-1
54085.048205683,1,9123,100,1448077,1
54085.74449794,1,9124,100,1450421,-1
54086.473594481,1,9125,100,1453862,-1
54087.404582553,1,9126,100,1456650,-1
54088.134594392,1,9127,100,1453071,1
54088.927784501,3,9119,100,1455542,-1
54089.83522733,3,9124,100,1450421,-1
54090.579443182,1,9128,100,1452819,1
54091.549875493,1,9129,100,1451562,1
54092.254986737,1,9130,100,1452976,1
54094.295692251,1,9131,100,1459607,-1
54096.227817343,3,9117,100,1451547,1
54096.876092137,3,9118,100,1455682,-1
54097.253391246,4,9122,100,1452687,-1
54097.635214605,3,9125,100,1453862,-1
54098.461267965,1,9132,100,1457136,1
54099.467132573,3,9123,100,1448077,1
54101.216165421,1,9133,100,1456937,1
54102.125471909,1,9134,100,1453968,1
54103.152995894,1,9135,100,1459051,1
54103.868266101,3,9114,100,1451901,1
54104.651637585,4,9121,100,1451520,-1
54105.12946583,3,9130,100,1452976,1
54105.802105983,1,9136,100,1460774,1
54106.901011443,1,9137,100,1464577,-1
54107.912510872,4,9131,100,1459607,-1
54108.434701605,4,9136,100,1460774,1
54109.270226457,3,9132,100,1457136,1
54110.304996128,4,9126,100,1456650,-1
54111.179688783,1,9138,100,1459065,1
54112.000217456,1,9139,100,1455815,1
54113.072485136,1,9140,100,1456339,-1
54113.749616065,3,9133,100,1456937,1
54114.607393263,1,9141,100,1454358,1
54115.58225634,3,9134,100,1453968,1
54115.986853725,1,9142,100,1456472,-1
54116.658141058,1,9143,100,1453979,1
54117.33921243,1,9144,100,1452907,1
54117.806580563,1,9145,100,1453009,1
54118.499247138,3,9137,100,1464577,-1
54119.332050116,4,9145,100,1453009,1
54120.184306661,1,9146,100,1454485,-1
54120.916434235,1,9147,100,1452946,1
54121.51045508,1,9148,100,1458023,-1
54122.263956528,1,9149,100,1450456,1
54123.369008548,4,9146,100,1454485,-1
54123.988299281,1,9150,100,1450924,1
54124.487558483,3,9144,100,1452907,1
54125.386007002,1,9151,100,1455514,-1
54126.422278546,3,9147,100,1452946,1
54126.941531659,1,9152,100,1450626,-1
54127.870018781,3,9141,100,1454358,1
54128.471341524,4,9143,100,1453979,1
54130.35093817,3,9127,100,1453071,1
54132.195401815,4,9138,100,1459065,1
54133.30847125,3,9142,100,1456472,-1
54134.15061068,3,9151,100,1455514,-1
54134.561128683,1,9153,100,1454175,-1
54135.127168086,4,9149,100,1450456,1
54135.71303471,1,9154,100,1456304,-1
54136.183105564,3,9129,100,1451562,1
54137.015888116,4,9152,100,1450626,-1
54137.542640108,3,9139,100,1455815,1
54137.970884822,4,9135,100,1459051,1
54139.083059368,1,9155,100,1457308,1
54140.003969914,3,9148,100,1458023,-1
54141.743680207,4,9140,100,1456339,-1
54142.277413891,1,9156,100,1452958,1
54142.761777101,3,9153,100,1454175,-1
54143.279876208,4,9155,100,1457308,1
54143.782265535,3,9128,100,1452819,1
54144.434627748,1,9157,100,1452772,1
54145.479340114,1,9158,100,1454960,-1
54145.910127702,3,9157,100,1452772,1
54146.34643097,3,9150,100,1450924,1
54147.447957567,3,9154,100,1456304,-1
54148.108919123,4,9156,100,1452958,1
54148.605672494,1,9159,100,1449988,1
54149.243328815,3,9158,100,1454960,-1
54149.647684954,1,9160,100,1449472,1
54150.539505636,1,9161,100,1450685,-1
54151.429315741,3,9159,100,1449988,1
54152.43499174,4,9160,100,1449472,1
54153.430486357,1,9162,100,1445868,-1
54153.998927958,4,9162,100,1445868,-1
54155.253885163,5,9161,100,1450685,-1
54155.924593743,1,9163,100,1449876,-1
54156.31907997,5,9163,100,1449876,-1
54157.228306604,1,9164,100,1445850,-1
54157.742157483,3,9164,100,1445850,-1
54158.272317975,1,9165,100,1442108,1
54158.885875201,3,9165,100,1442108,1
54159.678691252,1,9166,100,1441694,1
54160.436021797,1,9167,100,1443186,1
54160.820854326,3,9166,100,1441694,1
54162.429630973,1,9168,100,1447353,-1
54163.066851505,3,9168,100,1447353,-1
54163.981400291,5,9167,100,1443186,1
54165.01983552,1,9169,100,1445840,-1
54165.763592556,1,9170,100,1447182,-1
54166.479010092,1,9171,100,1448397,-1
54167.048090192,1,9172,100,1440712,1
54167.889374265,1,9173,100,1440916,1
54168.779100722,4,9172,100,1440712,1
54169.492231415,1,9174,100,1438998,1
54169.971314322,5,9174,100,1438998,1
54170.476784052,5,9173,100,1440916,1
54171.474177927,5,9169,100,1445840,-1
54172.171771618,1,9175,100,1434052,1
54173.129700492,1,9176,100,1438381,-1
54173.546863444,1,9177,100,1433088,1
54173.996655426,1,9178,100,1438433,-1
54174.85420306,4,9175,100,1434052,1
54175.359652836,3,9176,100,1438381,-1
54176.135086444,3,9170,100,1447182,-1
54176.626085053,1,9179,100,1436404,1
54177.569349194,1,9180,100,1432546,1
54178.186602271,1,9181,100,1434004,1
54178.873148345,1,9182,100,1430514,1
54181.04887896,3,9179,100,1436404,1
54181.475860558,1,9183,100,1438481,-1
54182.359862284,1,9184,100,1431004,1
54182.917685907,4,9180,100,1432546,1
54183.539205162,1,9185,100,1432742,-1
54184.884038256,3,9177,100,1433088,1
54185.641241872,4,9181,100,1434004,1
54186.084826603,4,9185,100,1432742,-1
54186.9456192,1,9186,100,1424329,1
54187.850971173,1,9187,100,1427221,1
54188.856947818,3,9182,100,1430514,1
54189.860327314,5,9186,100,1424329,1
54190.711832081,4,9184,100,1431004,1
54191.427964446,1,9188,100,1432667,-1
54192.498675008,3,9188,100,1432667,-1
54193.378897153,3,9171,100,1448397,-1
54194.236654654,1,9189,100,1435304,-1
54195.292739393,1,9190,100,1428262,1
54195.752728405,1,9191,100,1433563,-1
54196.476993864,3,9183,100,1438481,-1
54197.39628752,1,9192,100,1435609,-1
54198.21846713,4,9191,100,1433563,-1
54199.257596698,3,9187,100,1427221,1
54200.167725226,3,9189,100,1435304,-1
54200.738393878,1,9193,100,1430812,1
54201.80491201,1,9194,100,1431418,1
54202.485675535,1,9195,100,1428783,-1
54203.011561069,4,9190,100,1428262,1
54203.87685229,3,9195,100,1428783,-1
54204.545909152,1,9196,100,1428348,1
54206.015731617,1,9197,100,1431069,1
54206.560717788,3,9192,100,1435609,-1
54207.385980179,5,9194,100,1431418,1
54208.487702932,3,9196,100,1428348,1
54209.049569012,3,9178,100,1438433,-1
54210.67207648,4,9193,100,1430812,1
54212.056054512,4,9197,100,1431069,1
54212.505404531,1,9198,300,1426710,-1
54213.343182703,5,9198,100,1426710,-1
54213.780708527,5,9198,100,1426710,-1
54214.627267634,1,9199,100,1421527,1
54215.418880682,4,9199,100,1421527,1
54215.881843779,3,9198,100,1426710,-1
54216.77592767,1,9200,100,1424485,-1
54217.847335206,1,9201,100,1419910,1
54218.25968603,4,9200,100,1424485,-1
54219.27448525,1,9202,100,1419188,1
54219.675635638,4,9201,100,1419910,1
54220.227638653,1,9203,100,1421013,-1
54221.327732344,4,9203,100,1421013,-1
54221.724336457,1,9204,100,1425623,-1
54223.225113583,1,9205,100,1424817,1
54223.677305819,1,9206,100,1423685,-1
54224.891020374,1,9207,100,1422024,1
54225.427153558,3,9204,100,1425623,-1
54226.045589249,5,9205,100,1424817,1
54226.82549873,4,9207,100,1422024,1
54228.156880203,1,9208,100,1420337,1
54228.963004981,3,9208,100,1420337,1
54229.379621593,4,9206,100,1423685,-1
54229.942403058,3,9202,100,1419188,1
54230.689480555,1,9209,100,1419979,1
54231.768297112,4,9209,100,1419979,1
54232.69685793,1,9210,100,1424304,-1
54233.253970165,3,9210,100,1424304,-1
54233.675524428,1,9211,100,1420813,1
54234.546341018,5,9211,100,1420813,1
54235.342559781,1,9212,100,1425151,-1
54236.097331468,3,9212,100,1425151,-1
54236.660526388,1,9213,100,1419723,1
54237.324144193,5,9213,100,1419723,1
54237.828828996,1,9214,100,1425769,-1
54238.471187902,5,9214,100,1425769,-1
54239.156337614,1,9215,100,1425235,1
54239.723960016,3,9215,100,1425235,1
54240.575308154,1,9216,100,1426236,1
54241.461677407,3,9216,100,1426236,1
54242.18113373,1,9217,100,1432510,-1
54243.12341208,1,9218,100,1426741,1
54243.521295441,3,9217,100,1432510,-1
54243.901865736,1,9219,100,1435314,-1
54244.925724669,1,9220,100,1435098,-1
54245.408392785,3,9219,100,1435314,-1
54245.988143778,3,9218,100,1426741,1
54247.150486128,3,9220,100,1435098,-1
54247.519466094,1,9221,100,1426948,1
54248.5681475,3,9221,100,1426948,1
54249.566605717,1,9222,100,1430067,-1
54250.468153657,1,9223,100,1433312,1
54251.278555857,1,9224,100,1429543,1
54252.899492488,3,9224,100,1429543,1
54253.551826827,1,9225,100,1427819,1
54254.591998164,3,9223,100,1433312,1
54255.26934595,3,9222,100,1430067,-1
54255.637697638,5,9225,100,1427819,1
54256.418023536,1,9226,100,1432729,1
54256.859216621,1,9227,100,1432123,1
54257.715389664,1,9228,100,1439867,-1
54258.378120344,3,9228,100,1439867,-1
54258.8700358,3,9226,100,1432729,1
54259.942117275,1,9229,100,1440074,-1
54260.923692277,4,9229,100,1440074,-1
54261.536251777,3,9227,100,1432123,1
54262.614308043,1,9230,100,1438342,-1
54264.689457625,4,9230,100,1438342,-1
54265.214618184,1,9231,100,1433850,-1
54265.924462858,1,9232,100,1436086,-1
54266.705944931,1,9233,100,1431006,1
54267.698249861,5,9232,100,1436086,-1
54268.292006184,3,9231,100,1433850,-1
54268.808677292,3,9233,100,1431006,1
54269.777686455,1,9234,100,1433705,1
54270.536916538,1,9235,100,1433626,1
54271.111945094,1,9236,100,1433696,1
54271.848726819,4,9235,100,1433626,1
54272.295064534,3,9234,100,1433705,1
54272.960322638,3,9236,100,1433696,1
54273.735865971,1,9237,100,1433576,1
54274.130916785,3,9237,100,1433576,1
54274.609440448,1,9238,100,1436545,1
54275.225616851,1,9239,100,1439264,-1
54276.013170282,1,9240,100,1440842,-1
54277.957388126,3,9240,100,1440842,-1
54278.555998307,1,9241,100,1434200,1
54279.536888546,1,9242,100,1438864,-1
54280.245966457,3,9241,100,1434200,1
54281.086063351,3,9238,100,1436545,1
54282.017205341,5,9242,100,1438864,-1
54283.42289744,3,9239,100,1439264,-1
54284.262128065,1,9243,100,1439524,-1
54285.254660607,1,9244,100,1434803,1
54286.229195891,3,9244,100,1434803,1
54287.261121903,3,9243,100,1439524,-1
54288.140426497,1,9245,100,1436961,1
54289.144302944,1,9246,100,1438750,-1
54289.540206028,3,9245,100,1436961,1
54290.526715143,1,9247,100,1435852,1
54291.547570642,1,9248,100,1430965,1
54292.544007849,5,9247,100,1435852,1
54292.931765224,3,9246,100,1438750,-1
54293.927561733,5,9248,100,1430965,1
54294.468509863,1,9249,100,1439105,-1
54295.010335066,1,9250,100,1438510,-1
54295.858806017,3,9249,100,1439105,-1
54296.757868714,3,9250,100,1438510,-1
54297.559823674,1,9251,100,1436342,1
54298.024455779,4,9251,100,1436342,1
54298.436843422,1,9252,100,1436854,1
54298.833841259,4,9252,100,1436854,1
54299.65534947,1,9253,100,1441765,-1
54300.211819013,4,9253,100,1441765,-1
54300.671796185,1,9254,100,1437448,1
54301.104569485,4,9254,100,1437448,1
54301.528399939,1,9255,100,1437699,-1
54302.476871906,1,9256,100,1436093,-1
54303.440973309,4,9256,100,1436093,-1
54303.933769967,1,9257,100,1438375,-1
54304.778458328,4,9257,100,1438375,-1
54305.194179837,4,9255,100,1437699,-1
54305.700438317,1,9258,100,1442788,-1
54306.739322795,5,9258,100,1442788,-1
54307.24971192,1,9259,100,1436514,1
54307.832430356,1,9260,100,1440161,1
54308.246011808,3,9260,100,1440161,1
54308.713306295,1,9261,100,1435440,1
54309.300636177,3,9259,100,1436514,1
54309.819666795,1,9262,100,1438698,-1
54310.697690429,1,9263,100,1440841,-1
54311.419603245,1,9264,100,1442759,-1
54312.427776935,1,9265,100,1436945,-1
54313.513530613,3,9264,100,1442759,-1
54314.340988951,1,9266,100,1434393,1
54314.816288068,5,9265,100,1436945,-1
54315.259878651,3,9263,100,1440841,-1
54316.050880787,1,9267,100,1442744,-1
54316.51653014,5,9266,100,1434393,1
54317.410735033,1,9268,100,1442175,1
54318.194305823,3,9261,100,1435440,1
54318.628681075,1,9269,100,1440359,-1
54319.288841392,4,9269,100,1440359,-1
54320.36491149,1,9270,100,1441409,-1
54321.557125042,1,9271,100,1439813,1
54322.449704945,3,9262,100,1438698,-1
54323.510432346,1,9272,100,1442467,-1
54324.599310197,3,9271,100,1439813,1
54325.031320223,1,9273,100,1444791,-1
54325.863038933,3,9270,100,1441409,-1
54326.860608485,1,9274,100,1443958,1
54327.683878158,3,9272,100,1442467,-1
54328.367869809,1,9275,100,1443895,-1
54328.759410434,3,9267,100,1442744,-1
54329.351129543,3,9274,100,1443958,1
54330.215882007,1,9276,100,1444508,1
54331.084257531,1,9277,100,1450671,-1
54331.579093901,1,9278,100,1448683,-1
54332.611994233,3,9275,100,1443895,-1
54333.289814593,1,9279,100,1445608,1
54333.67058392,1,9280,100,1443146,1
54334.666863812,1,9281,100,1447165,-1
54335.556917862,1,9282,100,1441195,1
54335.989088392,3,9276,100,1444508,1
54336.470838301,5,9278,100,1448683,-1
54337.016026433,3,9273,100,1444791,-1
54337.874598859,5,9268,100,1442175,1
54338.939410046,3,9279,100,1445608,1
54339.667683027,3,9282,100,1441195,1
54340.038603468,3,9280,100,1443146,1
54340.959531491,1,9283,100,1441010,1
54342.224330121,1,9284,100,1446493,-1
54342.628525852,1,9285,100,1444966,-1
54343.55080733,1,9286,100,1446855,-1
54344.401769257,1,9287,100,1450061,-1
54345.197735769,4,9281,100,1447165,-1
54346.915128783,3,9287,100,1450061,-1
54347.480503798,3,9277,100,1450671,-1
54348.286649302,3,9284,100,1446493,-1
54348.759104552,4,9286,100,1446855,-1
54349.51973629,1,9288,100,1455581,-1
54349.935032442,3,9288,100,1455581,-1
54350.547328591,1,9289,100,1453075,1
54351.319844252,3,9289,100,1453075,1
54352.235033518,3,9285,100,1444966,-1
54353.822586878,1,9290,100,1456106,-1
54354.619677714,3,9283,100,1441010,1
54355.673639327,3,9290,100,1456106,-1
54356.593721275,1,9291,100,1453540,1
54357.649254395,1,9292,100,1456436,1
54358.527003184,5,9292,100,1456436,1
54359.482881276,3,9291,100,1453540,1
54359.994387303,1,9293,100,1452428,1
54360.664248054,1,9294,100,1457107,-1
54361.136307938,1,9295,100,1453621,-1
54361.676075645,1,9296,100,1453075,1
54362.444040239,1,9297,100,1453951,-1
54363.380132721,1,9298,100,1456426,-1
54364.406807445,1,9299,100,1457229,-1
54364.901645142,3,9294,100,1457107,-1
54365.660015408,4,9298,100,1456426,-1
54366.410251821,1,9300,100,1460258,-1
54368.769629659,1,9301,100,1458741,-1
54369.541596748,4,9299,100,1457229,-1
54371.191769594,4,9297,100,1453951,-1
54372.198624572,4,9295,100,1453621,-1
54373.537615645,1,9302,100,1458249,-1
54374.254953423,4,9296,100,1453075,1
54375.334698789,3,9293,100,1452428,1
54376.151786723,1,9303,100,1454919,-1
54376.771326776,1,9304,100,1451961,1
54377.829338182,3,9300,100,1460258,-1
54378.652915237,1,9305,100,1453354,-1
54379.259280368,3,9303,100,1454919,-1
54379.823193486,4,9305,100,1453354,-1
54380.590784625,4,9301,100,1458741,-1
54381.067960017,5,9302,100,1458249,-1
54381.967828243,4,9304,100,1451961,1
54382.723025136,1,9306,100,1456598,1
54384.073635228,1,9307,100,1459308,-1
54384.684701991,5,9306,100,1456598,1
54385.588127719,1,9308,100,1454915,1
54386.185039367,1,9309,100,1450707,1
54387.027044252,1,9310,100,1456056,-1
54387.400358152,1,9311,100,1457481,-1
54387.813137323,1,9312,100,1454416,1
54388.471397639,3,9309,100,1450707,1
54389.443299974,1,9313,100,1458226,-1
54390.354026469,1,9314,100,1455098,1
54390.812256504,1,9315,100,1459370,-1
54391.859877285,1,9316,100,1453555,1
54392.926958144,5,9307,100,1459308,-1
54393.302540693,5,9313,100,1458226,-1
54394.174860174,1,9317,100,1457459,1
54394.685972709,1,9318,100,1460240,-1
54395.33765977,1,9319,100,1460456,-1
54395.819127566,3,9314,100,1455098,1
54396.562380031,1,9320,100,1456214,1
54397.186173111,1,9321,100,1458148,1
54397.718586954,3,9310,100,1456056,-1
54398.23974081,1,9322,100,1463697,-1
54399.230770107,4,9319,100,1460456,-1
54399.609678838,4,9318,100,1460240,-1
54400.443035479,1,9323,100,1460928,1
54400.905533211,1,9324,100,1461129,1
54401.451517162,3,9323,100,1460928,1
54401.975665769,3,9308,100,1454915,1
54402.576261199,3,9324,100,1461129,1
54403.253209281,4,9322,100,1463697,-1
54404.293056407,1,9325,100,1459895,1
54405.923052927,1,9326,100,1461107,1
54406.846299492,1,9327,100,1464776,1
54407.630379753,1,9328,100,1458623,1
54408.24309237,1,9329,100,1459348,1
54408.74688387,3,9316,100,1453555,1
54409.253265912,1,9330,100,1465937,-1
54410.287629605,3,9330,100,1465937,-1
54410.70137528,3,9328,100,1458623,1
54411.301707237,1,9331,100,1465665,-1
54412.28561568,3,9331,100,1465665,-1
54412.703916791,1,9332,100,1463588,-1
54413.335515417,1,9333,100,1463021,-1
54413.872105505,3,9329,100,1459348,1
54414.883087502,1,9334,100,1461056,1
54415.684426709,1,9335,100,1460190,-1
54416.711250614,4,9325,100,1459895,1
54417.140256972,3,9317,100,1457459,1
54417.500155654,5,9326,100,1461107,1
54418.119037908,4,9315,100,1459370,-1
54418.871334047,1,9336,100,1461821,-1
54419.815403224,1,9337,100,1462966,1
54420.881458382,3,9332,100,1463588,-1
54421.733014779,1,9338,100,1465847,-1
54422.150674559,1,9339,100,1466611,-1
54423.189908712,3,9333,100,1463021,-1
54423.932959635,4,9311,100,1457481,-1
54424.835642668,3,9338,100,1465847,-1
54425.246339687,3,9337,100,1462966,1
54425.771041106,1,9340,100,1463159,1
54426.415532336,4,9340,100,1463159,1
54426.997330422,4,9327,100,1464776,1
54428.526754432,1,9341,100,1464893,-1
54429.358345682,5,9339,100,1466611,-1
54430.042990927,1,9342,100,1457730,1
54430.65806705,1,9343,100,1460350,1
54431.532124154,1,9344,100,1459141,-1
54432.157432242,4,9336,100,1461821,-1
54432.854623492,4,9335,100,1460190,-1
54433.616446712,1,9345,100,1461449,-1
54434.483844653,4,9334,100,1461056,1
54434.952003632,1,9346,100,1460000,1
54435.650915046,4,9344,100,1459141,-1
54436.348949193,4,9341,100,1464893,-1
54437.375878484,1,9347,100,1464764,-1
54438.207237804,1,9348,100,1463445,1
54438.661873168,3,9312,100,1454416,1
54439.899060816,1,9349,100,1458564,1
54440.619074251,3,9343,100,1460350,1
54441.573974876,3,9347,100,1464764,-1
54442.230009652,1,9350,100,1465196,-1
54442.652617209,1,9351,100,1458622,1
54443.585388094,1,9352,100,1460903,1
54444.023767753,1,9353,100,1465008,-1
54444.951154758,5,9349,100,1458564,1
54445.85755481,1,9354,100,1462804,1
54446.85811876,3,9321,100,1458148,1
54447.340580851,1,9355,100,1459845,-1
54447.942543508,1,9356,100,1462950,-1
54449.007122044,1,9357,100,1461653,-1
54449.712319392,1,9358,100,1458157,-1
54450.109399824,1,9359,100,1458146,-1
54450.885951731,1,9360,100,1457922,-1
54451.672570271,3,9359,100,1458146,-1
54452.070408684,1,9361,100,1455176,1
54452.541995919,1,9362,100,1460852,1
54453.506561483,3,9354,100,1462804,1
54454.426542608,4,9360,100,1457922,-1
54455.172126563,3,9320,100,1456214,1
54455.793173534,1,9363,100,1458571,-1
54456.931360541,1,9364,100,1456730,1
54457.947268789,1,9365,100,1457076,-1
54458.470597092,1,9366,100,1452083,1
54459.177531165,1,9367,100,1456957,-1
54459.695363957,1,9368,100,1454390,-1
54460.223269007,1,9369,100,1456232,-1
54461.006702062,1,9370,100,1447926,1
54462.06335286,3,9366,100,1452083,1
54463.112911589,3,9355,100,1459845,-1
54463.485772544,3,9362,100,1460852,1
54465.070674506,1,9371,100,1451405,-1
54466.102289403,1,9372,100,1447810,-1
54467.586854276,3,9352,100,1460903,1
54468.624362687,3,9368,100,1454390,-1
54469.152922228,1,9373,100,1449156,-1
54469.971396754,5,9356,100,1462950,-1
54470.867934664,5,9353,100,1465008,-1
54471.748041181,3,9342,100,1457730,1
54472.775609926,3,9363,100,1458571,-1
54473.567355046,1,9374,100,1451265,1
54474.11360126,3,9348,100,1463445,1
54475.817901904,4,9373,100,1449156,-1
54476.265800768,1,9375,100,1448489,1
54477.129455407,3,9346,100,1460000,1
54477.695072379,1,9376,100,1448915,1
54478.450510957,1,9377,100,1452513,-1
54479.146762391,1,9378,100,1449452,-1
54479.961410187,5,9371,100,1451405,-1
54480.804489628,1,9379,100,1452522,1
54481.265709754,4,9379,100,1452522,1
54482.26374921,1,9380,100,1456637,-1
54483.087602632,1,9381,100,1452187,-1
54483.721218049,5,9345,100,1461449,-1
54484.487996264,3,9370,100,1447926,1
54485.332967492,1,9382,100,1457197,-1
54486.003935895,4,9361,100,1455176,1
54486.783167381,5,9364,100,1456730,1
54487.169594849,3,9378,100,1449452,-1
54488.052220183,4,9372,100,1447810,-1
54488.610912579,1,9383,100,1452911,1
54489.087101366,1,9384,100,1447827,1
54489.749966826,5,9358,100,1458157,-1
54490.143752871,1,9385,100,1453678,1
54491.037893695,4,9385,100,1453678,1
54491.716441376,3,9382,100,1457197,-1
54492.592077077,1,9386,100,1460387,-1
54493.462126389,4,9367,100,1456957,-1
54493.946735632,1,9387,100,1458873,-1
54497.212237553,1,9388,100,1455405,-1
54497.787112174,3,9369,100,1456232,-1
54498.546036735,1,9389,100,1446622,1
54499.541079879,3,9365,100,1457076,-1
54500.438055763,4,9374,100,1451265,1
54501.101550366,1,9390,100,1454968,-1
54502.052795894,3,9389,100,1446622,1
54502.919062031,4,9351,100,1458622,1
54503.718914796,1,9391,100,1451023,1
54505.617280113,1,9392,100,1458558,-1
54506.545747711,4,9377,100,1452513,-1
54506.935161981,1,9393,100,1457816,-1
54507.317794315,3,9380,100,1456637,-1
54507.866056771,4,9388,100,1455405,-1
54508.79723486,1,9394,100,1452005,1
54509.374900517,1,9395,100,1457127,-1
54510.36182982,5,9376,100,1448915,1
54512.052088839,3,9387,100,1458873,-1
54512.825659599,1,9396,100,1450213,1
54513.635122642,5,9375,100,1448489,1
54514.191090127,1,9397,100,1451870,-1
54514.549995823,1,9398,100,1453766,-1
54515.122333938,3,9386,100,1460387,-1
54516.059298897,1,9399,100,1454433,-1
54516.84360227,4,9397,100,1451870,-1
54517.77460758,3,9399,100,1454433,-1
54518.4967204,3,9394,100,1452005,1
54519.126488011,5,9390,100,1454968,-1
54519.930521067,3,9391,100,1451023,1
54520.982569751,3,9395,100,1457127,-1
54521.948174306,1,9400,100,1459549,-1
54522.920318172,1,9401,100,1463901,-1
54523.678717934,1,9402,100,1456845,1
54524.963132211,1,9403,100,1457993,1
54525.854951024,4,9392,100,1458558,-1
54526.623209609,1,9404,100,1458414,-1
54527.235481468,1,9405,100,1458971,-1
54527.953811699,3,9404,100,1458414,-1
54528.529547564,3,9401,100,1463901,-1
54529.063853208,3,9398,100,1453766,-1
54529.709391376,1,9406,100,1460312,-1
54530.270645443,1,9407,100,1455131,-1
54531.531891674,1,9408,100,1449551,1
54531.945375156,5,9383,100,1452911,1
54532.758015195,1,9409,100,1446603,1
54533.452409592,3,9350,100,1465196,-1
54533.91305354,1,9410,100,1448421,-1
54534.544471585,3,9357,100,1461653,-1
54535.486714587,4,9402,100,1456845,1
54536.449204077,3,9381,100,1452187,-1
54537.230336138,5,9408,100,1449551,1
54538.017860669,1,9411,100,1446664,1
54538.779522305,1,9412,100,1446013,1
54539.40331385,1,9413,100,1452420,-1
54539.981181007,3,9407,100,1455131,-1
54540.450751719,3,9393,100,1457816,-1
54541.365101682,3,9406,100,1460312,-1
54542.012843551,3,9384,100,1447827,1
54544.033852725,4,9396,100,1450213,1
54544.776831685,1,9414,100,1452074,-1
54546.225022594,1,9415,100,1451352,-1
54547.130973106,1,9416,100,1451215,-1
54547.749387293,1,9417,100,1453671,-1
54548.33518167,3,9414,100,1452074,-1
54549.039734355,1,9418,100,1453328,-1
54549.569274311,1,9419,100,1446805,1
54550.542269476,4,9403,100,1457993,1
54551.250589172,1,9420,100,1452508,-1
54552.023758758,5,9420,100,1452508,-1
54552.426568106,4,9410,100,1448421,-1
54553.308330569,4,9411,100,1446664,1
54553.993526234,4,9415,100,1451352,-1
54554.823318024,1,9421,100,1450467,-1
54555.795944704,1,9422,100,1446152,1
54556.497335671,3,9413,100,1452420,-1
54557.297439893,4,9422,100,1446152,1
54557.691577915,3,9419,100,1446805,1
54558.127515141,1,9423,100,1446686,1
54559.139535779,1,9424,100,1451680,-1
54559.595438462,1,9425,100,1446577,-1
54560.437562991,4,9421,100,1450467,-1
54561.356529239,5,9416,100,1451215,-1
54561.827985442,1,9426,200,1447238,1
54562.372910925,5,9417,100,1453671,-1
54563.277820185,1,9427,100,1452099,-1
54563.717923231,1,9428,100,1451572,-1
54564.161526262,1,9429,100,1451136,-1
54564.56214346,3,9424,100,1451680,-1
54565.577262785,4,9425,100,1446577,-1
54566.085529285,3,9423,100,1446686,1
54566.521841078,1,9430,100,1448369,1
54566.965874579,1,9431,100,1453763,-1
54567.525778535,1,9432,100,1445460,1
54568.430713113,1,9433,100,1453051,-1
54569.786515098,3,9409,100,1446603,1
54570.332493919,1,9434,100,1448006,1
54571.297153971,1,9435,100,1447520,-1
54572.096498079,3,9400,100,1459549,-1
54572.843298462,3,9412,100,1446013,1
54573.270546701,1,9436,100,1444060,1
54574.31347621,1,9437,100,1450886,1
54574.924382437,1,9438,100,1451141,-1
54576.381726355,3,9438,100,1451141,-1
54577.190190357,1,9439,100,1447193,-1
54577.76600532,1,9440,100,1450212,-1
54578.136646384,1,9441,100,1449477,-1
54578.870982477,3,9441,100,1449477,-1
54579.787457552,3,9440,100,1450212,-1
54580.242008432,1,9442,100,1444771,1
54581.253820723,3,9405,100,1458971,-1
54582.02667355,4,9430,100,1448369,1
54582.467323973,1,9443,100,1449371,-1
54582.874037663,3,9439,100,1447193,-1
54584.365648446,4,9429,100,1451136,-1
54585.945413209,1,9444,100,1453324,-1
54587.360196265,3,9418,100,1453328,-1
54588.38842463,4,9434,100,1448006,1
54588.74105613,1,9445,100,1450010,-1
54589.774881841,1,9446,100,1450494,-1
54590.536021306,1,9447,100,1445561,1
54591.78099973,4,9426,200,1447238,1
54592.297635742,5,9431,100,1453763,-1
54592.767386969,3,9432,100,1445460,1
54593.386259975,3,9446,100,1450494,-1
54594.236057294,4,9436,100,1444060,1
54594.590882371,3,9435,100,1447520,-1
54596.118414956,1,9448,100,1444570,-1
54596.688073627,1,9449,100,1441974,1
54597.295820586,4,9449,100,1441974,1
54597.675939388,3,9444,100,1453324,-1
54598.756354721,3,9448,100,1444570,-1
54599.231034873,3,9437,100,1450886,1
54600.220950248,1,9450,100,1441207,-1
54601.205069568,1,9451,100,1441744,-1
54602.24855921,1,9452,100,1442483,-1
54603.046287627,3,9451,100,1441744,-1
54603.609842145,1,9453,100,1436041,1
54604.012021161,1,9454,100,1438613,-1
54604.759291665,1,9455,100,1444544,-1
54605.394072588,4,9447,100,1445561,1
54605.995623881,1,9456,100,1444058,-1
54606.911366081,3,9450,100,1441207,-1
54607.68452818,5,9427,100,1452099,-1
54608.537623528,4,9442,100,1444771,1
54609.475277055,3,9455,100,1444544,-1
54610.519366182,4,9454,100,1438613,-1
54611.2454683,4,9456,100,1444058,-1
54611.761634384,1,9457,100,1443347,-1
54612.366785529,1,9458,100,1444291,-1
54612.890382161,1,9459,100,1439399,1
54613.25829585,3,9445,100,1450010,-1
54614.024310752,4,9459,100,1439399,1
54614.95170969,1,9460,100,1438550,1
54615.71864983,1,9461,100,1439905,1
54616.2473497,1,9462,100,1434843,1
54617.034298152,5,9433,100,1453051,-1
54617.912236635,4,9461,100,1439905,1
54618.893181382,3,9458,100,1444291,-1
54619.359429685,1,9463,100,1431822,1
54619.799501425,3,9428,100,1451572,-1
54620.779805529,1,9464,100,1431535,1
54621.591692358,3,9464,100,1431535,1
54622.400189245,3,9452,100,1442483,-1
54623.383488117,1,9465,100,1435563,1
54623.952580818,1,9466,100,1430112,1
54624.391784376,3,9453,100,1436041,1
54625.149703733,1,9467,100,1439867,-1
54626.322601371,3,9462,100,1434843,1
54626.823684943,1,9468,100,1437631,-1
54627.246945323,5,9463,100,1431822,1
54627.676745446,3,9465,100,1435563,1
54628.437436935,3,9468,100,1437631,-1
54629.38469665,4,9460,100,1438550,1
54629.912669694,1,9469,100,1431250,1
54630.601870853,3,9457,100,1443347,-1
54631.166307114,4,9466,100,1430112,1
54632.178546716,3,9469,100,1431250,1
54633.168332901,1,9470,100,1436443,-1
54633.817299069,3,9470,100,1436443,-1
54634.209680091,4,9443,100,1449371,-1
54634.865502917,1,9471,100,1436710,-1
54635.556883627,1,9472,100,1435624,1
54635.996041803,3,9471,100,1436710,-1
54636.762390836,4,9472,100,1435624,1
54637.71363965,1,9473,100,1437158,-1
54638.268695272,3,9473,100,1437158,-1
54639.050160883,5,9467,100,1439867,-1
54639.439613222,1,9474,100,1434495,-1
54640.193219231,1,9475,100,1435943,-1
54640.989384125,1,9476,100,1431107,1
54642.71014431,3,9475,100,1435943,-1
54643.151712193,1,9477,100,1430763,-1
54644.96326911,3,9477,100,1430763,-1
54645.814646271,3,9476,100,1431107,1
54646.586812331,1,9478,100,1426162,1
54647.428420384,1,9479,100,1424690,1
54647.998328857,1,9480,100,1425698,-1
54648.5062219,4,9478,100,1426162,1
54649.382468792,3,9479,100,1424690,1
54649.77151802,1,9481,100,1424184,1
54650.609872682,1,9482,100,1423344,1
54651.286288618,1,9483,100,1426537,-1
54651.76978929,1,9484,100,1429310,-1
54652.296135106,1,9485,100,1428846,1
54653.055354194,4,9483,100,1426537,-1
54653.955476558,1,9486,100,1427550,-1
54654.627265724,4,9480,100,1425698,-1
54655.171829444,3,9482,100,1423344,1
54656.168414132,1,9487,100,1425454,1
54657.069389513,1,9488,100,1426279,1
54658.018646195,1,9489,100,1429867,1
54658.950881909,4,9488,100,1426279,1
54659.815841833,4,9484,100,1429310,-1
54660.590256778,1,9490,100,1431729,-1
54661.481421453,1,9491,100,1425539,1
54662.508554583,3,9481,100,1424184,1
54663.067120059,1,9492,100,1429917,-1
54664.53222733,3,9487,100,1425454,1
54664.912686764,1,9493,100,1432696,-1
54665.595931937,3,9489,100,1429867,1
54666.154115253,3,9474,100,1434495,-1
54667.03179829,4,9492,100,1429917,-1
54667.554531118,1,9494,100,1428951,1
54668.142489039,3,9485,100,1428846,1
54668.93577587,4,9490,100,1431729,-1
54669.960658553,1,9495,100,1432996,-1
54670.667709154,5,9493,100,1432696,-1
54671.09487326,4,9486,100,1427550,-1
54671.496310559,3,9491,100,1425539,1
54672.162838959,5,9494,100,1428951,1
54672.655538052,1,9496,100,1428073,1
54673.234300775,1,9497,100,1426376,1
54674.685510413,4,9497,100,1426376,1
54675.059015336,3,9495,100,1432996,-1
54676.095243933,1,9498,100,1428117,-1
54676.769506071,1,9499,100,1422840,1
54677.684558861,1,9500,100,1424107,1
54678.495938507,4,9500,100,1424107,1
54679.371174384,3,9499,100,1422840,1
54679.841538181,4,9496,100,1428073,1
54680.512834914,3,9498,100,1428117,-1
54680.915694136,1,9501,100,1424127,-1
54681.583106097,3,9501,100,1424127,-1
54682.086290087,1,9502,100,1424351,-1
54682.727603265,3,9502,100,1424351,-1
54683.543360908,1,9503,100,1422071,1
54684.487265849,4,9503,100,1422071,1
54685.460809291,1,9504,100,1427343,-1
54686.262156658,4,9504,100,1427343,-1
54687.008536492,1,9505,100,1423616,1
54688.407607528,5,9505,100,1423616,1
54689.158642233,1,9506,100,1420279,1
54690.188878903,5,9506,100,1420279,1
54690.996458502,1,9507,100,1422684,1
54692.019427417,5,9507,100,1422684,1
54692.398211228,1,9508,100,1426824,-1
54693.317605872,1,9509,100,1425680,1
54694.071405757,1,9510,100,1424166,1
54694.711495152,4,9510,100,1424166,1
54695.102533174,4,9509,100,1425680,1
54696.368947088,5,9508,100,1426824,-1
54697.087828237,1,9511,100,1420535,1
54697.592141678,3,9511,100,1420535,1
54698.585519721,1,9512,100,1416762,1
54699.294638876,1,9513,100,1419762,-1
54699.981442471,4,9513,100,1419762,-1
54700.818368394,1,9514,100,1418857,1
54702.212081972,3,9512,100,1416762,1
54703.070671447,3,9514,100,1418857,1
54703.715152973,1,9515,100,1422793,-1
54704.483099594,3,9515,100,1422793,-1
54705.076623825,1,9516,100,1421670,-1
54705.630394557,3,9516,100,1421670,-1
54706.153028941,1,9517,100,1421231,-1
54706.5480822,1,9518,100,1418495,-1
54707.124769373,1,9519,100,1418498,-1
54707.51334025,3,9517,100,1421231,-1
54708.250614526,4,9518,100,1418495,-1
54708.828901153,4,9519,100,1418498,-1
54709.602731747,1,9520,100,1418060,-1
54710.072856996,1,9521,100,1421448,-1
54711.049398804,5,9520,100,1418060,-1
54711.907388916,1,9522,100,1415539,1
54712.761673332,1,9523,100,1414027,1
54713.483351119,5,9523,100,1414027,1
54714.200991376,3,9522,100,1415539,1
54714.676993104,1,9524,200,1413635,1
54715.38981724,4,9521,100,1421448,-1
54716.268078158,1,9525,100,1417620,1
54717.976727916,3,9525,100,1417620,1
54718.899423526,3,9524,200,1413635,1
54719.337326384,1,9526,100,1417896,-1
54720.225889708,3,9526,100,1417896,-1
54720.755900072,1,9527,100,1412933,1
54721.646806915,1,9528,100,1412070,1
54722.444271358,4,9527,100,1412933,1
54722.94402274,1,9529,100,1414496,1
54723.359062194,3,9528,100,1412070,1
54724.292518702,1,9530,100,1419175,-1
54725.162466046,4,9530,100,1419175,-1
54726.599658724,3,9529,100,1414496,1
54727.193762196,1,9531,100,1419316,-1
54727.803226282,1,9532,100,1421454,-1
54728.341102026,3,9531,100,1419316,-1
54729.271859711,3,9532,100,1421454,-1
54729.855263075,1,9533,100,1418079,-1
54730.74489116,3,9533,100,1418079,-1
54731.24505769,1,9534,100,1414210,1
54732.122963443,1,9535,100,1415801,-1
54733.096040885,3,9534,100,1414210,1
54733.575334303,3,9535,100,1415801,-1
54734.008000654,1,9536,100,1412962,1
54734.542374347,5,9536,100,1412962,1
54735.095555201,1,9537,100,1416570,1
54736.124733024,1,9538,100,1415777,1
54736.68488302,3,9538,100,1415777,1
54737.550375411,1,9539,100,1415688,-1
54738.35586642,5,9537,100,1416570,1
54739.328600936,4,9539,100,1415688,-1
54739.883811806,1,9540,100,1420640,-1
54740.374368401,1,9541,100,1415798,1
54741.3760524,1,9542,100,1419686,-1
54742.254576441,1,9543,100,1414829,1
54743.230621566,1,9544,100,1415270,1
54744.708290373,1,9545,100,1419860,-1
54745.676626848,1,9546,100,1420556,-1
54746.489291395,3,9545,100,1419860,-1
54747.022030555,1,9547,100,1418426,-1
54747.94980759,1,9548,100,1421728,-1
54748.692205793,1,9549,100,1418825,-1
54749.357163946,1,9550,100,1415634,1
54750.309511155,1,9551,100,1424125,-1
54750.8699307,1,9552,100,1414341,1
54751.504778592,1,9553,100,1419823,1
54752.196074654,5,9543,100,1414829,1
54752.789113582,1,9554,100,1419396,-1
54753.402512603,4,9550,100,1415634,1
54753.911682768,3,9554,100,1419396,-1
54754.815962572,5,9548,100,1421728,-1
54755.655436582,5,9549,100,1418825,-1
54756.649557052,4,9542,100,1419686,-1
54757.190685431,5,9544,100,1415270,1
54757.781202532,4,9547,100,1418426,-1
54758.166388567,5,9552,100,1414341,1
54758.774828237,4,9540,100,1420640,-1
54759.548727364,1,9555,100,1417806,-1
54760.408592938,3,9546,100,1420556,-1
54761.294200041,5,9541,100,1415798,1
54762.001766003,1,9556,100,1418293,-1
54763.608166958,3,9556,100,1418293,-1
54764.480913016,5,9551,100,1424125,-1
54765.079408978,3,9555,100,1417806,-1
54765.525339159,3,9553,100,1419823,1
54766.342231369,1,9557,100,1413656,1
54767.217366363,4,9557,100,1413656,1
54767.756655278,1,9558,100,1414843,-1
54768.495696376,1,9559,100,1415015,-1
54769.183430932,1,9560,100,1409933,1
54770.048607879,4,9560,100,1409933,1
54770.469698492,5,9558,100,1414843,-1
54771.444255968,4,9559,100,1415015,-1
54771.947697724,1,9561,100,1413013,1
54772.849190103,4,9561,100,1413013,1
54773.631402852,1,9562,100,1415905,-1
54774.214524667,4,9562,100,1415905,-1
54775.166053129,1,9563,100,1411142,-1
54776.073538223,5,9563,100,1411142,-1
54777.061299513,1,9564,100,1412516,-1
54777.561230547,1,9565,100,1408594,1
54778.018041648,3,9565,100,1408594,1
54778.655365944,4,9564,100,1412516,-1
54779.242473385,1,9566,100,1419884,-1
54780.185733569,3,9566,100,1419884,-1
54780.756232254,1,9567,100,1410835,1
54781.391296703,3,9567,100,1410835,1
54781.999789593,1,9568,100,1415802,-1
54782.523270748,3,9568,100,1415802,-1
54783.115059759,1,9569,100,1412857,1
54783.908043881,3,9569,100,1412857,1
54784.634341103,1,9570,100,1416988,-1
54785.476290234,1,9571,100,1413768,1
54785.858049483,3,9571,100,1413768,1
54786.697530408,1,9572,100,1417180,-1
54787.511069873,4,9570,100,1416988,-1
54788.171857377,1,9573,100,1418065,-1
54789.045883427,3,9573,100,1418065,-1
54789.702826362,4,9572,100,1417180,-1
54790.091118029,1,9574,100,1414862,1
54791.077885918,1,9575,100,1416413,-1
54791.59397305,3,9574,100,1414862,1
54792.334420793,1,9576,100,1416084,-1
54793.016657342,4,9576,100,1416084,-1
54793.492317804,1,9577,100,1417052,-1
54793.991334005,1,9578,100,1417278,1
54794.73422858,1,9579,100,1416255,-1
54795.142122793,1,9580,100,1415648,1
54795.666810207,1,9581,100,1418079,1
54796.443777861,3,9580,100,1415648,1
54798.031482062,1,9582,100,1420986,-1
54798.810202275,3,9579,100,1416255,-1
54799.53552019,1,9583,100,1417280,1
54800.390172722,3,9578,100,1417278,1
54801.176041131,1,9584,100,1418995,-1
54801.810878519,3,9583,100,1417280,1
54802.370493053,1,9585,100,1416439,1
54803.144581307,3,9582,100,1420986,-1
54803.674380399,4,9581,100,1418079,1
54804.431165681,1,9586,100,1421553,-1
54805.150838045,3,9585,100,1416439,1
54805.67275688,1,9587,100,1414567,1
54806.49751182,3,9587,100,1414567,1
54807.341413088,5,9575,100,1416413,-1
54808.860614899,4,9577,100,1417052,-1
54809.408171582,3,9586,100,1421553,-1
54811.200483823,3,9584,100,1418995,-1
54811.597363751,1,9588,100,1421024,-1
54812.161319183,5,9588,100,1421024,-1
54812.823062556,1,9589,100,1419260,1
54813.172914436,1,9590,100,1424779,-1
54813.943773284,4,9589,100,1419260,1
54815.567191259,4,9590,100,1424779,-1
54816.398456517,1,9591,100,1420611,-1
54817.379686351,3,9591,100,1420611,-1
54818.400797616,1,9592,100,1416215,1
54818.803886155,1,9593,100,1414883,1
54819.55044822,1,9594,100,1417430,1
54820.515922117,3,9593,100,1414883,1
54820.991130304,3,9592,100,1416215,1
54821.642259146,1,9595,200,1420310,-1
54822.568490094,3,9594,100,1417430,1
54823.180864622,2,9595,100,1420310,-1
54823.927166399,3,9595,100,1420310,-1
54824.834092695,1,9596,100,1422546,-1
54825.393436826,3,9596,100,1422546,-1
54825.773055829,1,9597,100,1419899,-1
54826.324575122,3,9597,100,1419899,-1
54826.99553959,1,9598,100,1414587,1
54827.995385797,3,9598,100,1414587,1
54828.38811495,1,9599,100,1414875,-1
54828.761537301,1,9600,100,1419114,-1
54829.303201229,1,9601,100,1415555,-1
54829.987333823,3,9601,100,1415555,-1
54830.533227054,1,9602,100,1415550,1
54831.203771201,3,9599,100,1414875,-1
54831.766718587,5,9602,100,1415550,1
54832.620032161,3,9600,100,1419114,-1
54833.29079877,1,9603,100,1416302,1
54833.855223831,1,9604,100,1415836,1
54834.81644137,1,9605,100,1419915,-1
54835.181884814,1,9606,100,1420142,-1
54835.663712474,4,9603,100,1416302,1
54836.643412075,1,9607,100,1418538,-1
54837.374722218,1,9608,100,1414125,1
54838.22212389,3,9607,100,1418538,-1
54839.010469319,1,9609,100,1417868,-1
54839.391872285,1,9610,100,1419011,-1
54840.627914412,4,9604,100,1415836,1
54841.426652609,5,9605,100,1419915,-1
54842.192549596,4,9608,100,1414125,1
54843.423679624,1,9611,100,1416869,-1
54844.061522218,3,9609,100,1417868,-1
54844.696222218,1,9612,100,1417871,-1
54845.564722327,3,9610,100,1419011,-1
54846.094155337,1,9613,100,1409945,1
54847.41249138,4,9613,100,1409945,1
54849.860268968,1,9614,100,1416760,-1
54850.619395933,4,9611,100,1416869,-1
54851.602452599,1,9615,100,1411511,1
54852.084524889,1,9616,100,1416402,-1
54852.978201442,5,9612,100,1417871,-1
54853.368819687,1,9617,100,1412900,-1
54854.052523397,5,9616,100,1416402,-1
54854.592170571,1,9618,100,1412876,1
54855.109018383,3,9606,100,1420142,-1
54855.821466221,1,9619,100,1420011,-1
54856.227202679,1,9620,100,1421658,-1
54856.653741722,4,9617,100,1412900,-1
54857.678915812,1,9621,100,1418260,-1
54858.629263789,1,9622,100,1414671,1
54859.547173251,3,9621,100,1418260,-1
54860.815967611,4,9620,100,1421658,-1
54861.784589842,1,9623,100,1417036,1
54862.54701179,1,9624,100,1421400,1
54862.952952856,4,9619,100,1420011,-1
54863.484196018,1,9625,100,1415615,1
54864.500544659,5,9618,100,1412876,1
54864.885576347,1,9626,100,1416254,1
54865.713383958,1,9627,100,1417282,1
54866.29908826,1,9628,100,1422234,-1
54867.298547816,1,9629,100,1415544,1
54867.694090154,1,9630,100,1415132,1
54868.618970945,3,9623,100,1417036,1
54869.366949098,3,9629,100,1415544,1
54870.210663835,5,9626,100,1416254,1
54871.159396671,3,9628,100,1422234,-1
54871.880204505,3,9622,100,1414671,1
54872.296472836,3,9630,100,1415132,1
54872.87910282,3,9624,100,1421400,1
54874.209640877,3,9615,100,1411511,1
54874.592506812,3,9627,100,1417282,1
54875.516282744,4,9614,100,1416760,-1
54876.430425969,1,9631,100,1418179,-1
54876.817736272,4,9625,100,1415615,1
54877.690013979,4,9631,100,1418179,-1
54878.508557912,1,9632,100,1412291,-1
54879.082862351,1,9633,100,1410106,1
54879.797696743,4,9633,100,1410106,1
54880.25235193,1,9634,100,1413288,-1
54881.138716812,4,9634,100,1413288,-1
54881.795354169,4,9632,100,1412291,-1
54882.157170468,1,9635,100,1406804,1
54883.326241593,4,9635,100,1406804,1
54883.711655433,1,9636,100,1409395,-1
54885.74464876,3,9636,100,1409395,-1
54886.382377752,1,9637,100,1406527,1
54887.835328029,4,9637,100,1406527,1
54888.230633686,1,9638,100,1407639,1
54889.649244924,1,9639,100,1410803,-1
54890.763309451,1,9640,100,1406859,1
54891.148551251,1,9641,100,1408595,1
54892.009541536,1,9642,100,1414204,-1
54892.626676075,1,9643,100,1409873,-1
54893.326269001,3,9641,100,1408595,1
54894.339467769,1,9644,100,1410895,-1
54894.992555992,3,9640,100,1406859,1
54895.349318532,1,9645,100,1411134,-1
54896.161664446,3,9645,100,1411134,-1
54896.754676491,3,9644,100,1410895,-1
54897.209826502,5,9639,100,1410803,-1
54898.096826685,1,9646,100,1409426,1
54899.113273493,1,9647,100,1410948,1
54900.133083447,1,9648,100,1410405,1
54900.82836282,1,9649,100,1411055,1
54901.700928614,3,9649,100,1411055,1
54903.281982407,4,9647,100,1410948,1
54903.974661553,1,9650,100,1415846,-1
54904.486009304,4,9646,100,1409426,1
54904.985590908,3,9643,100,1409873,-1
54905.775202439,1,9651,100,1410748,-1
54906.743273185,1,9652,100,1413091,-1
54907.539672489,1,9653,100,1408588,1
54908.516190326,3,9651,100,1410748,-1
54909.292951118,3,9638,100,1407639,1
54909.837941296,5,9652,100,1413091,-1
54910.211388382,1,9654,100,1405067,1
54911.183413693,1,9655,100,1410942,1
54911.623731352,3,9654,100,1405067,1
54912.385408944,1,9656,100,1409693,1
54913.115665509,1,9657,100,1407769,1
54913.699439284,3,9653,100,1408588,1
54914.425974755,1,9658,100,1409290,1
54915.357543612,3,9658,100,1409290,1
54915.783122964,1,9659,100,1408139,-1
54916.718632544,1,9660,100,1408870,1
54918.800763038,3,9642,100,1414204,-1
54919.734010761,3,9657,100,1407769,1
54920.282665001,1,9661,100,1404540,-1
54920.645158804,1,9662,100,1406762,1
54921.531268553,3,9656,100,1409693,1
54921.920653584,1,9663,100,1409939,1
54923.381577581,4,9659,100,1408139,-1
54923.901768895,3,9663,100,1409939,1
54924.386992087,1,9664,100,1405071,1
54925.115013512,1,9665,100,1408332,-1
54925.653783262,1,9666,100,1406876,-1
54926.409304583,1,9667,100,1410080,-1
54927.137787868,3,9648,100,1410405,1
54928.124972955,1,9668,100,1410982,-1
54928.664088289,1,9669,100,1407399,1
54929.164801437,4,9655,100,1410942,1
54930.161675489,1,9670,100,1412291,-1
54930.890332528,4,9665,100,1408332,-1
54931.322350828,3,9662,100,1406762,1
54931.845480054,1,9671,100,1407183,1
54932.223325085,3,9661,100,1404540,-1
54933.134304863,1,9672,100,1412650,1
54934.007807525,3,9650,100,1415846,-1
54934.434110686,5,9669,100,1407399,1
54935.185696192,1,9673,100,1413631,1
54935.75160063,3,9667,100,1410080,-1
54936.669362733,4,9666,100,1406876,-1
54937.144980575,1,9674,100,1417041,-1
54937.500185616,1,9675,100,1416320,1
54937.904478254,3,9664,100,1405071,1
54938.678953261,3,9668,100,1410982,-1
54939.072525145,1,9676,100,1412533,1
54939.905272038,3,9673,100,1413631,1
54940.905502058,1,9677,100,1420622,-1
54941.645882131,1,9678,100,1414571,1
54942.627723966,1,9679,100,1415910,1
54943.126189236,3,9670,100,1412291,-1
54943.910522867,4,9675,100,1416320,1
54945.738339278,1,9680,100,1418640,-1
54946.474704056,3,9677,100,1420622,-1
54946.879456548,3,9678,100,1414571,1
54947.548131686,3,9680,100,1418640,-1
54948.343944844,1,9681,100,1415636,1
54948.888539007,3,9674,100,1417041,-1
54949.333005934,1,9682,100,1421459,1
54949.812817314,1,9683,100,1419173,-1
54950.194351143,1,9684,100,1415508,1
54950.888941419,3,9676,100,1412533,1
54951.347376328,3,9672,100,1412650,1
54951.877926058,4,9682,100,1421459,1
54952.329855625,1,9685,100,1419397,1
54954.096366814,3,9685,100,1419397,1
54954.877372091,3,9679,100,1415910,1
54955.469013899,1,9686,200,1415021,1
54956.188124081,3,9684,100,1415508,1
54957.429284677,1,9687,100,1419447,1
54958.432136524,3,9681,100,1415636,1
54959.001701066,3,9687,100,1419447,1
54959.355694034,4,9683,100,1419173,-1
54959.796104915,1,9688,100,1423711,-1
54960.67440193,3,9686,200,1415021,1
54961.600815586,3,9688,100,1423711,-1
54962.174831304,1,9689,100,1418444,1
54963.167957485,5,9660,100,1408870,1
54963.981041341,4,9689,100,1418444,1
54964.909873812,3,9671,100,1407183,1
54965.528490547,1,9690,100,1428114,-1
54966.179105872,3,9690,100,1428114,-1
54967.146161867,1,9691,100,1424247,1
54967.627331244,1,9692,100,1427527,-1
54967.985330351,3,9692,100,1427527,-1
54968.785098576,5,9691,100,1424247,1
54969.317058904,1,9693,100,1424218,1
54969.66223165,4,9693,100,1424218,1
54970.074608202,1,9694,100,1423735,1
54970.687947984,1,9695,100,1426039,-1
54971.529435925,5,9695,100,1426039,-1
54972.051257041,1,9696,100,1425442,-1
54972.528478552,5,9694,100,1423735,1
54973.404590639,1,9697,100,1426390,-1
54973.776402025,5,9697,100,1426390,-1
54974.128158066,4,9696,100,1425442,-1
54974.515564433,1,9698,100,1424008,1
54975.102105962,3,9698,100,1424008,1
54975.699259223,1,9699,100,1426786,-1
54976.10088323,1,9700,100,1427381,1
54976.750390663,1,9701,100,1423887,1
54977.237660546,1,9702,200,1423195,1
54978.147278119,4,9700,100,1427381,1
54978.887502905,1,9703,100,1430168,1
54979.671312792,4,9699,100,1426786,-1
54980.219913743,5,9703,100,1430168,1
54980.827604805,3,9702,200,1423195,1
54981.798945054,1,9704,100,1429713,-1
54982.229631714,5,9704,100,1429713,-1
54982.857578499,1,9705,100,1424714,1
54983.246465134,3,9705,100,1424714,1
54983.926870448,4,9701,100,1423887,1
54984.743123563,1,9706,100,1424771,1
54985.422716998,3,9706,100,1424771,1
54986.318466235,1,9707,100,1425789,-1
54986.924308491,3,9707,100,1425789,-1
54987.344519216,1,9708,100,1427902,-1
54988.344721864,3,9708,100,1427902,-1
54989.202747352,1,9709,100,1425422,1
54989.801896886,1,9710,100,1428135,1
54990.314651705,1,9711,100,1430580,-1
54991.035328855,4,9710,100,1428135,1
54992.323067185,3,9709,100,1425422,1
54993.052147137,1,9712,100,1429201,-1
54993.654133041,4,9712,100,1429201,-1
54994.612734829,1,9713,100,1425588,-1
54995.451739322,5,9711,100,1430580,-1
54996.027194506,3,9713,100,1425588,-1
54996.995938498,1,9714,100,1423902,1
54997.859710267,1,9715,100,1422025,1
54998.401943698,3,9714,100,1423902,1
54999.018469604,1,9716,100,1427531,-1
54999.563516866,1,9717,100,1424476,-1
55000.005325377,1,9718,100,1424232,1
55000.360673797,1,9719,100,1426234,-1
55000.916013091,1,9720,100,1429503,-1
55001.824892767,3,9717,100,1424476,-1
55002.953515928,1,9721,100,1428579,-1
55003.588999656,5,9715,100,1422025,1
55004.069880405,4,9719,100,1426234,-1
55004.604557443,5,9716,100,1427531,-1
55005.622121377,1,9722,100,1424788,1
55006.142004278,3,9720,100,1429503,-1
55006.710682748,1,9723,100,1422545,1
55007.617664277,1,9724,100,1428431,-1
55008.294834606,3,9724,100,1428431,-1
55009.127065814,1,9725,100,1428345,-1
55009.605500434,3,9723,100,1422545,1
55010.054915462,5,9718,100,1424232,1
55011.225901909,3,9721,100,1428579,-1
55012.492703117,4,9722,100,1424788,1
55013.129939131,4,9725,100,1428345,-1
55013.755776562,1,9726,100,1420138,1
55014.754997161,1,9727,100,1419658,1
55015.480147757,1,9728,100,1420753,1
55015.884660306,3,9727,100,1419658,1
55016.672515336,3,9728,100,1420753,1
55017.594308013,3,9726,100,1420138,1
55018.072056844,1,9729,100,1422220,-1
55018.603400974,1,9730,100,1422841,1
55019.513509184,1,9731,100,1426681,-1
55020.188655568,3,9731,100,1426681,-1
55020.708041322,1,9732,100,1424760,-1
55021.576581801,1,9733,100,1425138,-1
55022.067974401,1,9734,100,1420810,1
55022.997757946,4,9730,100,1422841,1
55023.904256045,3,9729,100,1422220,-1
55024.91161243,3,9734,100,1420810,1
55025.747779367,1,9735,100,1421632,1
55026.253937362,4,9735,100,1421632,1
55026.647776452,1,9736,100,1414364,1
55028.138621044,5,9732,100,1424760,-1
55028.565290034,1,9737,100,1416232,1
55029.300912712,1,9738,100,1416617,1
55029.666530607,5,9736,100,1414364,1
55030.543967765,3,9738,100,1416617,1
55031.951590865,1,9739,100,1422913,-1
55032.799670388,4,9739,100,1422913,-1
55033.680184,1,9740,100,1425208,-1
55034.564290726,3,9740,100,1425208,-1
55035.462485387,4,9733,100,1425138,-1
55036.287540955,4,9737,100,1416232,1
55036.700395662,1,9741,100,1419666,-1
55037.193883476,3,9741,100,1419666,-1
55037.908545889,1,9742,100,1418241,1
55039.616058229,4,9742,100,1418241,1
55039.984645015,1,9743,100,1415652,1
55040.989626308,1,9744,100,1417304,-1
55041.764647838,3,9744,100,1417304,-1
55042.297293991,3,9743,100,1415652,1
55042.908537053,1,9745,100,1418335,-1
55043.895156957,1,9746,100,1415223,1
55044.5071121,1,9747,100,1411608,1
55045.203975217,5,9746,100,1415223,1
55045.629215109,4,9747,100,1411608,1
55046.359584503,3,9745,100,1418335,-1
55047.260371243,1,9748,100,1413889,-1
55047.608781901,1,9749,100,1410135,1
55048.511718828,3,9749,100,1410135,1
55049.433049695,3,9748,100,1413889,-1
55050.307549276,1,9750,100,1411682,-1
55050.914963348,3,9750,100,1411682,-1
55051.664858117,1,9751,100,1412137,-1
55052.462787208,3,9751,100,1412137,-1
55053.298524446,1,9752,100,1411334,1
55053.762730024,1,9753,100,1414295,1
55054.315063629,3,9753,100,1414295,1
55055.110521952,1,9754,100,1411425,1
55055.724088461,1,9755,100,1413895,-1
55056.44304456,3,9752,100,1411334,1
55057.991602957,1,9756,100,1415002,-1
55058.883285355,3,9755,100,1413895,-1
55059.724514111,3,9756,100,1415002,-1
55060.62172913,1,9757,100,1410382,1
55061.575235796,4,9754,100,1411425,1
55062.474242955,1,9758,100,1410037,1
55063.132930501,1,9759,100,1413324,-1
55064.098737744,1,9760,100,1411774,-1
55065.089869799,5,9759,100,1413324,-1
55066.023434775,4,9758,100,1410037,1
55067.701829087,3,9760,100,1411774,-1
55068.147199603,4,9757,100,1410382,1
55068.682160704,1,9761,100,1412087,-1
55070.248756394,4,9761,100,1412087,-1
55070.945671586,1,9762,100,1409201,1
55071.884113549,4,9762,100,1409201,1
55072.702206393,1,9763,100,1413026,1
55073.526081269,1,9764,100,1409395,1
55074.373205916,5,9764,100,1409395,1
55074.948471032,1,9765,100,1413888,-1
55075.458242937,4,9763,100,1413026,1
55076.229387808,1,9766,100,1410506,1
55076.899020915,3,9766,100,1410506,1
55077.23959053,5,9765,100,1413888,-1
55078.164698077,1,9767,100,1409045,1
55080.803385779,3,9767,100,1409045,1
55081.532515564,1,9768,100,1409918,-1
55082.071957101,1,9769,100,1409995,1
55082.957801952,3,9769,100,1409995,1
55083.806428412,1,9770,100,1412952,-1
55084.708197334,3,9768,100,1409918,-1
55085.486065208,5,9770,100,1412952,-1
55086.003522206,1,9771,100,1410278,-1
55086.365249675,1,9772,100,1411384,1
55087.32546766,1,9773,100,1403546,1
55088.073406414,3,9771,100,1410278,-1
55088.869187936,1,9774,100,1403667,1
55089.772282479,1,9775,100,1411380,-1
55090.245512519,4,9772,100,1411384,1
55090.617004415,3,9773,100,1403546,1
55091.239147033,3,9775,100,1411380,-1
55092.074816816,1,9776,100,1402484,1
55092.673768228,5,9774,100,1403667,1
55093.455546171,3,9776,100,1402484,1
55094.367537022,1,9777,100,1403171,1
55094.888300911,1,9778,100,1402557,1
55095.53547388,1,9779,100,1407277,1
55096.452630218,1,9780,100,1404095,-1
55097.114139238,4,9780,100,1404095,-1
55097.60040961,5,9777,100,1403171,1
55098.570270391,1,9781,100,1402489,1
55099.178592346,1,9782,100,1407344,-1
55100.023018338,5,9779,100,1407277,1
55100.441197629,4,9782,100,1407344,-1
55101.270933781,3,9781,100,1402489,1
55102.263984491,3,9778,100,1402557,1
55102.984217492,1,9783,100,1408190,-1
55103.689930401,1,9784,100,1409026,-1
55104.447895926,1,9785,100,1410623,-1
55105.086146673,1,9786,100,1410378,-1
55105.462661955,1,9787,100,1401893,1
55105.811100264,4,9784,100,1409026,-1
55106.732392673,3,9786,100,1410378,-1
55107.698603261,1,9788,100,1400453,1
55108.099641155,1,9789,100,1399734,1
55108.745598771,4,9787,100,1401893,1
55109.127918938,4,9788,100,1400453,1
55109.678885704,1,9790,100,1401636,1
55110.137479845,1,9791,100,1404787,1
55110.991001571,4,9791,100,1404787,1
55111.788381056,3,9789,100,1399734,1
55112.587752229,3,9785,100,1410623,-1
55113.286997994,1,9792,100,1400908,1
55113.668560986,4,9783,100,1408190,-1
55114.232340035,3,9790,100,1401636,1
55114.786565531,4,9792,100,1400908,1
55115.53057499,1,9793,100,1401807,1
55116.265450874,3,9793,100,1401807,1
55117.25784397,1,9794,100,1400029,1
55117.99183027,1,9795,100,1403846,-1
55118.881248045,3,9794,100,1400029,1
55119.42954711,4,9795,100,1403846,-1
55119.831715766,1,9796,100,1403789,1
55120.643452367,5,9796,100,1403789,1
55121.21022168,1,9797,100,1401427,-1
55122.011641382,1,9798,100,1402632,-1
55122.388984402,4,9797,100,1401427,-1
55123.207719796,1,9799,100,1400078,-1
55123.65422655,1,9800,100,1398642,1
55124.477507132,4,9800,100,1398642,1
55125.356859069,4,9799,100,1400078,-1
55125.706904118,3,9798,100,1402632,-1
55126.06124158,1,9801,100,1399325,1
55126.730890146,1,9802,100,1402923,-1
55127.788789856,4,9802,100,1402923,-1
55128.682698523,3,9801,100,1399325,1
55129.173109695,1,9803,100,1401208,-1
55129.750334397,3,9803,100,1401208,-1
55130.284123368,1,9804,100,1399448,1
55130.961134772,3,9804,100,1399448,1
55131.434500211,1,9805,100,1399517,-1
55132.123051387,1,9806,100,1396940,1
55133.103291322,4,9805,100,1399517,-1
55133.691852229,4,9806,100,1396940,1
55134.348784141,1,9807,100,1398232,1
55134.728177663,1,9808,100,1404858,-1
55135.937215648,5,9807,100,1398232,1
55136.753451439,1,9809,100,1402190,-1
55137.116814514,3,9809,100,1402190,-1
55137.635510589,1,9810,100,1397177,1
55138.478490495,1,9811,100,1401157,-1
55139.029253071,1,9812,100,1402276,1
55139.955178766,3,9810,100,1397177,1
55140.75599008,3,9808,100,1404858,-1
55141.705967049,4,9812,100,1402276,1
55142.225196744,4,9811,100,1401157,-1
55143.117999355,1,9813,100,1397177,1
55143.846711886,3,9813,100,1397177,1
55144.357696064,1,9814,100,1403698,-1
55145.220844956,1,9815,100,1396528,-1
55146.099086131,5,9814,100,1403698,-1
55146.771955405,4,9815,100,1396528,-1
55147.566182183,1,9816,100,1393769,1
55147.962858442,3,9816,100,1393769,1
55148.918438368,1,9817,100,1396180,-1
55149.6917489,4,9817,100,1396180,-1
55150.649879551,1,9818,100,1389856,1
55151.741937145,3,9818,100,1389856,1
55152.715875462,1,9819,100,1392662,-1
55153.183519875,1,9820,100,1387729,1
55153.807226362,3,9820,100,1387729,1
55155.222139842,1,9821,100,1392603,-1
55156.159449102,1,9822,100,1390539,1
55157.150321624,5,9821,100,1392603,-1
55157.722807966,1,9823,100,1395103,-1
55158.385484749,1,9824,100,1390129,1
55158.785397116,4,9819,100,1392662,-1
55160.033211571,1,9825,100,1390424,1
55160.546306048,1,9826,100,1394347,1
55161.374284214,4,9826,100,1394347,1
55162.127216834,1,9827,100,1391274,1
55162.850990598,1,9828,100,1389496,1
55163.399035555,3,9828,100,1389496,1
55164.461124937,1,9829,100,1398622,-1
55165.439567135,5,9824,100,1390129,1
55166.360543302,1,9830,100,1400002,-1
55167.197528598,5,9830,100,1400002,-1
55167.763338089,3,9825,100,1390424,1
55168.374065172,1,9831,100,1396966,-1
55169.379524301,4,9823,100,1395103,-1
55170.135419026,4,9831,100,1396966,-1
55171.02070117,3,9829,100,1398622,-1
55171.826482451,4,9827,100,1391274,1
55172.170349879,1,9832,100,1401043,1
55173.030135161,1,9833,100,1400172,-1
55173.444800534,1,9834,100,1397559,-1
55173.858371094,1,9835,100,1400703,1
55175.032017149,1,9836,100,1399407,-1
55175.543225496,4,9832,100,1401043,1
55176.113339451,1,9837,100,1392394,1
55176.955604644,3,9837,100,1392394,1
55177.597446291,1,9838,100,1401096,1
55178.99564018,3,9836,100,1399407,-1
55179.465871251,1,9839,100,1396862,1
55179.830235368,3,9822,100,1390539,1
55180.774778669,4,9835,100,1400703,1
55181.4099841,3,9834,100,1397559,-1
55182.072815969,1,9840,100,1394593,1
55182.496768963,3,9838,100,1401096,1
55183.129664592,5,9840,100,1394593,1
55183.942964098,3,9833,100,1400172,-1
55184.741252849,1,9841,100,1394495,-1
55185.351056224,1,9842,100,1392050,1
55186.008739257,3,9842,100,1392050,1
55186.686028546,1,9843,100,1394731,1
55187.318093556,3,9843,100,1394731,1
55187.955160482,1,9844,100,1392690,1
55188.383788098,1,9845,100,1398402,-1
55189.229460628,1,9846,100,1395310,1
55189.858011677,5,9844,100,1392690,1
55190.578090347,1,9847,100,1401174,-1
55191.21933906,1,9848,100,1395283,1
55192.014405581,4,9847,100,1401174,-1
55192.637739402,1,9849,100,1399437,-1
55193.033418595,1,9850,100,1403664,-1
55193.380883021,3,9849,100,1399437,-1
55194.325623527,3,9839,100,1396862,1
55194.931123814,4,9841,100,1394495,-1
55195.49988378,5,9848,100,1395283,1
55196.296240364,3,9846,100,1395310,1
55197.076919014,4,9850,100,1403664,-1
55197.861322734,5,9845,100,1398402,-1
55198.832541151,1,9851,100,1403798,1
55199.575680554,3,9851,100,1403798,1
55200.301496728,1,9852,100,1403750,1
55201.173053058,3,9852,100,1403750,1
55201.825872572,1,9853,100,1405412,1
55202.452174444,1,9854,100,1405616,1
55203.209289762,5,9854,100,1405616,1
55203.802674953,4,9853,100,1405412,1
55204.632318635,1,9855,100,1409306,-1
55205.421756804,1,9856,100,1405830,-1
55206.283466329,1,9857,100,1408336,-1
55207.04298746,3,9855,100,1409306,-1
55207.810956406,1,9858,100,1399637,1
55208.252725362,1,9859,100,1400808,-1
55208.730653372,1,9860,100,1401658,-1
55209.521087331,3,9858,100,1399637,1
55209.993969289,4,9860,100,1401658,-1
55210.449929055,1,9861,100,1408525,-1
55212.598460179,4,9856,100,1405830,-1
55213.243881253,1,9862,100,1404725,-1
55213.976013602,4,9862,100,1404725,-1
55214.522518864,1,9863,100,1403035,1
55215.182136854,3,9861,100,1408525,-1
55215.727323964,5,9863,100,1403035,1
55216.492039012,3,9859,100,1400808,-1
55217.73875585,3,9857,100,1408336,-1
55218.108848301,1,9864,100,1402332,1
55218.574158506,4,9864,100,1402332,1
55219.047302754,1,9865,100,1405307,1
55219.979480927,1,9866,100,1404547,1
55220.665713842,1,9867,100,1404028,-1
55221.152610548,1,9868,100,1404876,-1
55222.759363554,4,9866,100,1404547,1
55223.690107248,5,9865,100,1405307,1
55224.539671187,1,9869,100,1404933,-1
55225.384251116,1,9870,100,1409169,-1
55225.720325944,4,9868,100,1404876,-1
55226.635929382,1,9871,100,1411247,-1
55227.496750322,5,9870,100,1409169,-1
55229.352985641,1,9872,100,1411328,-1
55230.243286595,1,9873,100,1406551,1
55231.151309617,1,9874,100,1406942,1
55231.931775565,1,9875,100,1409397,1
55232.550433632,1,9876,100,1414129,-1
55233.494734071,1,9877,100,1415028,-1
55234.130463045,1,9878,100,1415345,-1
55234.707699762,1,9879,100,1411673,-1
55236.226331966,1,9880,100,1416138,-1
55236.667424671,1,9881,100,1416195,-1
55237.315798209,1,9882,100,1417303,-1
55238.04980739,3,9881,100,1416195,-1
55238.611888149,1,9883,100,1418531,-1
55239.254374815,1,9884,100,1421348,-1
55240.695375778,5,9874,100,1406942,1
55241.046707484,3,9877,100,1415028,-1
55242.001062695,3,9869,100,1404933,-1
55242.644238665,1,9885,100,1418170,-1
55243.493811217,4,9885,100,1418170,-1
55244.476913726,1,9886,100,1416774,1
55244.994468248,4,9883,100,1418531,-1
55245.803435555,1,9887,100,1418969,1
55246.859238231,4,9876,100,1414129,-1
55247.809096311,4,9878,100,1415345,-1
55248.42128035,1,9888,100,1418665,1
55249.863640339,1,9889,100,1420985,-1
55250.271615952,3,9873,100,1406551,1
55250.913741466,4,9884,100,1421348,-1
55251.700009902,1,9890,100,1418568,1
55252.078016867,1,9891,100,1418642,1
55252.425822578,1,9892,100,1420196,1
55253.062592951,5,9882,100,1417303,-1
55253.704285525,5,9890,100,1418568,1
55254.66787266,3,9875,100,1409397,1
55255.103956461,4,9872,100,1411328,-1
55255.680063152,1,9893,100,1413574,1
55256.937560409,1,9894,100,1420398,-1
55257.906825149,3,9893,100,1413574,1
55258.846447629,3,9867,100,1404028,-1
55259.624994054,1,9895,100,1413982,1
55260.470081991,1,9896,100,1417017,-1
55261.330378343,1,9897,100,1413843,1
55261.713285892,3,9889,100,1420985,-1
55262.206695252,1,9898,100,1417111,-1
55262.692820424,3,9892,100,1420196,1
55263.257289656,1,9899,100,1418100,-1
55263.846750126,1,9900,100,1419113,-1
55264.577881982,1,9901,100,1419036,-1
55264.943475651,1,9902,100,1416051,1
55265.377674872,1,9903,100,1414002,1
55266.059568826,1,9904,100,1414056,1
55266.720493354,1,9905,100,1418019,-1
55267.483858658,1,9906,100,1415129,1
55268.19698699,4,9898,100,1417111,-1
55269.111908696,5,9903,100,1414002,1
55270.062619988,4,9871,100,1411247,-1
55270.619691635,1,9907,100,1419851,-1
55271.58143863,1,9908,100,1412883,1
55272.182768898,3,9896,100,1417017,-1
55272.533616701,1,9909,100,1417344,-1
55272.928991699,1,9910,100,1420265,-1
55273.717427155,3,9880,100,1416138,-1
55274.233415235,3,9906,100,1415129,1
55274.995899215,1,9911,100,1415315,-1
55275.742374709,1,9912,100,1412093,1
55276.344493231,3,9904,100,1414056,1
55277.167768045,3,9891,100,1418642,1
55278.14174364,3,9900,100,1419113,-1
55278.515979308,4,9886,100,1416774,1
55279.345061086,3,9911,100,1415315,-1
55280.147600916,4,9895,100,1413982,1
55280.983974591,3,9888,100,1418665,1
55281.948232121,1,9913,100,1416859,-1
55282.316038465,4,9879,100,1411673,-1
55283.961322554,3,9899,100,1418100,-1
55284.651551202,1,9914,100,1419415,-1
55285.345871963,1,9915,100,1422620,-1
55285.800243138,4,9887,100,1418969,1
55286.776084622,4,9910,100,1420265,-1
55287.627023591,3,9908,100,1412883,1
55288.371537995,1,9916,100,1420300,-1
55289.263545362,1,9917,100,1424390,-1
55290.401903062,3,9897,100,1413843,1
55290.792848887,1,9918,100,1424413,1
55291.486864817,4,9914,100,1419415,-1
55291.890388111,4,9918,100,1424413,1
55292.433848768,4,9916,100,1420300,-1
55293.330361005,3,9901,100,1419036,-1
55294.200529036,3,9917,100,1424390,-1
55294.554874927,3,9894,100,1420398,-1
55295.224425551,4,9909,100,1417344,-1
55295.703027787,1,9919,100,1417791,1
55296.54006838,1,9920,100,1416551,1
55296.918242435,1,9921,100,1421692,-1
55297.832878197,5,9920,100,1416551,1
55298.294865897,1,9922,100,1417679,1
55299.133845156,4,9905,100,1418019,-1
55299.567846807,3,9907,100,1419851,-1
55300.156926185,1,9923,100,1413014,-1
55301.132878681,5,9922,100,1417679,1
55301.671026255,3,9921,100,1421692,-1
55302.225082045,4,9902,100,1416051,1
55302.641050743,4,9919,100,1417791,1
55303.407766836,4,9913,100,1416859,-1
55304.686189077,3,9923,100,1413014,-1
55305.348273265,1,9924,100,1415296,1
55306.079122192,4,9915,100,1422620,-1
55307.03176522,3,9912,100,1412093,1
55307.512185409,5,9924,100,1415296,1
55308.25733799,1,9925,100,1419318,1
55309.001363265,4,9925,100,1419318,1
55309.553132953,1,9926,100,1420438,1
55310.106111299,4,9926,100,1420438,1
55310.747653824,1,9927,100,1418842,1
55311.549355395,1,9928,100,1422584,1
55312.232641763,4,9927,100,1418842,1
55312.780868733,4,9928,100,1422584,1
55313.222740554,1,9929,100,1416709,1
55313.615533124,3,9929,100,1416709,1
55314.052722432,1,9930,100,1416673,-1
55314.496431837,4,9930,100,1416673,-1
55315.257516673,1,9931,100,1417280,1
55317.108321532,3,9931,100,1417280,1
55317.46331654,1,9932,100,1420304,-1
55318.315737724,3,9932,100,1420304,-1
55319.182935413,1,9933,100,1419350,1
55319.538243338,3,9933,100,1419350,1
55319.997131539,1,9934,100,1418187,1
55320.633221565,1,9935,100,1423938,-1
55321.819229375,1,9936,100,1424360,-1
55322.605678889,5,9935,100,1423938,-1
55323.24729852,1,9937,100,1419405,1
55324.035843641,1,9938,100,1416876,1
55324.826665555,1,9939,100,1419620,-1
55326.222472639,1,9940,100,1418891,-1
55326.69796637,3,9936,100,1424360,-1
55327.168993039,3,9938,100,1416876,1
55327.753049108,4,9934,100,1418187,1
55328.422816809,3,9939,100,1419620,-1
55329.947788922,3,9937,100,1419405,1
55331.557295256,1,9941,100,1412302,1
55332.345218126,1,9942,100,1415777,1
55332.907086819,5,9940,100,1418891,-1
55333.684144513,5,9942,100,1415777,1
55334.259845007,3,9941,100,1412302,1
55334.793679731,1,9943,200,1422721,1
55335.381532669,1,9944,100,1418822,-1
55335.884823994,3,9943,200,1422721,1
55336.425035734,3,9944,100,1418822,-1
55336.858588332,1,9945,100,1421185,1
55337.419595371,1,9946,100,1423459,-1
55337.757068119,1,9947,100,1418296,1
55338.543606815,4,9945,100,1421185,1
55339.022253228,3,9946,100,1423459,-1
55339.723904322,1,9948,100,1422848,-1
55340.299080888,1,9949,100,1423880,-1
55340.939951224,3,9948,100,1422848,-1
55341.712408992,1,9950,100,1419957,1
55342.465884344,1,9951,100,1426822,-1
55343.096441427,1,9952,100,1425675,-1
55343.997223477,1,9953,100,1423492,-1
55344.433068105,3,9953,100,1423492,-1
55345.125156833,3,9950,100,1419957,1
55345.998087797,1,9954,100,1423923,-1
55346.826971575,4,9952,100,1425675,-1
55347.198859137,1,9955,100,1417492,1
55347.626490309,1,9956,100,1420859,-1
55348.558804937,5,9954,100,1423923,-1
55349.021894756,3,9949,100,1423880,-1
55349.759325901,1,9957,100,1416906,1
55350.54586032,1,9958,100,1418488,-1
55351.391825835,1,9959,100,1422731,-1
55352.256057902,3,9957,100,1416906,1
55352.951663359,3,9959,100,1422731,-1
55353.281235972,5,9951,100,1426822,-1
55353.99785533,1,9960,100,1424010,-1
55354.720304063,3,9947,100,1418296,1
55355.404606667,3,9960,100,1424010,-1
55355.934027556,4,9956,100,1420859,-1
55356.708780219,3,9955,100,1417492,1
55357.244841823,1,9961,200,1421287,-1
55358.105921467,1,9962,100,1422324,1
55358.775428575,1,9963,100,1422912,-1
55359.557105979,1,9964,100,1423939,-1
55360.052167951,4,9961,100,1421287,-1
55360.695019062,1,9965,100,1422711,1
55361.206459301,1,9966,100,1424672,-1
55361.838236791,3,9965,100,1422711,1
55362.397255666,4,9966,100,1424672,-1
55362.998706856,1,9967,100,1428344,-1
55363.649971764,3,9962,100,1422324,1
55364.035191191,3,9964,100,1423939,-1
55364.861202469,3,9958,100,1418488,-1
55366.437736018,3,9967,100,1428344,-1
55367.564676592,4,9963,100,1422912,-1
55368.276669422,1,9968,100,1434420,-1
55368.671015277,1,9969,100,1437834,-1
55369.276130123,3,9961,100,1421287,-1
55369.696074491,1,9970,100,1428783,1
55370.524068131,1,9971,100,1436364,-1
55371.422554569,3,9968,100,1434420,-1
55373.549707963,3,9971,100,1436364,-1
55374.001114869,1,9972,100,1425456,1
55374.347240768,1,9973,100,1430551,-1
55375.259049544,3,9970,100,1428783,1
55375.805161623,3,9973,100,1430551,-1
55376.650453121,3,9972,100,1425456,1
55377.081611808,1,9974,100,1429292,-1
55377.444708247,5,9974,100,1429292,-1
55378.051638468,3,9969,100,1437834,-1
55378.907398262,1,9975,100,1428550,-1
55380.626666585,3,9975,100,1428550,-1
55381.368552963,1,9976,100,1427980,-1
55382.227162813,1,9977,100,1423944,1
55382.733437126,4,9977,100,1423944,1
55383.717986564,1,9978,100,1430639,-1
55384.489719078,1,9979,100,1431331,-1
55384.964002768,5,9979,100,1431331,-1
55385.709819171,1,9980,100,1427911,1
55386.079637737,4,9980,100,1427911,1
55386.862424786,3,9976,100,1427980,-1
55387.94654411,1,9981,100,1426298,1
55388.868098243,1,9982,100,1429092,-1
55389.544719023,5,9981,100,1426298,1
55390.415263636,1,9983,100,1428408,1
55390.869964555,3,9983,100,1428408,1
55391.260764216,5,9982,100,1429092,-1
55391.912741248,1,9984,100,1429874,1
55392.428181767,4,9978,100,1430639,-1
55392.877165185,5,9984,100,1429874,1
55393.572629884,1,9985,100,1430722,1
55394.042629696,1,9986,100,1432781,1
55394.686376924,5,9986,100,1432781,1
55395.315638515,3,9985,100,1430722,1
55395.915648352,1,9987,100,1438139,-1
55396.253645861,5,9987,100,1438139,-1
55396.629316275,1,9988,100,1437973,-1
55397.321363541,1,9989,100,1438166,-1
55397.833674202,1,9990,100,1437050,-1
55398.646871502,1,9991,100,1434065,1
55399.97597002,4,9990,100,1437050,-1
55400.370064751,4,9988,100,1437973,-1
55401.122938133,5,9991,100,1434065,1
55401.516351309,1,9992,100,1436279,1
55402.170437882,3,9992,100,1436279,1
55403.109520624,3,9989,100,1438166,-1
55403.814674055,1,9993,100,1434343,1
55404.308324763,3,9993,100,1434343,1
55404.841136545,1,9994,100,1433784,1
55405.700759466,1,9995,100,1436660,-1
55406.189673478,4,9994,100,1433784,1
55406.564360061,1,9996,100,1432924,1
55407.318259515,1,9997,100,1439165,-1
55408.28311356,3,9995,100,1436660,-1
55409.133175925,1,9998,100,1440384,-1
55409.765086024,1,9999,100,1439537,-1
55410.319097494,1,10000,100,1435429,1
55410.850914427,3,9997,100,1439165,-1
55411.551524206,1,10001,100,1435759,-1
55412.045487073,1,10002,100,1439881,-1
55412.981530098,1,10003,100,1437430,1
55414.429368924,1,10004,100,1436933,-1
55415.023319846,1,10005,100,1443270,-1
55415.589010698,1,10006,100,1434352,1
55416.445913124,1,10007,100,1436647,1
55416.869170125,1,10008,100,1437098,-1
55417.285167009,3,9996,100,1432924,1
55417.839548087,1,10009,100,1439093,-1
55418.549540855,5,10001,100,1435759,-1
55419.185316674,5,10009,100,1439093,-1
55420.050107116,1,10010,100,1434516,1
55420.373191514,1,10011,100,1437997,-1
55421.285600929,5,10004,100,1436933,-1
55422.137995093,3,10005,100,1443270,-1
55422.689483446,3,10011,100,1437997,-1
55423.621150859,1,10012,100,1430713,-1
55424.019543891,4,10007,100,1436647,1
55425.497177485,1,10013,100,1432114,-1
55426.126231579,4,10010,100,1434516,1
55426.710959846,3,9998,100,1440384,-1
55427.747232054,1,10014,100,1425648,1
55428.699171445,3,10008,100,1437098,-1
55429.085152895,1,10015,100,1430813,-1
55429.846443672,3,10000,100,1435429,1
55430.268724081,1,10016,100,1429440,-1
55430.776033122,1,10017,100,1425467,-1
55431.634107681,5,10006,100,1434352,1
55432.105104946,4,10003,100,1437430,1
55432.479634273,5,10015,100,1430813,-1
55433.054739053,4,10017,100,1425467,-1
55433.5130121,1,10018,100,1428939,1
55434.32474434,4,10014,100,1425648,1
55435.071898168,1,10019,100,1428928,-1
55435.900281403,5,10018,100,1428939,1
55436.380922712,3,9999,100,1439537,-1
55437.187744208,3,10013,100,1432114,-1
55437.685697582,3,10016,100,1429440,-1
55438.381306732,5,10019,100,1428928,-1
55438.85097743,1,10020,100,1428904,-1
55439.322777054,1,10021,100,1422863,1
55440.237799963,4,10020,100,1428904,-1
55440.581442768,3,10021,100,1422863,1
55441.280955199,3,10012,100,1430713,-1
55441.724467987,3,10002,100,1439881,-1
55442.090745549,1,10022,100,1424856,-1
55443.039561073,3,10022,100,1424856,-1
55443.677072015,1,10023,100,1426961,-1
55444.609207862,3,10023,100,1426961,-1
55444.940030148,1,10024,100,1423334,1
55445.672500182,1,10025,100,1427589,-1
55446.426289555,1,10026,100,1424840,1
55447.102563599,3,10025,100,1427589,-1
55448.348787584,4,10026,100,1424840,1
55449.633824886,4,10024,100,1423334,1
55450.198735406,1,10027,100,1422775,1
55450.630158912,1,10028,100,1420766,1
55451.267345564,3,10027,100,1422775,1
55451.853966812,3,10028,100,1420766,1
55452.481143836,1,10029,100,1424585,1
55453.278574351,1,10030,100,1425885,-1
55453.827545704,5,10029,100,1424585,1
55454.517772397,1,10031,100,1423694,-1
55455.423826685,1,10032,100,1423969,-1
55455.960498622,1,10033,100,1419895,1
55456.918821775,1,10034,100,1417986,1
55457.745905721,5,10032,100,1423969,-1
55458.126712479,4,10030,100,1425885,-1
55459.070860563,1,10035,100,1426479,-1
55459.833665072,1,10036,100,1424837,-1
55460.612076461,3,10034,100,1417986,1
55461.169172396,3,10031,100,1423694,-1
55461.858336555,1,10037,100,1428728,-1
55462.709579253,1,10038,100,1424811,1
55463.106717924,1,10039,100,1428857,-1
55463.463957212,3,10037,100,1428728,-1
55464.032209903,1,10040,100,1428607,-1
55464.814200688,1,10041,100,1428006,1
55465.635018353,1,10042,100,1425200,1
55466.254081716,4,10041,100,1428006,1
55466.680063516,5,10040,100,1428607,-1
55467.048802047,5,10039,100,1428857,-1
55467.801636584,1,10043,100,1422242,1
55468.207613647,5,10043,100,1422242,1
55468.954027513,3,10033,100,1419895,1
55469.285742814,1,10044,100,1427060,-1
55470.246140342,1,10045,100,1423749,1
55470.60878357,1,10046,100,1428533,-1
55471.15435076,5,10035,100,1426479,-1
55471.669018801,3,10044,100,1427060,-1
55472.299598443,3,10042,100,1425200,1
55472.620114889,1,10047,100,1426949,1
55473.542447603,3,10045,100,1423749,1
55473.934078009,1,10048,100,1430899,-1
55474.564197085,4,10048,100,1430899,-1
55475.166192473,5,10036,100,1424837,-1
55475.499889043,1,10049,100,1426732,1
55476.322404386,5,10046,100,1428533,-1
55476.774597148,3,10049,100,1426732,1
55477.691613453,4,10047,100,1426949,1
55478.637313207,4,10038,100,1424811,1
55479.207972115,1,10050,100,1426745,1
55479.568185581,1,10051,100,1427144,1
55479.889588512,5,10051,100,1427144,1
55480.658943295,5,10050,100,1426745,1
55481.014831304,1,10052,100,1427830,1
55481.868554742,3,10052,100,1427830,1
55482.553992126,1,10053,100,1430365,-1
55483.186867308,4,10053,100,1430365,-1
55483.544106907,1,10054,100,1427232,1
55484.94082478,1,10055,100,1431811,-1
55485.749843919,1,10056,100,1427465,1
55486.419146421,1,10057,100,1429960,-1
55487.074038675,5,10056,100,1427465,1
55487.721637291,1,10058,100,1425861,1
55488.617420521,3,10057,100,1429960,-1
55489.495266572,1,10059,100,1424111,1
55489.900766519,1,10060,100,1430229,-1
55490.366241202,5,10060,100,1430229,-1
55491.30811135,3,10058,100,1425861,1
55492.107272113,1,10061,100,1421951,1
55493.043767557,1,10062,100,1423266,-1
55493.51220422,1,10063,100,1427408,-1
55494.405415824,1,10064,100,1426604,-1
55494.875953099,1,10065,100,1425334,-1
55495.224726553,1,10066,100,1420143,1
55496.155428178,5,10055,100,1431811,-1
55496.851100372,4,10062,100,1423266,-1
55497.785907608,1,10067,100,1423083,-1
55498.690049977,1,10068,100,1423118,1
55499.577070914,1,10069,100,1428596,-1
55500.409331752,3,10069,100,1428596,-1
55501.007321401,1,10070,100,1428920,-1
55501.582999264,4,10065,100,1425334,-1
55502.362000534,4,10059,100,1424111,1
55502.994487763,4,10067,100,1423083,-1
55503.449896771,1,10071,100,1422698,1
55503.955698962,3,10054,100,1427232,1
55504.898824973,4,10064,100,1426604,-1
55505.853458102,1,10072,100,1428415,-1
55506.495111434,1,10073,100,1422607,-1
55506.9841216,4,10068,100,1423118,1
55507.662730911,1,10074,100,1424467,-1
55508.17798954,3,10061,100,1421951,1
55509.089573727,1,10075,100,1419442,1
55509.758644093,1,10076,100,1419600,1
55510.191122694,3,10076,100,1419600,1
55510.732354461,5,10070,100,1428920,-1
55511.141450798,1,10077,100,1421509,1
55513.035993154,4,10066,100,1420143,1
55513.432443417,1,10078,100,1424381,-1
55514.264349751,1,10079,100,1419790,-1
55515.083019783,5,10073,100,1422607,-1
55515.72652105,1,10080,100,1425579,-1
55516.22595774,3,10071,100,1422698,1
55516.772164706,1,10081,100,1423311,-1
55517.635830858,1,10082,100,1422457,-1
55518.258543528,1,10083,100,1420256,1
55518.892454661,4,10079,100,1419790,-1
55519.517014816,1,10084,100,1421317,1
55519.837341334,3,10084,100,1421317,1
55521.230293201,4,10077,100,1421509,1
55521.605099462,3,10074,100,1424467,-1
55522.752918755,1,10085,100,1414184,1
55523.193397196,1,10086,100,1419109,-1
55524.103244009,3,10063,100,1427408,-1
55524.855956717,5,10081,100,1423311,-1
55526.031374151,1,10087,100,1415075,1
55526.939859973,3,10086,100,1419109,-1
55528.072536267,5,10078,100,1424381,-1
55528.429797163,1,10088,100,1415404,1
55529.710594338,1,10089,100,1422030,-1
55530.89164491,3,10083,100,1420256,1
55531.305427324,3,10075,100,1419442,1
55532.073761308,3,10085,100,1414184,1
55532.433083192,3,10087,100,1415075,1
55533.160028566,1,10090,100,1419700,-1
55534.042518402,1,10091,100,1418295,1
55534.547181274,4,10088,100,1415404,1
55536.423051107,3,10080,100,1425579,-1
55536.971983658,1,10092,100,1414060,1
55537.302121758,4,10092,100,1414060,1
55538.470300992,1,10093,100,1417811,-1
55538.836232974,1,10094,100,1417430,-1
55539.282669857,3,10089,100,1422030,-1
55539.867371356,3,10091,100,1418295,1
55540.478124796,4,10094,100,1417430,-1
55541.329604975,1,10095,100,1412108,-1
55541.864545276,1,10096,100,1412472,1
55542.725903613,1,10097,100,1409411,1
55543.325613394,4,10096,100,1412472,1
55543.662412533,5,10082,100,1422457,-1
55544.419259655,4,10095,100,1412108,-1
55544.981382375,1,10098,100,1412938,-1
55545.485897339,3,10093,100,1417811,-1
55546.164063735,1,10099,100,1408735,1
55546.901290542,1,10100,100,1409353,1
55547.29440103,1,10101,100,1410646,1
55548.628327367,1,10102,100,1410389,-1
55549.072379435,3,10072,100,1428415,-1
55549.713318998,4,10099,100,1408735,1
55550.141117182,1,10103,100,1408339,-1
55550.924083353,3,10103,100,1408339,-1
55551.63231637,1,10104,100,1406520,1
55552.028469275,1,10105,100,1401798,1
55552.909977797,5,10100,100,1409353,1
55553.234899408,4,10101,100,1410646,1
55553.983580892,3,10097,100,1409411,1
55554.686994044,3,10090,100,1419700,-1
55555.353319941,3,10102,100,1410389,-1
55555.735201934,3,10098,100,1412938,-1
55557.200406665,1,10106,100,1406278,1
55557.68228617,3,10104,100,1406520,1
55558.422990378,3,10106,100,1406278,1
55559.088293999,4,10105,100,1401798,1
55559.53654624,1,10107,100,1407769,-1
55559.858064617,3,10107,100,1407769,-1
55560.700624155,1,10108,100,1408122,1
55561.529534722,1,10109,100,1409031,1
55562.104759552,1,10110,100,1413561,-1
55563.03947594,1,10111,100,1412651,1
55563.445084315,1,10112,100,1411246,1
55564.381356686,1,10113,100,1412382,1
55565.234895386,4,10110,100,1413561,-1
55566.003848944,1,10114,100,1415338,1
55566.744461701,3,10108,100,1408122,1
55567.188680792,3,10111,100,1412651,1
55567.797269392,4,10114,100,1415338,1
55568.162718132,1,10115,100,1421291,-1
55569.045450968,1,10116,100,1420070,-1
55569.518840352,1,10117,100,1422878,-1
55570.314994649,3,10109,100,1409031,1
55571.951055264,1,10118,100,1418948,1
55572.861033234,5,10113,100,1412382,1
55573.661670852,1,10119,100,1419676,1
55574.281785342,3,10118,100,1418948,1
55575.207932987,3,10116,100,1420070,-1
55575.755516469,3,10112,100,1411246,1
55576.872998554,3,10115,100,1421291,-1
55577.66371133,1,10120,100,1419151,-1
55577.989900388,1,10121,100,1419645,1
55578.826986228,3,10121,100,1419645,1
55579.207677627,3,10117,100,1422878,-1
55579.959424701,4,10119,100,1419676,1
55580.373122263,5,10120,100,1419151,-1
55580.786648242,1,10122,100,1420164,-1
55581.528213025,5,10122,100,1420164,-1
55582.285859206,1,10123,100,1416175,1
55583.020749588,3,10123,100,1416175,1
55583.684555085,1,10124,100,1422868,-1
55585.552824884,5,10124,100,1422868,-1
55586.222484204,1,10125,100,1416271,-1
55586.838900132,3,10125,100,1416271,-1
55587.392930357,1,10126,100,1419532,-1
55587.955262202,1,10127,100,1414721,1
55588.804062583,1,10128,100,1420564,-1
55589.256721095,5,10128,100,1420564,-1
55590.12369835,1,10129,100,1415194,1
55590.712854277,4,10126,100,1419532,-1
55591.533445138,5,10127,100,1414721,1
55592.193452616,1,10130,100,1412827,1
55592.588010952,3,10130,100,1412827,1
55593.774565473,3,10129,100,1415194,1
55594.348625243,1,10131,100,1414749,-1
55594.971319125,1,10132,100,1411063,1
55595.333683377,3,10132,100,1411063,1
55595.888110222,3,10131,100,1414749,-1
55596.357195668,1,10133,100,1412384,1
55597.17153092,1,10134,100,1416592,-1
55597.50385729,3,10133,100,1412384,1
55598.141735189,1,10135,100,1415361,-1
55598.590163917,1,10136,100,1409337,1
55599.448952983,4,10135,100,1415361,-1
55600.243737809,4,10134,100,1416592,-1
55600.841856542,1,10137,100,1404713,1
55601.787747186,3,10137,100,1404713,1
55602.169425995,3,10136,100,1409337,1
55602.607210449,1,10138,100,1406934,1
55603.504419948,1,10139,100,1412664,-1
55604.025237741,5,10138,100,1406934,1
55604.354770834,4,10139,100,1412664,-1
55605.232273875,1,10140,100,1407327,-1
55606.147587902,5,10140,100,1407327,-1
55606.750598788,1,10141,100,1402083,1
55607.873986289,4,10141,100,1402083,1
55608.467405176,1,10142,100,1405307,1
55609.12122065,1,10143,100,1407250,-1
55609.4908478,1,10144,100,1407365,-1
55610.052527018,1,10145,100,1407744,-1
55610.943185733,1,10146,100,1406397,-1
55611.613658528,1,10147,100,1402771,1
55612.406070508,4,10143,100,1407250,-1
55612.774811208,5,10146,100,1406397,-1
55613.245202737,1,10148,100,1400529,1
55614.049780384,1,10149,100,1403471,-1
55615.995829183,1,10150,100,1398886,1
55616.524156536,1,10151,100,1400992,1
55616.953637036,3,10142,100,1405307,1
55617.357349267,3,10144,100,1407365,-1
55617.6842702,3,10148,100,1400529,1
55618.106130987,1,10152,100,1403988,-1
55618.576581847,1,10153,100,1404190,1
55619.298630355,1,10154,100,1403433,1
55619.887089839,4,10149,100,1403471,-1
55620.267087936,5,10147,100,1402771,1
55621.049598596,3,10145,100,1407744,-1
55621.464898308,3,10153,100,1404190,1
55621.851660263,1,10155,100,1402445,1
55622.208194178,4,10152,100,1403988,-1
55622.977574317,1,10156,100,1406507,-1
55623.678734312,1,10157,100,1400962,1
55624.1740861,4,10156,100,1406507,-1
55625.070476121,1,10158,100,1403793,-1
55625.954898835,3,10154,100,1403433,1
55626.66703006,1,10159,100,1404141,1
55627.559526967,1,10160,100,1402499,-1
55628.180314714,3,10159,100,1404141,1
55628.499844643,4,10158,100,1403793,-1
55629.180552091,1,10161,100,1401487,1
55629.848543984,1,10162,100,1405304,1
55631.572973834,1,10163,100,1399597,1
55632.044107114,1,10164,100,1399049,1
55632.973017921,1,10165,100,1398847,1
55633.295745136,4,10161,100,1401487,1
55633.624652866,1,10166,100,1402427,-1
55634.109382105,1,10167,100,1406047,-1
55634.552114047,1,10168,100,1403829,-1
55635.809845803,1,10169,100,1398956,1
55636.722636579,4,10165,100,1398847,1
55637.399948778,3,10160,100,1402499,-1
55637.809572971,3,10167,100,1406047,-1
55638.693559989,4,10162,100,1405304,1
55639.237169649,3,10163,100,1399597,1
55639.67827781,1,10170,100,1397847,-1
55640.235756655,1,10171,100,1398023,-1
55640.769327922,3,10155,100,1402445,1
55641.128680511,1,10172,100,1397831,1
55641.518516833,3,10170,100,1397847,-1
55642.196407708,4,10171,100,1398023,-1
55642.555806995,3,10164,100,1399049,1
55643.049816143,4,10151,100,1400992,1
55643.540709141,1,10173,100,1397444,-1
55644.456408955,3,10150,100,1398886,1
55644.990852775,3,10173,100,1397444,-1
55645.695343903,3,10166,100,1402427,-1
55646.465387289,1,10174,100,1401209,1
55647.295181324,3,10168,100,1403829,-1
55648.03100031,1,10175,100,1402491,-1
55648.429811854,1,10176,100,1400831,1
55649.171339723,1,10177,100,1406754,-1
55649.678286062,4,10175,100,1402491,-1
55650.085383156,3,10174,100,1401209,1
55650.984211332,4,10177,100,1406754,-1
55651.361907072,1,10178,100,1400219,1
55652.178492906,4,10172,100,1397831,1
55653.505662955,1,10179,100,1407431,-1
55654.623187534,1,10180,100,1408843,-1
55655.55676134,4,10180,100,1408843,-1
55656.960505344,3,10178,100,1400219,1
55658.670243733,1,10181,100,1404347,-1
55659.431890982,3,10169,100,1398956,1
55659.788713017,1,10182,100,1403599,1
55660.221374541,1,10183,100,1400646,1
55660.762309994,1,10184,100,1405914,-1
55662.012808277,3,10176,100,1400831,1
55663.774647007,3,10183,100,1400646,1
55664.414422981,1,10185,100,1404182,1
55665.070378837,1,10186,100,1407212,1
55666.525084119,1,10187,100,1418147,-1
55667.462530451,3,10186,100,1407212,1
55668.58699781,4,10181,100,1404347,-1
55669.527153766,1,10188,100,1415577,-1
55669.946698596,3,10185,100,1404182,1
55670.887033475,1,10189,100,1417002,-1
55671.265384245,4,10184,100,1405914,-1
55671.580319477,3,10182,100,1403599,1
55672.357822765,1,10190,100,1412395,1
55672.98965004,1,10191,100,1415210,1
55673.402425338,4,10188,100,1415577,-1
55673.814528261,3,10190,100,1412395,1
55675.328604253,3,10189,100,1417002,-1
55675.930289117,4,10191,100,1415210,1
55677.030819617,1,10192,100,1415125,-1
55677.755174224,3,10157,100,1400962,1
55678.533373107,1,10193,100,1415655,-1
55679.288195588,1,10194,100,1415389,-1
55680.759063041,1,10195,100,1411003,1
55681.578900447,3,10195,100,1411003,1
55682.705091575,1,10196,100,1408761,1
55683.393576509,3,10193,100,1415655,-1
55683.716071152,3,10196,100,1408761,1
55684.325562122,3,10187,100,1418147,-1
55684.911638939,1,10197,100,1416320,-1
55687.215820464,4,10192,100,1415125,-1
55687.784927874,5,10197,100,1416320,-1
55688.574013921,1,10198,100,1414045,1
55688.929543104,3,10179,100,1407431,-1
55689.741597319,3,10194,100,1415389,-1
55690.445911671,3,10198,100,1414045,1
55691.293540465,1,10199,100,1416864,-1
55691.847869826,3,10199,100,1416864,-1
55692.33424144,1,10200,100,1418246,-1
55692.800649508,4,10200,100,1418246,-1
55693.275726935,1,10201,100,1413627,1
55693.986813364,3,10201,100,1413627,1
55694.486053552,1,10202,100,1412679,1
55694.815105989,3,10202,100,1412679,1
55695.540154144,1,10203,100,1412932,-1
55696.022933511,1,10204,100,1415316,-1
55696.57200335,4,10203,100,1412932,-1
55697.376525231,3,10204,100,1415316,-1
55698.038558209,1,10205,100,1409445,1
55698.590414721,4,10205,100,1409445,1
55699.146349845,1,10206,100,1412077,-1
55699.703037862,4,10206,100,1412077,-1
55700.221405214,1,10207,100,1414932,-1
55700.980375981,3,10207,100,1414932,-1
55701.633165937,1,10208,100,1415362,1
55702.3059238,4,10208,100,1415362,1
55702.667130667,1,10209,100,1415917,1
55704.253427349,1,10210,100,1420996,-1
55705.004876351,3,10210,100,1420996,-1
55705.922994451,5,10209,100,1415917,1
55706.639975929,1,10211,100,1416505,1
55707.524956454,1,10212,100,1416080,1
55708.838923439,1,10213,100,1419572,1
55709.356749468,1,10214,100,1419361,-1
55709.904281373,3,10211,100,1416505,1
55710.64314383,1,10215,100,1415490,1
55711.892093645,3,10212,100,1416080,1
55712.891428297,3,10214,100,1419361,-1
55713.580528377,1,10216,100,1416701,-1
55714.196302598,1,10217,100,1417169,-1
55714.609321396,4,10216,100,1416701,-1
55714.981616296,3,10215,100,1415490,1
55715.563246976,1,10218,100,1416267,-1
55716.369109742,3,10213,100,1419572,1
55717.652294884,1,10219,100,1414923,-1
55718.50010948,1,10220,100,1409910,-1
55719.128706179,1,10221,100,1409672,1
55719.608641834,1,10222,100,1410033,1
55719.95435389,1,10223,100,1410894,1
55720.673115678,1,10224,100,1408596,1
55721.446084408,1,10225,100,1413846,-1
55721.798562534,4,10222,100,1410033,1
55722.221745264,1,10226,100,1412320,-1
55722.984236853,3,10219,100,1414923,-1
55723.328702991,1,10227,100,1408597,1
55726.083508723,3,10224,100,1408596,1
55726.700780278,3,10220,100,1409910,-1
55727.472542077,1,10228,100,1405115,1
55728.243735362,1,10229,100,1405284,1
55728.905342157,1,10230,100,1402853,1
55729.325336675,5,10226,100,1412320,-1
55729.926882385,1,10231,100,1406628,-1
55731.410573814,1,10232,100,1403311,1
55732.105212249,1,10233,100,1407558,-1
55732.827217126,4,10223,100,1410894,1
55733.677328384,1,10234,100,1405932,-1
55734.391985466,1,10235,100,1397816,1
55734.977935252,1,10236,100,1401714,1
55735.419641075,1,10237,100,1405189,1
55736.839276106,3,10218,100,1416267,-1
55737.444269431,3,10217,100,1417169,-1
55738.370533827,4,10229,100,1405284,1
55739.152165914,1,10238,100,1402531,1
55740.031953032,1,10239,100,1399734,1
55740.806216279,1,10240,100,1404395,-1
55741.618701332,1,10241,100,1405656,-1
55742.399703028,5,10241,100,1405656,-1
55743.021017336,3,10230,100,1402853,1
55743.952845102,1,10242,100,1406458,-1
55744.713351807,1,10243,100,1404347,-1
55745.426365128,5,10235,100,1397816,1
55746.493603141,3,10236,100,1401714,1
55747.104922856,3,10237,100,1405189,1
55747.720359261,1,10244,100,1400884,1
55748.701757607,3,10225,100,1413846,-1
55749.026350609,5,10243,100,1404347,-1
55749.754709555,1,10245,100,1403223,1
55750.851759167,4,10228,100,1405115,1
55751.18225527,1,10246,100,1403248,-1
55752.002228932,4,10239,100,1399734,1
55752.347774117,3,10227,100,1408597,1
55753.189625047,5,10231,100,1406628,-1
55753.57054795,1,10247,100,1400293,1
55753.882541317,1,10248,100,1399376,-1
55754.793699434,3,10245,100,1403223,1
55755.121687873,1,10249,100,1397308,1
55755.600033097,1,10250,100,1398417,1
55756.276431179,1,10251,100,1398964,1
55757.085995658,4,10238,100,1402531,1
55758.119089683,3,10251,100,1398964,1
55759.838270636,1,10252,100,1406558,-1
55760.400520841,4,10234,100,1405932,-1
55760.973096811,1,10253,100,1406036,-1
55762.655304677,1,10254,100,1402851,-1
55763.171781351,5,10252,100,1406558,-1
55763.746125008,1,10255,100,1402291,1
55764.349605969,1,10256,100,1398807,-1
55765.254142834,3,10246,100,1403248,-1
55766.157368909,3,10253,100,1406036,-1
55767.022348178,3,10233,100,1407558,-1
55767.406811526,1,10257,100,1405586,1
55767.730888167,1,10258,100,1409788,-1
55768.480448392,3,10249,100,1397308,1
55768.918230658,3,10242,100,1406458,-1
55769.260868644,4,10221,100,1409672,1
55770.120865447,4,10248,100,1399376,-1
55770.591678417,1,10259,100,1407867,-1
55771.300833997,1,10260,100,1403959,1
55771.83601372,3,10259,100,1407867,-1
55772.390234176,1,10261,100,1405254,1
55773.302705546,1,10262,100,1410828,-1
55773.995281776,3,10257,100,1405586,1
55774.702176631,1,10263,100,1409896,-1
55775.573379543,1,10264,100,1411762,-1
55776.14166799,4,10254,100,1402851,-1
55776.750702282,5,10258,100,1409788,-1
55777.145304491,1,10265,100,1403428,1
55777.673911632,3,10255,100,1402291,1
55778.23107894,5,10240,100,1404395,-1
55778.985744686,1,10266,100,1407683,-1
55779.70587241,4,10262,100,1410828,-1
55780.246478688,1,10267,100,1410097,-1
55780.798163922,3,10263,100,1409896,-1
55781.127107668,1,10268,100,1406583,1
55781.574057271,1,10269,100,1402596,1
55782.244002405,1,10270,100,1401497,1
55782.746927411,3,10264,100,1411762,-1
55783.521389483,1,10271,100,1410743,-1
55784.305494899,3,10269,100,1402596,1
55784.747114657,1,10272,100,1409703,-1
55785.576839611,1,10273,100,1404320,1
55786.465559851,1,10274,100,1402791,-1
55787.008683259,4,10256,100,1398807,-1
55787.522285959,4,10261,100,1405254,1
55788.16334922,1,10275,100,1404140,1
55788.480836532,3,10265,100,1403428,1
55789.285633386,3,10266,100,1407683,-1
55790.023122432,1,10276,100,1406152,1
55790.564774497,1,10277,100,1408931,-1
55791.188916109,1,10278,100,1402694,1
55792.04033038,1,10279,100,1407152,1
55792.668038381,1,10280,100,1405705,-1
55793.286070211,1,10281,100,1411287,-1
55793.895052358,5,10278,100,1402694,1
55794.485095068,4,10277,100,1408931,-1
55795.080118479,1,10282,100,1412469,-1
55795.724439724,4,10274,100,1402791,-1
55796.502524816,5,10270,100,1401497,1
55798.215385507,1,10283,100,1411553,1
55798.874730056,1,10284,100,1413278,-1
55799.277598938,1,10285,100,1411895,-1
55799.969754071,1,10286,100,1407357,1
55800.569164904,1,10287,100,1412510,-1
55801.276993641,1,10288,100,1409960,1
55802.053824032,1,10289,100,1409239,1
55802.47217295,1,10290,100,1411607,1
55803.861083561,3,10289,100,1409239,1
55804.558759684,1,10291,100,1409311,1
55804.886699356,1,10292,100,1413497,-1
55805.421840744,4,10283,100,1411553,1
55805.806870021,1,10293,100,1408620,1
55806.717799754,5,10244,100,1400884,1
55807.365684542,3,10247,100,1400293,1
55808.13906151,1,10294,100,1408441,1
55809.288340603,5,10288,100,1409960,1
55809.719914012,1,10295,100,1412363,-1
55810.388740068,4,10294,100,1408441,1
55811.152889522,3,10250,100,1398417,1
55811.493072552,1,10296,100,1408303,-1
55812.392173102,1,10297,100,1408062,1
55813.366182117,4,10279,100,1407152,1
55813.841826021,1,10298,100,1404594,1
55814.464588043,4,10297,100,1408062,1
55815.049539623,1,10299,100,1407162,1
55815.780932838,1,10300,100,1409055,-1
55816.593319168,1,10301,100,1407023,1
55817.180054372,1,10302,100,1410974,-1
55818.068361964,1,10303,100,1409250,-1
55818.708822198,1,10304,100,1408282,-1
55819.565745801,3,10268,100,1406583,1
55820.384910693,3,10301,100,1407023,1
55821.069013611,3,10276,100,1406152,1
55821.669478799,3,10295,100,1412363,-1
55822.460357291,1,10305,100,1411961,-1
55823.108110505,3,10292,100,1413497,-1
55823.946833395,3,10280,100,1405705,-1
55824.526852673,3,10282,100,1412469,-1
55825.248340992,1,10306,100,1408188,-1
55826.344411284,3,10299,100,1407162,1
55826.774495819,3,10296,100,1408303,-1
55827.114225911,3,10305,100,1411961,-1
55827.5539737,3,10273,100,1404320,1
55827.890962953,1,10307,100,1407357,-1
55828.591199149,3,10260,100,1403959,1
55829.287603714,5,10293,100,1408620,1
55830.127199774,1,10308,100,1405053,1
55830.577597318,4,10291,100,1409311,1
55831.462660194,3,10284,100,1413278,-1
55831.914160251,1,10309,100,1409007,-1
55832.797840114,1,10310,100,1409757,-1
55833.693301274,1,10311,100,1413093,-1
55834.555586168,3,10290,100,1411607,1
55835.326450582,1,10312,100,1410802,1
55835.830815688,5,10306,100,1408188,-1
55836.589672745,4,10271,100,1410743,-1
55837.470053205,1,10313,100,1413571,-1
55837.923120931,3,10298,100,1404594,1
55838.516683061,1,10314,100,1410102,1
55839.348343315,1,10315,100,1415833,-1
55840.070077037,3,10308,100,1405053,1
55841.521570985,3,10312,100,1410802,1
55842.238581504,3,10300,100,1409055,-1
55842.963632616,1,10316,100,1411464,1
55843.848379877,3,10285,100,1411895,-1
55844.238611335,4,10313,100,1413571,-1
55845.085495175,1,10317,100,1411445,1
55845.835658235,1,10318,100,1416809,-1
55846.54314154,1,10319,100,1412932,1
55847.368247546,4,10309,100,1409007,-1
55848.193351312,1,10320,100,1414204,1
55848.79486798,4,10303,100,1409250,-1
55849.153784618,4,10310,100,1409757,-1
55849.880114414,5,10316,100,1411464,1
55850.36765295,1,10321,100,1423302,-1
55851.000927222,1,10322,100,1415528,1
55851.745353309,3,10319,100,1412932,1
55853.235947884,1,10323,100,1419630,-1
55854.140556647,1,10324,100,1417663,1
55854.514885089,1,10325,100,1414716,1
55854.849756093,1,10326,100,1420964,-1
55855.187010196,1,10327,100,1420009,1
55855.805869884,1,10328,100,1419735,1
55856.492060611,1,10329,100,1420061,1
55857.028610974,3,10321,100,1423302,-1
55857.668070795,1,10330,100,1425365,1
55858.42993534,5,10304,100,1408282,-1
55859.255906003,3,10330,100,1425365,1
55860.122054412,5,10232,100,1403311,1
55860.710958272,3,10318,100,1416809,-1
55861.358011121,5,10272,100,1409703,-1
55862.29805489,4,10287,100,1412510,-1
55862.845894805,5,10286,100,1407357,1
55863.650926156,1,10331,100,1421144,-1
55864.353976446,5,10331,100,1421144,-1
55865.129935903,1,10332,100,1417999,1
55866.753383741,4,10311,100,1413093,-1
55867.575257663,1,10333,100,1421635,1
55867.886986195,1,10334,100,1422432,1
55868.764141023,4,10307,100,1407357,-1
55869.202380459,3,10267,100,1410097,-1
55869.71273154,4,10323,100,1419630,-1
55870.329522252,1,10335,100,1424024,-1
55871.182465366,3,10322,100,1415528,1
55871.599667063,5,10329,100,1420061,1
55872.513965359,4,10281,100,1411287,-1
55873.280717985,5,10327,100,1420009,1
55873.720116797,3,10334,100,1422432,1
55874.170362407,5,10317,100,1411445,1
55874.976291248,1,10336,100,1428362,-1
55875.289987377,1,10337,100,1422199,1
55875.693902085,1,10338,100,1419968,1
55876.499716632,1,10339,100,1421512,1
55877.219060747,3,10315,100,1415833,-1
55877.804736707,4,10337,100,1422199,1
55878.452690173,1,10340,100,1427277,-1
55878.922507956,3,10320,100,1414204,1
55879.442875119,3,10339,100,1421512,1
55879.816395077,5,10328,100,1419735,1
55880.720924055,5,10326,100,1420964,-1
55882.079870189,1,10341,100,1421289,-1
55882.660731398,1,10342,100,1420354,1
55883.199316599,3,10338,100,1419968,1
55883.676847479,1,10343,100,1419043,1
55884.093298094,3,10343,100,1419043,1
55884.863435607,4,10302,100,1410974,-1
55885.462941628,1,10344,100,1418135,1
55886.304336877,1,10345,100,1420123,1
55887.090633609,1,10346,100,1420592,-1
55887.81583896,1,10347,100,1423708,-1
55888.258839011,1,10348,100,1419658,1
55889.020445086,3,10336,100,1428362,-1
55889.445640015,3,10335,100,1424024,-1
55890.063400525,1,10349,100,1423846,-1
55890.631109791,1,10350,100,1425455,-1
55891.392647647,3,10350,100,1425455,-1
55892.702648421,3,10333,100,1421635,1
55893.249911464,3,10341,100,1421289,-1
55893.974050258,1,10351,100,1415035,1
55894.774635457,3,10345,100,1420123,1
55895.259348828,5,10349,100,1423846,-1
55895.608221884,5,10324,100,1417663,1
55896.007510383,4,10325,100,1414716,1
55896.399424346,1,10352,100,1414091,1
55896.973655783,3,10351,100,1415035,1
55897.529453316,1,10353,100,1413697,1
55897.90442372,5,10275,100,1404140,1
55898.30477954,1,10354,100,1417739,-1
55898.63689768,1,10355,100,1418562,-1
55899.190066885,3,10314,100,1410102,1
55900.096882958,1,10356,100,1411072,1
55900.799515033,1,10357,100,1417797,-1
55901.351333692,5,10344,100,1418135,1
55902.029663203,1,10358,100,1412965,1
55902.474839465,1,10359,100,1415050,-1
55902.841712406,1,10360,100,1414296,-1
55903.541174458,3,10359,100,1415050,-1
55904.050598619,3,10360,100,1414296,-1
55904.505673529,1,10361,100,1408512,1
55905.32056922,1,10362,100,1411051,1
55905.840261623,5,10357,100,1417797,-1
55906.402523445,1,10363,100,1413639,-1
55907.15822156,4,10362,100,1411051,1
55907.793201258,5,10352,100,1414091,1
55908.437357648,1,10364,100,1414620,1
55908.788165568,4,10363,100,1413639,-1
55909.175140345,1,10365,100,1411210,-1
55909.877809258,3,10358,100,1412965,1
55910.603239918,1,10366,100,1417687,-1
55911.055320009,1,10367,100,1416089,-1
55911.69209694,3,10365,100,1411210,-1
55912.040892393,1,10368,100,1411396,1
55912.864519761,1,10369,100,1415462,-1
55913.610041903,1,10370,100,1414453,-1
55914.31528591,1,10371,100,1414324,-1
55915.027928323,1,10372,100,1410720,-1
55915.935175187,1,10373,100,1406505,1
55916.268871658,1,10374,100,1410192,1
55916.742216339,1,10375,100,1414140,-1
55917.590460902,1,10376,100,1413305,-1
55917.947082008,4,10342,100,1420354,1
55918.847372553,1,10377,100,1409360,1
55919.61836462,4,10368,100,1411396,1
55920.192820179,3,10370,100,1414453,-1
55920.508098441,3,10361,100,1408512,1
55921.130006601,4,10332,100,1417999,1
55922.177905286,1,10378,100,1407040,1
55922.589285107,1,10379,100,1404780,-1
55922.932310341,1,10380,100,1404298,1
55923.392853571,4,10364,100,1414620,1
55923.814600696,4,10353,100,1413697,1
55924.384958851,4,10374,100,1410192,1
55925.069729848,3,10369,100,1415462,-1
55927.039506767,3,10347,100,1423708,-1
55927.706746868,3,10376,100,1413305,-1
55928.323761961,1,10381,100,1404990,1
55929.127601389,1,10382,100,1405428,1
55929.93029375,1,10383,100,1403455,1
55930.677281104,3,10379,100,1404780,-1
55931.06043014,1,10384,100,1405393,1
55931.773678516,5,10384,100,1405393,1
55932.174503334,4,10377,100,1409360,1
55933.333976604,5,10372,100,1410720,-1
55933.82313391,1,10385,100,1406355,-1
55934.635647098,4,10381,100,1404990,1
55934.977790893,4,10383,100,1403455,1
55935.800231534,1,10386,100,1400584,1
55936.379231119,4,10356,100,1411072,1
55937.110861014,4,10373,100,1406505,1
55937.655442279,3,10380,100,1404298,1
55938.031955336,5,10382,100,1405428,1
55938.555156749,1,10387,100,1403359,1
55938.969335326,1,10388,100,1403018,1
55939.409899282,1,10389,100,1404497,-1
55939.844652181,1,10390,100,1400968,-1
55940.330232571,3,10375,100,1414140,-1
55940.886392345,3,10371,100,1414324,-1
55941.351534972,3,10346,100,1420592,-1
55942.165259032,3,10355,100,1418562,-1
55942.85416669,1,10391,100,1401208,1
55943.279271055,1,10392,100,1405823,-1
55943.830723915,4,10348,100,1419658,1
55945.122271268,3,10354,100,1417739,-1
55945.979560565,1,10393,100,1400946,1
55946.810418101,1,10394,100,1409256,-1
55947.488501062,3,10386,100,1400584,1
55948.139421306,1,10395,100,1409798,-1
55948.46647604,3,10390,100,1400968,-1
55949.132596034,1,10396,100,1404232,-1
55950.757712747,3,10366,100,1417687,-1
55951.305128666,1,10397,100,1400705,-1
55951.781991227,3,10395,100,1409798,-1
55952.184724778,1,10398,100,1403476,-1
55952.837142316,3,10396,100,1404232,-1
55953.4462786,4,10387,100,1403359,1
55953.964519904,1,10399,100,1400303,-1
55954.528389451,3,10340,100,1427277,-1
55955.14421972,1,10400,100,1401674,-1
55955.836720697,4,10391,100,1401208,1
55956.51776097,4,10399,100,1400303,-1
55956.899485143,4,10393,100,1400946,1
55957.657565269,1,10401,100,1398196,1
55958.368891066,3,10378,100,1407040,1
55959.056265261,3,10388,100,1403018,1
55959.362991422,1,10402,100,1397268,-1
55959.811856596,3,10401,100,1398196,1
55960.406162779,1,10403,100,1394894,1
55960.876155178,3,10402,100,1397268,-1
55961.41707825,1,10404,100,1403260,1
55961.953024967,4,10397,100,1400705,-1
55963.085311898,4,10400,100,1401674,-1
55963.618571438,5,10389,100,1404497,-1
55964.190634389,3,10367,100,1416089,-1
55964.687293211,3,10394,100,1409256,-1
55965.171273514,5,10403,100,1394894,1
55965.591655904,1,10405,100,1401505,-1
55966.071786512,1,10406,100,1405714,-1
55967.029389307,1,10407,100,1399852,-1
55967.788672486,3,10405,100,1401505,-1
55968.671379488,3,10406,100,1405714,-1
55969.528920843,1,10408,100,1404060,-1
55969.961078293,5,10385,100,1406355,-1
55970.572436965,1,10409,100,1398412,1
55971.359141795,1,10410,100,1401994,-1
55972.175572404,1,10411,100,1396844,1
55972.722734546,3,10392,100,1405823,-1
55974.161827036,3,10409,100,1398412,1
55974.730384296,1,10412,100,1401846,1
55975.308232916,1,10413,100,1400857,-1
55976.159231597,1,10414,100,1397230,1
55976.992132807,5,10407,100,1399852,-1
55977.882740423,3,10412,100,1401846,1
55978.316481718,5,10398,100,1403476,-1
55978.688830959,1,10415,100,1402724,-1
55979.171861723,3,10404,100,1403260,1
55979.804253141,3,10415,100,1402724,-1
55980.209042995,1,10416,100,1397622,1
55980.977318152,3,10416,100,1397622,1
55982.063428444,4,10414,100,1397230,1
55982.49073745,1,10417,100,1394613,-1
55983.41814583,3,10408,100,1404060,-1
55984.153426684,1,10418,100,1398945,-1
55984.598933382,1,10419,100,1398405,-1
55985.436186979,1,10420,100,1400902,-1
55986.01430614,5,10418,100,1398945,-1
55986.763775099,1,10421,100,1395960,1
55987.556367596,1,10422,100,1400795,-1
55987.930635579,4,10419,100,1398405,-1
55988.679550458,1,10423,100,1394686,1
55989.274557379,3,10410,100,1401994,-1
55990.163073739,1,10424,100,1391607,1
55990.56300724,3,10420,100,1400902,-1
55991.374769534,4,10421,100,1395960,1
55992.093584863,1,10425,100,1393046,1
55992.898292709,1,10426,100,1393414,1
55993.342642816,3,10413,100,1400857,-1
55994.083058235,3,10426,100,1393414,1
55994.545577068,1,10427,100,1392864,-1
55994.850533007,1,10428,100,1390441,-1
55995.193328673,1,10429,100,1387326,1
55995.519460527,1,10430,100,1390851,-1
55995.895844338,1,10431,100,1385158,1
55996.576930777,1,10432,100,1386111,1
55997.250238301,1,10433,100,1385785,1
55998.191568862,1,10434,100,1391248,1
55998.542937467,1,10435,100,1388921,-1
55999.156077699,1,10436,100,1386007,1
55999.8015399,3,10435,100,1388921,-1
56001.332324524,3,10436,100,1386007,1
56003.084714589,1,10437,100,1389912,-1
56003.466921624,4,10434,100,1391248,1
56004.177919533,1,10438,100,1390052,-1
56004.986889414,3,10423,100,1394686,1
56005.598196129,1,10439,100,1389613,-1
56006.053136776,1,10440,100,1389027,-1
56006.878916477,1,10441,100,1385182,1
56007.519428774,5,10432,100,1386111,1
56008.422365772,1,10442,100,1387103,-1
56009.125486342,3,10437,100,1389912,-1
56010.032253882,4,10411,100,1396844,1
56010.580666444,3,10424,100,1391607,1
56011.442912814,1,10443,100,1382807,1
56012.009827537,1,10444,100,1383496,-1
56012.676214788,4,10429,100,1387326,1
56013.1456663,1,10445,100,1384881,-1
56013.80359536,1,10446,100,1380092,1
56014.264761861,1,10447,100,1380710,1
56014.597447857,1,10448,100,1385200,-1
56015.01227321,1,10449,100,1378377,1
56015.522093478,1,10450,100,1382733,-1
56015.906731138,1,10451,100,1377088,1
56016.769401558,1,10452,100,1381723,-1
56017.980022416,1,10453,100,1381330,-1
56019.313542038,1,10454,100,1377352,-1
56020.213729122,3,10446,100,1380092,1
56020.647371443,1,10455,100,1378559,1
56021.071441342,1,10456,100,1376224,-1
56021.905901567,5,10439,100,1389613,-1
56022.712301547,3,10425,100,1393046,1
56023.057993433,1,10457,100,1380860,-1
56023.940678457,1,10458,100,1381750,-1
56024.41893785,1,10459,100,1380373,1
56024.965994873,4,10444,100,1383496,-1
56025.498523571,4,10457,100,1380860,-1
56026.2329605,3,10431,100,1385158,1
56026.985594037,1,10460,100,1381477,1
56027.844183828,1,10461,100,1380787,1
56028.637915495,4,10450,100,1382733,-1
56029.39246241,3,10448,100,1385200,-1
56029.988433388,4,10447,100,1380710,1
56030.63063212,3,10441,100,1385182,1
56031.528841336,1,10462,100,1381808,-1
56032.141452208,1,10463,100,1378574,1
56032.513188659,4,10454,100,1377352,-1
56033.281208744,4,10461,100,1380787,1
56033.944548301,4,10456,100,1376224,-1
56034.31203721,3,10442,100,1387103,-1
56035.181493402,3,10462,100,1381808,-1
56036.085046647,5,10449,100,1378377,1
56036.410664492,1,10464,100,1385095,-1
56037.225215803,1,10465,100,1383014,-1
56038.072231514,1,10466,100,1383790,-1
56038.793010447,1,10467,100,1383115,-1
56039.332564009,3,10417,100,1394613,-1
56040.236416357,1,10468,100,1381646,1
56040.958040963,4,10459,100,1380373,1
56041.561250859,4,10460,100,1381477,1
56041.987478166,3,10438,100,1390052,-1
56042.731083814,1,10469,100,1377385,1
56043.103199247,3,10465,100,1383014,-1
56043.68837949,3,10464,100,1385095,-1
56044.784891951,3,10422,100,1400795,-1
56045.661245479,1,10470,100,1378697,1
56046.326858544,3,10453,100,1381330,-1
56046.722456334,5,10440,100,1389027,-1
56047.170336225,3,10433,100,1385785,1
56047.752371377,4,10463,100,1378574,1
56048.622425533,3,10469,100,1377385,1
56048.931442432,1,10471,100,1374835,1
56049.71638492,5,10443,100,1382807,1
56050.244597546,1,10472,100,1379794,-1
56050.628941634,1,10473,100,1372818,1
56051.271379192,1,10474,100,1377229,1
56051.58176717,5,10445,100,1384881,-1
56052.249469077,3,10471,100,1374835,1
56053.858518941,3,10452,100,1381723,-1
56054.471321766,1,10475,100,1376836,1
56054.811415608,3,10472,100,1379794,-1
56055.637677772,1,10476,100,1382106,-1
56056.207303275,4,10468,100,1381646,1
56056.965592869,1,10477,100,1382405,-1
56057.823302128,3,10470,100,1378697,1
56058.727371726,5,10476,100,1382106,-1
56059.192147403,1,10478,100,1379490,-1
56059.540399778,3,10467,100,1383115,-1
56059.854036015,1,10479,100,1378580,-1
56060.714519772,1,10480,100,1374024,-1
56061.33897763,3,10427,100,1392864,-1
56061.990446085,1,10481,100,1378038,1
56062.6016677,5,10473,100,1372818,1
56063.319416166,1,10482,100,1375367,1
56063.763107136,3,10451,100,1377088,1
56064.619438197,4,10481,100,1378038,1
56065.195523727,1,10483,100,1374519,1
56065.692184813,1,10484,100,1374138,1
56066.363782141,4,10475,100,1376836,1
56067.224320579,5,10484,100,1374138,1
56067.595968769,3,10428,100,1390441,-1
56069.192070429,1,10485,100,1379736,-1
56069.902714505,1,10486,100,1378517,-1
56070.613666376,1,10487,100,1372161,1
56071.39304969,3,10466,100,1383790,-1
56072.045537358,1,10488,100,1370909,1
56072.419501406,4,10474,100,1377229,1
56072.757430586,1,10489,100,1369712,1
56073.517106417,1,10490,100,1378538,-1
56074.415095626,1,10491,100,1377830,-1
56075.056987096,4,10455,100,1378559,1
56075.957926571,3,10482,100,1375367,1
56076.657393196,1,10492,100,1370597,1
56077.168612317,3,10480,100,1374024,-1
56078.262442126,1,10493,100,1374447,-1
56078.61574437,1,10494,100,1376012,1
56079.474417318,4,10493,100,1374447,-1
56079.874501055,1,10495,100,1374929,1
56080.465048733,1,10496,100,1372456,1
56081.29974254,1,10497,100,1377560,-1
56081.702024085,3,10486,100,1378517,-1
56082.554277862,3,10478,100,1379490,-1
56083.116842568,3,10477,100,1382405,-1
56083.437005584,4,10490,100,1378538,-1
56083.80549083,3,10489,100,1369712,1
56084.37141028,3,10479,100,1378580,-1
56085.262761185,1,10498,100,1379002,1
56085.791710561,1,10499,100,1384076,-1
56086.399723645,1,10500,100,1376847,1
56086.728640603,3,10494,100,1376012,1
56087.526878483,1,10501,100,1384543,-1
56088.119609282,1,10502,100,1383831,1
56088.97822968,5,10496,100,1372456,1
56089.384052119,1,10503,100,1375983,1
56089.853744111,1,10504,100,1378155,-1
56090.647716655,4,10504,100,1378155,-1
56091.19428986,1,10505,100,1377955,1
56092.723820697,3,10505,100,1377955,1
56093.395583845,1,10506,100,1376234,1
56094.096624476,1,10507,100,1381682,-1
56095.454827967,1,10508,100,1380815,-1
56095.800215776,4,10498,100,1379002,1
56096.237262684,3,10430,100,1390851,-1
56097.003479568,3,10500,100,1376847,1
56097.900108958,3,10458,100,1381750,-1
56098.904773102,1,10509,100,1376380,-1
56099.35211099,5,10491,100,1377830,-1
56100.582139549,4,10495,100,1374929,1
56101.440904389,1,10510,100,1376630,-1
56101.798874279,1,10511,100,1373061,-1
56102.521600271,3,10511,100,1373061,-1
56103.382899929,1,10512,100,1374210,-1
56104.232044573,3,10512,100,1374210,-1
56104.924887565,4,10483,100,1374519,1
56105.772016285,4,10487,100,1372161,1
56106.516813984,3,10501,100,1384543,-1
56107.080739903,1,10513,100,1374725,-1
56107.917936208,1,10514,100,1370804,1
56108.390677421,3,10485,100,1379736,-1
56109.214993866,1,10515,100,1375901,-1
56110.159807605,3,10502,100,1383831,1
56110.966981011,1,10516,100,1373577,1
56111.714513519,1,10517,100,1376776,-1
56112.583460089,4,10510,100,1376630,-1
56113.20101468,1,10518,100,1379070,-1
56113.667767012,1,10519,100,1375540,-1
56113.990483991,3,10509,100,1376380,-1
56114.702545685,3,10518,100,1379070,-1
56115.071399191,1,10520,100,1372187,1
56115.9570753,3,10497,100,1377560,-1
56116.37126994,1,10521,100,1378300,-1
56116.943764599,3,10515,100,1375901,-1
56117.829230445,5,10507,100,1381682,-1
56118.218622792,1,10522,100,1377466,-1
56118.766372696,3,10522,100,1377466,-1
56119.627043272,1,10523,100,1373868,1
56120.095161907,3,10521,100,1378300,-1
56120.692224906,1,10524,100,1383808,-1
56121.091666102,3,10524,100,1383808,-1
56121.58878758,4,10519,100,1375540,-1
56122.295519016,1,10525,100,1379747,-1
56122.607952976,4,10513,100,1374725,-1
56123.009999372,1,10526,100,1378825,1
56123.641541244,1,10527,100,1382693,-1
56124.494833325,1,10528,100,1380015,1
56125.024876129,4,10528,100,1380015,1
56125.552483526,3,10520,100,1372187,1
56125.880049728,3,10503,100,1375983,1
56126.389400374,1,10529,100,1375287,1
56126.726042052,4,10517,100,1376776,-1
56127.162647267,1,10530,100,1378618,1
56127.530597769,3,10508,100,1380815,-1
56128.074410675,4,10526,100,1378825,1
56128.844619073,3,10523,100,1373868,1
56129.477282189,3,10506,100,1376234,1
56129.904001471,1,10531,100,1382944,-1
56130.332289905,1,10532,100,1379436,1
56130.959479856,3,10530,100,1378618,1
56131.472021656,3,10527,100,1382693,-1
56132.232333197,1,10533,100,1374414,1
56132.662314036,1,10534,100,1376777,1
56133.366452061,1,10535,100,1374631,1
56133.67988382,1,10536,100,1378103,1
56134.203191275,3,10531,100,1382944,-1
56134.527847374,3,10514,100,1370804,1
56135.082229386,3,10533,100,1374414,1
56135.547336755,3,10535,100,1374631,1
56136.710519593,1,10537,100,1370929,1
56137.204984538,1,10538,100,1377754,-1
56137.765300719,1,10539,100,1372617,1
56138.559003727,3,10529,100,1375287,1
56139.895413505,4,10525,100,1379747,-1
56140.341395242,1,10540,100,1384340,-1
56140.753129422,3,10540,100,1384340,-1
56141.087968227,3,10534,100,1376777,1
56141.880674258,4,10532,100,1379436,1
56142.33964782,1,10541,100,1378013,1
56143.067907697,3,10539,100,1372617,1
56143.919377377,1,10542,100,1383134,-1
56144.325818649,5,10537,100,1370929,1
56144.952805097,1,10543,100,1381875,1
56145.288935202,3,10536,100,1378103,1
56145.811383385,1,10544,100,1388863,-1
56146.52832106,1,10545,100,1386776,-1
56146.856753397,1,10546,100,1383277,1
56147.672892909,3,10546,100,1383277,1
56148.23369024,4,10499,100,1384076,-1
56149.121500139,3,10516,100,1373577,1
56149.546316863,1,10547,100,1390132,1
56150.027682794,1,10548,100,1390480,1
56150.918784631,1,10549,100,1387201,1
56152.40580777,5,10547,100,1390132,1
56152.855844781,1,10550,100,1385912,1
56153.184842584,1,10551,100,1387997,1
56153.963298345,3,10548,100,1390480,1
56154.294180939,4,10545,100,1386776,-1
56156.765302068,1,10552,100,1381504,1
56157.282582111,1,10553,100,1380130,1
56159.290999355,3,10552,100,1381504,1
56160.075631172,1,10554,100,1384398,1
56160.506634414,1,10555,100,1384446,-1
56161.328750968,3,10492,100,1370597,1
56161.760287575,1,10556,100,1380217,1
56162.393949819,3,10556,100,1380217,1
56163.282887892,3,10549,100,1387201,1
56163.740727784,1,10557,100,1385250,-1
56164.462354292,1,10558,100,1379282,1
56165.346253062,1,10559,100,1379802,1
56166.124278221,3,10488,100,1370909,1
56166.662327243,4,10542,100,1383134,-1
56167.116425477,1,10560,100,1380007,-1
56167.487414972,1,10561,100,1382800,-1
56168.993217908,3,10554,100,1384398,1
56169.812201867,1,10562,100,1379191,1
56170.582536028,1,10563,100,1385998,-1
56171.123864464,5,10558,100,1379282,1
56171.76894696,4,10551,100,1387997,1
56172.189812425,4,10541,100,1378013,1
56173.000167308,3,10544,100,1388863,-1
56173.88112914,3,10553,100,1380130,1
56175.090720693,3,10559,100,1379802,1
56175.640577876,4,10555,100,1384446,-1
56176.507210536,1,10564,100,1381686,1
56176.959140068,1,10565,100,1382218,1
56177.795484631,1,10566,100,1382387,1
56178.330786793,1,10567,100,1389562,-1
56179.123090331,5,10557,100,1385250,-1
56179.497905139,1,10568,100,1389517,-1
56179.84851988,3,10564,100,1381686,1
56180.372995248,4,10560,100,1380007,-1
56180.900167873,3,10561,100,1382800,-1
56181.502250908,1,10569,100,1390853,-1
56181.851592559,1,10570,100,1388451,1
56182.703515024,4,10567,100,1389562,-1
56183.506049541,4,10563,100,1385998,-1
56184.091810803,3,10562,100,1379191,1
56184.422145566,4,10550,100,1385912,1
56185.179426406,1,10571,100,1382900,1
56185.946532541,5,10568,100,1389517,-1
56186.662029038,3,10538,100,1377754,-1
56187.5287189,4,10565,100,1382218,1
56188.059330021,3,10569,100,1390853,-1
56188.703652972,5,10543,100,1381875,1
56189.150692728,4,10570,100,1388451,1
56189.808031204,1,10572,100,1389467,-1
56190.518379706,1,10573,100,1386986,-1
56191.148307513,1,10574,100,1386243,-1
56191.523611621,5,10571,100,1382900,1
56192.048313099,5,10572,100,1389467,-1
56192.50146166,3,10574,100,1386243,-1
56193.380352089,1,10575,100,1387906,-1
56194.090644368,3,10566,100,1382387,1
56194.530955508,4,10573,100,1386986,-1
56196.340949273,1,10576,100,1384903,1
56196.812198846,1,10577,100,1386023,1
56197.448918292,1,10578,100,1390104,-1
56198.253280102,1,10579,100,1387782,1
56198.879771865,1,10580,100,1389611,1
56199.650154017,1,10581,100,1388150,1
56200.079871686,3,10580,100,1389611,1
56200.894295963,1,10582,100,1392261,-1
56201.236940517,1,10583,100,1391829,-1
56202.017515724,1,10584,100,1385044,1
56202.743918185,4,10577,100,1386023,1
56203.208018639,5,10575,100,1387906,-1
56203.742200978,1,10585,100,1390730,-1
56204.218726882,3,10576,100,1384903,1
56205.82514945,4,10585,100,1390730,-1
56206.459419388,1,10586,100,1388797,1
56207.3019288,5,10578,100,1390104,-1
56208.117905138,3,10579,100,1387782,1
56208.896975962,5,10586,100,1388797,1
56209.599707364,1,10587,100,1387421,1
56210.451713756,4,10583,100,1391829,-1
56211.236386915,1,10588,100,1395304,-1
56211.60863306,4,10582,100,1392261,-1
56212.087541959,1,10589,100,1387891,1
56212.825948866,4,10589,100,1387891,1
56213.374726148,4,10581,100,1388150,1
56213.764757022,1,10590,100,1395019,-1
56214.322342697,3,10590,100,1395019,-1
56214.980102204,1,10591,100,1392212,-1
56215.57638003,3,10584,100,1385044,1
56216.268652851,1,10592,100,1394452,-1
56216.839212066,1,10593,100,1393805,-1
56217.169025782,1,10594,100,1395995,-1
56217.8693855,3,10588,100,1395304,-1
56218.419081865,3,10592,100,1394452,-1
56218.768825106,1,10595,100,1394011,1
56219.392838413,1,10596,100,1392109,1
56220.100551507,1,10597,100,1394579,1
56220.594179866,1,10598,100,1391366,1
56221.162599426,3,10587,100,1387421,1
56221.603903798,4,10593,100,1393805,-1
56222.415074452,1,10599,100,1391173,-1
56223.173085404,1,10600,100,1390977,1
56223.573792176,5,10591,100,1392212,-1
56224.217549531,3,10599,100,1391173,-1
56224.977165516,4,10594,100,1395995,-1
56225.497154217,4,10600,100,1390977,1
56226.278035678,3,10596,100,1392109,1
56227.965247874,1,10601,100,1389519,1
56228.567529269,1,10602,100,1387815,1
56228.881314923,5,10601,100,1389519,1
56229.557818656,1,10603,100,1393795,-1
56230.356300429,3,10595,100,1394011,1
56231.488206352,1,10604,100,1389138,1
56232.265157474,3,10603,100,1393795,-1
56232.769979959,3,10604,100,1389138,1
56233.262670297,3,10602,100,1387815,1
56233.945857956,1,10605,100,1395567,1
56234.424756889,4,10598,100,1391366,1
56235.157409347,1,10606,100,1393231,-1
56235.668009325,4,10605,100,1395567,1
56236.204078219,1,10607,100,1387587,1
56236.961196948,1,10608,100,1385645,1
56238.338357896,1,10609,100,1386799,1
56239.155139366,1,10610,100,1385509,1
56239.706072386,1,10611,100,1388048,-1
56240.517251648,1,10612,100,1384596,1
56240.900706012,1,10613,100,1383916,1
56241.237774505,1,10614,100,1389766,-1
56242.54300559,3,10607,100,1387587,1
56242.949657786,4,10609,100,1386799,1
56243.390416044,1,10615,100,1385143,1
56243.797830114,1,10616,100,1389087,-1
56244.265315281,4,10610,100,1385509,1
56244.928387222,3,10611,100,1388048,-1
56245.234760804,1,10617,100,1387830,-1
56245.882673054,1,10618,100,1389639,-1
56246.506994112,1,10619,100,1389516,-1
56247.042307171,3,10606,100,1393231,-1
56247.866662679,1,10620,100,1387377,-1
56248.497604894,1,10621,100,1384769,1
56249.328564363,1,10622,100,1389421,-1
56250.178080837,1,10623,100,1384240,1
56250.597128006,4,10597,100,1394579,1
56251.007030367,1,10624,100,1387925,-1
56251.451063544,1,10625,100,1388883,-1
56252.084170626,5,10613,100,1383916,1
56253.07803036,3,10608,100,1385645,1
56253.64818582,1,10626,100,1379678,1
56254.417969744,3,10625,100,1388883,-1
56255.102208519,5,10614,100,1389766,-1
56257.390745894,3,10612,100,1384596,1
56258.072275952,1,10627,100,1387194,-1
56258.778883997,3,10626,100,1379678,1
56259.258834981,3,10620,100,1387377,-1
56259.591688765,5,10627,100,1387194,-1
56260.436837102,1,10628,100,1380609,1
56261.260029759,4,10623,100,1384240,1
56262.075928686,3,10619,100,1389516,-1
56262.607685405,5,10621,100,1384769,1
56263.183142308,1,10629,100,1385274,1
56263.953656131,3,10628,100,1380609,1
56264.37609587,1,10630,100,1383480,-1
56264.735147239,4,10630,100,1383480,-1
56265.614162479,1,10631,100,1383852,1
56265.964198434,1,10632,100,1378920,1
56267.573912535,1,10633,100,1379956,1
56267.913158049,3,10632,100,1378920,1
56268.707218099,1,10634,100,1387437,-1
56269.818450208,3,10617,100,1387830,-1
56270.143518053,3,10618,100,1389639,-1
56270.767222495,3,10616,100,1389087,-1
56271.556714469,5,10631,100,1383852,1
56271.89669604,4,10629,100,1385274,1
56272.445596796,1,10635,100,1388081,-1
56273.009119225,3,10635,100,1388081,-1
56273.381162295,3,10622,100,1389421,-1
56274.204703945,1,10636,100,1384788,1
56274.994344272,1,10637,100,1384807,1
56275.546044497,3,10633,100,1379956,1
56276.257059427,3,10637,100,1384807,1
56276.573312755,3,10615,100,1385143,1
56276.913405443,4,10634,100,1387437,-1
56277.905727169,4,10636,100,1384788,1
56278.41717679,5,10624,100,1387925,-1
56278.917505631,1,10638,100,1385057,1
56279.565537622,4,10638,100,1385057,1
56279.998280855,1,10639,100,1388880,-1
56280.822236042,4,10639,100,1388880,-1
56281.702822597,1,10640,100,1382749,1
56282.22974252,1,10641,100,1381424,1
56283.025094855,3,10641,100,1381424,1
56283.829807118,1,10642,100,1384086,-1
56284.606799625,1,10643,100,1376259,1
56285.84038601,3,10642,100,1384086,-1
56286.657222781,3,10643,100,1376259,1
56287.109452045,1,10644,100,1380294,-1
56287.479157512,1,10645,100,1381812,-1
56287.873142093,1,10646,100,1375204,-1
56288.524269505,1,10647,100,1381533,-1
56288.828307475,1,10648,100,1379130,1
56289.567083532,1,10649,100,1377122,-1
56290.332530541,1,10650,100,1374870,-1
56290.842454462,1,10651,100,1373601,1
56291.45467647,1,10652,100,1376033,-1
56291.971734337,1,10653,100,1369299,1
56292.667446574,3,10650,100,1374870,-1
56293.442735575,1,10654,100,1373784,-1
56294.190878702,3,10654,100,1373784,-1
56295.01787325,1,10655,100,1369189,-1
56295.750640404,1,10656,100,1369217,1
56296.430658103,1,10657,100,1372639,-1
56297.109966035,1,10658,100,1369233,1
56297.953034318,1,10659,100,1370235,1
56298.496788605,1,10660,100,1373947,-1
56298.939388153,1,10661,100,1372501,1
56299.335469245,4,10651,100,1373601,1
56300.156828529,1,10662,100,1368185,1
56300.616683522,4,10661,100,1372501,1
56301.090490376,1,10663,100,1372288,-1
56301.494237652,3,10655,100,1369189,-1
56302.035207534,5,10656,100,1369217,1
56302.845488398,1,10664,100,1377216,-1
56303.414123301,3,10660,100,1373947,-1
56304.14896503,4,10640,100,1382749,1
56304.983641302,1,10665,100,1375179,-1
56305.430172509,1,10666,100,1377002,1
56306.203510256,3,10666,100,1377002,1
56306.907084333,3,10653,100,1369299,1
56307.763783566,1,10667,100,1380017,-1
56308.609924443,3,10649,100,1377122,-1
56309.222424823,1,10668,100,1377369,-1
56310.097408094,3,10648,100,1379130,1
56310.860687345,1,10669,100,1373766,1
56312.269905444,3,10658,100,1369233,1
56312.928016149,1,10670,100,1373307,1
56313.353202605,1,10671,100,1381276,-1
56314.0140578,1,10672,100,1377257,1
56314.701363483,3,10669,100,1373766,1
56315.03596155,3,10659,100,1370235,1
56315.863130903,1,10673,100,1378893,1
56316.353197049,1,10674,100,1383035,-1
56317.155016937,1,10675,100,1384716,-1
56317.726115541,1,10676,100,1383829,-1
56318.05523551,1,10677,100,1379753,1
56318.407985947,1,10678,100,1379733,1
56319.087715594,1,10679,100,1380090,-1
56319.720331009,1,10680,100,1376995,-1
56321.473267007,1,10681,100,1378253,1
56321.86841186,3,10677,100,1379753,1
56322.672277534,1,10682,100,1377330,1
56323.395368356,3,10652,100,1376033,-1
56323.749439074,1,10683,100,1376883,1
56324.621471694,3,10657,100,1372639,-1
56324.962260872,4,10663,100,1372288,-1
56325.362391444,4,10664,100,1377216,-1
56326.048304253,1,10684,100,1383422,-1
56326.509629551,1,10685,100,1383602,-1
56327.72225646,1,10686,100,1378653,1
56328.286557166,1,10687,100,1376330,1
56328.801727735,1,10688,100,1380285,-1
56329.275315902,1,10689,100,1377115,1
56329.970485964,4,10686,100,1378653,1
56330.473529223,1,10690,100,1374447,1
56331.211891133,1,10691,100,1382971,-1
56331.698353993,1,10692,100,1382016,1
56332.309327969,1,10693,100,1381617,1
56332.627372949,4,10644,100,1380294,-1
56333.120690804,1,10694,100,1383352,-1
56333.924422331,3,10647,100,1381533,-1
56334.472421773,3,10683,100,1376883,1
56334.901387739,4,10646,100,1375204,-1
56335.511497649,4,10676,100,1383829,-1
56336.083635659,3,10645,100,1381812,-1
56336.844031245,5,10673,100,1378893,1
56337.638061282,1,10695,100,1383504,-1
56338.231754013,3,10694,100,1383352,-1
56340.033737707,3,10670,100,1373307,1
56340.709039328,5,10689,100,1377115,1
56341.270237617,5,10681,100,1378253,1
56342.069225821,4,10693,100,1381617,1
56342.587323163,1,10696,100,1382694,-1
56343.421959904,3,10680,100,1376995,-1
56343.847862665,1,10697,100,1381108,1
56344.354300336,5,10687,100,1376330,1
56344.871743936,1,10698,100,1385468,1
56345.431920761,1,10699,100,1380713,1
56346.191786029,4,10679,100,1380090,-1
56346.536802946,3,10688,100,1380285,-1
56346.843612291,1,10700,100,1384768,-1
56347.262328785,1,10701,100,1382931,1
56348.134560614,1,10702,100,1384216,-1
56348.536644901,1,10703,100,1387183,-1
56349.192692424,1,10704,100,1385344,-1
56349.501010997,3,10700,100,1384768,-1
56350.189360032,1,10705,100,1384989,-1
56351.036730541,4,10701,100,1382931,1
56351.85985559,1,10706,100,1384704,-1
56352.357549827,5,10702,100,1384216,-1
56353.208607883,3,10667,100,1380017,-1
56353.826266775,1,10707,100,1378491,1
56354.262509171,3,10706,100,1384704,-1
56355.582254679,3,10690,100,1374447,1
56356.134002215,3,10703,100,1387183,-1
56356.530927396,1,10708,100,1375391,1
56356.893793886,1,10709,100,1377088,1
56357.762867959,1,10710,100,1377261,1
56358.544376877,3,10710,100,1377261,1
56358.844839274,3,10697,100,1381108,1
56359.452959525,1,10711,100,1380106,1
56360.117765867,1,10712,100,1380505,1
56360.913987649,1,10713,100,1388732,-1
56362.137782003,1,10714,100,1382560,-1
56362.641569398,4,10674,100,1383035,-1
56363.191035043,1,10715,100,1384802,-1
56363.669605884,4,10675,100,1384716,-1
56364.46942141,1,10716,100,1384034,1
56364.92895704,3,10709,100,1377088,1
56365.722059497,3,10714,100,1382560,-1
56366.023650035,1,10717,100,1390818,-1
56366.550809385,3,10691,100,1382971,-1
56366.981597078,3,10662,100,1368185,1
56368.07523997,1,10718,100,1383675,1
56368.680017939,1,10719,100,1386686,-1
56369.249703435,1,10720,100,1387041,-1
56370.457145773,3,10720,100,1387041,-1
56370.850079295,1,10721,100,1388423,-1
56371.621150253,1,10722,100,1387441,-1
56373.230306596,1,10723,100,1388225,-1
56373.628628973,4,10722,100,1387441,-1
56374.995706068,5,10685,100,1383602,-1
56375.711643971,3,10721,100,1388423,-1
56376.136927047,1,10724,100,1390200,-1
56376.788234424,4,10719,100,1386686,-1
56377.401575209,1,10725,100,1391215,-1
56377.853147349,1,10726,100,1391299,-1
56378.370391177,5,10726,100,1391299,-1
56378.907638321,1,10727,100,1385837,1
56379.38427765,1,10728,100,1387947,1
56380.351964888,4,10704,100,1385344,-1
56380.879795995,1,10729,100,1391893,1
56381.19241282,3,10713,100,1388732,-1
56381.75850766,1,10730,100,1390990,1
56382.091232476,1,10731,100,1388548,1
56383.050101589,3,10727,100,1385837,1
56383.918550682,3,10725,100,1391215,-1
56384.414206922,1,10732,100,1385406,1
56384.807754374,3,10730,100,1390990,1
56385.190874973,4,10684,100,1383422,-1
56385.883298329,3,10715,100,1384802,-1
56386.178196612,5,10665,100,1375179,-1
56386.802302076,1,10733,100,1385353,1
56387.522526204,3,10672,100,1377257,1
56388.220939461,3,10699,100,1380713,1
56388.954432316,3,10707,100,1378491,1
56389.27013591,4,10695,100,1383504,-1
56390.037625437,3,10718,100,1383675,1
56390.710918651,1,10734,100,1394759,-1
56391.150172682,1,10735,100,1396363,-1
56391.990847872,1,10736,100,1396958,-1
56392.620213946,4,10696,100,1382694,-1
56393.318942967,1,10737,300,1394545,1
56393.892337334,3,10708,100,1375391,1
56394.269478879,1,10738,100,1395532,1
56395.580728716,3,10671,100,1381276,-1
56395.943007033,1,10739,100,1400814,-1
56396.798229798,5,10731,100,1388548,1
56397.651196616,3,10712,100,1380505,1
56398.236056163,3,10739,100,1400814,-1
56398.776858766,4,10705,100,1384989,-1
56399.394390105,3,10737,300,1394545,1
56400.826147005,1,10740,100,1401185,-1
56401.233701852,4,10724,100,1390200,-1
56401.732386475,1,10741,100,1393956,1
56402.088372191,3,10733,100,1385353,1
56402.559963567,4,10723,100,1388225,-1
56403.158856322,1,10742,100,1401486,-1
56403.454107593,1,10743,100,1402187,-1
56404.227173689,3,10728,100,1387947,1
56405.0582424,3,10740,100,1401185,-1
56405.460708602,1,10744,100,1401592,-1
56405.909528045,4,10717,100,1390818,-1
56406.669365461,1,10745,100,1400939,-1
56407.345377165,1,10746,100,1400073,-1
56407.795481887,4,10734,100,1394759,-1
56408.460693972,1,10747,100,1398203,1
56408.942989267,1,10748,100,1394889,1
56410.277680183,4,10738,100,1395532,1
56410.794848231,3,10746,100,1400073,-1
56411.354373663,3,10716,100,1384034,1
56411.889756049,1,10749,100,1389414,1
56412.224625814,3,10744,100,1401592,-1
56413.008908797,3,10668,100,1377369,-1
56413.388441285,1,10750,100,1391545,1
56414.180151296,4,10729,100,1391893,1
56414.992263614,4,10750,100,1391545,1
56415.686843283,1,10751,100,1388358,1
56416.155239287,1,10752,100,1395631,1
56416.931430043,4,10752,100,1395631,1
56417.323334057,3,10745,100,1400939,-1
56418.493207635,1,10753,100,1391619,1
56419.53230324,3,10753,100,1391619,1
56420.251423952,1,10754,100,1394088,-1
56420.840440659,1,10755,100,1395942,-1
56421.642204816,1,10756,100,1391298,1
56422.426488244,1,10757,100,1390701,1
56422.975263867,3,10757,100,1390701,1
56423.657467215,3,10748,100,1394889,1
56424.22720924,1,10758,100,1391909,1
56424.701468015,1,10759,100,1393732,1
56425.493066997,3,10754,100,1394088,-1
56425.868741815,4,10735,100,1396363,-1
56426.704627833,4,10755,100,1395942,-1
56427.558531551,3,10732,100,1385406,1
56428.241033112,1,10760,100,1393747,1
56429.036731458,3,10751,100,1388358,1
56429.676502232,5,10743,100,1402187,-1
56430.016087358,1,10761,100,1394890,-1
56430.626634764,5,10711,100,1380106,1
56431.185753531,3,10736,100,1396958,-1
56431.839718263,4,10759,100,1393732,1
56432.545457011,3,10760,100,1393747,1
56433.166537866,5,10742,100,1401486,-1
56433.609320041,1,10762,100,1396725,-1
56434.88189242,3,10761,100,1394890,-1
56435.33999576,1,10763,100,1397688,1
56435.82190573,1,10764,100,1400204,-1
56436.471395324,1,10765,100,1398502,-1
56437.100629525,1,10766,100,1397400,-1
56438.184924299,4,10766,100,1397400,-1
56438.987572093,5,10698,100,1385468,1
56439.722490501,1,10767,100,1394088,1
56440.39809891,1,10768,100,1400543,-1
56441.721721652,3,10682,100,1377330,1
56442.24165932,5,10762,100,1396725,-1
56442.712105249,5,10763,100,1397688,1
56443.616010366,1,10769,100,1398655,-1
56443.953174499,1,10770,100,1392445,1
56444.744815043,1,10771,100,1396811,-1
56445.215062278,5,10692,100,1382016,1
56445.529568297,3,10767,100,1394088,1
56446.367359758,3,10678,100,1379733,1
56447.047397738,1,10772,100,1390439,1
56447.595102057,1,10773,100,1391166,1
56448.047701516,1,10774,100,1394194,-1
56448.688052133,1,10775,100,1388032,1
56449.34993011,1,10776,100,1392190,-1
56450.023322225,3,10756,100,1391298,1
56450.346351278,4,10773,100,1391166,1
56450.865134903,4,10741,100,1393956,1
56451.727509097,1,10777,100,1394094,-1
56452.272064845,3,10775,100,1388032,1
56452.579302762,3,10770,100,1392445,1
56453.254802968,3,10772,100,1390439,1
56453.646401896,5,10768,100,1400543,-1
56454.314415065,5,10764,100,1400204,-1
56455.130148828,3,10771,100,1396811,-1
56455.785655756,3,10758,100,1391909,1
56456.421073286,5,10777,100,1394094,-1
56457.096406826,1,10778,100,1391777,-1
56458.105434888,3,10747,100,1398203,1
56458.796665456,4,10749,100,1389414,1
56459.117556812,1,10779,100,1390639,-1
56459.788351621,1,10780,100,1387459,1
56460.445060647,1,10781,100,1391852,-1
56461.104162755,3,10776,100,1392190,-1
56461.662152971,4,10778,100,1391777,-1
56461.963942711,1,10782,200,1387745,1
56462.426651947,3,10779,100,1390639,-1
56463.217039908,3,10774,100,1394194,-1
56463.826435922,3,10765,100,1398502,-1
56464.673311195,3,10781,100,1391852,-1
56465.307088723,4,10780,100,1387459,1
56465.608206785,3,10782,200,1387745,1
56466.91205768,3,10769,100,1398655,-1
56467.422899453,1,10783,100,1389660,1
56468.129521462,4,10783,100,1389660,1
56468.977298461,1,10784,100,1394330,1
56469.439506553,4,10784,100,1394330,1
56470.020022058,1,10785,100,1392686,1
56470.460591564,3,10785,100,1392686,1
56470.896071518,1,10786,100,1393163,1
56471.731012483,1,10787,100,1391158,1
56472.556470746,1,10788,100,1389663,1
56473.410843271,3,10788,100,1389663,1
56473.875953284,1,10789,100,1393931,-1
56474.397294764,3,10786,100,1393163,1
56476.025960707,1,10790,100,1397228,-1
56476.876503852,1,10791,100,1392431,1
56477.331710897,4,10789,100,1393931,-1
56478.101889172,1,10792,100,1393763,1
56478.86383167,5,10791,100,1392431,1
56479.291302199,3,10790,100,1397228,-1
56480.120259473,1,10793,100,1389894,1
56480.526294632,1,10794,100,1394558,1
56481.033198142,5,10794,100,1394558,1
56481.440654069,1,10795,100,1391983,1
56482.704851466,1,10796,100,1394836,1
56483.477376679,4,10796,100,1394836,1
56483.930839019,1,10797,100,1394162,1
56484.234567196,1,10798,100,1398570,-1
56485.070426386,4,10798,100,1398570,-1
56485.369357437,1,10799,100,1396415,1
56486.078966155,4,10799,100,1396415,1
56486.506085102,1,10800,100,1400578,1
56487.034613667,1,10801,100,1398297,-1
56487.829409476,4,10800,100,1400578,1
56488.540471488,3,10795,100,1391983,1
56489.253085659,1,10802,100,1399778,-1
56489.993855207,1,10803,100,1398657,-1
56490.311659594,4,10801,100,1398297,-1
56491.152146396,3,10792,100,1393763,1
56491.593474746,1,10804,100,1396977,-1
56493.231500043,3,10797,100,1394162,1
56493.979271094,1,10805,100,1394850,-1
56494.530734373,4,10805,100,1394850,-1
56494.952937193,1,10806,100,1398006,-1
56495.280309224,5,10804,100,1396977,-1
56495.858969258,1,10807,100,1395066,-1
56496.23383686,4,10806,100,1398006,-1
56496.692808135,3,10793,100,1389894,1
56497.470743796,1,10808,100,1399876,-1
56498.233574336,1,10809,100,1395852,1
56498.904895354,4,10807,100,1395066,-1
56499.690506127,4,10809,100,1395852,1
56500.041696408,3,10787,100,1391158,1
56500.638580019,3,10802,100,1399778,-1
56501.177664407,3,10803,100,1398657,-1
56501.698963078,1,10810,100,1402374,-1
56502.107889748,3,10810,100,1402374,-1
56502.948876044,1,10811,100,1399299,1
56503.351476325,4,10808,100,1399876,-1
56504.118171051,3,10811,100,1399299,1
56504.546241152,1,10812,100,1407559,-1
56505.035167975,1,10813,100,1403135,1
56505.666401093,4,10813,100,1403135,1
56506.298379816,1,10814,100,1407563,-1
56506.701545374,4,10814,100,1407563,-1
56507.011828039,5,10812,100,1407559,-1
56507.765350782,1,10815,100,1403590,1
56508.391843908,3,10815,100,1403590,1
56509.192456048,1,10816,100,1406978,-1
56509.766062013,3,10816,100,1406978,-1
56510.533397401,1,10817,100,1407041,-1
56511.299230926,3,10817,100,1407041,-1
56512.009097234,1,10818,100,1404238,1
56512.35737376,1,10819,100,1406435,1
56512.70728742,1,10820,100,1404772,1
56513.394130157,1,10821,100,1405693,1
56514.121190065,1,10822,100,1405178,-1
56514.4387867,1,10823,100,1403214,1
56514.738987396,1,10824,100,1407033,1
56515.495991075,4,10824,100,1407033,1
56516.338853632,3,10823,100,1403214,1
56516.720032295,3,10818,100,1404238,1
56517.542794018,3,10820,100,1404772,1
56517.869230676,3,10819,100,1406435,1
56518.480465486,3,10822,100,1405178,-1
56518.862475075,1,10825,100,1399942,1
56519.45540944,5,10825,100,1399942,1
56520.238160535,3,10821,100,1405693,1
56520.677391455,1,10826,100,1402484,-1
56521.141355512,1,10827,100,1399218,1
56521.912404692,1,10828,100,1401359,-1
56522.393676626,3,10827,100,1399218,1
56522.803605351,1,10829,100,1405232,-1
56523.526647225,3,10826,100,1402484,-1
56524.016455544,3,10829,100,1405232,-1
56524.725877782,1,10830,100,1402956,-1
56525.585081952,1,10831,100,1405538,1
56525.899990987,5,10828,100,1401359,-1
56526.189591349,5,10830,100,1402956,-1
56526.550813776,1,10832,100,1406197,-1
56526.999629836,5,10832,100,1406197,-1
56527.471820343,1,10833,100,1404856,-1
56528.153234702,1,10834,100,1402644,-1
56528.61157995,1,10835,100,1396406,1
56529.540570628,3,10833,100,1404856,-1
56529.965671579,5,10834,100,1402644,-1
56530.497616559,1,10836,100,1399815,-1
56530.978272182,1,10837,100,1397080,1
56531.266004756,1,10838,100,1398893,-1
56532.024907843,5,10837,100,1397080,1
56532.513881222,1,10839,100,1394394,1
56532.872848065,1,10840,100,1399835,1
56533.466116524,3,10838,100,1398893,-1
56533.759398531,3,10840,100,1399835,1
56535.092704959,5,10835,100,1396406,1
56535.668430173,4,10839,100,1394394,1
56536.411440102,1,10841,100,1394893,-1
56536.965733672,3,10831,100,1405538,1
56537.347652985,1,10842,100,1388600,1
56538.168442686,1,10843,100,1389860,1
56538.557781963,3,10836,100,1399815,-1
56539.36495139,1,10844,100,1390097,1
56539.779311036,1,10845,100,1391613,1
56540.106457678,1,10846,100,1394779,-1
56540.611616762,1,10847,100,1389934,1
56541.279224995,3,10845,100,1391613,1
56541.661766071,1,10848,100,1389875,1
56542.089819237,1,10849,100,1390815,1
56542.441815039,3,10848,100,1389875,1
56543.145028298,1,10850,100,1390538,1
56543.943562533,1,10851,100,1391723,1
56544.6154329,5,10844,100,1390097,1
56545.348488468,5,10849,100,1390815,1
56545.759545704,3,10851,100,1391723,1
56546.415176453,3,10846,100,1394779,-1
56547.252676717,3,10843,100,1389860,1
56548.721997497,1,10852,100,1390670,1
56549.847085476,3,10852,100,1390670,1
56550.431407452,1,10853,100,1395722,-1
56551.263574798,1,10854,100,1392543,1
56551.671625395,4,10841,100,1394893,-1
56552.162014129,4,10853,100,1395722,-1
56552.641805083,1,10855,100,1397537,-1
56552.945219376,5,10847,100,1389934,1
56553.280822269,1,10856,100,1395976,-1
56554.054199506,1,10857,100,1396007,-1
56554.571357768,1,10858,100,1391437,1
56555.272892097,3,10854,100,1392543,1
56555.980920974,5,10855,100,1397537,-1
56556.41364127,5,10850,100,1390538,1
56556.887009548,3,10857,100,1396007,-1
56557.543097433,1,10859,100,1397869,-1
56557.856888252,1,10860,100,1397248,-1
56558.397987594,1,10861,100,1390960,1
56558.927197913,1,10862,100,1397366,-1
56559.687922132,1,10863,100,1394289,-1
56560.460203937,5,10858,100,1391437,1
56561.205316894,3,10863,100,1394289,-1
56561.933284992,1,10864,100,1396649,-1
56562.587911427,3,10856,100,1395976,-1
56563.008828171,3,10861,100,1390960,1
56563.423702544,1,10865,100,1391706,1
56563.759010297,1,10866,100,1396566,-1
56564.822931003,1,10867,100,1396977,-1
56565.373246705,1,10868,100,1392060,1
56565.762850378,3,10867,100,1396977,-1
56566.085778083,1,10869,100,1389299,1
56566.77683657,3,10859,100,1397869,-1
56567.309205898,5,10864,100,1396649,-1
56567.599362688,1,10870,100,1396924,1
56568.223521523,1,10871,100,1396681,-1
56568.515674679,1,10872,100,1392472,1
56569.216444424,1,10873,100,1395054,-1
56569.902913943,1,10874,100,1397386,-1
56570.683353474,1,10875,100,1392672,1
56571.234760404,1,10876,100,1398049,-1
56571.828843559,1,10877,100,1399053,-1
56572.407945987,1,10878,100,1394404,1
56572.866669664,1,10879,100,1399746,-1
56573.601380247,1,10880,100,1397360,-1
56574.463812458,5,10876,100,1398049,-1
56575.311291648,1,10881,100,1396306,-1
56575.682956174,3,10868,100,1392060,1
56575.991246332,4,10873,100,1395054,-1
56576.765046701,1,10882,100,1398293,-1
56577.495039507,1,10883,100,1401263,-1
56578.100874574,1,10884,100,1402293,-1
56578.932990359,3,10865,100,1391706,1
56579.669242612,1,10885,100,1396007,1
56580.206506006,3,10872,100,1392472,1
56580.708780336,3,10881,100,1396306,-1
56581.70082811,3,10885,100,1396007,1
56582.231226944,3,10879,100,1399746,-1
56582.61777823,1,10886,100,1401122,-1
56582.932580539,3,10871,100,1396681,-1
56583.277154011,3,10886,100,1401122,-1
56584.056014174,5,10869,100,1389299,1
56584.621526812,1,10887,100,1397594,-1
56585.363306546,1,10888,100,1398448,1
56586.634039788,1,10889,100,1403319,-1
56587.367175997,1,10890,100,1403845,-1
56587.889009805,1,10891,100,1395643,1
56588.478971639,4,10877,100,1399053,-1
56589.330171872,1,10892,100,1399932,-1
56589.63578816,3,10887,100,1397594,-1
56590.273152578,3,10888,100,1398448,1
56590.947868413,1,10893,100,1397437,1
56591.737849023,1,10894,100,1398092,1
56592.185550194,5,10866,100,1396566,-1
56592.840963393,1,10895,100,1402033,-1
56594.018521776,3,10891,100,1395643,1
56594.836428029,3,10878,100,1394404,1
56595.488102378,5,10870,100,1396924,1
56596.254789343,1,10896,100,1395816,1
56596.912385012,5,10884,100,1402293,-1
56597.630798321,1,10897,100,1396065,1
56598.290022634,1,10898,100,1402903,-1
56598.76333674,5,10882,100,1398293,-1
56599.203244163,1,10899,100,1398660,1
56599.937860163,4,10893,100,1397437,1
56601.382555731,3,10894,100,1398092,1
56602.950674104,1,10900,100,1393384,1
56603.705015089,4,10860,100,1397248,-1
56604.329359099,1,10901,100,1398645,-1
56604.637693549,3,10897,100,1396065,1
56605.210524379,1,10902,100,1392994,1
56605.705943741,1,10903,100,1398190,1
56606.513175845,4,10903,100,1398190,1
56607.366094526,1,10904,100,1394015,1
56608.205199749,3,10874,100,1397386,-1
56608.963302414,3,10883,100,1401263,-1
56609.747477356,1,10905,100,1391481,1
56610.172431976,3,10875,100,1392672,1
56610.976402871,5,10904,100,1394015,1
56612.267059061,5,10895,100,1402033,-1
56612.561159512,1,10906,100,1392959,-1
56613.386756542,1,10907,100,1393384,-1
56613.726433442,3,10902,100,1392994,1
56614.813902651,3,10892,100,1399932,-1
56615.586400199,3,10900,100,1393384,1
56615.970455718,5,10862,100,1397366,-1
56616.66758219,1,10908,100,1398588,-1
56617.449107623,1,10909,100,1393978,1
56617.961526259,1,10910,100,1397432,-1
56618.740494348,1,10911,100,1397407,-1
56619.192941441,1,10912,100,1393271,1
56619.768998054,1,10913,100,1392127,1
56620.092733285,1,10914,100,1397531,-1
56620.433870236,4,10909,100,1393978,1
56620.765755847,5,10899,100,1398660,1
56621.530022144,1,10915,100,1392288,-1
56622.359774604,5,10910,100,1397432,-1
56622.958046777,1,10916,100,1393120,1
56623.640165737,3,10916,100,1393120,1
56624.804102667,1,10917,100,1392980,1
56625.625543218,4,10896,100,1395816,1
56626.445426863,1,10918,100,1391877,1
56627.015401645,1,10919,100,1395789,1
56627.703643302,1,10920,100,1394925,1
56628.305574793,1,10921,100,1395439,-1
56628.795110099,3,10914,100,1397531,-1
56629.143522362,5,10908,100,1398588,-1
56629.609912009,1,10922,100,1391397,1
56630.206880907,1,10923,100,1394489,1
56630.866159503,1,10924,100,1393036,1
56631.570423121,5,10923,100,1394489,1
56631.994016887,1,10925,100,1399205,-1
56632.569588092,4,10911,100,1397407,-1
56632.90774612,4,10921,100,1395439,-1
56633.280639874,3,10912,100,1393271,1
56633.94257722,3,10889,100,1403319,-1
56634.389131162,1,10926,100,1399194,1
56634.762482361,3,10890,100,1403845,-1
56635.277344298,1,10927,100,1403115,-1
56635.636494769,1,10928,100,1398572,1
56636.385962537,1,10929,100,1400901,1
56636.887040843,1,10930,100,1405925,-1
56638.308067876,5,10922,100,1391397,1
56639.140529265,3,10915,100,1392288,-1
56639.945644837,4,10907,100,1393384,-1
56640.897011235,5,10918,100,1391877,1
56641.330826641,1,10931,100,1403410,-1
56641.971488271,1,10932,100,1400806,-1
56642.820581015,5,10842,100,1388600,1
56643.87552794,4,10901,100,1398645,-1
56644.544405923,1,10933,100,1399923,1
56644.87426073,1,10934,100,1403665,-1
56645.557863512,1,10935,100,1405737,1
56646.279951364,3,10913,100,1392127,1
56646.910721484,5,10928,100,1398572,1
56647.552012556,1,10936,100,1404920,-1
56648.398286594,1,10937,100,1401877,1
56649.246791724,5,10933,100,1399923,1
56649.782751247,1,10938,100,1405559,1
56650.345530623,1,10939,100,1401771,1
56651.030078115,1,10940,100,1404823,-1
56651.666465134,1,10941,100,1401594,-1
56652.240320988,4,10939,100,1401771,1
56652.725727973,4,10935,100,1405737,1
56653.155629098,4,10880,100,1397360,-1
56653.72205216,3,10936,100,1404920,-1
56654.498463016,4,10898,100,1402903,-1
56655.131693795,3,10931,100,1403410,-1
56655.673533386,4,10929,100,1400901,1
56656.029437694,1,10942,100,1403328,-1
56656.701860127,1,10943,100,1401566,1
56657.274430913,3,10942,100,1403328,-1
56657.958563413,3,10919,100,1395789,1
56658.620358436,1,10944,100,1405137,-1
56658.90962691,3,10920,100,1394925,1
56659.333971976,1,10945,100,1409433,-1
56659.762106201,3,10906,100,1392959,-1
56660.360660287,1,10946,100,1408846,-1
56660.64606559,1,10947,100,1409208,1
56661.04058212,1,10948,100,1412468,-1
56661.65217923,4,10944,100,1405137,-1
56662.028546257,5,10947,100,1409208,1
56662.712993101,3,10938,100,1405559,1
56663.229363744,3,10946,100,1408846,-1
56664.039461157,4,10941,100,1401594,-1
56665.569962672,1,10949,100,1411198,-1
56665.930265364,1,10950,100,1407465,-1
56666.678981455,3,10924,100,1393036,1
56667.112042018,3,10950,100,1407465,-1
56667.663781794,1,10951,100,1409108,-1
56668.162847939,4,10940,100,1404823,-1
56669.262010244,1,10952,100,1404181,1
56670.076030099,3,10925,100,1399205,-1
56670.665030681,1,10953,100,1410356,-1
56671.094957631,3,10934,100,1403665,-1
56671.668728963,3,10926,100,1399194,1
56672.381741233,1,10954,100,1404019,1
56672.853639476,1,10955,100,1408611,-1
56673.681512358,3,10943,100,1401566,1
56674.157215945,1,10956,100,1405700,1
56674.677044656,3,10951,100,1409108,-1
56675.632758737,1,10957,100,1400585,1
56676.27712275,3,10905,100,1391481,1
56676.920656221,1,10958,100,1406504,-1
56677.696280538,1,10959,100,1402381,1
56678.152376545,3,10937,100,1401877,1
56678.836926046,1,10960,100,1402357,1
56679.492280149,3,10949,100,1411198,-1
56680.082378317,4,10930,100,1405925,-1
56680.414980213,4,10927,100,1403115,-1
56681.03476198,3,10948,100,1412468,-1
56682.081042439,1,10961,100,1407773,-1
56682.788464948,1,10962,100,1406675,1
56684.166745785,1,10963,100,1401965,1
56684.832673548,3,10959,100,1402381,1
56685.125245907,5,10953,100,1410356,-1
56685.908266941,3,10963,100,1401965,1
56686.380069299,1,10964,100,1403311,-1
56686.733910467,1,10965,100,1399935,1
56687.288896664,5,10965,100,1399935,1
56688.121244228,3,10952,100,1404181,1
56688.791448587,1,10966,100,1402960,1
56689.551026061,3,10954,100,1404019,1
56690.340589151,5,10957,100,1400585,1
56690.811007162,1,10967,100,1402696,-1
56691.258080836,1,10968,200,1404235,-1
56692.39021746,1,10969,100,1405395,-1
56693.016929304,3,10917,100,1392980,1
56693.406788638,2,10968,100,1404235,-1
56694.098503166,3,10968,100,1404235,-1
56694.454268785,5,10945,100,1409433,-1
56695.200936909,3,10969,100,1405395,-1
56695.866118422,1,10970,100,1406673,-1
56696.246415426,1,10971,100,1403166,1
56696.983963092,3,10970,100,1406673,-1
56697.297975438,4,10962,100,1406675,1
56697.836933911,1,10972,100,1405117,-1
56698.537487886,5,10960,100,1402357,1
56699.238300913,1,10973,100,1407847,-1
56699.898534206,1,10974,100,1408813,-1
56700.570292867,3,10956,100,1405700,1
56701.357816627,1,10975,100,1402867,1
56702.150381136,1,10976,100,1409010,-1
56702.601588068,1,10977,100,1405541,1
56702.933391867,3,10966,100,1402960,1
56703.569719741,3,10967,100,1402696,-1
56703.99295785,4,10932,100,1400806,-1
56704.782494436,4,10974,100,1408813,-1
56705.116757763,1,10978,100,1410630,-1
56705.875000853,3,10961,100,1407773,-1
56706.326324598,3,10977,100,1405541,1
56706.730274541,1,10979,100,1408068,1
56707.545062073,1,10980,100,1399073,1
56707.910216778,4,10975,100,1402867,1
56708.226856798,3,10971,100,1403166,1
56709.054850965,4,10964,100,1403311,-1
56709.720014854,1,10981,100,1402105,1
56710.492309361,5,10972,100,1405117,-1
56712.033244033,3,10976,100,1409010,-1
56712.789770254,1,10982,100,1405611,-1
56713.175713819,1,10983,100,1404647,1
56713.50687205,4,10983,100,1404647,1
56714.273347922,1,10984,100,1403035,1
56714.60272991,5,10955,100,1408611,-1
56715.022362779,3,10981,100,1402105,1
56715.466173213,1,10985,100,1404416,-1
56715.773610394,4,10979,100,1408068,1
56716.53501926,5,10958,100,1406504,-1
56717.317483855,1,10986,100,1406857,1
56718.274199392,3,10986,100,1406857,1
56718.654054456,5,10984,100,1403035,1
56719.64162289,1,10987,100,1407442,-1
56719.936628308,5,10982,100,1405611,-1
56720.534914742,1,10988,100,1405870,1
56721.133796547,1,10989,100,1406825,1
56721.535846914,1,10990,100,1403793,1
56722.32284269,1,10991,100,1406391,-1
56722.668329727,1,10992,100,1404985,1
56723.175611948,1,10993,100,1409326,-1
56724.865330024,1,10994,100,1406854,-1
56725.660995423,3,10989,100,1406825,1
56726.467917886,5,10978,100,1410630,-1
56727.759189093,3,10990,100,1403793,1
56728.225342152,1,10995,100,1407788,-1
56728.849302975,5,10987,100,1407442,-1
56729.294932759,1,10996,100,1410467,-1
56730.040698776,3,10973,100,1407847,-1
56730.426165662,1,10997,100,1401578,1
56730.986978882,3,10991,100,1406391,-1
56731.728580092,1,10998,100,1402944,-1
56732.261181537,4,10988,100,1405870,1
56732.809896945,1,10999,100,1402361,-1
56733.578474244,5,10999,100,1402361,-1
56735.110502592,3,10995,100,1407788,-1
56735.811982155,3,10980,100,1399073,1
56736.247968366,1,11000,100,1406504,-1
56736.91783964,4,10992,100,1404985,1
56737.316451904,3,10997,100,1401578,1
56737.725435096,4,10985,100,1404416,-1
56738.111163961,1,11001,100,1400689,-1
56738.700160466,1,11002,100,1399307,-1
56739.207731469,5,10996,100,1410467,-1
56739.712773792,1,11003,100,1398937,1
56740.495109627,4,11002,100,1399307,-1
56741.273732468,1,11004,100,1399125,-1
56741.787027084,1,11005,100,1400108,-1
56742.431730564,1,11006,100,1400656,-1
56743.194819834,1,11007,100,1397122,1
56743.764809008,1,11008,100,1396770,1
56744.209386131,1,11009,100,1399764,-1
56744.71578549,1,11010,100,1398912,-1
56745.057154629,1,11011,100,1401191,-1
56745.5218149,1,11012,100,1397269,1
56746.291615983,1,11013,100,1401109,-1
56746.597126396,1,11014,100,1399050,1
56746.951721284,3,11007,100,1397122,1
56747.531737343,4,11006,100,1400656,-1
56747.989960082,3,11012,100,1397269,1
56748.597215868,1,11015,100,1398212,1
56749.044647941,1,11016,100,1399857,1
56749.528027539,1,11017,100,1403301,-1
56749.996326346,1,11018,100,1406070,-1
56750.516562169,1,11019,100,1400682,1
56751.351871486,1,11020,100,1409212,-1
56751.906445943,1,11021,100,1409126,-1
56752.711381564,1,11022,100,1408566,-1
56753.261058904,1,11023,100,1408974,-1
56753.585230047,1,11024,100,1406007,1
56754.240896544,1,11025,100,1410961,-1
56754.995548748,1,11026,100,1406485,-1
56755.383742845,4,11026,100,1406485,-1
56756.122325226,1,11027,100,1403768,1
56756.427544406,4,11009,100,1399764,-1
56756.815774058,1,11028,100,1408914,-1
56757.650661635,1,11029,100,1404181,1
56758.151454029,3,11025,100,1410961,-1
56758.708364291,4,11004,100,1399125,-1
56759.060979141,3,10998,100,1402944,-1
56759.544697909,1,11030,100,1406746,-1
56760.623131275,1,11031,100,1404653,1
56761.034821237,3,10993,100,1409326,-1
56762.314806915,1,11032,100,1400963,1
56763.075759657,1,11033,100,1404785,-1
56763.808395264,1,11034,100,1408005,-1
56764.417872667,3,11029,100,1404181,1
56764.882111518,5,11008,100,1396770,1
56765.678800191,3,11016,100,1399857,1
56766.108465169,4,11024,100,1406007,1
56766.554524253,1,11035,100,1406213,-1
56767.337447311,4,11032,100,1400963,1
56767.673756598,3,11027,100,1403768,1
56768.987843234,3,11003,100,1398937,1
56769.648109826,3,11022,100,1408566,-1
56770.203901611,1,11036,100,1407082,-1
56770.780733405,3,11019,100,1400682,1
56771.417945006,3,11021,100,1409126,-1
56771.913415306,5,11031,100,1404653,1
56772.699661023,1,11037,100,1403525,1
56773.204516683,1,11038,100,1404866,-1
56773.567814159,3,11035,100,1406213,-1
56774.404798351,4,11010,100,1398912,-1
56775.06133499,1,11039,100,1401667,1
56775.890942209,1,11040,100,1402073,1
56777.199947723,1,11041,100,1401006,1
56777.541544633,3,11023,100,1408974,-1
56778.357497931,4,11013,100,1401109,-1
56778.851806487,1,11042,100,1403399,1
56779.488833956,1,11043,100,1404467,1
56779.872878042,1,11044,100,1403750,-1
56780.672161069,1,11045,100,1405250,1
56781.482776389,1,11046,100,1409732,-1
56782.068778766,5,11040,100,1402073,1
56783.213797144,1,11047,100,1402447,1
56783.880542894,3,11017,100,1403301,-1
56784.40258795,3,11045,100,1405250,1
56785.114254992,3,11042,100,1403399,1
56786.214144915,4,11018,100,1406070,-1
56786.698078029,1,11048,100,1412827,-1
56787.21771373,1,11049,100,1409405,-1
56788.781045236,1,11050,100,1413786,-1
56789.530260898,1,11051,100,1414754,-1
56790.1956515,4,11000,100,1406504,-1
56791.000926364,1,11052,100,1414515,-1
56791.663958954,3,11048,100,1412827,-1
56792.082026619,1,11053,100,1408961,-1
56792.441854659,1,11054,100,1411767,-1
56793.064467238,1,11055,100,1413141,-1
56793.725792112,3,11054,100,1411767,-1
56794.052363869,5,11005,100,1400108,-1
56794.545067753,1,11056,100,1409286,1
56795.25411719,4,11049,100,1409405,-1
56795.694605997,1,11057,100,1415567,-1
56796.079295906,1,11058,100,1414391,-1
56796.876243728,4,11033,100,1404785,-1
56797.270151231,1,11059,100,1414804,-1
56798.022228447,3,11037,100,1403525,1
56798.816898881,3,11052,100,1414515,-1
56799.570269548,1,11060,100,1412348,-1
56800.110009944,1,11061,100,1415183,-1
56800.821682355,5,11047,100,1402447,1
56801.299321462,3,11015,100,1398212,1
56802.04676878,4,11030,100,1406746,-1
56802.557792163,1,11062,100,1410069,1
56803.534356883,1,11063,100,1409144,1
56804.132977688,1,11064,100,1415603,-1
56804.809009498,1,11065,100,1412332,-1
56805.327415571,5,11014,100,1399050,1
56805.917988136,1,11066,100,1412536,-1
56806.263497236,1,11067,100,1406381,1
56806.961432318,1,11068,100,1408770,-1
56807.448240894,3,11050,100,1413786,-1
56807.766150903,3,11057,100,1415567,-1
56808.26063052,1,11069,100,1412462,-1
56808.697393018,1,11070,100,1403055,1
56809.208779438,1,11071,100,1405517,1
56809.783295835,1,11072,100,1407365,-1
56810.603701848,3,11060,100,1412348,-1
56811.045219235,3,10994,100,1406854,-1
56811.38137867,1,11073,100,1409385,-1
56812.178082031,1,11074,100,1410490,-1
56812.702440159,3,11053,100,1408961,-1
56813.002193067,1,11075,100,1408060,-1
56813.30101115,3,11034,100,1408005,-1
56814.603677098,3,11061,100,1415183,-1
56815.301178102,1,11076,100,1408757,-1
56815.888673973,1,11077,100,1407058,-1
56816.612312737,1,11078,100,1404049,1
56816.98049701,4,11077,100,1407058,-1
56818.090646794,3,11070,100,1403055,1
56818.498667269,3,11078,100,1404049,1
56819.229071151,3,11069,100,1412462,-1
56819.647661732,1,11079,100,1409352,-1
56820.339982095,1,11080,100,1405902,1
56820.747361176,3,11075,100,1408060,-1
56821.403569991,1,11081,100,1410845,1
56822.119803533,4,11056,100,1409286,1
56822.497594531,1,11082,100,1406692,-1
56823.967895577,1,11083,100,1409122,-1
56824.740208747,1,11084,100,1405339,-1
56825.39958869,3,11063,100,1409144,1
56825.99702712,3,11043,100,1404467,1
56826.771982902,3,11062,100,1410069,1
56827.073704641,3,11067,100,1406381,1
56827.701112424,3,11080,100,1405902,1
56828.07203947,1,11085,100,1410626,-1
56828.495361799,3,11076,100,1408757,-1
56828.984256648,3,11058,100,1414391,-1
56829.306675227,1,11086,100,1405053,1
56830.619421512,1,11087,100,1406908,1
56831.23396273,1,11088,100,1408794,1
56831.580448064,1,11089,100,1409566,-1
56832.180184501,1,11090,100,1409758,-1
56832.54610416,1,11091,100,1408469,1
56833.244758051,3,11036,100,1407082,-1
56833.674845575,4,11044,100,1403750,-1
56834.062224098,3,11074,100,1410490,-1
56834.56382338,1,11092,100,1408976,-1
56835.15379065,3,11090,100,1409758,-1
56835.733852368,3,11051,100,1414754,-1
56836.477404471,3,11028,100,1408914,-1
56837.226659836,5,11083,100,1409122,-1
56837.578875158,1,11093,100,1408109,-1
56838.517275324,3,11064,100,1415603,-1
56839.220865425,1,11094,100,1408373,-1
56840.029924951,1,11095,100,1405008,1
56840.415267646,4,11088,100,1408794,1
56840.769574647,1,11096,100,1409261,-1
56841.272488377,3,11092,100,1408976,-1
56842.066176169,3,11085,100,1410626,-1
56842.637212525,1,11097,100,1409093,1
56843.467201815,4,11096,100,1409261,-1
56844.183319181,1,11098,100,1409733,1
56844.963860102,3,11055,100,1413141,-1
56845.739372142,4,11011,100,1401191,-1
56846.574402512,5,11098,100,1409733,1
56847.043116756,1,11099,100,1411547,1
56847.824540824,1,11100,100,1410319,-1
56848.251589978,1,11101,100,1411046,1
56849.087371309,1,11102,100,1413918,-1
56849.591730507,1,11103,100,1407119,1
56850.14988549,4,11046,100,1409732,-1
56850.554501576,3,11073,100,1409385,-1
56851.317408744,3,11071,100,1405517,1
56851.9962086,3,11068,100,1408770,-1
56853.025981985,1,11104,100,1406971,1
56853.433815539,5,11020,100,1409212,-1
56854.243485834,1,11105,100,1406046,1
56854.642126405,1,11106,100,1408193,1
56855.222670385,3,11105,100,1406046,1
56855.904171216,3,11094,100,1408373,-1
56856.309654419,1,11107,100,1406174,1
56857.455240906,1,11108,100,1408906,1
56857.832227766,3,11102,100,1413918,-1
56858.570446812,1,11109,100,1409385,1
56859.222236718,4,11100,100,1410319,-1
56859.633810936,1,11110,100,1409927,1
56860.203854614,1,11111,100,1408314,1
56861.187974299,1,11112,100,1411356,-1
56861.960713362,1,11113,100,1407815,-1
56862.361787524,3,11101,100,1411046,1
56863.083472174,4,11097,100,1409093,1
56863.657948668,4,11106,100,1408193,1
56864.035167956,1,11114,100,1410057,-1
56864.736477331,1,11115,100,1410978,-1
56865.337047388,4,11099,100,1411547,1
56866.155508462,1,11116,100,1405198,-1
56867.955314564,1,11117,100,1405722,1
56868.242624699,1,11118,100,1409490,-1
56868.895003037,1,11119,100,1405280,-1
56869.44727843,3,11107,100,1406174,1
56869.774096701,3,11109,100,1409385,1
56870.148392417,3,11103,100,1407119,1
56870.568437974,5,11118,100,1409490,-1
56871.497271943,1,11120,100,1405389,1
56871.954733355,1,11121,100,1408055,1
56872.57062512,3,11121,100,1408055,1
56873.128711414,1,11122,100,1411440,-1
56873.721944055,1,11123,100,1406783,1
56874.337060246,1,11124,100,1406904,-1
56874.989538962,1,11125,100,1410019,-1
56875.747135484,1,11126,100,1410903,-1
56876.448990486,4,11089,100,1409566,-1
56876.936613869,5,11072,100,1407365,-1
56877.407542467,5,11084,100,1405339,-1
56877.893162036,4,11079,100,1409352,-1
56878.520285962,3,11113,100,1407815,-1
56879.334470123,3,11104,100,1406971,1
56879.847677634,1,11127,100,1408834,1
56880.378404701,3,11117,100,1405722,1
56881.119606694,1,11128,100,1412433,-1
56881.609715266,4,11066,100,1412536,-1
56881.972356523,1,11129,100,1408238,-1
56882.522345908,3,11115,100,1410978,-1
56882.814293467,3,11124,100,1406904,-1
56883.644296426,4,11119,100,1405280,-1
56884.064929392,1,11130,100,1408774,-1
56884.66599862,1,11131,100,1406164,-1
56885.16161975,1,11132,100,1405360,-1
56885.644690864,1,11133,100,1409440,1
56886.273818079,1,11134,100,1408537,-1
56886.756505697,3,11041,100,1401006,1
56887.100856633,1,11135,100,1401200,1
56887.72888153,1,11136,100,1403567,-1
56888.105341041,3,11129,100,1408238,-1
56888.841771002,1,11137,100,1402792,1
56889.611082315,1,11138,100,1403193,1
56889.916909835,1,11139,100,1401624,1
56890.285186569,1,11140,100,1402057,1
56891.018664543,5,11091,100,1408469,1
56891.571048368,1,11141,100,1408178,-1
56892.219388196,4,11120,100,1405389,1
56892.598944155,5,11082,100,1406692,-1
56893.408108118,3,11140,100,1402057,1
56893.920789567,3,11114,100,1410057,-1
56894.641939304,3,11111,100,1408314,1
56895.187946247,4,11081,100,1410845,1
56895.549907804,3,11039,100,1401667,1
56896.37524353,1,11142,100,1399166,1
56896.662677247,1,11143,100,1404838,-1
56897.030987349,4,11127,100,1408834,1
56898.107833361,4,11086,100,1405053,1
56898.747671446,3,11132,100,1405360,-1
56899.517804331,3,11141,100,1408178,-1
56899.82269198,1,11144,100,1403420,1
56900.150109462,3,11095,100,1405008,1
56900.7334779,5,11108,100,1408906,1
56901.18407986,3,11059,100,1414804,-1
56901.586908222,1,11145,100,1404759,-1
56902.335084691,3,11138,100,1403193,1
56903.02585153,1,11146,100,1407321,-1
56903.846431326,3,11122,100,1411440,-1
56904.649499939,3,11135,100,1401200,1
56905.404612084,3,11137,100,1402792,1
56906.15097688,1,11147,100,1404878,1
56906.877593916,1,11148,100,1406760,1
56907.238160135,1,11149,100,1407525,-1
56908.032798684,1,11150,100,1408629,-1
56908.657100634,1,11151,100,1403992,1
56909.060680726,1,11152,100,1411627,-1
56909.46169563,3,11133,100,1409440,1
56910.500175594,3,11147,100,1404878,1
56910.959059834,3,11152,100,1411627,-1
56912.116558213,3,11150,100,1408629,-1
56912.504558662,1,11153,100,1410844,1
56912.854778503,3,11128,100,1412433,-1
56913.245204169,1,11154,100,1411000,-1
56913.945765879,1,11155,100,1404405,1
56914.293975088,4,11093,100,1408109,-1
56914.873998897,1,11156,100,1407685,1
56915.628506225,3,11144,100,1403420,1
56916.6202967,1,11157,100,1409707,-1
56917.23486382,5,11116,100,1405198,-1
56918.022104224,3,11145,100,1404759,-1
56918.815438601,1,11158,100,1406440,1
56919.438646384,1,11159,100,1409510,-1
56919.845452434,3,11123,100,1406783,1
56920.373861333,3,11125,100,1410019,-1
56921.113057603,4,11110,100,1409927,1
56921.908809937,5,11065,100,1412332,-1
56922.399501191,4,11153,100,1410844,1
56923.029830736,1,11160,100,1411397,-1
56923.61085842,5,11154,100,1411000,-1
56924.392683055,3,11157,100,1409707,-1
56925.115088241,3,11151,100,1403992,1
56925.586215554,1,11161,100,1408953,-1
56926.627376244,5,11001,100,1400689,-1
56927.454264562,5,11146,100,1407321,-1
56928.046373433,5,11161,100,1408953,-1
56928.384670524,1,11162,100,1401837,1
56929.064026854,1,11163,100,1405795,-1
56929.539850485,4,11136,100,1403567,-1
56930.359248307,3,11134,100,1408537,-1
56931.307198889,4,11087,100,1406908,1
56931.698483192,1,11164,100,1405849,-1
56932.025988516,4,11162,100,1401837,1
56932.691334377,5,11131,100,1406164,-1
56933.007225793,1,11165,100,1405398,1
56934.074457015,5,11160,100,1411397,-1
56934.67890427,1,11166,100,1401236,1
56935.05034827,4,11148,100,1406760,1
56935.425570399,1,11167,100,1406950,1
56936.203522896,3,11166,100,1401236,1
56936.821037645,4,11143,100,1404838,-1
56937.561863053,3,11112,100,1411356,-1
56937.932685987,3,11142,100,1399166,1
56938.705915809,3,11164,100,1405849,-1
56939.463742353,5,11139,100,1401624,1
56939.891458914,1,11168,100,1401956,-1
56941.14287395,1,11169,100,1400293,1
56941.886121735,5,11167,100,1406950,1
56942.697511344,3,11159,100,1409510,-1
56943.614436114,3,11169,100,1400293,1
56944.129540452,3,11163,100,1405795,-1
56944.705674931,3,11155,100,1404405,1
56945.33634747,1,11170,100,1402284,1
56946.031005725,1,11171,100,1402748,1
56946.757261129,3,11126,100,1410903,-1
56947.464303855,1,11172,100,1407222,1
56948.142235886,1,11173,100,1404653,1
56948.939361955,1,11174,100,1404659,-1
56949.221236392,5,11149,100,1407525,-1
56949.948197983,3,11168,100,1401956,-1
56950.500447889,1,11175,100,1406460,1
56950.902708257,5,11175,100,1406460,1
56951.632626435,4,11038,100,1404866,-1
56952.345347534,1,11176,100,1407997,1
56953.524515145,4,11130,100,1408774,-1
56954.777544698,1,11177,100,1411060,-1
56955.860792571,4,11174,100,1404659,-1
56956.48430542,1,11178,100,1409141,1
56956.929271447,5,11172,100,1407222,1
56957.679310813,3,11170,100,1402284,1
56959.15417626,4,11177,100,1411060,-1
56959.76822259,3,11173,100,1404653,1
56960.198079742,1,11179,100,1412316,-1
56960.931772141,1,11180,100,1411488,-1
56961.961291912,1,11181,100,1407186,-1
56962.334710487,4,11178,100,1409141,1
56962.960692964,3,11171,100,1402748,1
56963.701211358,4,11181,100,1407186,-1
56964.391722286,1,11182,100,1407205,1
56965.166245034,3,11176,100,1407997,1
56966.415299525,4,11180,100,1411488,-1
56966.743166408,1,11183,100,1412633,1
56967.38988732,1,11184,100,1411389,-1
56967.738469264,1,11185,100,1403992,1
56968.977897524,1,11186,100,1415491,-1
56969.622525196,3,11156,100,1407685,1
56970.369176579,1,11187,100,1417814,-1
56970.692296682,1,11188,100,1418112,-1
56971.369940671,3,11183,100,1412633,1
56971.851794106,1,11189,100,1414021,-1
56972.617424953,3,11158,100,1406440,1
56972.912828108,3,11165,100,1405398,1
56973.37033483,3,11186,100,1415491,-1
56974.000240186,3,11188,100,1418112,-1
56974.595563094,3,11187,100,1417814,-1
56975.023841324,1,11190,100,1409530,1
56975.677562754,3,11190,100,1409530,1
56975.986113513,1,11191,100,1408648,1
56976.514512485,4,11179,100,1412316,-1
56976.885477801,5,11184,100,1411389,-1
56977.332466796,1,11192,100,1409230,1
56978.101347212,1,11193,100,1415059,-1
56978.882627202,1,11194,100,1414443,-1
56979.527422459,1,11195,100,1415093,-1
56979.985362718,3,11193,100,1415059,-1
56981.039857608,1,11196,100,1411405,1
56981.786290924,3,11196,100,1411405,1
56982.303006688,5,11194,100,1414443,-1
56982.610378334,3,11192,100,1409230,1
56983.253441789,3,11191,100,1408648,1
56983.825106175,3,11195,100,1415093,-1
56985.290153891,1,11197,100,1413130,1
56985.875067666,3,11197,100,1413130,1
56986.464413213,1,11198,100,1409974,1
56987.220945574,1,11199,100,1415038,-1
56988.018892463,1,11200,100,1413094,-1
56988.302237649,1,11201,100,1419108,-1
56989.102859992,5,11201,100,1419108,-1
56989.601590372,1,11202,100,1415006,1
56990.118271111,1,11203,100,1418301,1
56990.55558643,3,11199,100,1415038,-1
56990.994944934,3,11203,100,1418301,1
56991.526933952,5,11189,100,1414021,-1
56992.777817754,4,11200,100,1413094,-1
56993.199821538,1,11204,100,1421391,1
56993.961203587,3,11202,100,1415006,1
56994.57679933,5,11204,100,1421391,1
56994.956982237,4,11198,100,1409974,1
56995.28375881,3,11185,100,1403992,1
56996.018357527,3,11182,100,1407205,1
56996.794880363,1,11205,100,1418986,1
56997.551959856,1,11206,100,1419062,1
56998.202260285,5,11206,100,1419062,1
56998.960861364,4,11205,100,1418986,1
56999.429510498,1,11207,100,1421516,1
57000.488477327,3,11207,100,1421516,1
57001.210389781,1,11208,100,1424921,-1
57002.183861008,1,11209,100,1424625,1
57002.620299678,5,11209,100,1424625,1
57002.945027354,3,11208,100,1424921,-1
57003.56944754,1,11210,100,1427792,1
57003.878460265,1,11211,100,1427814,1
57004.424132397,1,11212,100,1431224,-1
57004.8531842,3,11211,100,1427814,1
57005.336935822,1,11213,100,1425598,1
57005.95592852,1,11214,100,1429600,-1
57006.278756551,1,11215,100,1425429,1
57006.626364854,1,11216,100,1430490,-1
57007.418550993,1,11217,100,1422512,1
57008.088878898,4,11215,100,1425429,1
57008.822417292,3,11216,100,1430490,-1
57009.303686826,1,11218,100,1426143,1
57009.999399614,1,11219,100,1425376,1
57010.633543963,1,11220,100,1427938,-1
57011.447605481,5,11218,100,1426143,1
57012.156961749,1,11221,100,1421714,1
57012.764771273,1,11222,100,1424383,1
57013.572497527,1,11223,100,1428889,-1
57014.19215578,1,11224,100,1423970,-1
57014.773256525,4,11210,100,1427792,1
57015.324783198,3,11221,100,1421714,1
57016.059148229,3,11213,100,1425598,1
57016.792645249,1,11225,100,1425824,-1
57017.324392266,1,11226,100,1421466,-1
57017.702486363,1,11227,100,1424909,-1
57019.022805896,5,11227,100,1424909,-1
57019.826772876,1,11228,100,1424307,-1
57020.516643044,3,11226,100,1421466,-1
57021.283426213,3,11217,100,1422512,1
57021.997751426,4,11219,100,1425376,1
57022.285748256,3,11225,100,1425824,-1
57022.722549651,4,11222,100,1424383,1
57023.306246996,4,11212,100,1431224,-1
57024.450686119,3,11228,100,1424307,-1
57024.911869215,1,11229,100,1421110,-1
57025.694496891,3,11220,100,1427938,-1
57026.239033325,1,11230,100,1422097,-1
57026.832115019,3,11223,100,1428889,-1
57027.156533822,3,11224,100,1423970,-1
57027.740231645,5,11214,100,1429600,-1
57028.305017608,1,11231,100,1416690,-1
57028.850796781,3,11231,100,1416690,-1
57029.554211351,3,11230,100,1422097,-1
57030.099962502,4,11229,100,1421110,-1
57030.562800429,1,11232,100,1415517,1
57031.245298154,4,11232,100,1415517,1
57031.991650235,1,11233,100,1419718,-1
57033.304465771,3,11233,100,1419718,-1
57033.613231274,1,11234,100,1415734,1
57034.403154834,3,11234,100,1415734,1
57035.030403483,1,11235,100,1416678,1
57035.328248236,1,11236,100,1419911,-1
57035.675518778,3,11236,100,1419911,-1
57036.42873316,1,11237,100,1416688,-1
57037.034771209,4,11237,100,1416688,-1
57037.781923868,5,11235,100,1416678,1
57038.589709273,1,11238,100,1417899,1
57039.557225522,3,11238,100,1417899,1
57040.219430381,1,11239,100,1415385,-1
57040.69957492,3,11239,100,1415385,-1
57041.103124267,1,11240,100,1419819,1
57041.528237681,1,11241,100,1420972,-1
57042.02618208,1,11242,100,1420417,1
57042.522603909,1,11243,100,1421004,-1
57042.826581537,1,11244,100,1415160,1
57043.37793283,4,11242,100,1420417,1
57044.020067,4,11240,100,1419819,1
57044.495742598,1,11245,100,1419201,1
57044.903378057,1,11246,100,1418365,-1
57045.587841447,1,11247,100,1419182,-1
57046.170187284,1,11248,100,1418732,1
57046.926504069,4,11248,100,1418732,1
57047.471848003,4,11245,100,1419201,1
57047.751958075,3,11243,100,1421004,-1
57048.042144518,1,11249,100,1408428,1
57048.583911163,1,11250,100,1411012,1
57049.370017481,3,11246,100,1418365,-1
57050.014399727,1,11251,100,1411153,1
57050.435300474,3,11244,100,1415160,1
57051.233216156,4,11251,100,1411153,1
57052.025501986,1,11252,100,1416992,-1
57052.684837949,1,11253,100,1416729,-1
57053.214874744,3,11252,100,1416992,-1
57054.030691979,3,11253,100,1416729,-1
57054.38913442,1,11254,100,1412030,-1
57054.976717814,1,11255,100,1410566,1
57055.761415876,5,11250,100,1411012,1
57056.642191415,5,11247,100,1419182,-1
57056.950441634,1,11256,100,1410144,-1
57057.415521275,5,11254,100,1412030,-1
57057.862637793,1,11257,100,1408972,1
57058.315235472,3,11257,100,1408972,1
57059.005205411,3,11256,100,1410144,-1
57059.73568725,3,11241,100,1420972,-1
57060.224089658,5,11255,100,1410566,1
57060.993119374,1,11258,100,1415363,-1
57061.47345841,3,11258,100,1415363,-1
57062.272414255,1,11259,100,1414099,-1
57062.799807536,4,11249,100,1408428,1
57063.60835263,3,11259,100,1414099,-1
57064.094035813,1,11260,100,1409197,1
57064.527467233,1,11261,100,1413922,-1
57065.041457302,1,11262,100,1409681,1
57065.395553022,1,11263,100,1413097,-1
57066.101957489,3,11263,100,1413097,-1
57066.799609218,4,11260,100,1409197,1
57067.592628059,3,11261,100,1413922,-1
57067.889226426,5,11262,100,1409681,1
57068.686518951,1,11264,100,1405887,1
57069.946098355,3,11264,100,1405887,1
57070.597954936,1,11265,100,1407463,1
57071.085671951,3,11265,100,1407463,1
57071.409696881,1,11266,100,1408848,1
57071.882012063,5,11266,100,1408848,1
57072.366237238,1,11267,100,1410811,1
57072.729976095,3,11267,100,1410811,1
57073.083352233,1,11268,100,1409616,-1
57073.798517651,1,11269,100,1410183,-1
57074.105207794,4,11268,100,1409616,-1
57074.7495101,5,11269,100,1410183,-1
57075.134973938,1,11270,100,1404466,-1
57075.9006716,1,11271,100,1404906,-1
57076.39317875,1,11272,100,1405977,1
57077.154467757,4,11270,100,1404466,-1
57077.534638422,3,11272,100,1405977,1
57078.202302995,4,11271,100,1404906,-1
57078.797152382,1,11273,100,1407799,1
57079.327140813,1,11274,100,1412579,-1
57080.535068587,4,11273,100,1407799,1
57081.154852873,4,11274,100,1412579,-1
57081.620349134,1,11275,100,1410060,-1
57082.072950902,1,11276,100,1409620,-1
57082.863592566,3,11275,100,1410060,-1
57083.457266447,1,11277,100,1411301,-1
57083.805441717,3,11276,100,1409620,-1
57084.108993038,3,11277,100,1411301,-1
57084.738983448,1,11278,100,1411035,1
57085.153489165,5,11278,100,1411035,1
57085.644207352,1,11279,100,1408178,1
57086.256372716,4,11279,100,1408178,1
57087.041862927,1,11280,100,1408565,1
57087.368897533,3,11280,100,1408565,1
57088.159722574,1,11281,100,1410343,1
57088.639532272,1,11282,100,1409606,1
57089.165465922,4,11282,100,1409606,1
57090.363715462,1,11283,100,1409278,-1
57091.540984147,1,11284,100,1409929,1
57092.096504978,3,11284,100,1409929,1
57094.035219684,1,11285,100,1415979,1
57094.567102775,1,11286,100,1412791,1
57095.262844475,1,11287,100,1414024,1
57095.702450418,3,11281,100,1410343,1
57096.207748459,1,11288,100,1409682,1
57096.92002361,1,11289,100,1407340,1
57097.239139963,1,11290,100,1413836,-1
57097.708395295,3,11288,100,1409682,1
57098.028749433,3,11290,100,1413836,-1
57098.499929694,1,11291,100,1406947,1
57099.250840108,1,11292,100,1412267,-1
57099.547839237,1,11293,100,1410412,-1
57099.837573643,1,11294,100,1408112,-1
57100.415656949,1,11295,100,1411240,-1
57100.802179195,5,11283,100,1409278,-1
57101.353147951,4,11285,100,1415979,1
57101.638476886,3,11287,100,1414024,1
57102.32616854,1,11296,100,1410003,-1
57102.599656023,3,11286,100,1412791,1
57103.909221738,1,11297,100,1408466,1
57104.255574943,5,11292,100,1412267,-1
57105.009803746,3,11294,100,1408112,-1
57105.820608709,4,11291,100,1406947,1
57106.615210462,3,11289,100,1407340,1
57107.859465985,5,11295,100,1411240,-1
57108.275337536,4,11297,100,1408466,1
57108.640553531,3,11296,100,1410003,-1
57109.014963213,3,11293,100,1410412,-1
57109.804250113,1,11298,100,1404659,1
57110.243369105,3,11298,100,1404659,1
57110.533585174,1,11299,100,1405096,1
57111.020329172,3,11299,100,1405096,1
57111.67580501,1,11300,100,1406830,-1
57112.30685287,3,11300,100,1406830,-1
57112.746783782,1,11301,100,1404593,-1
57113.513225383,5,11301,100,1404593,-1
57114.288526611,1,11302,100,1402981,1
57114.808379139,1,11303,100,1405849,-1
57115.402542637,1,11304,100,1406154,-1
57116.276788428,3,11303,100,1405849,-1
57116.742670219,1,11305,100,1410490,-1
57117.369939879,1,11306,100,1403343,1
57117.691926226,1,11307,100,1405986,1
57118.039560642,3,11305,100,1410490,-1
57118.700428018,3,11306,100,1403343,1
57119.495978978,5,11307,100,1405986,1
57120.046075661,1,11308,100,1410111,-1
57120.631349533,1,11309,100,1408395,1
57121.715193049,3,11309,100,1408395,1
57122.495702311,4,11304,100,1406154,-1
57123.740468517,4,11308,100,1410111,-1
57124.384701568,3,11302,100,1402981,1
57124.891324372,1,11310,100,1404064,1
57125.522005415,4,11310,100,1404064,1
57126.009328075,1,11311,100,1411359,-1
57126.458414867,4,11311,100,1411359,-1
57127.105860506,1,11312,100,1404916,1
57127.810547278,3,11312,100,1404916,1
57128.29896086,1,11313,100,1402717,1
57128.756260768,5,11313,100,1402717,1
57129.36234287,1,11314,100,1407461,-1
57129.987326596,3,11314,100,1407461,-1
57130.438942973,1,11315,100,1406601,1
57130.777324448,1,11316,100,1407084,1
57131.294565877,3,11315,100,1406601,1
57131.862155307,1,11317,100,1409637,-1
57132.667341728,1,11318,100,1406560,-1
57133.308318373,1,11319,100,1408002,-1
57133.63662145,3,11316,100,1407084,1
57133.958655012,1,11320,100,1405604,-1
57134.689551741,1,11321,100,1402290,1
57135.23270937,1,11322,100,1404030,1
57135.708931529,1,11323,100,1407970,-1
57136.106612765,1,11324,100,1403582,1
57136.43213839,3,11317,100,1409637,-1
57136.712523906,4,11320,100,1405604,-1
57137.449990627,1,11325,100,1412092,-1
57137.782496977,1,11326,100,1409992,1
57138.287605763,3,11321,100,1402290,1
57139.525420392,1,11327,100,1408554,1
57139.932227347,3,11325,100,1412092,-1
57140.375505824,1,11328,100,1406200,1
57141.18844971,3,11328,100,1406200,1
57141.943149817,3,11319,100,1408002,-1
57142.76025559,3,11326,100,1409992,1
57143.133664249,1,11329,100,1400700,1
57143.839141295,1,11330,100,1401353,1
57144.328049037,4,11327,100,1408554,1
57144.62416176,5,11330,100,1401353,1
57145.374457865,3,11324,100,1403582,1
57145.714270734,1,11331,100,1404152,-1
57146.557419178,1,11332,100,1404302,1
57147.30664128,1,11333,100,1406748,-1
57148.491158206,1,11334,100,1399153,1
57148.788269149,1,11335,100,1403458,1
57149.367092567,1,11336,100,1403604,-1
57150.288061465,5,11323,100,1407970,-1
57150.592520039,5,11318,100,1406560,-1
57151.020486578,1,11337,100,1400978,1
57151.384103178,3,11329,100,1400700,1
57152.173825255,3,11337,100,1400978,1
57152.910532157,1,11338,100,1404723,-1
57153.404237489,3,11334,100,1399153,1
57153.943222815,3,11336,100,1403604,-1
57154.879171654,1,11339,100,1409242,1
57155.654138134,4,11333,100,1406748,-1
57156.317126645,1,11340,100,1408864,-1
57157.3866175,3,11331,100,1404152,-1
57158.128270311,1,11341,100,1402725,1
57158.44742294,1,11342,100,1403211,1
57159.089993204,1,11343,100,1405023,-1
57159.71758115,4,11338,100,1404723,-1
57160.399974717,3,11339,100,1409242,1
57160.672883459,3,11340,100,1408864,-1
57161.229836258,1,11344,100,1406576,-1
57161.539825946,1,11345,100,1408092,-1
57161.943226596,5,11332,100,1404302,1
57162.499900082,3,11342,100,1403211,1
57163.053682316,1,11346,100,1409535,-1
57164.250895554,1,11347,100,1406006,1
57164.873426131,4,11322,100,1404030,1
57165.660297462,3,11335,100,1403458,1
57166.993867503,1,11348,100,1406186,-1
57167.542310434,4,11347,100,1406006,1
57168.138320613,4,11343,100,1405023,-1
57168.940641229,5,11344,100,1406576,-1
57169.751813084,1,11349,100,1406612,-1
57170.031857625,1,11350,100,1406743,-1
57170.426563599,1,11351,100,1410084,-1
57171.108899196,1,11352,100,1403929,-1
57171.894869049,5,11351,100,1410084,-1
57172.321419603,1,11353,100,1405538,-1
57172.674811575,1,11354,100,1403870,1
57173.072007855,1,11355,100,1408402,-1
57173.395743235,1,11356,100,1403330,1
57174.194732222,1,11357,100,1408793,-1
57174.664010738,3,11346,100,1409535,-1
57175.126234166,3,11348,100,1406186,-1
57175.493956892,5,11353,100,1405538,-1
57176.197980556,3,11356,100,1403330,1
57176.497428372,1,11358,100,1406709,-1
57177.282855576,4,11352,100,1403929,-1
57177.671349668,3,11345,100,1408092,-1
57178.469093572,1,11359,100,1407007,-1
57178.844154606,1,11360,100,1406475,-1
57179.411174251,1,11361,100,1406490,1
57179.837905171,4,11349,100,1406612,-1
57180.257495797,1,11362,100,1405001,1
57180.566831364,5,11362,100,1405001,1
57181.150692143,4,11357,100,1408793,-1
57181.430434739,4,11358,100,1406709,-1
57181.855703946,1,11363,100,1405282,1
57182.158460028,1,11364,100,1407562,-1
57183.389537288,1,11365,100,1408238,-1
57183.935872418,3,11350,100,1406743,-1
57184.860667377,3,11360,100,1406475,-1
57185.238443632,1,11366,100,1410763,-1
57186.038011702,5,11363,100,1405282,1
57186.473835484,4,11364,100,1407562,-1
57186.751605188,1,11367,100,1410563,-1
57187.256177554,1,11368,100,1408248,-1
57187.793464417,1,11369,100,1408003,-1
57188.441608647,4,11341,100,1402725,1
57188.799050056,3,11366,100,1410763,-1
57189.452208915,3,11368,100,1408248,-1
57189.728518421,3,11354,100,1403870,1
57190.429861801,1,11370,100,1401633,1
57191.161459449,4,11361,100,1406490,1
57191.943144716,1,11371,100,1398187,1
57192.440822832,1,11372,100,1397385,1
57192.957040453,5,11369,100,1408003,-1
57193.368443703,1,11373,100,1395873,1
57194.52644205,1,11374,100,1399735,-1
57195.236459236,1,11375,100,1397378,1
57195.997630535,4,11371,100,1398187,1
57197.271806331,4,11373,100,1395873,1
57198.39952218,5,11355,100,1408402,-1
57199.11452125,1,11376,100,1400229,-1
57199.498010101,1,11377,100,1395293,1
57200.047354694,1,11378,100,1397564,1
57200.335258442,1,11379,100,1399617,-1
57200.606404689,4,11377,100,1395293,1
57201.104224184,1,11380,100,1393433,1
57201.596267411,1,11381,100,1391770,1
57202.713898407,3,11367,100,1410563,-1
57203.485282117,4,11372,100,1397385,1
57203.788943192,3,11381,100,1391770,1
57204.062125528,3,11379,100,1399617,-1
57204.569447101,3,11378,100,1397564,1
57204.847320544,5,11374,100,1399735,-1
57205.549615767,3,11376,100,1400229,-1
57205.990074174,1,11382,100,1392588,1
57206.360495823,3,11359,100,1407007,-1
57206.836623776,3,11370,100,1401633,1
57207.856632238,1,11383,100,1392835,1
57208.639068789,4,11380,100,1393433,1
57209.088667577,1,11384,100,1396461,-1
57210.375671613,3,11383,100,1392835,1
57210.797529285,4,11384,100,1396461,-1
57211.067699815,5,11375,100,1397378,1
57211.546715561,3,11365,100,1408238,-1
57211.823129641,3,11382,100,1392588,1
57212.371450981,1,11385,100,1397016,-1
57212.682612543,3,11385,100,1397016,-1
57213.019557532,1,11386,100,1398839,-1
57213.516837487,1,11387,100,1396334,1
57214.031462665,1,11388,100,1404002,-1
57214.423469288,1,11389,100,1400698,-1
57214.721482532,1,11390,100,1394505,1
57215.504196603,5,11387,100,1396334,1
57215.800189463,4,11386,100,1398839,-1
57216.433766628,1,11391,100,1400497,-1
57217.011317967,4,11391,100,1400497,-1
57218.202025504,1,11392,200,1396234,-1
57218.801090732,3,11389,100,1400698,-1
57219.406714423,3,11390,100,1394505,1
57219.753700282,3,11388,100,1404002,-1
57220.148730356,2,11392,100,1396234,-1
57220.811197241,4,11392,100,1396234,-1
57221.41136904,1,11393,100,1395826,1
57221.868200699,3,11393,100,1395826,1
57222.411110938,1,11394,100,1393860,1
57223.148210866,1,11395,100,1395922,1
57223.651395309,4,11395,100,1395922,1
57224.075585835,4,11394,100,1393860,1
57224.861858769,1,11396,100,1392890,-1
57225.284091399,4,11396,100,1392890,-1
57225.810198585,1,11397,100,1391193,1
57226.245870626,5,11397,100,1391193,1
57227.013451999,1,11398,100,1394611,-1
57227.762514564,3,11398,100,1394611,-1
57228.346824632,1,11399,100,1393242,-1
57228.632855315,1,11400,100,1390414,-1
57229.400470493,3,11400,100,1390414,-1
57230.002595579,1,11401,100,1386858,1
57230.447447812,3,11401,100,1386858,1
57230.804170191,1,11402,100,1390956,-1
57231.247298608,3,11399,100,1393242,-1
57231.727077507,5,11402,100,1390956,-1
57232.420999491,1,11403,100,1386588,1
57232.963298913,1,11404,100,1387196,1
57233.679078154,3,11404,100,1387196,1
57234.266357797,4,11403,100,1386588,1
57234.859430344,1,11405,100,1387299,-1
57235.64284416,4,11405,100,1387299,-1
57236.257669002,1,11406,100,1390539,-1
57236.532783107,3,11406,100,1390539,-1
57236.91995553,1,11407,100,1391378,1
57237.605756691,5,11407,100,1391378,1
57238.203610898,1,11408,100,1393808,-1
57238.486915427,3,11408,100,1393808,-1
57238.992536309,1,11409,100,1392193,1
57239.688178727,3,11409,100,1392193,1
57240.033676657,1,11410,100,1396570,-1
57240.363793427,4,11410,100,1396570,-1
57240.773106546,1,11411,100,1394590,-1
57241.181800579,1,11412,100,1393077,-1
57241.793596788,1,11413,100,1389928,1
57242.487830417,1,11414,100,1393416,-1
57243.228788437,1,11415,100,1393673,-1
57243.518318871,1,11416,100,1387389,1
57244.070061484,5,11414,100,1393416,-1
57244.440397905,1,11417,100,1389872,-1
57245.223171081,1,11418,100,1391622,-1
57245.596748242,1,11419,100,1387416,1
57246.383726906,4,11416,100,1387389,1
57246.918527661,4,11419,100,1387416,1
57247.445282177,1,11420,100,1388522,-1
57247.984126819,1,11421,100,1390523,-1
57248.404561781,5,11413,100,1389928,1
57248.723041807,3,11411,100,1394590,-1
57249.566427911,4,11415,100,1393673,-1
57250.029819623,4,11418,100,1391622,-1
57250.464985224,1,11422,200,1389443,-1
57250.976377808,1,11423,100,1390279,1
57251.682460885,5,11417,100,1389872,-1
57252.450661232,1,11424,100,1387647,-1
57252.776815647,3,11422,200,1389443,-1
57253.166954373,3,11423,100,1390279,1
57253.896186727,4,11420,100,1388522,-1
57254.382081772,1,11425,100,1390682,-1
57255.177076247,1,11426,100,1389266,-1
57255.517910147,4,11412,100,1393077,-1
57256.092878365,4,11424,100,1387647,-1
57256.686812632,1,11427,100,1387784,-1
57257.388802851,1,11428,100,1381802,1
57257.902737364,3,11425,100,1390682,-1
57258.700033747,5,11426,100,1389266,-1
57259.010001273,4,11427,100,1387784,-1
57259.5214147,3,11428,100,1381802,1
57260.914191246,3,11421,100,1390523,-1
57261.608819078,1,11429,100,1384061,1
57261.992415445,3,11429,100,1384061,1
57262.295358566,1,11430,100,1387769,-1
57262.764779839,1,11431,100,1389472,-1
57263.156453385,5,11431,100,1389472,-1
57263.645427356,1,11432,100,1388866,-1
57264.018636554,1,11433,100,1385437,1
57264.309798778,4,11433,100,1385437,1
57264.798459497,4,11432,100,1388866,-1
57265.211590149,3,11430,100,1387769,-1
57265.580287945,1,11434,100,1386098,-1
57266.209856794,1,11435,100,1379925,1
57267.570572292,4,11434,100,1386098,-1
57268.559539592,3,11435,100,1379925,1
57269.148418481,1,11436,100,1381626,-1
57269.698815641,3,11436,100,1381626,-1
57270.469717615,1,11437,100,1386340,-1
57271.223570642,3,11437,100,1386340,-1
57272.004440013,1,11438,100,1388262,-1
57272.426807207,1,11439,100,1388767,-1
57273.186012903,1,11440,100,1384364,1
57273.715463385,1,11441,100,1380318,1
57274.416203751,1,11442,100,1380835,-1
57275.208102553,1,11443,100,1381829,1
57276.008525712,4,11440,100,1384364,1
57276.474570992,4,11442,100,1380835,-1
57276.749593115,1,11444,100,1382135,-1
57277.291891921,5,11441,100,1380318,1
57278.183857912,3,11438,100,1388262,-1
57278.757008606,3,11439,100,1388767,-1
57279.416398981,4,11443,100,1381829,1
57280.158972199,3,11444,100,1382135,-1
57280.597065318,1,11445,100,1383327,1
57281.13296194,1,11446,100,1383181,1
57281.887352919,1,11447,100,1386939,-1
57282.46826141,3,11446,100,1383181,1
57282.935576509,1,11448,100,1386976,-1
57283.371339878,3,11445,100,1383327,1
57284.006896814,1,11449,100,1384980,1
57284.717539895,3,11449,100,1384980,1
57285.239373046,1,11450,100,1390785,1
57286.004117298,4,11450,100,1390785,1
57286.455880493,1,11451,100,1396337,-1
57287.008311982,1,11452,100,1395603,-1
57287.337398954,4,11448,100,1386976,-1
57288.034640641,3,11447,100,1386939,-1
57288.641016914,3,11452,100,1395603,-1
57289.215545007,5,11451,100,1396337,-1
57289.898751204,1,11453,100,1392604,-1
57290.242519809,4,11453,100,1392604,-1
57290.634150969,1,11454,100,1390971,1
57290.97749014,4,11454,100,1390971,1
57291.316586591,1,11455,100,1386973,1
57291.640523145,3,11455,100,1386973,1
57291.986029485,1,11456,100,1392776,-1
57292.65550702,4,11456,100,1392776,-1
57293.34303048,1,11457,100,1392500,-1
57294.054840055,3,11457,100,1392500,-1
57294.630095453,1,11458,100,1395303,-1
57295.181941631,1,11459,100,1393348,1
57295.722685395,4,11459,100,1393348,1
57296.040755748,3,11458,100,1395303,-1
57296.614154874,1,11460,100,1389035,1
57296.965556436,1,11461,100,1390561,-1
57297.741403694,4,11460,100,1389035,1
57298.18156007,3,11461,100,1390561,-1
57298.852321403,1,11462,100,1388449,-1
57299.457335057,4,11462,100,1388449,-1
57300.159063967,1,11463,100,1389643,-1
57300.691594956,4,11463,100,1389643,-1
57301.415456848,1,11464,100,1388540,1
57302.729042944,3,11464,100,1388540,1
57303.241917055,1,11465,100,1388715,1
57304.018981552,3,11465,100,1388715,1
57304.607345346,1,11466,100,1394429,-1
57305.000924197,3,11466,100,1394429,-1
57305.684366748,1,11467,100,1395180,-1
57306.444971339,1,11468,100,1393808,-1
57306.724428766,1,11469,100,1390512,1
57307.294062672,1,11470,100,1393961,-1
57308.012846745,4,11469,100,1390512,1
57308.369501388,3,11470,100,1393961,-1
57309.159380341,3,11467,100,1395180,-1
57309.803515861,1,11471,100,1395301,-1
57310.289475998,1,11472,100,1392086,-1
57310.762437407,5,11472,100,1392086,-1
57312.146468105,1,11473,100,1390447,1
57312.623737924,4,11468,100,1393808,-1
57313.30645614,3,11471,100,1395301,-1
57313.769210268,3,11473,100,1390447,1
57314.055470198,1,11474,100,1391712,1
57314.72912439,3,11474,100,1391712,1
57315.378741264,1,11475,100,1392066,-1
57316.144713474,4,11475,100,1392066,-1
57316.659941272,1,11476,100,1392942,-1
57317.036904719,4,11476,100,1392942,-1
57317.620511674,1,11477,100,1389499,1
57318.129348624,1,11478,100,1390775,-1
57318.478238225,3,11477,100,1389499,1
57319.015238183,1,11479,100,1393355,1
57319.440525705,1,11480,100,1389421,1
57320.172454936,1,11481,100,1390253,1
57320.711948424,4,11478,100,1390775,-1
57321.127471432,4,11479,100,1393355,1
57321.787976332,1,11482,100,1395922,-1
57322.418763417,3,11482,100,1395922,-1
57323.126407984,3,11481,100,1390253,1
57323.854782151,1,11483,100,1391764,1
57324.554758455,3,11483,100,1391764,1
57324.943396115,3,11480,100,1389421,1
57325.513853253,1,11484,100,1391162,-1
57326.228041973,1,11485,100,1394662,-1
57326.613537318,1,11486,100,1390017,1
57327.397365076,3,11486,100,1390017,1
57327.973023786,4,11484,100,1391162,-1
57328.704322754,1,11487,100,1389062,1
57329.200070954,1,11488,100,1395654,-1
57329.95674705,1,11489,200,1393040,1
57330.451620156,1,11490,100,1397701,-1
57332.107045109,1,11491,100,1392235,1
57333.22549423,1,11492,100,1391853,1
57333.711176121,4,11489,100,1393040,1
57334.083388851,5,11488,100,1395654,-1
57334.375609024,1,11493,100,1395533,-1
57334.90289105,5,11487,100,1389062,1
57335.245482746,3,11485,100,1394662,-1
57335.927090828,1,11494,100,1390294,1
57336.711023638,1,11495,100,1390935,1
57337.050520519,1,11496,100,1391077,1
57338.126546129,4,11496,100,1391077,1
57338.447863863,3,11492,100,1391853,1
57338.890592368,4,11495,100,1390935,1
57339.625332153,1,11497,100,1387813,1
57340.317726561,3,11494,100,1390294,1
57340.729662072,1,11498,100,1391086,-1
57341.610687746,3,11497,100,1387813,1
57342.049754957,1,11499,100,1393493,1
57342.436907578,1,11500,100,1394420,-1
57343.0692952,1,11501,100,1391264,1
57343.528071843,1,11502,100,1399333,-1
57343.8742347,1,11503,100,1394762,1
57344.496989091,4,11498,100,1391086,-1
57344.92523094,1,11504,100,1392119,1
57345.517236125,1,11505,100,1398468,-1
57345.880593828,1,11506,100,1399306,-1
57346.342500703,4,11493,100,1395533,-1
57346.775102765,4,11506,100,1399306,-1
57347.257214136,1,11507,100,1402355,-1
57348.269307758,1,11508,100,1400901,-1
57348.774045217,4,11505,100,1398468,-1
57349.980923709,3,11507,100,1402355,-1
57350.688105206,4,11500,100,1394420,-1
57351.167648462,4,11502,100,1399333,-1
57351.523815183,1,11509,100,1400451,1
57351.794560419,1,11510,100,1393655,1
57352.518161727,1,11511,100,1399511,-1
57353.270107684,1,11512,100,1399634,-1
57353.58001593,4,11490,100,1397701,-1
57354.028390171,1,11513,100,1403979,-1
57354.341775339,1,11514,100,1402317,-1
57354.733590441,3,11513,100,1403979,-1
57355.168873875,1,11515,100,1401202,-1
57355.591833718,4,11515,100,1401202,-1
57356.386571254,4,11514,100,1402317,-1
57357.141873844,3,11512,100,1399634,-1
57357.901513675,1,11516,100,1402401,1
57358.523155008,1,11517,100,1400975,1
57359.186610739,3,11503,100,1394762,1
57360.258082151,1,11518,100,1398036,-1
57360.863562416,1,11519,100,1402428,-1
57361.600151781,3,11509,100,1400451,1
57362.253479658,4,11516,100,1402401,1
57362.615482993,1,11520,100,1396734,-1
57362.98284839,3,11499,100,1393493,1
57364.786021613,3,11519,100,1402428,-1
57365.324609348,1,11521,100,1400273,-1
57365.912112095,1,11522,100,1394857,1
57367.301084615,5,11517,100,1400975,1
57367.724929271,1,11523,100,1401236,-1
57368.112634484,3,11522,100,1394857,1
57368.662299612,1,11524,100,1400445,-1
57369.345343375,5,11511,100,1399511,-1
57370.163110652,1,11525,100,1397775,1
57370.512687142,3,11525,100,1397775,1
57370.950604262,1,11526,100,1406243,-1
57371.357684837,1,11527,100,1398639,1
57372.044729047,3,11520,100,1396734,-1
57373.221903135,4,11524,100,1400445,-1
57373.597409654,4,11518,100,1398036,-1
57373.878476644,3,11523,100,1401236,-1
57375.590503086,1,11528,100,1397789,1
57376.3539656,1,11529,100,1402770,1
57377.132247617,3,11491,100,1392235,1
57377.890788574,3,11504,100,1392119,1
57378.542692477,1,11530,100,1401836,-1
57379.494562222,5,11526,100,1406243,-1
57380.231372493,3,11521,100,1400273,-1
57380.932407022,1,11531,100,1404611,-1
57381.501411399,1,11532,100,1404536,-1
57383.22000274,1,11533,100,1403552,1
57383.731053782,3,11528,100,1397789,1
57384.254932275,4,11530,100,1401836,-1
57384.554295167,5,11489,100,1393040,1
57385.17208917,3,11532,100,1404536,-1
57385.945609036,1,11534,100,1401363,1
57386.550114799,1,11535,100,1399823,1
57387.084797817,1,11536,100,1402257,1
57387.726229291,1,11537,100,1399803,1
57388.503278129,4,11531,100,1404611,-1
57389.106189807,1,11538,100,1400387,1
57389.801880634,1,11539,100,1401085,1
57390.585075627,1,11540,100,1403146,-1
57391.617684466,5,11510,100,1393655,1
57392.271445307,1,11541,100,1405013,-1
57392.671921327,4,11533,100,1403552,1
57393.201680085,1,11542,100,1406504,-1
57393.809926015,4,11541,100,1405013,-1
57394.335791451,1,11543,100,1406566,-1
57394.696256842,3,11536,100,1402257,1
57395.361027606,3,11537,100,1399803,1
57395.785490493,5,11535,100,1399823,1
57396.151133256,3,11542,100,1406504,-1
57396.481876756,4,11543,100,1406566,-1
57396.807782974,4,11508,100,1400901,-1
57397.273487451,1,11544,100,1409849,-1
57397.896406631,4,11544,100,1409849,-1
57398.45443572,1,11545,100,1408511,-1
57399.04465339,3,11545,100,1408511,-1
57399.461572664,1,11546,100,1410373,1
57400.117261579,1,11547,100,1410656,-1
57400.792309596,1,11548,100,1406262,1
57401.114619193,3,11501,100,1391264,1
57401.888176121,1,11549,100,1405194,1
57402.165381089,3,11548,100,1406262,1
57404.159982048,3,11549,100,1405194,1
57404.564235697,3,11540,100,1403146,-1
57405.029097888,5,11539,100,1401085,1
57405.573149954,4,11546,100,1410373,1
57405.976825202,3,11527,100,1398639,1
57406.402752431,1,11550,100,1405837,-1
57406.970888936,1,11551,100,1402220,1
57407.479299392,3,11547,100,1410656,-1
57408.710170487,5,11551,100,1402220,1
57409.553124601,3,11529,100,1402770,1
57409.976758657,5,11534,100,1401363,1
57410.610836555,4,11550,100,1405837,-1
57411.000518938,3,11538,100,1400387,1
57411.563184419,1,11552,100,1409564,-1
57411.849039433,1,11553,100,1409369,-1
57412.575234895,1,11554,100,1405543,1
57413.039334416,3,11553,100,1409369,-1
57413.618608306,3,11552,100,1409564,-1
57414.11887982,1,11555,100,1413179,-1
57414.797825274,3,11555,100,1413179,-1
57415.443239855,4,11554,100,1405543,1
57415.998119771,1,11556,100,1411801,-1
57416.617357655,4,11556,100,1411801,-1
57417.109423272,1,11557,100,1408768,1
57417.845458505,3,11557,100,1408768,1
57418.399187147,1,11558,100,1410175,1
57418.738985547,1,11559,100,1411676,-1
57419.873339317,5,11559,100,1411676,-1
57420.918211186,5,11558,100,1410175,1
57421.216955314,1,11560,100,1411650,-1
57422.72526927,1,11561,100,1409785,1
57423.198504818,1,11562,100,1408045,1
57423.987423682,1,11563,100,1407232,1
57424.579475042,1,11564,100,1407754,1
57424.981748389,3,11562,100,1408045,1
57425.607750757,4,11561,100,1409785,1
57426.051933089,1,11565,100,1413334,-1
57426.816885938,4,11560,100,1411650,-1
57427.198343142,3,11564,100,1407754,1
57427.886895627,4,11565,100,1413334,-1
57429.0805024,1,11566,100,1414415,-1
57429.485757725,4,11566,100,1414415,-1
57430.318400004,1,11567,100,1412960,1
57430.637620621,3,11567,100,1412960,1
57431.357723933,3,11563,100,1407232,1
57431.855141047,1,11568,100,1413608,1
57432.5391091,1,11569,100,1414392,1
57433.703951241,1,11570,100,1413114,1
57434.298032859,1,11571,100,1416456,-1
57434.627379194,1,11572,100,1410634,1
57435.138270727,4,11569,100,1414392,1
57435.751681698,3,11572,100,1410634,1
57436.446188268,1,11573,100,1414369,1
57436.858466727,1,11574,100,1412272,-1
57437.407286999,4,11570,100,1413114,1
57438.135907472,3,11573,100,1414369,1
57438.897359931,1,11575,100,1413482,1
57440.427111542,1,11576,100,1411116,-1
57441.028283261,5,11574,100,1412272,-1
57441.769814256,3,11568,100,1413608,1
57442.409829577,1,11577,100,1410978,-1
57442.883219157,1,11578,100,1408096,1
57443.405108042,3,11576,100,1411116,-1
57443.932242104,3,11575,100,1413482,1
57444.504396127,1,11579,100,1408909,1
57444.941039925,3,11577,100,1410978,-1
57445.427988942,3,11571,100,1416456,-1
57446.003780593,1,11580,100,1410550,1
57446.593157638,4,11580,100,1410550,1
57446.856956356,5,11579,100,1408909,1
57447.217099386,1,11581,100,1416846,-1
57447.514040324,1,11582,100,1415546,-1
57448.062050625,5,11582,100,1415546,-1
57448.486654956,1,11583,100,1411096,1
57448.81979609,1,11584,100,1409403,1
57449.214742929,3,11583,100,1411096,1
57449.785002598,4,11584,100,1409403,1
57450.140817568,1,11585,100,1410512,1
57450.706294332,3,11578,100,1408096,1
57451.160326875,3,11581,100,1416846,-1
57451.525370471,1,11586,100,1407064,1
57452.17612027,1,11587,100,1408487,1
57452.631608564,1,11588,100,1410685,-1
57453.099343145,3,11587,100,1408487,1
57453.486483252,3,11586,100,1407064,1
57453.977511982,3,11588,100,1410685,-1
57454.341353784,1,11589,100,1410138,1
57454.947448594,1,11590,100,1410777,-1
57455.229758275,4,11585,100,1410512,1
57455.950522934,4,11590,100,1410777,-1
57456.222661555,1,11591,100,1414330,-1
57457.272800591,5,11591,100,1414330,-1
57457.690718644,4,11589,100,1410138,1
57457.960029752,1,11592,100,1410787,1
57458.322614983,3,11592,100,1410787,1
57458.693530256,1,11593,100,1408779,-1
57459.352404399,3,11593,100,1408779,-1
57460.108098655,1,11594,100,1407569,1
57460.528411802,1,11595,100,1407601,1
57461.313230237,3,11595,100,1407601,1
57461.872730364,3,11594,100,1407569,1
57462.299540345,1,11596,100,1407723,1
57462.74664544,5,11596,100,1407723,1
57463.220978154,1,11597,100,1410725,-1
57463.746492021,1,11598,100,1409978,-1
57464.319566493,1,11599,100,1411346,-1
57464.786301283,4,11597,100,1410725,-1
57465.506558691,1,11600,100,1412139,-1
57466.049338621,3,11599,100,1411346,-1
57466.443045351,1,11601,100,1410201,-1
57466.940565696,5,11600,100,1412139,-1
57467.673229155,1,11602,100,1407729,-1
57468.388890959,3,11602,100,1407729,-1
57468.915745505,3,11601,100,1410201,-1
57469.731760029,1,11603,100,1409198,1
57470.491006931,5,11598,100,1409978,-1
57470.960006105,5,11603,100,1409198,1
57471.540014403,1,11604,100,1405344,1
57471.923633636,1,11605,100,1401659,1
57473.10636861,1,11606,100,1404870,1
57473.69527628,1,11607,100,1401047,1
57474.052385164,4,11607,100,1401047,1
57474.593470043,1,11608,100,1401672,-1
57474.955443651,3,11608,100,1401672,-1
57475.334468752,1,11609,100,1402901,1
57476.060410995,1,11610,100,1401956,1
57476.970191828,1,11611,100,1406287,-1
57477.308400408,3,11610,100,1401956,1
57477.892264228,1,11612,100,1398197,1
57478.667630112,3,11611,100,1406287,-1
57479.085171602,1,11613,100,1405543,1
57479.712526624,3,11604,100,1405344,1
57480.187894112,4,11609,100,1402901,1
57480.921470685,4,11613,100,1405543,1
57481.631594929,1,11614,100,1408073,-1
57482.212344525,1,11615,100,1406577,-1
57482.477012966,1,11616,100,1403120,1
57483.153450044,4,11616,100,1403120,1
57483.835762107,3,11606,100,1404870,1
57484.448029427,5,11612,100,1398197,1
57484.895567859,1,11617,100,1403285,1
57485.2437659,4,11617,100,1403285,1
57485.980041349,4,11614,100,1408073,-1
57486.653184578,1,11618,100,1405004,-1
57486.978550907,3,11618,100,1405004,-1
57487.515884111,1,11619,100,1403595,-1
57488.174549925,4,11605,100,1401659,1
57488.803965743,1,11620,100,1402363,-1
57489.210132436,4,11619,100,1403595,-1
57490.401229728,1,11621,100,1401645,-1
57490.900451907,3,11620,100,1402363,-1
57491.502953075,1,11622,100,1400387,1
57492.113611202,1,11623,100,1402724,1
57492.509084421,1,11624,100,1405565,-1
57492.948547356,3,11615,100,1406577,-1
57493.502592323,3,11621,100,1401645,-1
57494.139668654,1,11625,100,1397030,1
57494.709198695,5,11624,100,1405565,-1
57495.011343035,1,11626,100,1399244,1
57495.420966312,1,11627,100,1395821,1
57496.172631951,5,11626,100,1399244,1
57496.555952762,1,11628,100,1404606,-1
57497.068883395,4,11623,100,1402724,1
57497.802519153,1,11629,100,1398116,1
57498.411057292,1,11630,100,1404429,-1
57498.942265606,1,11631,100,1403170,1
57499.484360787,3,11625,100,1397030,1
57499.977447004,3,11631,100,1403170,1
57500.553328076,1,11632,100,1400919,-1
57500.889096602,5,11628,100,1404606,-1
57501.311890775,1,11633,100,1406089,1
57501.652660854,1,11634,100,1402029,1
57502.353674093,1,11635,100,1400172,1
57502.907918662,1,11636,100,1399777,1
57503.552769335,1,11637,100,1405120,1
57504.30379592,3,11630,100,1404429,-1
57505.529309777,1,11638,100,1408718,-1
57505.981865543,1,11639,100,1409565,-1
57506.332865466,5,11633,100,1406089,1
57506.992571732,1,11640,100,1406666,1
57507.521809802,3,11638,100,1408718,-1
57508.813926434,3,11640,100,1406666,1
57509.293108108,5,11639,100,1409565,-1
57509.56640135,4,11632,100,1400919,-1
57509.984535936,4,11637,100,1405120,1
57510.414715453,1,11641,100,1406662,-1
57511.173752128,4,11641,100,1406662,-1
57511.579508417,1,11642,100,1404106,1
57512.042550277,1,11643,100,1406355,-1
57512.793241761,5,11627,100,1395821,1
57513.407012923,3,11642,100,1404106,1
57513.698563709,1,11644,100,1407534,-1
57513.980505132,3,11634,100,1402029,1
57514.302592626,1,11645,100,1404797,1
57515.397503418,5,11644,100,1407534,-1
57516.10239975,1,11646,100,1406013,1
57516.812124029,4,11643,100,1406355,-1
57517.533448856,1,11647,100,1406226,1
57517.917491425,3,11629,100,1398116,1
57518.564715361,3,11636,100,1399777,1
57518.904261349,1,11648,100,1408533,-1
57519.561127451,5,11635,100,1400172,1
57519.964724095,3,11645,100,1404797,1
57520.532884363,1,11649,100,1406908,-1
57521.013353435,5,11622,100,1400387,1
57521.308282731,3,11648,100,1408533,-1
57521.763465144,1,11650,100,1406678,-1
57522.41095178,4,11647,100,1406226,1
57522.836721815,1,11651,100,1408535,-1
57523.21689496,1,11652,100,1401680,1
57523.519165877,1,11653,100,1401739,1
57524.014874466,3,11652,100,1401680,1
57524.481009897,1,11654,100,1402460,1
57524.807768878,1,11655,100,1409772,-1
57525.504948365,1,11656,100,1406238,-1
57526.26805429,1,11657,100,1407526,-1
57526.920228357,4,11646,100,1406013,1
57527.596716972,3,11654,100,1402460,1
57528.120931211,5,11649,100,1406908,-1
57528.530070262,3,11655,100,1409772,-1
57529.262593497,3,11653,100,1401739,1
57529.597387497,1,11658,100,1401043,1
57529.87104079,3,11650,100,1406678,-1
57530.484447928,1,11659,100,1408468,-1
57531.132065722,3,11658,100,1401043,1
57531.438514136,1,11660,100,1407783,-1
57532.057477443,1,11661,100,1404780,-1
57532.621010369,3,11651,100,1408535,-1
57533.216599567,1,11662,100,1404843,-1
57533.70784211,3,11659,100,1408468,-1
57534.152332365,4,11662,100,1404843,-1
57534.457325069,1,11663,100,1402524,1
57535.070109109,3,11660,100,1407783,-1
57535.8156568,3,11661,100,1404780,-1
57536.456973807,1,11664,100,1404798,1
57536.801845637,1,11665,100,1402230,1
57537.584819256,1,11666,100,1406897,-1
57537.951907436,5,11666,100,1406897,-1
57538.327426397,1,11667,100,1406870,1
57539.031272453,1,11668,100,1402084,1
57539.49514064,1,11669,100,1406004,-1
57540.228203359,3,11669,100,1406004,-1
57540.956733671,1,11670,100,1404410,-1
57541.45528074,4,11670,100,1404410,-1
57542.088927111,1,11671,100,1403171,-1
57542.408166904,3,11671,100,1403171,-1
57542.833621819,1,11672,100,1403319,1
57543.871156337,1,11673,100,1405193,1
57544.651604778,5,11663,100,1402524,1
57545.195296285,1,11674,100,1406219,-1
57545.687685847,3,11674,100,1406219,-1
57546.336186139,1,11675,100,1402510,1
57546.716019272,5,11672,100,1403319,1
57547.155289017,1,11676,100,1407661,1
57547.861944686,3,11675,100,1402510,1
57548.514927998,3,11656,100,1406238,-1
57549.890483786,4,11657,100,1407526,-1
57550.297058745,3,11676,100,1407661,1
57550.882214474,4,11664,100,1404798,1
57551.638471109,4,11667,100,1406870,1
57552.364272261,1,11677,100,1408816,1
57552.998748856,3,11673,100,1405193,1
57553.689540636,1,11678,100,1414876,-1
57554.264162083,4,11678,100,1414876,-1
57554.973341326,1,11679,100,1415423,-1
57555.258132849,3,11679,100,1415423,-1
57555.622736977,1,11680,100,1409247,1
57556.310989649,3,11665,100,1402230,1
57557.009630326,3,11680,100,1409247,1
57557.321051107,1,11681,100,1410324,-1
57557.922358809,5,11677,100,1408816,1
57558.540743414,1,11682,100,1406720,1
57559.098827232,5,11681,100,1410324,-1
57559.613258002,3,11668,100,1402084,1
57559.936950972,5,11682,100,1406720,1
57560.437436755,1,11683,100,1411741,-1
57561.75142158,1,11684,100,1412586,-1
57562.049561586,1,11685,100,1409745,1
57563.358822094,1,11686,100,1410765,1
57563.663904035,3,11686,100,1410765,1
57564.410817931,1,11687,100,1413098,1
57564.863299384,1,11688,100,1416200,-1
57565.320944609,4,11683,100,1411741,-1
57566.09519134,3,11684,100,1412586,-1
57566.390589917,1,11689,100,1410300,1
57566.998112949,3,11685,100,1409745,1
57567.39717462,3,11689,100,1410300,1
57568.164705639,1,11690,100,1415575,-1
57568.689084392,4,11687,100,1413098,1
57569.207121745,3,11690,100,1415575,-1
57569.964630945,1,11691,100,1410293,1
57570.345550167,3,11688,100,1416200,-1
57570.878398055,3,11691,100,1410293,1
57571.220843658,1,11692,100,1412158,-1
57571.766908927,3,11692,100,1412158,-1
57572.507084197,1,11693,100,1413709,-1
57573.003863699,5,11693,100,1413709,-1
57573.597115272,1,11694,100,1416096,-1
57573.964599946,5,11694,100,1416096,-1
57574.300519533,1,11695,100,1411888,-1
57574.630125928,1,11696,100,1412200,-1
57575.127630584,3,11695,100,1411888,-1
57575.900944704,4,11696,100,1412200,-1
57576.234581082,1,11697,100,1409260,-1
57576.564827213,1,11698,100,1406344,1
57577.235074481,3,11697,100,1409260,-1
57577.599781833,1,11699,100,1408913,-1
57578.001567809,3,11698,100,1406344,1
57578.754508934,4,11699,100,1408913,-1
57579.054999078,1,11700,100,1406263,-1
57579.773280262,3,11700,100,1406263,-1
57580.085308812,1,11701,100,1410262,-1
57580.358550939,3,11701,100,1410262,-1
57581.086555098,1,11702,100,1407930,1
57581.685819591,3,11702,100,1407930,1
57581.976022257,1,11703,100,1406091,1
57582.498950547,3,11703,100,1406091,1
57582.818955743,1,11704,100,1410265,-1
57583.515034449,3,11704,100,1410265,-1
57583.911531672,1,11705,100,1408271,-1
57584.474548095,1,11706,100,1404736,1
57585.015356027,1,11707,100,1403020,1
57585.695312253,3,11705,100,1408271,-1
57586.049697578,1,11708,100,1406303,-1
57587.118312248,1,11709,100,1404787,1
57587.718605423,3,11709,100,1404787,1
57587.992888708,1,11710,100,1412121,-1
57588.396224516,1,11711,100,1410245,-1
57589.010483781,4,11711,100,1410245,-1
57589.517414081,3,11710,100,1412121,-1
57589.995117088,1,11712,100,1408993,-1
57591.191493769,1,11713,100,1408326,1
57591.949726979,1,11714,100,1406412,1
57592.71067298,1,11715,100,1404457,1
57593.135522919,3,11712,100,1408993,-1
57593.585402535,1,11716,100,1404710,1
57593.917151471,3,11713,100,1408326,1
57594.482392036,3,11715,100,1404457,1
57595.095722894,3,11707,100,1403020,1
57595.550481319,4,11708,100,1406303,-1
57596.272792047,5,11716,100,1404710,1
57596.577288973,4,11706,100,1404736,1
57597.13050985,5,11714,100,1406412,1
57597.782119815,1,11717,100,1409396,-1
57598.156795753,3,11717,100,1409396,-1
57598.610179697,1,11718,100,1403466,1
57599.12435568,1,11719,100,1403580,1
57599.587622416,4,11719,100,1403580,1
57599.967217676,1,11720,100,1407192,-1
