34200.318129015,1,1,100,450860,-1
34200.969571377,4,1,100,450860,-1
34201.790283699,1,2,100,447721,1
34202.674317893,1,3,100,447680,1
34203.470380403,1,4,100,449421,-1
34203.928755053,3,3,100,447680,1
34204.432413207,1,5,100,446789,1
34205.253365941,1,6,100,449497,1
34205.630588802,4,6,100,449497,1
34206.08858043,5,2,100,447721,1
34206.448795574,1,7,100,450135,-1
34206.85256553,1,8,100,448305,1
34207.625475598,1,9,100,449497,1
34208.355424889,1,10,100,450704,1
34208.711016347,3,9,100,449497,1
34209.159804689,1,11,100,451546,-1
34209.693830166,1,12,100,452889,-1
34210.176270445,1,13,100,449604,-1
34211.098581317,3,4,100,449421,-1
34211.467898223,4,8,100,448305,1
34212.145055245,3,7,100,450135,-1
34212.761134452,3,13,100,449604,-1
34213.294854508,1,14,100,448237,1
34213.792518048,1,15,100,447369,1
34214.129110686,1,16,100,451617,-1
34214.53753929,1,17,100,448703,-1
34215.106794908,1,18,100,446523,1
34215.638171184,4,17,100,448703,-1
34216.339742186,3,15,100,447369,1
34216.88458684,1,19,100,451321,-1
34217.726938461,1,20,100,446757,1
34218.539376953,4,10,100,450704,1
34218.991484797,4,14,100,448237,1
34219.807304814,3,16,100,451617,-1
34220.696574466,3,20,100,446757,1
34221.49137189,3,5,100,446789,1
34222.37768789,5,19,100,451321,-1
34222.803254301,1,21,100,450140,1
34223.192008066,5,21,100,450140,1
34223.541959946,1,22,100,450369,1
34224.531678761,3,18,100,446523,1
34225.420644317,1,23,100,450618,1
34225.891730254,1,24,100,450404,-1
34226.607926691,1,25,100,448092,1
34228.312474802,1,26,100,449499,1
34228.998766799,5,22,100,450369,1
34229.339343238,1,27,100,451067,-1
34229.989644534,1,28,100,450415,-1
34230.650903138,1,29,100,450277,1
34232.011651081,1,30,100,450523,1
34232.406228022,4,23,100,450618,1
34233.020761035,1,31,100,450953,1
34233.693243604,3,27,100,451067,-1
34234.453751241,1,32,100,451112,1
34235.074357072,1,33,100,454332,-1
34235.760734365,1,34,100,450602,1
34236.543162496,3,30,100,450523,1
34236.947294888,1,35,100,457513,-1
34237.688114364,1,36,100,452079,1
34238.424592453,1,37,100,453290,-1
34239.363388638,3,35,100,457513,-1
34240.715376041,3,26,100,449499,1
34241.662369443,4,29,100,450277,1
34243.383635075,3,36,100,452079,1
34244.319440369,5,28,100,450415,-1
34244.888229498,3,37,100,453290,-1
34245.497250841,1,38,100,451463,1
34245.993329594,1,39,100,450503,1
34246.887667385,3,34,100,450602,1
34247.337332916,4,38,100,451463,1
34247.878945552,4,24,100,450404,-1
34248.711442614,3,33,100,454332,-1
34249.379222108,3,12,100,452889,-1
34250.065352058,1,40,100,451178,-1
34250.51563275,5,39,100,450503,1
34251.138859564,3,25,100,448092,1
34251.553292413,1,41,100,448467,1
34252.225238447,3,32,100,451112,1
34252.732300905,1,42,100,452246,-1
34253.633831101,1,43,100,451286,-1
34254.554991198,1,44,100,451698,1
34256.220362522,1,45,100,451134,-1
34257.38295602,3,41,100,448467,1
34257.782090675,1,46,100,450795,1
34258.318304631,4,31,100,450953,1
34259.222055765,1,47,100,451136,-1
34260.026224366,5,47,100,451136,-1
34260.920748602,1,48,100,447878,1
34261.576545816,3,48,100,447878,1
34262.51432002,3,42,100,452246,-1
34263.082129363,1,49,100,453376,-1
34263.903413623,3,45,100,451134,-1
34264.224340403,3,44,100,451698,1
34264.636916976,3,11,100,451546,-1
34265.995090094,4,46,100,450795,1
34266.674379222,1,50,100,451156,-1
34267.406655083,5,40,100,451178,-1
34268.199410635,3,43,100,451286,-1
34268.78440199,4,50,100,451156,-1
34269.567321957,1,51,100,448306,1
34271.152811579,1,52,100,449081,-1
34271.504658695,1,53,100,451296,-1
34272.375125133,4,53,100,451296,-1
34272.747303732,1,54,100,453700,-1
34273.192061182,1,55,100,454114,-1
34273.88061229,3,49,100,453376,-1
34274.461604457,1,56,100,453357,-1
34274.990137866,3,54,100,453700,-1
34275.769890353,5,52,100,449081,-1
34276.20568665,3,55,100,454114,-1
34276.670792805,4,56,100,453357,-1
34277.098577094,3,51,100,448306,1
34277.540404922,1,57,100,454492,-1
34278.141957112,1,58,100,452925,-1
34278.880670667,4,58,100,452925,-1
34279.623809764,1,59,100,454918,-1
34280.288113785,4,59,100,454918,-1
34281.875942441,4,57,100,454492,-1
34282.437219325,1,60,100,446814,1
34283.122181792,1,61,100,449249,1
34283.720284601,1,62,100,452373,-1
34284.063867137,5,62,100,452373,-1
34284.543538291,1,63,100,449506,1
34284.995084896,4,63,100,449506,1
34285.553034597,3,61,100,449249,1
34286.488811074,3,60,100,446814,1
34286.89380177,1,64,100,453286,-1
34287.412835168,4,64,100,453286,-1
34288.355999273,1,65,100,449999,1
34289.205705932,3,65,100,449999,1
34289.73081072,1,66,100,449174,1
34291.250247206,1,67,100,449926,-1
34291.775701733,3,67,100,449926,-1
34292.64884898,1,68,100,455420,-1
34293.177421796,3,68,100,455420,-1
34294.509223602,1,69,100,449689,1
34296.777018446,1,70,100,450892,1
34298.032814053,1,71,100,453647,-1
34298.737262683,5,70,100,450892,1
34299.414210049,4,71,100,453647,-1
34299.749507003,1,72,100,452720,1
34300.14999539,3,66,100,449174,1
34301.060039563,4,72,100,452720,1
34302.092368633,1,73,100,450661,1
34302.407673368,1,74,100,451641,1
34303.226745036,3,69,100,449689,1
34303.902176812,1,75,100,450641,1
34304.971775843,4,74,100,451641,1
34305.644467424,1,76,100,452275,-1
34306.123177669,4,76,100,452275,-1
34306.989919578,1,77,100,451950,-1
34307.736389622,1,78,100,451887,1
34308.377517852,1,79,100,454101,-1
34309.876067068,1,80,100,452733,-1
34310.474958803,4,78,100,451887,1
34311.218478811,3,79,100,454101,-1
34311.706029904,3,75,100,450641,1
34312.148190584,1,81,100,453880,-1
34313.199307401,3,73,100,450661,1
34313.57492282,1,82,100,451482,-1
34314.398161363,1,83,100,452045,-1
34315.058818104,3,80,100,452733,-1
34315.393937958,3,83,100,452045,-1
34316.153138055,3,77,100,451950,-1
34316.925029579,3,82,100,451482,-1
34317.459876449,1,84,100,454554,1
34318.197441708,1,85,100,449551,1
34318.84583422,4,84,100,454554,1
34319.672032634,1,86,100,453186,-1
34320.427887129,5,86,100,453186,-1
34321.148864682,1,87,100,452101,1
34321.833730109,1,88,100,451454,1
34322.435288915,4,88,100,451454,1
34323.220908682,3,85,100,449551,1
34324.019468255,3,87,100,452101,1
34324.502019771,3,81,100,453880,-1
34324.893026185,1,89,100,451956,1
34325.532290261,5,89,100,451956,1
34325.867428577,1,90,100,452171,1
34326.402503121,1,91,100,452985,-1
34328.114855402,1,92,100,452812,-1
34328.668187327,1,93,100,452058,1
34329.004146296,1,94,100,453251,-1
34329.560708988,3,92,100,452812,-1
34330.370690108,3,93,100,452058,1
34331.142478744,4,90,100,452171,1
34331.559095462,3,94,100,453251,-1
34332.413749457,1,95,100,451118,1
34333.034009686,1,96,100,458391,-1
34333.496927715,1,97,100,454957,-1
34334.219067507,3,96,100,458391,-1
34334.984860311,5,91,100,452985,-1
34335.852732483,1,98,100,453168,1
34336.663178584,3,97,100,454957,-1
34337.472114095,1,99,100,451110,1
34338.106442706,1,100,100,454973,-1
34338.591595958,4,98,100,453168,1
34339.063473138,1,101,100,450998,1
34339.41284527,1,102,100,451207,1
34340.206693939,5,100,100,454973,-1
34341.047292831,4,101,100,450998,1
34341.707703642,3,102,100,451207,1
34342.217106215,3,95,100,451118,1
34343.341935623,1,103,100,452581,1
34344.002938275,5,103,100,452581,1
34344.825398032,1,104,100,448566,1
34345.200899213,3,99,100,451110,1
34346.582717066,3,104,100,448566,1
34347.272755747,1,105,100,451688,1
34347.805553469,4,105,100,451688,1
34348.613676082,1,106,100,451087,-1
34349.70577591,3,106,100,451087,-1
34350.514430658,1,107,100,452539,-1
34351.182926873,1,108,100,455285,-1
34351.552317387,1,109,100,448853,1
34352.014633984,5,109,100,448853,1
34352.421900477,3,107,100,452539,-1
34353.298729172,1,110,100,453284,-1
34354.202559921,3,110,100,453284,-1
34355.143936502,1,111,100,453765,-1
34355.72046334,1,112,100,453243,-1
34356.044669024,1,113,100,450716,1
34356.59394886,4,112,100,453243,-1
34357.975601558,5,111,100,453765,-1
34358.856234347,3,108,100,455285,-1
34359.246976157,1,114,100,452349,1
34359.568131463,4,114,100,452349,1
34360.323199387,4,113,100,450716,1
34360.708770842,1,115,100,453377,-1
34361.140208485,5,115,100,453377,-1
34361.92793816,1,116,100,450907,1
34362.537390542,3,116,100,450907,1
34363.415579568,1,117,100,452756,1
34363.926408141,3,117,100,452756,1
34364.383731136,1,118,100,454226,-1
34365.146649241,4,118,100,454226,-1
34365.609810845,1,119,100,453197,1
34366.225641713,1,120,100,454893,-1
34366.69615681,1,121,100,455631,-1
34368.10940317,3,121,100,455631,-1
34368.482074109,1,122,100,455476,1
34369.174879737,3,119,100,453197,1
34369.765951985,1,123,100,456217,-1
34370.52076318,1,124,100,454178,-1
34371.385587273,1,125,100,454881,-1
34371.904492623,1,126,100,454760,-1
34372.766182382,3,124,100,454178,-1
34373.392610507,1,127,100,456406,-1
34374.228285907,1,128,100,455747,1
34374.732121415,1,129,100,453563,1
34375.400476628,1,130,100,457369,-1
34376.621936997,4,127,100,456406,-1
34377.028848814,4,123,100,456217,-1
34377.971537728,3,126,100,454760,-1
34379.207871477,1,131,100,457311,-1
34379.542640114,3,129,100,453563,1
34379.911968275,1,132,100,458039,-1
34380.755871455,3,128,100,455747,1
34381.265128211,1,133,100,453915,-1
34381.665332906,4,133,100,453915,-1
34382.278389824,4,122,100,455476,1
34382.772638421,3,130,100,457369,-1
34384.268823168,4,132,100,458039,-1
34385.029473356,3,131,100,457311,-1
34386.655428898,3,120,100,454893,-1
34387.153482275,1,134,100,456319,-1
34387.687032355,1,135,100,452514,-1
34389.359054109,1,136,100,453470,-1
34390.658583461,3,135,100,452514,-1
34391.229539244,3,125,100,454881,-1
34391.7407925,1,137,100,451660,1
34392.394828808,5,134,100,456319,-1
34393.332761953,3,137,100,451660,1
34393.702342701,1,138,100,449666,1
34394.434143807,1,139,100,454350,-1
34394.998905499,1,140,100,454135,-1
34395.693367891,1,141,100,451729,-1
34396.63932075,1,142,100,452400,1
34397.331819013,1,143,100,451082,1
34398.117858425,1,144,100,450838,-1
34398.740229346,5,140,100,454135,-1
34399.206029259,3,144,100,450838,-1
34399.964509962,1,145,100,450290,-1
34400.550110373,5,136,100,453470,-1
34401.111449699,1,146,100,450181,-1
34401.584069992,1,147,100,450948,-1
34401.982519704,3,143,100,451082,1
34402.360384699,1,148,100,452095,-1
34403.215586222,1,149,100,452834,-1
34403.886700762,1,150,100,452317,-1
34404.747474231,1,151,100,447991,1
34405.524637324,1,152,100,447691,1
34406.339288448,1,153,100,450881,1
34407.068953183,3,147,100,450948,-1
34407.399731733,4,146,100,450181,-1
34408.664507313,4,148,100,452095,-1
34409.167821669,4,145,100,450290,-1
34409.635851096,4,149,100,452834,-1
34410.23494675,3,138,100,449666,1
34410.694449218,3,139,100,454350,-1
34412.244405854,4,142,100,452400,1
34412.791538827,4,141,100,451729,-1
34413.408207864,3,152,100,447691,1
34413.951724311,1,154,100,450201,-1
34414.647461533,3,154,100,450201,-1
34415.373676355,4,153,100,450881,1
34416.203378066,1,155,100,451460,1
34417.090315549,3,150,100,452317,-1
34417.578205428,4,155,100,451460,1
34417.986133584,3,151,100,447991,1
34418.782897866,1,156,100,452489,-1
34420.213606868,4,156,100,452489,-1
34420.838369447,1,157,100,450554,1
34421.581109887,3,157,100,450554,1
34422.113750114,1,158,100,451089,1
34422.566251981,1,159,100,450010,1
34422.995041366,1,160,100,452553,-1
34423.768806992,3,159,100,450010,1
34424.29270102,3,160,100,452553,-1
34426.031907865,3,158,100,451089,1
34426.7494263,1,161,100,450220,1
34427.189860085,3,161,100,450220,1
34427.651378928,1,162,100,450965,1
34428.895619059,1,163,100,451938,-1
34429.575041739,3,162,100,450965,1
34430.223485255,1,164,100,448866,-1
34430.561847059,1,165,100,450597,-1
34431.369026988,1,166,100,448305,1
34432.977976344,5,163,100,451938,-1
34434.258883629,3,166,100,448305,1
34435.086167463,1,167,100,451956,-1
34435.473837729,3,167,100,451956,-1
34436.219753035,3,165,100,450597,-1
34437.466973025,3,164,100,448866,-1
34437.901567671,1,168,100,450231,-1
34438.691932632,1,169,100,449168,1
34439.486667047,3,168,100,450231,-1
34440.115448572,1,170,100,449867,-1
34441.036625033,1,171,100,446911,1
34441.522916784,3,169,100,449168,1
34442.086273466,1,172,100,447844,1
34442.708952211,1,173,100,446452,1
34443.625301273,4,171,100,446911,1
34444.466742895,3,173,100,446452,1
34444.960387889,4,172,100,447844,1
34445.426069306,3,170,100,449867,-1
34446.093709698,1,174,100,444677,1
34446.730205146,4,174,100,444677,1
34447.498680513,1,175,100,445484,1
34448.002295462,4,175,100,445484,1
34448.803210789,1,176,100,443263,1
34449.723656886,1,177,100,444506,1
34450.550219454,5,176,100,443263,1
34451.735905263,1,178,100,443127,1
34452.484785831,1,179,100,444142,-1
34453.334796737,1,180,100,444020,-1
34454.179757037,1,181,100,442654,1
34454.742335608,4,177,100,444506,1
34455.649069799,1,182,100,440943,1
34456.49555012,3,181,100,442654,1
34457.969670643,3,180,100,444020,-1
34458.590630272,3,178,100,443127,1
34459.500186749,3,179,100,444142,-1
34460.432681464,1,183,100,442187,1
34461.339735136,3,182,100,440943,1
34461.825351293,1,184,100,446487,-1
34462.388685876,1,185,100,442754,1
34462.96847335,4,184,100,446487,-1
34463.750301411,1,186,100,443085,1
34464.319225102,1,187,100,446533,-1
34465.077614031,3,183,100,442187,1
34466.000807242,1,188,100,444714,-1
34466.715153688,4,188,100,444714,-1
34467.620126276,3,185,100,442754,1
34468.176679965,3,186,100,443085,1
34468.990818001,1,189,100,443619,-1
34469.836945503,1,190,100,443834,-1
34470.172093673,1,191,100,443391,-1
34470.978067298,1,192,100,445229,-1
34471.475665308,4,191,100,443391,-1
34471.815178706,1,193,100,441692,1
34472.710043618,4,189,100,443619,-1
34473.293919259,1,194,100,442248,-1
34475.414161798,1,195,100,442398,1
34476.707038071,1,196,100,443982,-1
34477.155736577,4,195,100,442398,1
34477.803940221,3,190,100,443834,-1
34478.176001202,3,193,100,441692,1
34478.613532436,5,192,100,445229,-1
34479.497746778,1,197,100,444970,-1
34479.947872254,1,198,100,442682,1
34480.77496118,1,199,100,444473,1
34482.590208374,4,199,100,444473,1
34483.290403743,1,200,100,443259,1
34484.1610062,3,197,100,444970,-1
34484.775148357,1,201,100,443680,1
34485.462900115,3,187,100,446533,-1
34486.111864388,3,196,100,443982,-1
34486.954995031,4,194,100,442248,-1
34487.489111697,5,198,100,442682,1
34487.91714995,3,200,100,443259,1
34488.527751818,1,202,100,444546,1
34490.298647934,4,202,100,444546,1
34490.746601698,5,201,100,443680,1
34491.216844611,1,203,100,446823,1
34491.709787119,4,203,100,446823,1
34492.2645935,1,204,100,446486,1
34493.435806715,1,205,100,447427,-1
34494.73465482,5,204,100,446486,1
34495.664497294,4,205,100,447427,-1
34496.225965958,1,206,100,448273,-1
34496.611863429,4,206,100,448273,-1
34496.998008294,1,207,100,449095,-1
34497.346284885,4,207,100,449095,-1
34498.212589277,1,208,100,448464,1
34499.141908251,1,209,100,448122,1
34499.602018981,4,208,100,448464,1
34500.213703167,4,209,100,448122,1
34500.833687551,1,210,100,448801,-1
34501.191056273,1,211,100,449678,-1
34502.051184061,3,210,100,448801,-1
34502.969017348,1,212,100,447147,1
34503.32039959,3,211,100,449678,-1
34504.086140667,3,212,100,447147,1
34504.567336101,1,213,100,443995,1
34505.092259694,3,213,100,443995,1
34505.536426468,1,214,100,449178,-1
34506.468645883,1,215,100,449441,1
34507.218482885,1,216,100,452527,-1
34507.54584102,3,214,100,449178,-1
34507.930928817,4,215,100,449441,1
34508.722841079,4,216,100,452527,-1
34509.204203654,1,217,100,449359,-1
34510.164730966,3,217,100,449359,-1
34511.066070913,1,218,100,448527,-1
34511.700046676,3,218,100,448527,-1
34512.295235051,1,219,100,449089,1
34512.620688609,1,220,100,447147,1
34513.25205239,3,219,100,449089,1
34514.170409971,1,221,100,450143,-1
34514.937324143,1,222,100,450503,-1
34515.829685549,1,223,100,448712,1
34516.371066952,1,224,100,449637,-1
34517.110460608,1,225,100,452866,-1
34518.010416948,1,226,100,454156,-1
34518.555919879,4,224,100,449637,-1
34519.322836138,1,227,100,452055,-1
34520.179756104,1,228,100,449989,1
34520.977056559,1,229,100,449697,1
34521.626469495,4,222,100,450503,-1
34522.92603733,1,230,100,449300,-1
34523.624738269,3,226,100,454156,-1
34524.255289069,3,225,100,452866,-1
34524.779086173,5,230,100,449300,-1
34525.115668728,1,231,100,449138,-1
34525.603006369,3,231,100,449138,-1
34525.935892444,1,232,100,448707,1
34526.765822487,3,227,100,452055,-1
34527.285463376,1,233,100,447753,1
34528.10230372,5,221,100,450143,-1
34528.517430698,1,234,100,449648,-1
34529.442445969,5,220,100,447147,1
34530.206846241,1,235,100,446726,1
34530.549209246,1,236,100,450910,-1
34531.283123983,1,237,100,449238,-1
34531.810803004,1,238,100,450737,-1
34532.718350119,1,239,100,452111,-1
34533.185342044,1,240,100,447870,1
34533.637023485,5,238,100,450737,-1
34534.161278286,4,237,100,449238,-1
34535.015303804,3,229,100,449697,1
34535.542080186,1,241,100,451963,-1
34536.094730195,5,239,100,452111,-1
34537.1513839,4,236,100,450910,-1
34537.477051527,1,242,100,452082,1
34538.106758068,1,243,100,449624,1
34538.862385252,1,244,100,452949,-1
34540.252977679,4,241,100,451963,-1
34541.38453644,3,223,100,448712,1
34541.722088922,4,244,100,452949,-1
34542.668175692,1,245,100,451632,1
34543.26700553,1,246,100,453819,-1
34543.864330389,1,247,100,452809,-1
34544.65304512,1,248,100,453823,-1
34546.068526424,1,249,100,448154,1
34546.711491713,1,250,100,453164,-1
34547.651891572,1,251,100,451682,1
34548.20438107,1,252,100,450311,1
34548.558722948,5,250,100,453164,-1
34549.513246066,1,253,100,452709,-1
34549.888348016,1,254,100,451743,-1
34550.560554762,3,247,100,452809,-1
34550.967551998,4,251,100,451682,1
34551.544966772,3,235,100,446726,1
34552.329302967,3,248,100,453823,-1
34553.053113724,1,255,100,452573,-1
34553.940740592,1,256,100,449014,1
34555.139101073,1,257,100,453331,-1
34556.043798915,4,242,100,452082,1
34556.96796715,1,258,100,451085,-1
34557.853709846,1,259,100,450008,1
34558.450160412,1,260,100,453597,-1
34558.904294282,1,261,100,453440,-1
34559.342995702,3,228,100,449989,1
34560.462537465,1,262,100,451657,1
34560.999222959,1,263,100,453184,1
34561.435218651,3,262,100,451657,1
34562.352745901,1,264,100,449293,1
34562.88287796,1,265,100,448809,1
34563.563107914,1,266,100,447408,1
34564.40410461,1,267,100,454544,-1
34564.939958638,1,268,100,450644,1
34565.597445945,1,269,100,452734,1
34567.145708388,4,234,100,449648,-1
34567.910413769,1,270,100,454570,-1
34568.431919556,1,271,100,452876,1
34568.946533011,1,272,100,454148,-1
34569.331730766,3,260,100,453597,-1
34570.014064119,1,273,100,452680,1
34570.433322626,1,274,100,453355,1
34570.805238603,4,254,100,451743,-1
34571.150773981,4,273,100,452680,1
34572.012411618,1,275,100,454113,-1
34573.470235015,1,276,100,452860,-1
34574.336076575,1,277,100,452950,-1
34574.947924578,1,278,100,454688,-1
34575.74671337,1,279,100,452717,-1
34576.80252095,5,272,100,454148,-1
34577.469871098,1,280,100,452917,-1
34578.422881786,1,281,100,449733,1
34578.79794157,5,263,100,453184,1
34579.148761634,3,268,100,450644,1
34579.861326703,1,282,100,451719,-1
34580.487227412,4,281,100,449733,1
34581.116126086,1,283,100,450361,1
34581.878385596,1,284,100,448598,1
34582.221900341,3,284,100,448598,1
34582.989532231,1,285,100,456845,-1
34583.523333194,4,274,100,453355,1
34584.212095468,1,286,100,449317,1
34585.112133903,4,245,100,451632,1
34585.502100014,4,276,100,452860,-1
34586.3555775,3,282,100,451719,-1
34586.737562466,1,287,100,452816,1
34587.152768,4,269,100,452734,1
34588.119929511,1,288,100,453165,-1
34589.02304747,1,289,100,450531,-1
34589.918644002,1,290,100,450011,1
34590.685268506,4,258,100,451085,-1
34591.391109175,3,257,100,453331,-1
34591.955296301,4,243,100,449624,1
34592.665919106,3,246,100,453819,-1
34593.123139173,3,271,100,452876,1
34593.617323511,3,232,100,448707,1
34593.949528513,1,291,100,453429,-1
34594.390175474,1,292,100,448801,1
34595.061926655,3,287,100,452816,1
34595.458406853,3,280,100,452917,-1
34596.218408522,3,249,100,448154,1
34596.924947396,3,292,100,448801,1
34597.328049745,3,259,100,450008,1
34597.780845442,1,293,100,452818,-1
34598.376725836,1,294,100,453983,-1
34599.105129846,3,266,100,447408,1
34599.561238572,3,294,100,453983,-1
34600.081676716,3,285,100,456845,-1
34600.797179407,3,253,100,452709,-1
34601.497018839,1,295,100,451747,-1
34601.9247082,3,240,100,447870,1
34602.582473976,5,279,100,452717,-1
34603.28133073,4,289,100,450531,-1
34603.650849325,1,296,100,450691,-1
34604.171541779,3,296,100,450691,-1
34604.51060285,3,255,100,452573,-1
34605.399140699,1,297,100,449740,1
34606.331523514,4,295,100,451747,-1
34607.088779773,3,293,100,452818,-1
34607.760034281,1,298,100,453481,-1
34608.398838176,1,299,100,451979,1
34609.124334741,1,300,100,454613,-1
34609.581586366,4,291,100,453429,-1
34610.071157404,3,261,100,453440,-1
34610.983088386,3,286,100,449317,1
34611.480435389,4,288,100,453165,-1
34612.401798294,1,301,100,455552,-1
34612.783130399,4,299,100,451979,1
34613.509946756,1,302,100,451187,1
34614.222118484,1,303,100,449969,1
34614.711913567,3,278,100,454688,-1
34615.236476272,3,302,100,451187,1
34616.010537956,1,304,100,453732,-1
34616.342175932,5,267,100,454544,-1
34617.242870822,1,305,100,451187,-1
34618.162854043,4,297,100,449740,1
34618.63812257,1,306,100,450972,-1
34619.33744524,3,304,100,453732,-1
34619.919670736,3,300,100,454613,-1
34620.668547297,4,283,100,450361,1
34621.117008992,4,264,100,449293,1
34621.551353729,1,307,100,450711,-1
34622.061857737,3,277,100,452950,-1
34622.667327739,1,308,100,449631,-1
34623.32571682,3,256,100,449014,1
34624.234141667,1,309,100,450231,-1
34625.041024394,3,252,100,450311,1
34625.376498364,1,310,100,452639,-1
34626.18286292,3,310,100,452639,-1
34626.589430984,1,311,100,452408,1
34627.143253217,1,312,100,450956,1
34627.800781946,1,313,100,453840,-1
34628.404822115,4,308,100,449631,-1
34629.35292084,5,312,100,450956,1
34630.31910104,3,290,100,450011,1
34630.77713186,3,305,100,451187,-1
34631.145584217,4,309,100,450231,-1
34631.992757883,1,314,100,448624,1
34632.81746644,1,315,100,448772,1
34633.593932864,4,306,100,450972,-1
34634.447200333,1,316,100,452989,-1
34634.988896774,3,298,100,453481,-1
34637.263229463,1,317,100,450956,1
34637.655471941,5,314,100,448624,1
34638.090736444,3,233,100,447753,1
34638.699454415,1,318,100,453827,-1
34639.554135174,1,319,100,448848,1
34640.30915039,3,311,100,452408,1
34640.711806684,4,313,100,453840,-1
34641.470797229,1,320,100,453616,-1
34642.111634361,1,321,100,451364,1
34642.734269197,5,317,100,450956,1
34643.193044406,1,322,100,452550,1
34643.564737012,3,320,100,453616,-1
34644.681043235,5,318,100,453827,-1
34645.494810676,4,322,100,452550,1
34646.354340901,1,323,100,454993,-1
34647.171308642,1,324,100,453028,-1
34648.102137686,3,301,100,455552,-1
34649.348405329,5,275,100,454113,-1
34649.894835081,1,325,100,454328,1
34650.673283544,3,316,100,452989,-1
34651.221352957,1,326,100,454570,-1
34652.1602899,3,303,100,449969,1
34652.702188646,1,327,100,453000,1
34653.235839137,4,307,100,450711,-1
34654.090090366,4,327,100,453000,1
34654.838505251,4,325,100,454328,1
34656.904911536,1,328,100,451415,-1
34657.328431705,3,315,100,448772,1
34657.899388486,4,319,100,448848,1
34658.808895604,1,329,100,447022,1
34659.76135563,4,321,100,451364,1
34660.168021596,1,330,100,449247,-1
34660.598144886,1,331,100,450257,-1
34661.208825999,1,332,100,446150,1
34661.708822723,1,333,100,449519,-1
34662.56796465,1,334,100,449698,-1
34663.248148838,3,329,100,447022,1
34664.179768405,4,331,100,450257,-1
34665.780997923,3,324,100,453028,-1
34666.229539754,3,326,100,454570,-1
34667.1600923,3,265,100,448809,1
34668.123362104,1,335,100,447450,1
34668.565576836,4,335,100,447450,1
34669.116854281,1,336,100,448077,-1
34669.690325795,1,337,100,446219,1
34670.017247517,1,338,100,444352,1
34670.681726896,1,339,100,445218,-1
34671.654524659,3,323,100,454993,-1
34672.460595762,1,340,100,444675,1
34673.215688979,1,341,100,443956,1
34674.144883114,3,332,100,446150,1
34674.556502851,1,342,100,445475,1
34675.431858097,1,343,100,447623,-1
34675.900165749,1,344,100,450004,-1
34676.54805258,3,270,100,454570,-1
34677.049479297,1,345,100,449144,-1
34677.385761455,4,339,100,445218,-1
34678.049268112,3,342,100,445475,1
34678.710227838,3,340,100,444675,1
34679.486837511,1,346,100,450773,-1
34679.892592566,4,345,100,449144,-1
34680.86023871,1,347,100,449880,1
34681.232009648,5,341,100,443956,1
34681.584037007,5,334,100,449698,-1
34682.024182894,5,328,100,451415,-1
34682.410699682,3,336,100,448077,-1
34683.296679201,3,344,100,450004,-1
34684.191926782,1,348,100,451185,-1
34685.12301169,3,343,100,447623,-1
34685.886053315,1,349,100,451647,-1
34686.863123889,3,330,100,449247,-1
34687.649193185,4,333,100,449519,-1
34688.574642439,1,350,100,449229,-1
34688.99474564,1,351,100,448544,-1
34689.429151976,5,348,100,451185,-1
34690.073807616,1,352,100,449069,1
34690.723611953,1,353,100,447573,1
34691.161681608,1,354,100,447777,1
34691.675258557,3,338,100,444352,1
34692.237068154,3,346,100,450773,-1
34692.608215188,5,351,100,448544,-1
34693.371568287,1,355,100,447390,1
34694.272213781,1,356,100,449895,-1
34694.97892089,3,352,100,449069,1
34695.656110463,3,349,100,451647,-1
34696.666247609,1,357,100,447834,-1
34697.312347168,3,354,100,447777,1
34697.91976906,1,358,100,446637,1
34698.798971279,3,347,100,449880,1
34699.137313309,3,337,100,446219,1
34699.932654091,1,359,100,445731,-1
34700.633286917,5,357,100,447834,-1
34701.047921081,1,360,100,445042,-1
34701.382266763,1,361,100,444959,1
34702.055269253,1,362,100,444922,1
34702.4128464,1,363,100,445742,-1
34703.591217192,5,350,100,449229,-1
34704.035554328,3,356,100,449895,-1
34704.513687318,1,364,100,444408,-1
34705.485283308,3,361,100,444959,1
34706.333210924,1,365,100,442731,-1
34707.274362669,1,366,100,439781,1
34707.661985734,1,367,100,441512,-1
34708.120483481,3,355,100,447390,1
34709.020029266,3,367,100,441512,-1
34709.989050096,1,368,100,439018,1
34710.875803785,1,369,100,437665,1
34711.413324972,1,370,100,438834,1
34712.266043129,5,359,100,445731,-1
34713.168376376,3,365,100,442731,-1
34713.913144281,3,358,100,446637,1
34714.250995083,3,360,100,445042,-1
34714.719826952,3,368,100,439018,1
34715.584507516,1,371,100,438927,-1
34716.314393495,3,371,100,438927,-1
34716.963947471,3,364,100,444408,-1
34717.834510243,3,363,100,445742,-1
34719.008786469,1,372,100,435060,1
34719.742622208,1,373,100,439693,-1
34720.420816249,1,374,100,437514,-1
34722.483262799,1,375,100,434845,1
34723.367394578,4,366,100,439781,1
34724.058402533,4,362,100,444922,1
34724.727170476,3,375,100,434845,1
34725.169048496,1,376,100,434046,1
34726.111155858,1,377,100,437614,-1
34727.090473751,1,378,100,437967,-1
34728.04090294,4,353,100,447573,1
34728.85556471,1,379,100,435268,1
34730.06015278,3,379,100,435268,1
34730.556541731,1,380,100,436159,-1
34732.702087791,1,381,100,437577,-1
34733.574624988,1,382,100,436779,-1
34735.409745357,3,372,100,435060,1
34735.968774343,4,382,100,436779,-1
34736.379413625,3,376,100,434046,1
34737.263261257,1,383,100,435763,-1
34737.949418286,1,384,100,432799,1
34739.276096292,1,385,100,433921,1
34740.11988918,4,369,100,437665,1
34740.503416504,3,377,100,437614,-1
34741.026024196,3,378,100,437967,-1
34741.514197295,1,386,100,436818,-1
34741.92997489,1,387,100,435978,1
34742.956446599,3,370,100,438834,1
34743.878323479,5,374,100,437514,-1
34744.435045884,1,388,100,433130,1
34746.184741052,1,389,100,434456,1
34747.54482934,3,385,100,433921,1
34748.219367089,5,388,100,433130,1
34748.948633194,3,387,100,435978,1
34749.665519617,4,380,100,436159,-1
34750.439328786,1,390,100,435339,1
34751.165442465,3,389,100,434456,1
34751.92728856,1,391,100,434941,-1
34752.886130062,3,386,100,436818,-1
34753.800893893,1,392,100,434695,-1
34754.41183825,1,393,100,433020,-1
34755.313782092,1,394,100,435743,-1
34756.784730872,4,390,100,435339,1
34757.178595936,1,395,100,433745,-1
34757.655262675,1,396,100,433599,-1
34758.858768151,1,397,100,432988,1
34759.47417453,1,398,100,433501,1
34759.821094098,4,393,100,433020,-1
34761.113726847,5,398,100,433501,1
34761.838362756,1,399,100,434999,-1
34763.246856789,1,400,100,433109,-1
34763.862668861,1,401,100,434967,-1
34764.269207283,1,402,100,430729,1
34765.143863281,3,395,100,433745,-1
34766.955416077,1,403,100,430979,1
34767.90888019,4,396,100,433599,-1
34768.370502138,1,404,100,435865,1
34769.119076997,4,383,100,435763,-1
34770.045405243,3,400,100,433109,-1
34770.719515983,1,405,100,433764,1
34771.447724755,1,406,100,433588,1
34772.388220789,4,401,100,434967,-1
34773.115702141,1,407,100,436213,-1
34773.946735417,1,408,100,432598,1
34774.86429556,3,403,100,430979,1
34775.974411442,3,384,100,432799,1
34776.908725759,3,402,100,430729,1
34777.750847491,3,397,100,432988,1
34778.202460199,1,409,100,432926,1
34778.864540705,4,408,100,432598,1
34779.635759031,3,406,100,433588,1
34780.560322363,1,410,100,433392,-1
34781.001993987,1,411,100,430845,1
34781.82161031,1,412,100,434043,-1
34782.6949392,1,413,100,429637,1
34783.177281429,3,407,100,436213,-1
34783.942170956,3,394,100,435743,-1
34784.84083632,3,413,100,429637,1
34785.822727705,1,414,100,431404,-1
34786.166741189,3,409,100,432926,1
34786.97548851,1,415,100,431762,-1
34787.31450259,1,416,100,432541,-1
34787.893112665,1,417,100,430859,1
34788.237360528,3,415,100,431762,-1
34788.966555786,5,399,100,434999,-1
34789.33695431,4,411,100,430845,1
34789.780572497,1,418,100,427758,1
34790.328762647,1,419,100,431820,-1
34790.668332488,1,420,100,430474,1
34791.310876632,1,421,100,433041,-1
34792.508274568,3,414,100,431404,-1
34793.943832638,1,422,100,429146,1
34794.369704865,3,381,100,437577,-1
34795.107539321,3,422,100,429146,1
34795.476226839,5,417,100,430859,1
34795.950771999,1,423,100,433715,-1
34796.631663311,1,424,100,430678,-1
34797.378729509,1,425,100,431496,-1
34798.021862821,3,404,100,435865,1
34798.786150964,3,423,100,433715,-1
34800.210868826,5,424,100,430678,-1
34801.116414947,1,426,100,431739,-1
34801.558442452,4,419,100,431820,-1
34803.262697312,1,427,100,429966,1
34804.219549359,5,427,100,429966,1
34804.623763783,4,425,100,431496,-1
34805.204047883,1,428,100,432484,1
34806.546979896,3,416,100,432541,-1
34807.021065938,4,405,100,433764,1
34807.885893239,1,429,100,433125,1
34808.323387508,4,428,100,432484,1
34809.266381933,1,430,100,433927,-1
34810.227378137,4,421,100,433041,-1
34811.130656217,1,431,100,432084,1
34811.947947768,3,429,100,433125,1
34812.761796946,3,373,100,439693,-1
34813.10713073,1,432,100,430827,1
34815.776199629,3,391,100,434941,-1
34817.142551773,1,433,100,436942,-1
34818.011175631,1,434,100,435487,1
34819.263286233,1,435,100,436421,1
34820.064974944,3,420,100,430474,1
34820.524780889,3,435,100,436421,1
34821.415794432,3,392,100,434695,-1
34822.001461879,3,434,100,435487,1
34822.394959361,1,436,100,441109,-1
34823.245949611,3,432,100,430827,1
34823.703707692,3,426,100,431739,-1
34824.536263731,3,410,100,433392,-1
34825.193049224,3,436,100,441109,-1
34825.798477963,5,431,100,432084,1
34826.628093428,1,437,100,438385,-1
34827.422546043,1,438,100,437237,-1
34827.84160546,1,439,100,438053,1
34828.657254519,5,438,100,437237,-1
34830.070335892,3,430,100,433927,-1
34830.702231646,3,433,100,436942,-1
34831.631738909,1,440,100,437296,1
34832.559675441,1,441,100,440283,-1
34833.362838822,1,442,100,438185,-1
34834.625497049,3,437,100,438385,-1
34835.134116478,1,443,100,436427,1
34835.666497859,3,418,100,427758,1
34836.775188013,1,444,100,437266,-1
34838.035894178,5,444,100,437266,-1
34839.025518089,1,445,100,435411,1
34839.89190985,3,441,100,440283,-1
34840.322029627,5,443,100,436427,1
34840.917102099,3,439,100,438053,1
34841.399966004,1,446,100,438307,-1
34842.086337952,4,412,100,434043,-1
34842.418986087,1,447,100,435384,1
34843.292272711,5,440,100,437296,1
34844.308911254,1,448,100,432681,1
34844.895792149,1,449,100,437121,-1
34845.302853873,4,445,100,435411,1
34846.104867702,1,450,100,438507,-1
34847.059352387,5,442,100,438185,-1
34847.968979767,4,447,100,435384,1
34848.832085358,5,449,100,437121,-1
34850.284227343,3,446,100,438307,-1
34851.332226108,3,450,100,438507,-1
34852.170056809,1,451,100,435109,-1
34853.054732903,3,451,100,435109,-1
34853.537942404,3,448,100,432681,1
34853.97141671,1,452,100,433263,1
34854.790211331,1,453,100,432860,-1
34855.777068119,1,454,100,433351,-1
34856.216042019,1,455,100,431762,1
34857.188692865,1,456,100,431891,1
34857.902278726,1,457,100,430540,1
34858.347221813,3,452,100,433263,1
34858.793336692,1,458,100,428171,1
34859.186199571,5,454,100,433351,-1
34859.529227795,1,459,100,429502,-1
34860.416579993,1,460,100,431095,1
34861.282599143,4,455,100,431762,1
34862.078152227,3,453,100,432860,-1
34863.024426262,3,460,100,431095,1
34863.690504737,1,461,100,432206,-1
34864.198606686,1,462,100,430968,1
34864.714802572,3,461,100,432206,-1
34865.498009811,1,463,100,431013,1
34866.414461568,1,464,100,434585,-1
34866.923179611,1,465,100,432905,-1
34867.797514052,3,458,100,428171,1
34868.780288233,4,463,100,431013,1
34869.289730407,1,466,100,430869,-1
34869.724934121,3,464,100,434585,-1
34871.405040787,5,465,100,432905,-1
34872.239565817,1,467,100,428829,1
34873.101141929,3,462,100,430968,1
34874.045029446,1,468,100,430411,-1
34875.036548413,3,457,100,430540,1
34875.776679096,3,459,100,429502,-1
34876.609077819,5,456,100,431891,1
34877.482685908,1,469,100,427229,1
34878.270739596,1,470,100,429341,1
34878.66075147,1,471,100,427800,1
34879.496374151,3,468,100,430411,-1
34880.262274866,1,472,100,424906,1
34880.870660133,3,467,100,428829,1
34881.410892144,1,473,100,430451,-1
34882.542898568,3,466,100,430869,-1
34883.160077153,3,469,100,427229,1
34884.001265646,3,470,100,429341,1
34884.843475433,1,474,100,428308,1
34885.424314998,1,475,100,428712,1
34886.298528992,5,475,100,428712,1
34887.23334323,1,476,100,428191,-1
34887.976710617,1,477,100,430932,-1
34888.659168338,1,478,100,434169,-1
34889.088735728,4,473,100,430451,-1
34889.828556654,3,471,100,427800,1
34890.690806863,1,479,100,429796,1
34891.445854471,4,477,100,430932,-1
34891.788155352,3,479,100,429796,1
34892.393339482,1,480,100,431315,-1
34893.148333135,3,478,100,434169,-1
34893.605773363,3,476,100,428191,-1
34894.456093521,4,480,100,431315,-1
34895.77261752,5,474,100,428308,1
34896.447152004,1,481,100,432556,1
34896.845891905,4,481,100,432556,1
34897.302090344,1,482,100,430450,1
34897.952137382,1,483,100,428408,1
34898.627078851,5,482,100,430450,1
34899.443039032,1,484,100,429793,-1
34899.984025605,3,472,100,424906,1
34900.484548204,3,483,100,428408,1
34901.375841616,1,485,100,428776,1
34902.17090057,3,484,100,429793,-1
34902.889396666,3,485,100,428776,1
34903.805702754,1,486,100,430872,1
34904.421968911,1,487,100,429969,1
34905.406808384,1,488,100,430030,1
34906.253140755,3,486,100,430872,1
34907.007828512,4,487,100,429969,1
34907.853100001,5,488,100,430030,1
34908.407522356,1,489,100,429548,1
34909.109593499,1,490,100,433345,-1
34909.547839312,4,489,100,429548,1
34910.454317201,1,491,100,429965,1
34911.13438375,1,492,100,431771,1
34912.021836975,3,492,100,431771,1
34912.731393381,1,493,100,435527,-1
34913.155824455,1,494,100,431165,1
34913.796327711,1,495,100,433260,-1
34914.721700285,1,496,100,433762,-1
34915.469425438,1,497,100,435517,-1
34916.318656312,1,498,100,432099,1
34918.204476294,1,499,100,433422,1
34918.840987364,1,500,100,434357,-1
34919.629063776,1,501,100,433496,-1
34920.495883814,4,490,100,433345,-1
34921.009374969,4,495,100,433260,-1
34921.912243605,5,494,100,431165,1
34922.512802193,4,501,100,433496,-1
34923.338349279,3,498,100,432099,1
34924.102837586,1,502,100,433596,1
34925.702338266,4,502,100,433596,1
34926.151149538,5,497,100,435517,-1
34927.52937466,1,503,100,434210,-1
34928.212786025,4,499,100,433422,1
34929.113355295,4,496,100,433762,-1
34929.589208235,1,504,100,433293,1
34929.988901911,3,500,100,434357,-1
34930.323174874,3,504,100,433293,1
34930.744208136,5,503,100,434210,-1
34931.209932414,1,505,100,434416,-1
34931.614091686,1,506,100,430098,1
34932.510764385,1,507,100,431992,-1
34933.209688899,1,508,100,433482,-1
34933.547227513,1,509,100,432520,1
34934.017988744,4,507,100,431992,-1
34934.864220774,3,505,100,434416,-1
34935.574879729,4,509,100,432520,1
34936.354623239,1,510,100,432584,-1
34936.873971624,1,511,100,431212,1
34937.690916643,3,491,100,429965,1
34938.267534436,1,512,100,432173,-1
34938.623864516,1,513,100,433342,1
34939.567004549,1,514,100,436930,-1
34940.855823105,3,513,100,433342,1
34941.632595009,5,514,100,436930,-1
34942.624581625,1,515,100,432926,1
34943.114903883,4,508,100,433482,-1
34943.995506595,3,506,100,430098,1
34944.548226813,5,510,100,432584,-1
34945.771401034,1,516,100,431973,1
34946.229815752,5,515,100,432926,1
34946.754620873,1,517,100,434659,-1
34947.121784873,4,512,100,432173,-1
34947.573508259,4,511,100,431212,1
34948.351348932,5,493,100,435527,-1
34949.112964542,1,518,100,431242,1
34949.967346982,4,517,100,434659,-1
34950.399351442,4,516,100,431973,1
34951.316011688,3,518,100,431242,1
34952.253314994,1,519,100,435869,1
34952.769149515,1,520,100,433946,1
34953.705547514,5,520,100,433946,1
34954.521322749,1,521,100,436814,-1
34956.094763054,1,522,100,436509,1
34956.990461001,1,523,100,435220,1
34957.657919137,3,523,100,435220,1
34958.9980009,3,519,100,435869,1
34959.49500927,1,524,100,433656,1
34960.423460311,4,524,100,433656,1
34961.019754121,1,525,100,436144,-1
34962.014244957,1,526,100,437407,-1
34962.898253272,1,527,100,435617,-1
34963.481499822,1,528,100,433655,1
34963.901893674,1,529,100,434674,-1
34964.524023231,3,527,100,435617,-1
34965.330067465,3,529,100,434674,-1
34966.239316593,3,521,100,436814,-1
34967.776433009,1,530,100,435493,1
34968.624601657,3,525,100,436144,-1
34969.10664817,1,531,100,437485,-1
34969.865315487,4,530,100,435493,1
34970.385575424,1,532,100,435505,1
34971.129917101,3,531,100,437485,-1
34971.604233534,4,522,100,436509,1
34972.343974837,3,532,100,435505,1
34972.788799101,4,526,100,437407,-1
34973.481460272,1,533,100,435842,-1
34974.19029506,3,528,100,433655,1
34974.833558925,1,534,100,434058,1
34975.28204885,3,534,100,434058,1
34975.643495005,4,533,100,435842,-1
34976.59047296,1,535,100,433431,1
34977.45001298,3,535,100,433431,1
34977.973457002,1,536,100,435138,-1
34978.338125399,1,537,100,434852,-1
34978.978064197,1,538,100,436967,-1
34979.597570875,4,537,100,434852,-1
34980.428157713,1,539,100,436037,-1
34980.816166023,1,540,100,434063,1
34981.546942131,5,539,100,436037,-1
34982.162363148,5,540,100,434063,1
34983.078726016,3,538,100,436967,-1
34983.476598659,1,541,100,436529,-1
34984.008666474,1,542,100,433871,1
34984.345689164,3,541,100,436529,-1
34984.766905751,1,543,100,435949,-1
34985.513061472,5,543,100,435949,-1
34986.312350232,1,544,100,435559,1
34987.825701984,1,545,100,436378,-1
34989.011475128,1,546,100,439317,-1
34989.654737881,1,547,100,437680,-1
34990.351274638,4,547,100,437680,-1
34990.889182516,1,548,100,440112,-1
34991.896180254,1,549,100,437668,1
34992.813776101,1,550,100,437103,1
34993.504363568,3,548,100,440112,-1
34994.098323905,3,542,100,433871,1
34994.730430769,1,551,100,439973,1
34995.562617765,5,536,100,435138,-1
34995.89970643,1,552,100,440095,1
34996.269509144,1,553,100,441186,-1
34996.637237991,5,552,100,440095,1
34997.268135333,3,544,100,435559,1
34998.162753949,4,551,100,439973,1
34999.061253726,5,546,100,439317,-1
34999.523145831,1,554,100,439400,1
35000.176688948,3,549,100,437668,1
35000.937385432,3,553,100,441186,-1
35001.499152541,1,555,100,439106,-1
35002.32486144,1,556,100,434995,1
35003.151351392,1,557,100,437750,1
35003.565891655,5,550,100,437103,1
35004.528066523,1,558,100,440248,-1
35005.401369291,3,545,100,436378,-1
35005.828211255,4,554,100,439400,1
35006.329501839,3,555,100,439106,-1
35007.233738144,1,559,100,438356,1
35008.044901821,3,556,100,434995,1
35008.647448846,3,559,100,438356,1
35009.342112057,1,560,100,438822,1
35010.176114083,1,561,100,440876,-1
35010.669692983,4,561,100,440876,-1
35011.252489445,1,562,100,438897,1
35011.628021512,1,563,100,440368,1
35013.312421124,1,564,100,436165,1
35013.822704033,5,560,100,438822,1
35014.340507913,4,563,100,440368,1
35014.826295626,4,558,100,440248,-1
35015.789291501,1,565,100,439985,-1
35016.439225196,1,566,100,438889,1
35018.046947109,1,567,100,440790,1
35018.476577583,1,568,100,439893,1
35018.917332667,1,569,100,439846,-1
35020.66920745,3,569,100,439846,-1
35021.179217705,1,570,100,441445,-1
35021.964574396,3,570,100,441445,-1
35022.614296538,3,557,100,437750,1
35023.017201882,1,571,100,438362,1
35023.605168627,4,565,100,439985,-1
35023.999803849,3,568,100,439893,1
35024.855077306,3,564,100,436165,1
35025.955834507,1,572,100,440451,1
35026.480714617,3,571,100,438362,1
35027.036900243,3,566,100,438889,1
35027.681636425,5,567,100,440790,1
35028.632179436,1,573,100,445949,-1
35029.566743858,1,574,100,441316,1
35030.25344411,1,575,100,442224,-1
35031.636007938,4,575,100,442224,-1
35032.41334494,3,573,100,445949,-1
35033.039980168,3,574,100,441316,1
35033.381543001,1,576,100,440563,1
35035.042884065,1,577,100,440269,1
35035.737513247,3,576,100,440563,1
35036.190420832,1,578,100,442411,-1
35036.798328935,4,572,100,440451,1
35037.485458717,3,562,100,438897,1
35038.211007398,3,578,100,442411,-1
35038.614906537,3,577,100,440269,1
35039.480575172,1,579,100,439491,-1
35040.192444375,1,580,100,433994,1
35040.673689162,3,579,100,439491,-1
35041.367000087,3,580,100,433994,1
35042.014242958,1,581,100,436510,1
35042.375260069,3,581,100,436510,1
35043.372638176,1,582,100,436319,1
35043.830384095,4,582,100,436319,1
35044.397141193,1,583,100,437243,-1
35044.825822784,1,584,100,437523,-1
35045.185594982,1,585,100,436420,1
35045.919659483,1,586,100,436341,-1
35046.39172514,1,587,100,431842,1
35047.158668772,1,588,100,433843,-1
35048.099190045,3,584,100,437523,-1
35048.715236486,3,588,100,433843,-1
35049.624548389,5,583,100,437243,-1
35050.853100432,5,587,100,431842,1
35051.746097194,1,589,100,429708,1
35052.169581438,1,590,100,429364,-1
35052.713273449,1,591,100,432755,-1
35053.100508109,4,585,100,436420,1
35053.634629069,1,592,100,431717,1
35054.34179088,4,589,100,429708,1
35055.313187219,4,590,100,429364,-1
35056.289891568,4,592,100,431717,1
35057.116296885,3,586,100,436341,-1
35058.035996076,1,593,100,432893,-1
35058.639938735,4,593,100,432893,-1
35059.523754322,5,591,100,432755,-1
35060.067859135,1,594,100,429728,1
35060.764668597,5,594,100,429728,1
35061.259334398,1,595,100,430236,-1
35062.150565129,5,595,100,430236,-1
35062.548225233,1,596,100,431461,-1
35063.035161348,5,596,100,431461,-1
35063.865903122,1,597,100,428079,1
35064.218410532,5,597,100,428079,1
35064.5754664,1,598,100,429340,-1
35065.492039354,1,599,100,427798,1
35066.019633498,3,599,100,427798,1
35066.65088191,1,600,100,428124,-1
35067.228456778,1,601,100,427563,1
35068.740183182,3,600,100,428124,-1
35069.273261894,1,602,100,428321,1
35069.955986604,4,598,100,429340,-1
35070.38113709,1,603,100,431245,-1
35070.992056921,1,604,100,428591,1
35071.659727656,1,605,100,432802,-1
35072.360183271,5,603,100,431245,-1
35072.858805882,3,602,100,428321,1
35073.715688245,5,605,100,432802,-1
35074.430655946,1,606,100,428026,1
35075.393829764,4,606,100,428026,1
35076.824178333,4,601,100,427563,1
35077.224230985,3,604,100,428591,1
35078.098952637,1,607,100,429485,1
35078.541057175,3,607,100,429485,1
35079.238534111,1,608,100,431541,-1
35079.98760898,4,608,100,431541,-1
35080.449522738,1,609,200,429463,1
35081.313782536,2,609,100,429463,1
35081.986972864,3,609,100,429463,1
35082.770904836,1,610,100,430131,-1
35083.696392477,3,610,100,430131,-1
35084.187461961,1,611,100,428764,1
35085.079032876,1,612,100,426281,1
35086.422656346,3,611,100,428764,1
35087.352021132,4,612,100,426281,1
35087.876660577,1,613,100,428418,1
35088.729934173,3,613,100,428418,1
35089.208312746,1,614,100,429902,1
35089.634783883,1,615,100,431052,-1
35089.997281584,5,615,100,431052,-1
35090.706267173,3,614,100,429902,1
35091.505232616,1,616,100,431051,-1
35092.377888379,5,616,100,431051,-1
35093.368301094,1,617,100,433296,-1
35094.184499577,3,617,100,433296,-1
35094.619886,1,618,100,429821,1
35095.424069684,1,619,100,433438,-1
35096.146512626,1,620,100,432269,-1
35097.101749774,5,620,100,432269,-1
35097.607311124,3,618,100,429821,1
35098.032430006,3,619,100,433438,-1
35098.966616106,1,621,100,431192,-1
35099.757483807,3,621,100,431192,-1
35100.267657757,1,622,100,430154,1
35100.792766483,3,622,100,430154,1
35101.302719894,1,623,100,430304,-1
35102.036297792,4,623,100,430304,-1
35102.389117365,1,624,100,429126,-1
35102.801081634,3,624,100,429126,-1
35103.603402081,1,625,100,429815,1
35104.109457623,1,626,100,434114,-1
35104.591604856,3,625,100,429815,1
35104.953453955,4,626,100,434114,-1
35105.573522221,1,627,100,430352,1
35106.169968582,5,627,100,430352,1
35106.999633638,1,628,100,429858,1
35107.99741903,4,628,100,429858,1
35108.414678151,1,629,100,431659,-1
35108.785294559,3,629,100,431659,-1
35109.723866555,1,630,100,429844,-1
35110.267721968,1,631,100,430540,-1
35110.853537258,3,630,100,429844,-1
35111.570392186,1,632,100,426728,1
35112.479666476,5,631,100,430540,-1
35113.131501683,5,632,100,426728,1
35114.116757577,1,633,100,429811,-1
35114.869094364,3,633,100,429811,-1
35115.22046124,1,634,100,430597,1
35116.033576443,5,634,100,430597,1
35116.979066889,1,635,100,431136,-1
35117.590731079,4,635,100,431136,-1
35118.186234137,1,636,100,430502,1
35119.204613828,1,637,100,432002,-1
35119.61819402,3,636,100,430502,1
35120.271953911,3,637,100,432002,-1
35120.760367004,1,638,100,430417,1
35121.220853843,1,639,100,427514,1
35122.032362028,5,638,100,430417,1
35123.049038719,5,639,100,427514,1
35123.970216081,1,640,100,431102,1
35124.8933207,1,641,100,434775,-1
35125.588056632,1,642,100,431744,1
35126.336145726,4,642,100,431744,1
35126.765033431,1,643,100,428934,1
35127.644448297,1,644,100,432224,1
35128.466838651,1,645,100,432842,1
35129.140032334,1,646,100,431700,1
35129.488651648,1,647,100,429958,1
35130.266670284,3,646,100,431700,1
35131.195820499,1,648,100,432129,-1
35132.181238136,4,645,100,432842,1
35132.933158054,1,649,100,430520,1
35133.597893881,1,650,100,431107,1
35133.967877237,4,650,100,431107,1
35134.580999101,3,641,100,434775,-1
35135.491523448,3,647,100,429958,1
35135.873799434,1,651,100,432950,-1
35136.237535632,4,648,100,432129,-1
35136.592448688,3,640,100,431102,1
35137.031407719,1,652,100,433760,-1
35138.122306096,4,651,100,432950,-1
35138.966822754,3,652,100,433760,-1
35139.709019351,1,653,100,431760,1
35140.42310066,1,654,100,432064,1
35140.826276006,4,644,100,432224,1
35141.54779671,4,653,100,431760,1
35142.23299723,3,654,100,432064,1
35142.915671328,1,655,100,433470,1
35143.763511263,3,649,100,430520,1
35144.362609181,1,656,100,432416,1
35144.728568972,1,657,100,434871,-1
35145.291365619,3,656,100,432416,1
35145.936059482,5,643,100,428934,1
35146.426386751,3,657,100,434871,-1
35146.87922838,4,655,100,433470,1
35147.344516985,1,658,100,432038,-1
35148.268973657,3,658,100,432038,-1
35148.684018454,1,659,100,432147,1
35149.153365301,1,660,100,434053,-1
35149.580911967,1,661,100,431663,1
35149.927843435,1,662,100,433527,-1
35150.907166706,3,661,100,431663,1
35151.376935491,1,663,100,432292,1
35152.212581199,1,664,100,433789,-1
35152.719071884,4,663,100,432292,1
35153.143160122,4,662,100,433527,-1
35154.159616223,3,660,100,434053,-1
35154.50235845,1,665,100,432652,1
35154.926333025,1,666,100,431620,1
35155.688573729,1,667,100,433309,1
35156.12375754,1,668,100,434429,1
35156.597171921,1,669,100,437861,-1
35157.820506187,1,670,100,435756,1
35158.610299078,1,671,100,438822,-1
35159.599312321,1,672,100,436221,1
35160.355917991,1,673,100,437350,-1
35161.366914828,5,673,100,437350,-1
35162.316055024,4,670,100,435756,1
35162.973831688,3,669,100,437861,-1
35163.939240964,4,672,100,436221,1
35164.634974983,1,674,100,438858,-1
35165.46078504,3,665,100,432652,1
35165.974668491,1,675,100,434293,1
35166.689712974,5,667,100,433309,1
35167.274020163,3,675,100,434293,1
35168.072024994,1,676,100,436542,1
35168.68945974,1,677,100,436900,1
35169.131843921,3,664,100,433789,-1
35169.918537213,1,678,100,439210,-1
35170.938552393,3,678,100,439210,-1
35171.403770112,1,679,100,441172,-1
35171.839800869,5,666,100,431620,1
35172.274672304,1,680,100,440715,-1
35172.992406323,4,679,100,441172,-1
35173.445451901,1,681,100,439214,1
35174.174896766,1,682,100,436977,1
35175.06705813,1,683,100,436818,1
35175.608131497,1,684,100,436816,1
35175.961830191,4,671,100,438822,-1
35176.512252986,1,685,100,439691,-1
35177.262441174,4,681,100,439214,1
35178.089741296,1,686,100,441965,-1
35178.812881487,5,674,100,438858,-1
35179.744612447,3,684,100,436816,1
35180.518699275,4,659,100,432147,1
35181.170198419,1,687,100,438752,-1
35182.186344989,1,688,100,433772,1
35182.689625949,1,689,100,436778,1
35183.03195242,4,687,100,438752,-1
35183.442202362,3,688,100,433772,1
35184.07929423,3,677,100,436900,1
35184.876405352,3,686,100,441965,-1
35185.712328784,1,690,100,439963,-1
35186.658723628,4,676,100,436542,1
35187.098247754,3,689,100,436778,1
35187.638527615,1,691,100,434697,1
35188.448344982,1,692,100,432746,1
35189.144944474,4,683,100,436818,1
35190.02855015,5,692,100,432746,1
35190.42598166,5,668,100,434429,1
35192.133413906,1,693,100,431497,1
35193.009152601,1,694,100,435144,1
35193.413511192,1,695,100,434574,1
35194.059268798,4,682,100,436977,1
35194.689081027,1,696,100,435239,1
35195.689635809,1,697,100,431806,1
35196.698246191,3,691,100,434697,1
35197.434971083,1,698,100,435851,1
35198.327659463,1,699,100,435582,1
35198.79352472,3,685,100,439691,-1
35200.447465929,4,699,100,435582,1
35201.634059089,1,700,100,438176,-1
35202.23150556,5,695,100,434574,1
35202.81702747,1,701,100,435543,1
35203.585310592,1,702,100,434114,1
35204.366688395,3,693,100,431497,1
35204.923262371,4,701,100,435543,1
35205.898088571,1,703,100,436398,1
35206.663399793,1,704,100,434823,1
35207.674593251,1,705,100,436214,-1
35208.271520105,1,706,100,434095,1
35209.131506424,1,707,100,437341,-1
35209.631755304,3,700,100,438176,-1
35210.766393869,3,690,100,439963,-1
35211.188474152,3,680,100,440715,-1
35211.956959698,3,702,100,434114,1
35212.395191979,3,698,100,435851,1
35213.316604153,4,703,100,436398,1
35214.292899199,1,708,100,434878,1
35215.097573125,3,705,100,436214,-1
35216.048837443,4,696,100,435239,1
35216.794251025,5,704,100,434823,1
35217.258315978,1,709,100,435208,1
35217.73372301,3,709,100,435208,1
35218.167132286,1,710,100,435171,-1
35219.176224048,5,697,100,431806,1
35219.959350449,1,711,100,440072,-1
35220.473514792,4,694,100,435144,1
35221.332354668,1,712,100,435099,-1
35222.049854352,1,713,100,435388,-1
35223.69727206,1,714,100,433902,1
35224.474689017,3,713,100,435388,-1
35224.989326032,3,706,100,434095,1
35225.918506394,5,714,100,433902,1
35226.576300724,1,715,100,434023,1
35228.218821806,5,710,100,435171,-1
35228.985169442,1,716,100,434488,1
35230.411814181,4,707,100,437341,-1
35231.282151561,3,715,100,434023,1
35231.732325764,4,712,100,435099,-1
35232.997043967,3,708,100,434878,1
35233.714883688,4,711,100,440072,-1
35234.347657778,5,716,100,434488,1
35234.787084394,1,717,100,437397,1
35235.302185459,1,718,100,438030,-1
35235.727137677,3,718,100,438030,-1
35236.631987207,4,717,100,437397,1
35237.049675247,1,719,100,436929,1
35237.665902402,3,719,100,436929,1
35238.389746169,1,720,100,435611,1
35239.133650638,1,721,100,437062,-1
35239.994823586,1,722,100,435775,1
35240.770949487,1,723,100,436111,-1
35241.158394527,3,723,100,436111,-1
35241.717650378,4,720,100,435611,1
35242.38868527,3,722,100,435775,1
35242.876283801,5,721,100,437062,-1
35243.569484582,1,724,100,435134,1
35244.414750227,3,724,100,435134,1
35245.255467391,1,725,100,436668,-1
35246.079587109,1,726,100,436637,-1
35246.809814387,4,725,100,436668,-1
35247.744365176,1,727,100,438327,-1
35248.1337561,5,726,100,436637,-1
35248.970191567,3,727,100,438327,-1
35249.821708376,1,728,100,437535,-1
35251.616466473,4,728,100,437535,-1
35252.134586502,1,729,100,438467,1
35252.864868139,3,729,100,438467,1
35253.393373088,1,730,100,440653,-1
35253.737809482,3,730,100,440653,-1
35254.320235104,1,731,100,440457,-1
35254.864259885,4,731,100,440457,-1
35255.297393057,1,732,100,439399,1
35256.237514291,3,732,100,439399,1
35256.976152997,1,733,100,438517,1
35257.974206511,3,733,100,438517,1
35258.905700975,1,734,100,440401,-1
35259.510859545,1,735,100,439362,1
35260.34352456,1,736,100,440193,-1
35261.270256292,3,736,100,440193,-1
35262.220619655,4,734,100,440401,-1
35263.115633061,4,735,100,439362,1
35263.513109916,1,737,100,439234,-1
35264.138783539,1,738,100,438852,1
35265.114615379,3,737,100,439234,-1
35265.592755446,3,738,100,438852,1
35266.346699172,1,739,100,441791,-1
35266.918378454,1,740,100,441316,-1
35267.835940449,1,741,100,439578,1
35269.151057603,1,742,100,443948,-1
35269.796432502,4,739,100,441791,-1
35270.281075068,1,743,100,442845,1
35270.691982425,1,744,100,440996,1
35271.686693398,3,743,100,442845,1
35272.397394761,1,745,100,440911,1
35273.357725721,1,746,100,444438,-1
35274.008472457,4,740,100,441316,-1
35274.909633249,1,747,100,441122,1
35275.594863793,5,746,100,444438,-1
35278.280481033,3,745,100,440911,1
35278.74596217,1,748,100,444255,-1
35279.469550328,4,742,100,443948,-1
35280.132467845,3,748,100,444255,-1
35280.638471159,1,749,100,443173,1
35281.215169134,1,750,100,443804,-1
35282.634226732,4,750,100,443804,-1
35283.06982252,5,749,100,443173,1
35283.948623872,1,751,100,443853,-1
35284.607107294,1,752,100,446153,-1
35285.295413603,5,752,100,446153,-1
35286.112537965,3,741,100,439578,1
35286.671594761,3,751,100,443853,-1
35287.47209198,4,744,100,440996,1
35287.887404449,5,747,100,441122,1
35288.511694332,1,753,100,443092,1
35289.225530178,1,754,100,443751,1
35289.72648395,4,753,100,443092,1
35290.729347109,1,755,100,442476,1
35291.419050207,5,754,100,443751,1
35292.26000565,1,756,100,444161,-1
35292.650318728,1,757,100,444964,-1
35293.202059173,3,755,100,442476,1
35293.937657382,1,758,100,444605,-1
35294.45930249,1,759,100,439658,1
35295.695918704,1,760,100,442375,-1
35296.129371563,1,761,100,439978,1
35296.540902364,4,760,100,442375,-1
35297.285764004,5,757,100,444964,-1
35298.73208217,3,759,100,439658,1
35299.554927637,3,758,100,444605,-1
35299.906816592,1,762,100,440545,1
35300.465046282,4,762,100,440545,1
35300.818433595,1,763,100,441850,-1
35301.281404333,1,764,100,439826,1
35302.229908452,1,765,100,440719,1
35302.765497536,1,766,100,443547,-1
35303.191660566,1,767,100,441485,1
35303.626053239,4,763,100,441850,-1
35304.468101373,1,768,100,441036,1
35305.300607555,1,769,100,442051,1
35306.303686223,5,765,100,440719,1
35306.836867939,1,770,100,445959,-1
35307.730667033,1,771,100,449219,-1
35309.178636166,3,766,100,443547,-1
35310.124207677,3,761,100,439978,1
35311.076451667,3,771,100,449219,-1
35311.460732957,1,772,100,444948,1
35312.423025036,1,773,100,447550,-1
35313.447676794,3,772,100,444948,1
35314.460291644,4,756,100,444161,-1
35315.027018065,3,764,100,439826,1
35315.444541688,1,774,100,444817,1
35315.900578327,4,770,100,445959,-1
35316.299731673,1,775,100,444408,1
35317.050841839,3,774,100,444817,1
35317.616722165,3,768,100,441036,1
35318.128074893,3,775,100,444408,1
35319.116233792,1,776,100,445770,-1
35319.799972618,1,777,100,444527,-1
35320.331193015,3,777,100,444527,-1
35320.986636647,4,769,100,442051,1
35321.878621405,4,776,100,445770,-1
35322.847500618,5,767,100,441485,1
35323.339904472,4,773,100,447550,-1
35324.170924781,1,778,100,448012,-1
35324.726197839,5,778,100,448012,-1
35325.50979843,1,779,100,446927,1
35326.514443494,3,779,100,446927,1
35327.277732204,1,780,100,446724,1
35327.68765898,4,780,100,446724,1
35328.463630487,1,781,100,445769,1
35329.093534216,5,781,100,445769,1
35330.041076246,1,782,100,446304,-1
35330.708048573,1,783,100,443462,1
35331.28259666,4,782,100,446304,-1
35332.073071575,3,783,100,443462,1
35332.698407498,1,784,100,447376,-1
35333.264408956,1,785,100,447571,-1
35333.970003221,4,785,100,447571,-1
35334.691426301,5,784,100,447376,-1
35335.597820492,1,786,100,446781,1
35336.284013075,1,787,100,448824,-1
35337.124235564,4,786,100,446781,1
35337.744506292,1,788,100,445558,-1
35338.37571436,3,788,100,445558,-1
35339.316226616,1,789,100,447400,-1
35339.896529132,3,787,100,448824,-1
35340.338290284,1,790,100,446742,-1
35340.860771889,5,790,100,446742,-1
35341.884566273,1,791,100,445099,-1
35342.868874814,5,791,100,445099,-1
35344.229606288,5,789,100,447400,-1
35345.114683035,1,792,100,444272,-1
35345.953977628,1,793,100,443413,-1
35346.632982582,1,794,100,443889,-1
35347.607248181,1,795,100,443134,1
35348.20591417,1,796,100,442550,-1
35348.629167954,4,793,100,443413,-1
35349.316549666,1,797,100,442029,1
35350.883539198,1,798,100,443364,-1
35351.451585867,3,794,100,443889,-1
35352.636700816,4,795,100,443134,1
35353.557207061,3,796,100,442550,-1
35354.334642561,3,798,100,443364,-1
35355.057638029,1,799,100,441399,1
35355.48994359,4,797,100,442029,1
35355.937149852,3,799,100,441399,1
35356.524390197,4,792,100,444272,-1
35357.102859936,1,800,100,442454,1
35358.1439988,4,800,100,442454,1
35358.932317306,1,801,100,443034,-1
35359.939087266,3,801,100,443034,-1
35360.404541232,1,802,100,442945,-1
35360.807626095,1,803,100,443593,-1
35361.168174652,1,804,100,441324,1
35362.113075432,4,803,100,443593,-1
35362.941238532,1,805,100,445647,-1
35363.304430275,1,806,100,446817,-1
35363.81639638,1,807,100,446850,-1
35364.704390933,1,808,100,444295,1
35365.564929466,4,808,100,444295,1
35367.251282865,4,802,100,442945,-1
35367.829386088,4,804,100,441324,1
35368.504396196,4,805,100,445647,-1
35369.03529613,3,807,100,446850,-1
35369.627788458,4,806,100,446817,-1
35370.577267983,1,809,100,446381,-1
35371.323801699,3,809,100,446381,-1
35371.767429677,1,810,100,446119,-1
35372.167648549,1,811,100,444782,1
35372.710411549,4,811,100,444782,1
35373.191307603,5,810,100,446119,-1
35373.948349396,1,812,100,444467,1
35376.236073189,4,812,100,444467,1
35376.974877,1,813,100,443771,-1
35378.125253945,3,813,100,443771,-1
35378.799562314,1,814,100,443016,1
35379.309055964,3,814,100,443016,1
35379.856092284,1,815,100,442774,1
35380.800059544,5,815,100,442774,1
35381.181208322,1,816,100,445294,-1
35381.596569182,1,817,100,446044,-1
35382.137115619,3,816,100,445294,-1
35382.666270414,1,818,100,446943,-1
35383.130027733,1,819,100,445317,-1
35383.485963326,1,820,100,446027,-1
35384.024896162,1,821,100,445144,1
35384.664889887,4,820,100,446027,-1
35385.556751828,4,817,100,446044,-1
35387.011441524,1,822,100,448649,-1
35388.025308411,1,823,100,448227,-1
35388.445354371,5,822,100,448649,-1
35389.137847509,1,824,100,446865,1
35390.104399299,1,825,100,449399,-1
35390.693585251,3,821,100,445144,1
35391.063662057,1,826,100,449982,-1
35391.686986136,1,827,100,447260,1
35392.152802095,1,828,100,445356,1
35393.132144705,3,818,100,446943,-1
35394.0609253,1,829,100,449263,1
35394.566864052,1,830,100,449417,1
35395.079261744,1,831,100,450633,-1
35396.034384778,1,832,100,450969,-1
35396.395585883,3,826,100,449982,-1
35397.079845377,4,819,100,445317,-1
35397.458534323,3,828,100,445356,1
35397.953302482,1,833,100,451065,-1
35398.770531515,4,829,100,449263,1
35399.358644583,4,823,100,448227,-1
35400.209887944,3,832,100,450969,-1
35400.703904187,1,834,100,449991,1
35401.10177208,1,835,100,449005,-1
35402.123464767,3,834,100,449991,1
35403.15875978,4,830,100,449417,1
35403.551209615,3,827,100,447260,1
35404.215288605,4,835,100,449005,-1
35404.961571756,1,836,100,447742,1
35405.622449199,1,837,100,447737,1
35406.507302907,3,824,100,446865,1
35406.857358025,3,825,100,449399,-1
35407.505834736,1,838,100,446795,-1
35408.440690428,1,839,100,444586,1
35409.269327814,4,836,100,447742,1
35409.632521474,1,840,100,446452,-1
35410.647143614,5,838,100,446795,-1
35411.59908914,1,841,100,447167,-1
35412.621675896,1,842,100,446144,-1
35413.35056993,5,842,100,446144,-1
35414.309518968,3,833,100,451065,-1
35415.02451687,3,839,100,444586,1
35416.028112852,1,843,100,449682,-1
35416.490859138,3,831,100,450633,-1
35417.35129761,3,841,100,447167,-1
35418.296896735,3,843,100,449682,-1
35418.893992575,1,844,100,446345,1
35419.884301167,3,837,100,447737,1
35420.670337562,3,840,100,446452,-1
35421.444458155,1,845,100,447263,-1
35421.819927848,3,845,100,447263,-1
35422.754540418,1,846,100,446570,1
35423.640181235,1,847,100,449564,-1
35424.103397041,1,848,100,447785,-1
35425.03187312,1,849,100,446249,1
35425.416918271,4,848,100,447785,-1
35426.25604786,3,847,100,449564,-1
35426.925556206,4,846,100,446570,1
35427.405564644,5,844,100,446345,1
35428.752057811,1,850,100,445791,1
35429.364558834,1,851,100,450096,-1
35429.962067793,3,850,100,445791,1
35430.318746892,4,851,100,450096,-1
35431.296766218,1,852,100,448957,1
35432.955323396,1,853,100,450088,-1
35433.487962799,3,849,100,446249,1
35434.430986458,4,853,100,450088,-1
35435.831538047,4,852,100,448957,1
35436.474792203,1,854,100,451368,1
35437.516213609,5,854,100,451368,1
35437.904795051,1,855,100,451632,1
35438.483458342,1,856,100,450539,1
35439.101813753,1,857,100,451613,1
35440.005044903,1,858,100,453831,-1
35440.99439931,3,858,100,453831,-1
35441.684767389,1,859,100,451637,1
35442.343335306,3,859,100,451637,1
35442.893069723,5,857,100,451613,1
35444.643502718,5,855,100,451632,1
35446.794235119,5,856,100,450539,1
35447.580863379,1,860,100,452249,1
35449.424642543,3,860,100,452249,1
35449.812085137,1,861,100,450960,-1
35450.286265222,1,862,100,451501,-1
35450.897163783,1,863,100,449945,-1
35451.359430712,3,861,100,450960,-1
35452.095034043,3,862,100,451501,-1
35452.672677094,1,864,100,448641,1
35453.350523698,1,865,100,447267,1
35454.274987001,1,866,100,451027,-1
35455.145952053,3,865,100,447267,1
35455.600417419,1,867,100,453400,-1
35456.408736804,4,863,100,449945,-1
35457.275661349,1,868,100,445997,1
35457.812905863,4,866,100,451027,-1
35458.577531734,4,864,100,448641,1
35460.785656119,1,869,100,453177,-1
35462.516958545,1,870,100,449875,1
35462.88845161,1,871,100,451130,-1
35464.000150374,5,869,100,453177,-1
35464.566767027,3,870,100,449875,1
35465.379746122,3,867,100,453400,-1
35465.868854278,1,872,100,451659,-1
35466.398136671,1,873,100,448395,1
35466.859824186,1,874,100,451868,-1
35467.639861488,1,875,100,450184,1
35468.421586783,3,868,100,445997,1
35469.126159244,1,876,100,451664,-1
35469.878534747,4,875,100,450184,1
35470.430708114,3,871,100,451130,-1
35471.179928265,1,877,100,449214,1
35472.069038252,3,874,100,451868,-1
35472.705298227,4,877,100,449214,1
35473.585834883,4,876,100,451664,-1
35474.184382659,3,872,100,451659,-1
35474.792015072,1,878,100,449874,1
35475.220946776,1,879,100,448571,1
35475.72194192,5,879,100,448571,1
35476.473441104,4,878,100,449874,1
35478.421446225,4,873,100,448395,1
35479.01590698,1,880,100,447953,1
35479.705716682,3,880,100,447953,1
35480.263297905,1,881,100,450257,-1
35481.195345453,1,882,100,447813,1
35481.990880086,1,883,100,451369,-1
35482.691099636,1,884,100,447331,1
35483.600608162,1,885,100,450009,-1
35484.047040076,3,881,100,450257,-1
35484.71891459,1,886,100,452144,-1
35485.127942274,4,885,100,450009,-1
35485.981029852,4,886,100,452144,-1
35486.524767384,1,887,100,448991,-1
35487.166203568,1,888,100,447503,1
35487.526994226,1,889,100,442558,1
35488.582536716,1,890,100,442870,1
35488.962032341,1,891,100,447878,-1
35489.326939213,1,892,100,445114,1
35491.03137398,3,884,100,447331,1
35491.979337464,1,893,100,446709,-1
35492.367490225,5,889,100,442558,1
35492.850480885,5,890,100,442870,1
35493.576927038,3,892,100,445114,1
35494.489725171,3,893,100,446709,-1
35494.921861333,1,894,100,442101,1
35495.91858392,1,895,100,443729,1
35496.412273501,4,895,100,443729,1
35497.286814539,1,896,100,446158,-1
35498.218207545,3,883,100,451369,-1
35498.945836418,1,897,100,445055,1
35499.573899792,1,898,100,449174,-1
35500.208430019,1,899,100,444354,-1
35501.634979743,4,897,100,445055,1
35502.596238311,1,900,100,444853,-1
35504.043603563,1,901,100,445402,-1
35504.948375768,3,882,100,447813,1
35506.078332289,1,902,100,445303,-1
35506.986967455,4,888,100,447503,1
35507.760765323,1,903,100,439278,1
35508.272311416,1,904,100,444653,-1
35508.962274994,3,894,100,442101,1
35509.862097017,5,903,100,439278,1
35510.429029349,1,905,100,440672,1
35511.118313505,5,905,100,440672,1
35512.068269551,1,906,100,440905,1
35512.970807223,4,906,100,440905,1
35513.460319753,3,900,100,444853,-1
35514.390025385,3,898,100,449174,-1
35515.332065767,3,899,100,444354,-1
35515.782909861,1,907,100,441550,1
35516.673515622,3,891,100,447878,-1
35517.317918815,3,901,100,445402,-1
35517.857563084,3,907,100,441550,1
35518.293624616,1,908,100,439937,1
35518.79211113,3,908,100,439937,1
35519.792328655,1,909,100,439541,1
35520.325119446,1,910,100,443325,-1
35520.888487035,5,902,100,445303,-1
35521.578181653,3,910,100,443325,-1
35522.336693593,3,887,100,448991,-1
35522.815542038,3,909,100,439541,1
35523.220104247,1,911,100,444627,-1
35523.859133894,3,911,100,444627,-1
35524.329920342,1,912,100,441071,-1
35525.093378321,1,913,100,441103,-1
35525.683930435,1,914,100,440050,1
35526.564812359,3,896,100,446158,-1
35527.15670906,1,915,100,441874,1
35527.89718705,4,915,100,441874,1
35528.862987788,4,913,100,441103,-1
35529.563440417,3,914,100,440050,1
35530.188035057,1,916,100,440894,1
35530.663645448,4,912,100,441071,-1
35531.218243127,1,917,100,443578,-1
35532.161046827,3,917,100,443578,-1
35533.157955141,3,916,100,440894,1
35533.904172913,4,904,100,444653,-1
35534.691041694,1,918,100,441020,1
35535.404367927,1,919,100,441455,1
35536.195430916,3,919,100,441455,1
35537.067379303,1,920,100,444108,-1
35537.93796492,5,920,100,444108,-1
35538.509682459,3,918,100,441020,1
35539.245219647,1,921,100,444021,-1
35539.680608078,1,922,100,446052,-1
35540.613743552,1,923,100,444009,1
35540.97300957,1,924,100,446069,-1
35542.586727977,5,921,100,444021,-1
35543.483604751,1,925,100,444716,1
35544.311651556,3,924,100,446069,-1
35545.333874459,4,922,100,446052,-1
35545.864445479,4,925,100,444716,1
35546.312039567,1,926,100,446330,-1
35546.73813627,1,927,100,444084,1
35547.473581346,3,927,100,444084,1
35548.899437232,3,923,100,444009,1
35549.816054536,4,926,100,446330,-1
35550.185689778,1,928,100,445160,1
35551.647706529,1,929,100,449077,-1
35552.616734715,5,928,100,445160,1
35553.592586465,1,930,100,445658,1
35554.924536375,5,930,100,445658,1
35555.42855831,3,929,100,449077,-1
35556.269716561,1,931,100,442625,1
35557.156226458,1,932,100,440155,1
35558.170151997,1,933,100,442865,-1
35559.073176344,3,931,100,442625,1
35559.670029421,1,934,100,441062,1
35560.281451476,1,935,100,441864,1
35560.902955387,1,936,100,442310,1
35561.905495085,1,937,100,441191,1
35562.824049054,4,936,100,442310,1
35563.881972136,5,937,100,441191,1
35565.592882251,4,932,100,440155,1
35566.455270192,3,935,100,441864,1
35567.251680758,4,934,100,441062,1
35567.961483178,4,933,100,442865,-1
35568.95432284,1,938,100,440399,1
35569.675295106,1,939,100,440598,1
35570.46389579,1,940,100,440542,1
35571.200509812,1,941,100,439596,1
35572.599826096,1,942,100,440054,1
35573.589620786,1,943,100,437855,1
35574.277804453,5,938,100,440399,1
35575.122827121,5,941,100,439596,1
35575.626059048,1,944,100,444413,1
35577.136464343,3,942,100,440054,1
35577.862687011,1,945,100,440173,1
35578.231749821,1,946,100,442853,1
35578.727957811,1,947,100,446913,-1
35579.142115027,3,947,100,446913,-1
35579.830761622,4,944,100,444413,1
35580.707535061,1,948,100,443944,1
35581.74702278,4,948,100,443944,1
35582.765661065,1,949,100,442876,-1
35583.605030369,3,943,100,437855,1
35584.4415102,1,950,100,442630,1
35586.172686278,1,951,100,442177,1
35586.85033524,1,952,100,444879,-1
35587.623259544,3,946,100,442853,1
35588.544408628,1,953,100,445160,-1
35589.604482016,4,949,100,442876,-1
35590.032279167,1,954,100,443355,-1
35591.258049474,1,955,100,445072,-1
35592.539986096,1,956,100,444077,1
35593.439472034,4,955,100,445072,-1
35594.430025335,4,954,100,443355,-1
35595.417183151,3,939,100,440598,1
35595.792077849,3,956,100,444077,1
35596.375964962,1,957,100,447078,1
35597.072400625,3,951,100,442177,1
35598.069425888,1,958,100,448030,-1
35598.993093663,3,950,100,442630,1
35599.481936947,1,959,100,449035,-1
35600.818742595,1,960,100,449713,-1
35601.619207931,3,952,100,444879,-1
35602.639038411,4,957,100,447078,1
35603.262693276,1,961,100,443969,1
35603.623421262,1,962,100,445051,1
35604.361211528,4,953,100,445160,-1
35605.576741771,3,962,100,445051,1
35606.441117814,1,963,100,445393,1
35606.889978157,3,958,100,448030,-1
35608.379229913,1,964,100,446926,-1
35609.259429399,3,945,100,440173,1
35610.313312465,3,963,100,445393,1
35610.944210634,5,960,100,449713,-1
35611.91792313,1,965,100,442383,1
35612.594952932,1,966,100,442154,1
35613.013186147,3,959,100,449035,-1
35613.889800475,1,967,100,443968,1
35614.935702965,5,967,100,443968,1
35615.668640415,3,964,100,446926,-1
35616.395479503,1,968,100,442054,1
35616.984463264,3,966,100,442154,1
35617.603162388,1,969,100,442393,1
35618.110297091,4,961,100,443969,1
35618.817902029,3,940,100,440542,1
35619.646148995,5,968,100,442054,1
35620.783758751,1,970,100,445583,-1
35621.590505998,1,971,100,446911,1
35621.979066084,1,972,100,447444,1
35623.01262906,1,973,100,447623,-1
35623.874104344,5,969,100,442393,1
35624.669990083,3,972,100,447444,1
35625.325717409,1,974,100,445031,1
35626.279303102,1,975,100,449658,-1
35627.052569837,3,970,100,445583,-1
35628.016819751,4,973,100,447623,-1
35628.447634022,4,975,100,449658,-1
35629.221309231,1,976,100,449730,1
35630.189608168,3,974,100,445031,1
35630.566807005,3,965,100,442383,1
35631.070948913,1,977,100,450696,1
35631.653238511,3,971,100,446911,1
35632.377673617,1,978,100,449944,1
35633.324138289,5,977,100,450696,1
35633.809462523,1,979,100,446356,1
35634.704699959,1,980,100,451620,-1
35635.446685243,3,980,100,451620,-1
35636.591872079,1,981,100,451242,-1
35637.21300443,1,982,100,448104,1
35637.78479725,1,983,100,452457,-1
35639.766826802,1,984,100,452851,-1
35640.807874115,3,978,100,449944,1
35641.694062938,3,984,100,452851,-1
35642.546838511,4,976,100,449730,1
35643.385183012,1,985,100,447970,1
35643.83517501,3,982,100,448104,1
35644.692388826,1,986,100,448191,1
35645.294060565,1,987,100,449006,-1
35645.728730101,5,981,100,451242,-1
35646.701289822,1,988,100,451645,-1
35647.251693602,4,987,100,449006,-1
35648.03403437,4,985,100,447970,1
35649.477380411,1,989,100,451241,-1
35650.049119258,3,988,100,451645,-1
35651.283894778,5,986,100,448191,1
35652.564639281,1,990,100,444949,1
35653.423366944,1,991,100,447663,-1
35654.82867611,4,979,100,446356,1
35655.627464524,1,992,100,446068,-1
35656.441607567,3,983,100,452457,-1
35657.256211329,1,993,100,446742,-1
35658.277745132,4,990,100,444949,1
35658.902793945,3,991,100,447663,-1
35659.481967343,4,992,100,446068,-1
35660.454245364,1,994,100,442784,1
35660.947241405,4,989,100,451241,-1
35661.511431064,3,994,100,442784,1
35662.36003673,1,995,100,445763,1
35662.84774869,3,995,100,445763,1
35663.883631577,3,993,100,446742,-1
35664.617758875,1,996,100,445267,1
35665.047194499,4,996,100,445267,1
35665.967325531,1,997,100,446528,1
35666.845628971,4,997,100,446528,1
35667.870451722,1,998,100,446779,-1
35668.546600674,4,998,100,446779,-1
35669.171890919,1,999,100,446417,1
35669.853218747,1,1000,100,444669,1
35670.789996216,4,999,100,446417,1
35671.96397639,1,1001,100,446831,1
35672.81026827,3,1000,100,444669,1
35673.414666709,3,1001,100,446831,1
35674.489267573,1,1002,100,446498,-1
35675.413846453,1,1003,100,442679,1
35676.074735463,1,1004,100,443362,1
35676.659552789,1,1005,100,441845,1
35677.569938057,3,1003,100,442679,1
35678.433066164,1,1006,100,443724,1
35679.207728258,1,1007,100,445844,-1
35680.017225669,3,1004,100,443362,1
35681.356584157,1,1008,100,445428,-1
35682.761014749,3,1005,100,441845,1
35684.327989497,3,1008,100,445428,-1
35685.345774651,4,1006,100,443724,1
35685.960285826,1,1009,100,444394,-1
35686.891076248,1,1010,100,440135,1
35687.477310223,1,1011,100,443984,-1
35688.251988743,1,1012,100,442404,1
35688.797490799,3,1007,100,445844,-1
35689.418633637,1,1013,100,443605,-1
35690.109118641,3,1009,100,444394,-1
35690.856376259,1,1014,100,445463,-1
35691.877909932,3,1002,100,446498,-1
35692.671711282,1,1015,100,441133,1
35693.402447554,3,1011,100,443984,-1
35693.888937975,1,1016,100,443664,-1
35694.913555406,1,1017,100,441782,1
35695.85398118,4,1017,100,441782,1
35696.946747964,1,1018,100,442498,-1
35697.825570097,1,1019,100,440917,-1
35698.601389853,1,1020,100,442038,-1
35700.272406278,3,1019,100,440917,-1
35701.140579892,3,1013,100,443605,-1
35702.12152376,5,1015,100,441133,1
35703.59492353,4,1012,100,442404,1
35704.509326241,4,1020,100,442038,-1
35705.942950783,1,1021,100,438971,1
35707.606762969,3,1018,100,442498,-1
35708.030252499,3,1014,100,445463,-1
35708.84742432,1,1022,100,438783,1
35709.663030346,3,1021,100,438971,1
35710.550899221,5,1022,100,438783,1
35711.097992017,1,1023,100,438658,1
35711.646404534,1,1024,100,441344,-1
35712.316917039,1,1025,100,436483,1
35713.058118944,3,1025,100,436483,1
35713.847373271,4,1010,100,440135,1
35714.699231874,1,1026,100,439180,-1
35715.177410566,1,1027,100,443131,-1
35715.817623934,1,1028,100,438827,-1
35716.888285569,3,1016,100,443664,-1
35717.882550783,1,1029,100,439003,1
35718.515491959,1,1030,100,439421,-1
35719.403423239,3,1030,100,439421,-1
35720.073504321,4,1023,100,438658,1
35720.670198785,1,1031,100,437174,1
35721.540101435,1,1032,100,438844,-1
35723.3944276,1,1033,100,439815,-1
35723.806666766,1,1034,100,438827,-1
35724.475266209,4,1032,100,438844,-1
35725.544700741,1,1035,100,438536,-1
35725.933747069,4,1034,100,438827,-1
35726.824190812,1,1036,100,436565,1
35728.635854687,1,1037,100,436770,1
35729.387299302,1,1038,100,438913,1
35730.104718984,1,1039,100,439426,1
35731.118082624,3,1035,100,438536,-1
35731.787450792,3,1027,100,443131,-1
35732.180979246,4,1028,100,438827,-1
35732.740937664,1,1040,100,438526,1
35733.765363485,3,1026,100,439180,-1
35734.71263315,4,1033,100,439815,-1
35735.758034207,1,1041,100,441246,-1
35736.288668625,4,1041,100,441246,-1
35736.65387769,3,1038,100,438913,1
35737.189545113,3,1036,100,436565,1
35737.656798897,4,1024,100,441344,-1
35738.577733323,3,1037,100,436770,1
35740.450986817,3,1031,100,437174,1
35741.485687332,3,1029,100,439003,1
35742.109133851,4,1039,100,439426,1
35743.140375789,3,1040,100,438526,1
35744.130115207,1,1042,100,441576,-1
35747.194767753,1,1043,100,442694,-1
35747.639349526,3,1042,100,441576,-1
35748.136694655,1,1044,100,442664,-1
35749.075474664,3,1043,100,442694,-1
35749.542525088,5,1044,100,442664,-1
35749.911269572,1,1045,100,441441,1
35750.891829558,4,1045,100,441441,1
35751.482084838,1,1046,100,442073,1
35752.322067189,1,1047,100,442285,1
35752.93262347,4,1046,100,442073,1
35753.609745375,5,1047,100,442285,1
35754.054447568,1,1048,100,443079,1
35754.567539833,1,1049,100,444885,-1
35756.535679261,5,1048,100,443079,1
35757.419648717,4,1049,100,444885,-1
35758.35044191,1,1050,100,444509,-1
35758.788751228,4,1050,100,444509,-1
35759.439226732,1,1051,100,444510,-1
35759.903561633,3,1051,100,444510,-1
35760.800894676,1,1052,100,444556,1
35761.776364215,1,1053,100,443798,1
35763.543745255,1,1054,100,443907,1
35764.505043364,1,1055,100,443519,1
35766.257611319,1,1056,100,447294,-1
35767.149927687,1,1057,100,446370,1
35768.136157816,5,1056,100,447294,-1
35768.565132915,1,1058,100,447743,-1
35769.043968981,4,1057,100,446370,1
35769.628488885,1,1059,100,444112,1
35770.875364914,1,1060,100,445049,1
35771.481561443,3,1058,100,447743,-1
35772.108043782,3,1055,100,443519,1
35772.521398254,1,1061,100,448225,-1
35773.509321024,4,1059,100,444112,1
35773.901869547,1,1062,100,445697,1
35774.927773944,1,1063,100,446201,-1
35775.595898294,5,1063,100,446201,-1
35776.075919793,3,1060,100,445049,1
35776.942964442,1,1064,100,447192,-1
35777.725847496,3,1053,100,443798,1
35778.335190007,1,1065,100,446767,1
35779.192012189,1,1066,100,443823,1
35779.949846663,4,1062,100,445697,1
35780.414758856,3,1061,100,448225,-1
35780.871914485,1,1067,100,445666,1
35781.742653997,3,1052,100,444556,1
35782.139709215,3,1066,100,443823,1
35783.080747976,1,1068,100,447608,-1
35783.988611874,1,1069,100,444025,1
35784.542738253,5,1067,100,445666,1
35785.15055258,1,1070,100,446022,-1
35785.783303307,4,1065,100,446767,1
35786.506305702,3,1068,100,447608,-1
35787.357987848,1,1071,100,447489,-1
35788.179599144,4,1070,100,446022,-1
35788.736535274,5,1054,100,443907,1
35789.561929133,1,1072,100,446093,1
35790.029063108,3,1072,100,446093,1
35790.822752012,1,1073,100,451345,-1
35791.910251721,3,1064,100,447192,-1
35792.495210448,3,1071,100,447489,-1
35793.562640956,3,1073,100,451345,-1
35794.187184739,1,1074,100,447859,-1
35795.232804385,3,1074,100,447859,-1
35795.928962316,1,1075,100,445988,1
35797.748212038,5,1075,100,445988,1
35798.116217973,1,1076,100,447769,-1
35799.083519312,1,1077,100,446660,1
35799.693199497,1,1078,100,445262,1
35800.56370271,3,1077,100,446660,1
35801.464276471,1,1079,100,447330,-1
35802.09525102,3,1076,100,447769,-1
35802.79820537,1,1080,100,443938,1
35803.293169711,5,1079,100,447330,-1
35803.826800201,4,1080,100,443938,1
35804.634096311,1,1081,100,448953,-1
35805.263870335,5,1069,100,444025,1
35805.715751154,1,1082,100,445719,1
35806.532499614,1,1083,100,448811,-1
35807.5429301,3,1083,100,448811,-1
35808.086528908,1,1084,100,445970,-1
35808.476094988,1,1085,100,442552,1
35809.4056342,1,1086,100,444338,1
35810.309954283,1,1087,100,444480,1
35811.379626546,3,1086,100,444338,1
35812.172022446,3,1081,100,448953,-1
35812.924086813,4,1087,100,444480,1
35813.706561716,1,1088,100,446869,-1
35814.376249747,1,1089,100,445625,-1
35815.160043192,5,1082,100,445719,1
35816.14943963,4,1078,100,445262,1
35816.595689759,1,1090,100,443061,1
35817.543626942,1,1091,100,444048,-1
35818.41465642,1,1092,100,442014,1
35819.712731738,1,1093,100,444975,-1
35821.194904295,1,1094,100,444009,1
35822.023716673,3,1090,100,443061,1
35822.998432066,1,1095,100,445582,1
35823.979384957,3,1089,100,445625,-1
35824.70676648,4,1091,100,444048,-1
35825.730612411,1,1096,100,445529,-1
35826.279090444,4,1084,100,445970,-1
35827.259745884,1,1097,100,443838,1
35828.292739315,1,1098,100,447247,-1
35828.795320292,1,1099,100,444481,1
35829.702978968,5,1096,100,445529,-1
35830.26243344,3,1092,100,442014,1
35831.101984193,4,1098,100,447247,-1
35831.767065822,1,1100,100,443914,1
35832.25584347,1,1101,100,447369,-1
35833.541212485,1,1102,100,444434,1
35834.433726423,1,1103,100,445942,1
35835.333311806,1,1104,100,447738,1
35837.362249985,4,1093,100,444975,-1
35838.096713108,3,1101,100,447369,-1
35838.839698726,4,1088,100,446869,-1
35839.211853478,1,1105,100,449466,-1
35839.967593181,1,1106,100,450353,-1
35840.780022423,5,1099,100,444481,1
35841.414328987,1,1107,100,450349,-1
35842.053064242,4,1105,100,449466,-1
35842.70793322,1,1108,100,446828,1
35843.460267224,3,1108,100,446828,1
35844.163256468,1,1109,100,446719,1
35844.835567133,3,1095,100,445582,1
35845.766311639,3,1102,100,444434,1
35846.26397521,5,1104,100,447738,1
35847.280022662,4,1107,100,450349,-1
35847.754490569,1,1110,100,447887,1
35848.120574712,4,1085,100,442552,1
35848.578038824,5,1100,100,443914,1
35849.459200139,3,1109,100,446719,1
35850.104205371,3,1094,100,444009,1
35850.765042646,1,1111,100,446545,1
35851.195056885,1,1112,100,447931,-1
35851.734617008,1,1113,100,446262,1
35852.461124497,3,1110,100,447887,1
35853.107051176,3,1097,100,443838,1
35853.884256322,1,1114,100,448621,-1
35854.39887203,4,1103,100,445942,1
35855.462928551,3,1111,100,446545,1
35855.982164831,3,1113,100,446262,1
35856.73015735,1,1115,100,445908,-1
35857.575102763,3,1112,100,447931,-1
35858.287994058,1,1116,100,445791,1
35859.163222016,4,1115,100,445908,-1
35860.170051937,1,1117,100,445534,-1
35860.876412493,4,1116,100,445791,1
35861.293442216,4,1117,100,445534,-1
35861.941726915,4,1106,100,450353,-1
35862.618413299,3,1114,100,448621,-1
35863.265405922,1,1118,100,443912,1
35863.881054756,1,1119,100,441957,1
35864.433050686,3,1119,100,441957,1
35865.261787939,1,1120,100,444912,1
35865.944050101,3,1118,100,443912,1
35866.764638868,1,1121,100,444090,-1
35867.804801595,1,1122,100,444106,1
35868.532256624,3,1121,100,444090,-1
35868.974557249,1,1123,100,445356,-1
35869.943870227,1,1124,100,441435,1
35870.437023691,1,1125,100,443426,1
35871.504071909,1,1126,100,444569,-1
35872.054191517,1,1127,100,444171,-1
35872.680476742,3,1124,100,441435,1
35873.692228961,1,1128,100,442310,1
35874.701870878,4,1122,100,444106,1
35875.259431953,1,1129,100,440031,1
35875.971420833,5,1129,100,440031,1
35876.486702953,1,1130,100,441624,1
35877.023101652,3,1120,100,444912,1
35877.850038614,1,1131,100,443755,1
35878.847858375,1,1132,100,446879,-1
35879.219523546,1,1133,100,444429,1
35880.093155354,1,1134,100,445039,-1
35880.660135447,3,1131,100,443755,1
35881.560870827,1,1135,100,444714,1
35882.262813486,3,1134,100,445039,-1
35882.832997891,1,1136,100,445671,1
35885.788473785,3,1133,100,444429,1
35886.271027613,3,1130,100,441624,1
35886.993436903,3,1125,100,443426,1
35887.987443598,1,1137,100,449815,-1
35888.875687124,1,1138,100,445399,1
35889.935705841,1,1139,100,448943,-1
35890.809836441,4,1127,100,444171,-1
35892.186850788,1,1140,100,445819,1
35893.110479288,1,1141,100,450801,-1
35894.111036929,3,1140,100,445819,1
35894.565251908,3,1126,100,444569,-1
35895.001074364,1,1142,100,449437,-1
35895.86871552,5,1136,100,445671,1
35896.374706292,4,1132,100,446879,-1
35897.40862743,1,1143,100,449152,1
35898.427038231,1,1144,100,451237,-1
35899.484166809,1,1145,100,450246,-1
35900.331070617,3,1135,100,444714,1
35900.743573288,3,1128,100,442310,1
35901.114822984,4,1123,100,445356,-1
35901.837020745,1,1146,100,448194,-1
35902.934251732,1,1147,100,445983,1
35903.734751383,4,1146,100,448194,-1
35904.322948595,1,1148,100,450529,-1
35906.262517916,1,1149,100,448748,1
35906.905898058,1,1150,100,447182,1
35907.542306181,4,1149,100,448748,1
35907.969945275,4,1150,100,447182,1
35908.408734743,3,1147,100,445983,1
35909.458317548,1,1151,100,447407,-1
35909.877166814,1,1152,100,445976,1
35910.449679931,4,1151,100,447407,-1
35910.97581467,1,1153,100,446937,1
35911.897545336,3,1153,100,446937,1
35912.51820104,4,1143,100,449152,1
35913.526639146,3,1144,100,451237,-1
35913.943434632,1,1154,100,449416,-1
35914.593673924,1,1155,100,447127,-1
35915.312799468,3,1137,100,449815,-1
35916.914704808,5,1138,100,445399,1
35918.495308784,3,1155,100,447127,-1
35919.505417999,4,1152,100,445976,1
35919.89641369,1,1156,100,447401,-1
35920.818709928,4,1142,100,449437,-1
35921.713129389,1,1157,100,444051,-1
35922.577331702,1,1158,100,446703,-1
35923.163351225,4,1157,100,444051,-1
35924.033586569,3,1158,100,446703,-1
35924.62437458,1,1159,100,447689,-1
35925.525752054,3,1154,100,449416,-1
35925.935636775,3,1139,100,448943,-1
35926.371464656,3,1145,100,450246,-1
35927.188786707,1,1160,100,449340,-1
35928.241984035,3,1160,100,449340,-1
35930.186697166,1,1161,100,442934,1
35930.862413808,3,1159,100,447689,-1
35931.641446792,4,1156,100,447401,-1
35932.173174306,4,1148,100,450529,-1
35932.590003442,3,1161,100,442934,1
35933.675811567,1,1162,100,449164,-1
35934.382903698,1,1163,100,447003,1
35935.152146713,1,1164,100,448150,-1
35935.71645272,3,1162,100,449164,-1
35936.584519063,1,1165,100,447796,1
35937.302152289,3,1164,100,448150,-1
35937.888081317,1,1166,100,447971,1
35938.278208925,4,1166,100,447971,1
35939.107346614,3,1163,100,447003,1
35939.744093627,4,1141,100,450801,-1
35940.453207161,1,1167,100,452545,-1
35940.905996588,3,1165,100,447796,1
35941.347995898,3,1167,100,452545,-1
35942.03973504,1,1168,100,450159,1
35942.568411896,1,1169,100,449046,1
35943.671101559,1,1170,100,449672,1
35944.534467268,4,1168,100,450159,1
35945.104878545,4,1169,100,449046,1
35946.177260106,3,1170,100,449672,1
35947.023738891,1,1171,100,450103,1
35948.061230085,1,1172,100,451779,-1
35949.560047042,3,1172,100,451779,-1
35949.963783969,1,1173,100,450253,-1
35950.706129116,1,1174,100,451775,-1
35951.807373513,1,1175,100,447292,1
35952.780300542,1,1176,100,448655,1
35953.491161667,3,1176,100,448655,1
35954.423506455,5,1173,100,450253,-1
35955.007753369,3,1175,100,447292,1
35955.694593707,3,1171,100,450103,1
35956.792747648,3,1174,100,451775,-1
35957.663340294,1,1177,100,450809,-1
35958.547115548,3,1177,100,450809,-1
35959.456870386,1,1178,100,449881,1
35959.911791983,3,1178,100,449881,1
35960.470765518,1,1179,100,452341,-1
35960.945822075,1,1180,100,450650,-1
35961.971591248,3,1179,100,452341,-1
35962.807107366,1,1181,100,451159,1
35963.548710196,1,1182,100,449754,1
35964.363328068,1,1183,100,452109,1
35964.810181922,3,1183,100,452109,1
35965.504436478,1,1184,100,453677,-1
35966.323253808,1,1185,100,453510,-1
35967.303600015,4,1180,100,450650,-1
35968.100679067,1,1186,100,452185,1
35969.015863931,1,1187,100,451135,1
35969.637812634,1,1188,100,451545,1
35970.431698744,3,1185,100,453510,-1
35971.028758791,1,1189,100,451598,1
35971.995577529,1,1190,100,452797,-1
35972.47442565,1,1191,100,451975,-1
35973.441786207,1,1192,100,449659,1
35974.294891274,3,1187,100,451135,1
35976.014344737,3,1189,100,451598,1
35976.510762216,3,1181,100,451159,1
35977.099339039,3,1190,100,452797,-1
35977.903795739,1,1193,100,450803,1
35978.985798009,3,1186,100,452185,1
35979.743862192,3,1192,100,449659,1
35980.867098309,1,1194,100,451114,-1
35981.682468623,1,1195,100,449115,1
35982.200654208,3,1191,100,451975,-1
35982.691302997,3,1194,100,451114,-1
35983.776628167,1,1196,100,448795,1
35984.166317307,4,1188,100,451545,1
35985.189979211,1,1197,100,454282,-1
35986.121584359,4,1182,100,449754,1
35987.190274101,1,1198,100,453935,-1
35988.252484825,1,1199,100,454172,-1
35988.870643736,3,1195,100,449115,1
35989.550736504,4,1197,100,454282,-1
35990.37147941,1,1200,100,451766,-1
35991.426312558,1,1201,100,449119,1
35992.289356829,3,1184,100,453677,-1
35993.367460752,1,1202,100,448642,1
35994.460496894,1,1203,100,452662,1
35994.993518912,3,1202,100,448642,1
35996.090792721,4,1200,100,451766,-1
35996.533164361,4,1203,100,452662,1
35997.383464958,4,1198,100,453935,-1
35998.395098727,3,1196,100,448795,1
35998.899105432,5,1201,100,449119,1
35999.277837484,3,1193,100,450803,1
36000.172265511,4,1199,100,454172,-1
36000.929747329,1,1204,100,454574,-1
36001.994589204,3,1204,100,454574,-1
36002.650861314,1,1205,100,452497,-1
36003.053379176,3,1205,100,452497,-1
36003.903616028,1,1206,100,452068,-1
36004.610325903,1,1207,100,452866,-1
36005.144966596,3,1206,100,452068,-1
36005.671698545,5,1207,100,452866,-1
36006.755154929,1,1208,100,451605,-1
36008.001262608,3,1208,100,451605,-1
36008.825245573,1,1209,100,450909,1
36009.266924207,1,1210,100,451387,-1
36010.173150649,4,1209,100,450909,1
36011.112312273,1,1211,100,451281,-1
36012.008588423,1,1212,100,449409,1
36012.380361842,3,1211,100,451281,-1
36013.340261757,1,1213,100,447406,1
36013.9954153,3,1210,100,451387,-1
36014.87671938,1,1214,100,448792,-1
36015.258451226,5,1213,100,447406,1
36016.095410091,4,1212,100,449409,1
36017.137979925,1,1215,100,448694,1
36018.108852457,1,1216,100,449661,-1
36018.598735996,4,1214,100,448792,-1
36019.520160052,1,1217,100,452679,-1
36019.972768157,3,1215,100,448694,1
36020.950105726,5,1217,100,452679,-1
36021.696094846,1,1218,100,453492,-1
36022.147333303,1,1219,100,447594,1
36023.24584596,1,1220,100,448862,1
36023.945125864,1,1221,100,450108,1
36024.598447645,1,1222,100,449046,1
36026.097266518,4,1221,100,450108,1
36027.141481165,3,1216,100,449661,-1
36027.710230986,4,1219,100,447594,1
36028.404936712,4,1222,100,449046,1
36029.494743273,1,1223,100,451426,1
36030.042546011,1,1224,100,451999,-1
36031.031109305,1,1225,100,451112,1
36031.954463712,1,1226,100,452078,-1
36033.97474213,5,1218,100,453492,-1
36034.88564582,5,1224,100,451999,-1
36035.942938091,3,1225,100,451112,1
36036.822335518,1,1227,100,455252,-1
36037.844189994,1,1228,100,451675,-1
36038.317030162,4,1228,100,451675,-1
36039.338244106,1,1229,100,451195,1
36040.453126225,3,1220,100,448862,1
36040.853045603,1,1230,100,453436,-1
36041.897808917,3,1230,100,453436,-1
36042.581292608,5,1223,100,451426,1
36043.565122074,1,1231,100,452304,-1
36044.610694389,4,1226,100,452078,-1
36045.439754845,3,1229,100,451195,1
36047.454739483,1,1232,100,450125,1
36047.872864136,3,1227,100,455252,-1
36048.791863917,5,1231,100,452304,-1
36049.336047592,4,1232,100,450125,1
36049.821148713,1,1233,100,450610,1
36050.393903562,4,1233,100,450610,1
36051.456217049,1,1234,100,450456,1
36052.326017755,1,1235,100,450228,1
36053.082261079,1,1236,100,451778,-1
36053.509037713,1,1237,100,450763,1
36054.059128113,1,1238,100,448387,1
36055.424135789,5,1236,100,451778,-1
36056.122406539,1,1239,100,450474,1
36057.120418803,1,1240,100,448478,1
36058.121200866,3,1237,100,450763,1
36058.728613994,3,1240,100,448478,1
36059.666602096,1,1241,100,452906,-1
36060.183373462,5,1241,100,452906,-1
36060.616673011,5,1239,100,450474,1
36061.496178589,5,1234,100,450456,1
36062.579037776,1,1242,100,451156,-1
36063.344781866,1,1243,100,447897,1
36064.191850482,1,1244,100,450981,-1
36065.160364778,1,1245,100,447916,1
36066.779324525,5,1245,100,447916,1
36067.450961894,1,1246,100,448923,-1
36068.165175204,1,1247,100,446392,1
36068.805800076,3,1243,100,447897,1
36069.6123761,1,1248,100,449412,-1
36070.011313899,3,1238,100,448387,1
36071.040919057,3,1242,100,451156,-1
36071.74430218,1,1249,100,450174,1
36072.569501757,4,1249,100,450174,1
36073.198427892,5,1248,100,449412,-1
36074.069077228,1,1250,100,446914,1
36074.882780435,1,1251,100,450976,-1
36075.867886256,5,1235,100,450228,1
36076.969233379,1,1252,100,448928,1
36077.885891204,3,1251,100,450976,-1
36078.683440115,1,1253,100,451510,1
36079.596718149,1,1254,100,450990,-1
36080.411890867,3,1252,100,448928,1
36081.065337188,4,1244,100,450981,-1
36081.458252887,4,1246,100,448923,-1
36082.512918862,3,1250,100,446914,1
36083.427109916,3,1254,100,450990,-1
36084.392631017,5,1253,100,451510,1
36085.363833904,1,1255,100,453716,-1
36086.110261476,1,1256,100,450454,1
36086.49988865,4,1247,100,446392,1
36087.570098288,4,1255,100,453716,-1
36088.248969252,3,1256,100,450454,1
36088.920760084,1,1257,100,450861,1
36089.616228023,3,1257,100,450861,1
36090.652956113,1,1258,100,451948,1
36091.702059345,3,1258,100,451948,1
36092.646119235,1,1259,100,449531,1
36093.749315901,1,1260,100,450330,1
36094.454092378,4,1260,100,450330,1
36095.085450919,3,1259,100,449531,1
36095.794482443,1,1261,100,451316,-1
36096.393269428,3,1261,100,451316,-1
36097.061026784,1,1262,100,449935,1
36097.809283018,1,1263,100,449632,1
36098.537855899,3,1262,100,449935,1
36098.982840609,1,1264,100,453068,-1
36099.422248736,1,1265,100,452444,-1
36099.834111882,3,1263,100,449632,1
36100.56832916,1,1266,100,453180,-1
36101.324060184,3,1265,100,452444,-1
36101.827941346,3,1266,100,453180,-1
36102.588023742,1,1267,100,452920,1
36103.444032088,3,1264,100,453068,-1
36103.892316187,3,1267,100,452920,1
36104.86895143,1,1268,100,450048,1
36105.644272196,1,1269,100,453168,1
36106.7325718,4,1269,100,453168,1
36107.334023732,1,1270,100,452855,1
36108.053928874,1,1271,100,450529,1
36109.004268944,5,1270,100,452855,1
36109.862061456,1,1272,100,453593,-1
36110.980420591,1,1273,100,451175,1
36111.373960383,1,1274,100,457519,-1
36112.941237037,4,1272,100,453593,-1
36113.754964426,1,1275,100,453118,1
36114.873328304,4,1275,100,453118,1
36115.38605157,1,1276,100,453585,1
36115.849742477,4,1271,100,450529,1
36116.673476481,3,1268,100,450048,1
36117.346667026,1,1277,100,456237,-1
36118.084166659,1,1278,100,455178,1
36118.921905168,1,1279,100,458955,-1
36119.529024584,3,1278,100,455178,1
36120.385942819,4,1277,100,456237,-1
36121.287555362,4,1274,100,457519,-1
36122.308534112,3,1279,100,458955,-1
36122.7782243,3,1273,100,451175,1
36124.006443537,3,1276,100,453585,1
36124.924740569,1,1280,100,455462,1
36125.342719114,1,1281,100,452289,1
36125.8031184,3,1281,100,452289,1
36126.787658849,4,1280,100,455462,1
36127.543812579,1,1282,100,452994,1
36128.644275889,3,1282,100,452994,1
36129.696800092,1,1283,100,453843,1
36130.170908172,3,1283,100,453843,1
36130.851126291,1,1284,100,457022,-1
36131.633933561,3,1284,100,457022,-1
36132.381728794,1,1285,100,458202,-1
36133.28912672,3,1285,100,458202,-1
36134.346538966,1,1286,100,456256,1
36135.408561045,1,1287,100,457098,-1
36135.938074833,3,1287,100,457098,-1
36136.841585515,5,1286,100,456256,1
36137.356155068,1,1288,100,458083,-1
36138.342304947,4,1288,100,458083,-1
36139.169624911,1,1289,100,454625,-1
36139.941056148,1,1290,100,452821,1
36140.725074823,1,1291,100,455133,-1
36141.657706345,3,1290,100,452821,1
36142.217506169,1,1292,100,453873,1
36142.809799147,1,1293,100,456582,-1
36143.413367422,1,1294,100,458348,-1
36144.097744111,5,1293,100,456582,-1
36145.09278464,3,1292,100,453873,1
36145.542796104,1,1295,100,458628,-1
36146.067767792,3,1294,100,458348,-1
36146.546433038,1,1296,100,459908,-1
36147.431555739,3,1296,100,459908,-1
36148.380465162,1,1297,100,457421,1
36150.777472237,5,1297,100,457421,1
36151.662754201,1,1298,100,458870,1
36152.692425696,4,1289,100,454625,-1
36153.107807436,1,1299,100,457832,1
36153.694513708,1,1300,200,458677,-1
36154.459935561,1,1301,100,457795,1
36155.773929269,3,1300,200,458677,-1
36156.883869408,1,1302,100,457971,-1
36157.595919646,4,1291,100,455133,-1
36158.055438857,1,1303,100,462614,-1
36158.687212832,1,1304,100,460603,1
36159.598326491,1,1305,100,458123,1
36160.67900103,4,1304,100,460603,1
36161.291749326,1,1306,100,459358,-1
36162.181819675,3,1298,100,458870,1
36163.066540193,5,1302,100,457971,-1
36163.686929697,3,1295,100,458628,-1
36164.076902964,3,1306,100,459358,-1
36165.145772705,3,1301,100,457795,1
36165.612805028,1,1307,300,459082,1
36166.49284911,3,1303,100,462614,-1
36166.886810435,2,1307,100,459082,1
36167.858566258,3,1305,100,458123,1
36168.498909031,3,1299,100,457832,1
36168.880106752,2,1307,100,459082,1
36169.496597754,5,1307,100,459082,1
36170.539402747,1,1308,100,460201,1
36170.968837808,1,1309,100,461813,1
36172.220468927,1,1310,100,461228,1
36172.851596156,4,1310,100,461228,1
36173.647649937,4,1308,100,460201,1
36174.664769318,5,1309,100,461813,1
36175.067161794,1,1311,100,465401,-1
36175.648052513,1,1312,100,463584,-1
36177.118905885,5,1311,100,465401,-1
36177.591772978,1,1313,100,464661,-1
36178.446758714,3,1313,100,464661,-1
36178.968376146,3,1312,100,463584,-1
36179.488194603,1,1314,100,460941,1
36180.048441369,1,1315,100,460156,1
36181.063946182,1,1316,100,458641,1
36181.958339641,1,1317,100,461692,-1
36182.516148809,1,1318,100,461877,-1
36182.957325299,3,1316,100,458641,1
36184.031497801,3,1314,100,460941,1
36184.5128357,1,1319,100,461941,-1
36185.418832201,1,1320,100,463601,-1
36186.413983453,1,1321,100,461477,-1
36186.858308478,5,1319,100,461941,-1
36187.354989231,3,1315,100,460156,1
36188.321547049,3,1318,100,461877,-1
36188.967398131,5,1321,100,461477,-1
36189.885846081,1,1322,100,464253,-1
36191.300741188,1,1323,100,465942,-1
36191.763353382,4,1317,100,461692,-1
36192.50151182,4,1320,100,463601,-1
36193.318561838,3,1322,100,464253,-1
36194.322570962,1,1324,100,460898,-1
36194.943301768,1,1325,100,461073,-1
36195.331550213,3,1325,100,461073,-1
36196.367056043,1,1326,100,460025,1
36197.45771269,1,1327,100,462517,-1
36198.102677305,4,1326,100,460025,1
36199.020814141,1,1328,100,458505,1
36199.925447415,1,1329,100,459744,-1
36201.052266541,1,1330,100,460482,-1
36201.516903446,1,1331,100,461812,-1
36202.921286588,1,1332,100,461028,1
36203.790732195,3,1332,100,461028,1
36205.011385199,4,1324,100,460898,-1
36205.644306756,1,1333,100,462719,-1
36206.710181571,1,1334,100,461272,1
36207.386177411,1,1335,100,459333,1
36207.960298868,4,1330,100,460482,-1
36208.972528357,1,1336,100,462431,-1
36210.07963443,3,1327,100,462517,-1
36211.110919945,1,1337,100,459819,-1
36211.725813032,3,1331,100,461812,-1
36212.275399283,3,1328,100,458505,1
36212.925990107,4,1329,100,459744,-1
36213.349083501,3,1337,100,459819,-1
36214.323654612,3,1323,100,465942,-1
36215.672802732,1,1338,100,459019,1
36216.079725165,1,1339,100,460473,1
36217.207154577,1,1340,300,459788,1
36218.224451897,4,1334,100,461272,1
36220.300818839,1,1341,100,460556,-1
36221.121644665,3,1333,100,462719,-1
36221.584684039,1,1342,100,460160,1
36222.63622547,1,1343,100,458011,1
36224.33147374,3,1335,100,459333,1
36225.098796456,1,1344,100,465158,-1
36225.866579287,3,1342,100,460160,1
36226.588369329,3,1339,100,460473,1
36227.491689571,1,1345,100,460234,-1
36228.284936482,3,1336,100,462431,-1
36229.39669489,3,1340,300,459788,1
36230.127146306,4,1338,100,459019,1
36230.673246272,3,1343,100,458011,1
36231.27666221,1,1346,100,461234,-1
36231.698238694,4,1341,100,460556,-1
36232.371116143,3,1345,100,460234,-1
36233.395564894,3,1344,100,465158,-1
36234.08183973,1,1347,100,455053,1
36234.945279104,1,1348,100,457591,1
36236.085183165,3,1346,100,461234,-1
36236.625361603,5,1348,100,457591,1
36237.175861147,4,1347,100,455053,1
36237.578346289,1,1349,100,457875,1
36238.613191074,1,1350,100,458000,1
36239.534435401,3,1349,100,457875,1
36240.11431559,3,1350,100,458000,1
36240.495938835,1,1351,100,457819,1
36241.174636809,3,1351,100,457819,1
36241.744465119,1,1352,100,457785,1
36242.395277178,1,1353,100,455915,1
36244.064897883,1,1354,100,458227,1
36244.669219519,3,1354,100,458227,1
36245.09010796,3,1353,100,455915,1
36245.608979199,4,1352,100,457785,1
36246.472015369,1,1355,100,456369,-1
36247.55215056,3,1355,100,456369,-1
36248.199021957,1,1356,100,456742,1
36248.751937591,3,1356,100,456742,1
36249.560616345,1,1357,100,456653,-1
36249.941891625,5,1357,100,456653,-1
36250.545800813,1,1358,100,455986,-1
36251.455962369,3,1358,100,455986,-1
36252.237774973,1,1359,100,454930,1
36253.342864779,1,1360,100,455377,1
36254.127027659,1,1361,100,457613,-1
36255.084397363,3,1359,100,454930,1
36255.862783897,3,1360,100,455377,1
36256.703008715,1,1362,100,457438,-1
36258.271648345,5,1361,100,457613,-1
36258.907513668,1,1363,100,454722,1
36259.869655424,1,1364,100,455466,1
36260.85809672,1,1365,100,458347,-1
36261.783073971,3,1365,100,458347,-1
36262.768326629,3,1362,100,457438,-1
36263.740945516,4,1363,100,454722,1
36264.694195336,1,1366,100,457373,-1
36265.293642114,3,1366,100,457373,-1
36266.202261456,1,1367,100,456442,-1
36267.068988332,3,1364,100,455466,1
36267.88627004,3,1367,100,456442,-1
36268.361414555,1,1368,100,457094,-1
36269.501372253,1,1369,100,455957,-1
36270.822393492,3,1368,100,457094,-1
36271.427361286,5,1369,100,455957,-1
36272.469805818,1,1370,100,456331,-1
36273.542670952,3,1370,100,456331,-1
36274.632579588,1,1371,100,457439,-1
36275.573370891,4,1371,100,457439,-1
36276.451125802,1,1372,100,457018,-1
36277.408558822,3,1372,100,457018,-1
36278.437504071,1,1373,100,456613,1
36279.017199645,3,1373,100,456613,1
36279.564847089,1,1374,100,456288,-1
36280.348367314,1,1375,100,455536,1
36281.247249794,1,1376,100,456442,-1
36281.63026215,1,1377,100,455199,-1
36282.385617103,3,1375,100,455536,1
36282.787919096,5,1374,100,456288,-1
36283.730320326,1,1378,100,453030,1
36285.389385041,1,1379,100,455522,-1
36286.676138693,1,1380,100,451598,1
36287.490355482,1,1381,100,452325,1
36288.493018149,1,1382,100,451574,1
36289.324355422,1,1383,100,451345,1
36290.177725478,3,1378,100,453030,1
36290.618692096,5,1377,100,455199,-1
36291.42971848,1,1384,100,452375,-1
36292.348681361,1,1385,100,454242,-1
36292.999321448,3,1383,100,451345,1
36293.708358731,3,1380,100,451598,1
36294.271923373,5,1385,100,454242,-1
36295.058619303,3,1376,100,456442,-1
36295.986755748,4,1384,100,452375,-1
36296.397928366,3,1381,100,452325,1
36297.256984191,3,1382,100,451574,1
36298.058288939,3,1379,100,455522,-1
36298.451889942,1,1386,100,452195,1
36299.085320928,4,1386,100,452195,1
36299.712225969,1,1387,100,450861,1
36300.400025262,1,1388,100,450375,1
36300.939621414,1,1389,100,450357,-1
36301.720946106,5,1388,100,450375,1
36302.866403116,3,1387,100,450861,1
36303.383893836,3,1389,100,450357,-1
36304.35096447,1,1390,100,451872,-1
36304.817959556,3,1390,100,451872,-1
36305.636600281,1,1391,100,454364,-1
36306.771465302,1,1392,100,450952,1
36307.308127084,3,1391,100,454364,-1
36308.017584921,1,1393,100,452865,-1
36308.804999953,1,1394,100,452797,-1
36309.316003665,1,1395,100,447655,1
36310.229921559,4,1392,100,450952,1
36311.119281222,1,1396,100,449216,1
36311.760889677,3,1394,100,452797,-1
36312.339665257,3,1395,100,447655,1
36313.428827093,1,1397,100,450958,-1
36314.52575011,3,1397,100,450958,-1
36315.171287039,3,1396,100,449216,1
36315.965763274,5,1393,100,452865,-1
36317.093949288,1,1398,100,449492,1
36320.163993911,3,1398,100,449492,1
36321.12046793,1,1399,100,453941,1
36322.204081006,1,1400,100,452457,1
36323.068601543,1,1401,100,451596,1
36323.994242337,4,1399,100,453941,1
36324.602882142,3,1401,100,451596,1
36325.065942225,1,1402,100,457438,-1
36326.865647804,5,1400,100,452457,1
36327.463810702,1,1403,100,451388,1
36328.378718582,3,1402,100,457438,-1
36328.949213736,1,1404,100,451900,1
36329.823617362,4,1404,100,451900,1
36330.974284011,5,1403,100,451388,1
36331.544007034,1,1405,100,454824,1
36332.279993175,3,1405,100,454824,1
36333.207074345,1,1406,100,453634,1
36334.139453185,1,1407,100,455148,-1
36335.246472248,4,1406,100,453634,1
36336.089722524,3,1407,100,455148,-1
36337.114037227,1,1408,100,454386,1
36338.571050666,1,1409,100,458617,-1
36339.396287269,3,1408,100,454386,1
36340.183607852,1,1410,100,454088,1
36341.887832681,3,1410,100,454088,1
36342.988198727,3,1409,100,458617,-1
36343.825018462,1,1411,100,459112,-1
36344.210566365,1,1412,100,458738,1
36345.294093746,3,1412,100,458738,1
36345.948564482,3,1411,100,459112,-1
36346.408970277,1,1413,100,457672,1
36347.147845094,1,1414,100,459052,-1
36347.959229505,4,1414,100,459052,-1
36348.787360292,4,1413,100,457672,1
36349.882595663,1,1415,100,459051,1
36350.73708847,1,1416,100,460658,1
36351.881862072,1,1417,100,462824,-1
36352.524832692,5,1415,100,459051,1
36353.043283418,1,1418,100,460541,-1
36354.171561031,4,1416,100,460658,1
36354.604544797,4,1418,100,460541,-1
36354.990360692,1,1419,100,458164,1
36356.748508199,5,1417,100,462824,-1
36357.81491968,1,1420,100,461618,-1
36358.294123501,1,1421,100,460418,-1
36359.315685085,1,1422,100,456365,1
36360.217872812,5,1420,100,461618,-1
36360.973851976,1,1423,100,461714,-1
36362.953609127,3,1421,100,460418,-1
36363.438554761,1,1424,100,459730,-1
36364.089751811,3,1424,100,459730,-1
36364.863123827,1,1425,100,463003,-1
36365.974722738,1,1426,100,458410,1
36366.93339865,4,1426,100,458410,1
36367.483067588,3,1422,100,456365,1
36367.961921221,4,1423,100,461714,-1
36368.842706283,1,1427,100,461520,-1
36369.552056873,1,1428,100,461085,1
36369.957029225,1,1429,100,461443,1
36371.079075285,3,1427,100,461520,-1
36371.553241933,3,1429,100,461443,1
36372.490651828,4,1428,100,461085,1
36373.393993962,1,1430,100,458691,1
36373.907904061,4,1430,100,458691,1
36374.475330155,3,1425,100,463003,-1
36375.036141524,3,1419,100,458164,1
36375.508085627,1,1431,100,457501,1
36376.123958656,3,1431,100,457501,1
36376.65738752,1,1432,100,457882,-1
36377.104588548,4,1432,100,457882,-1
36378.159530855,1,1433,100,456127,1
36378.692368578,1,1434,100,455121,1
36379.429186705,5,1433,100,456127,1
36380.35632012,3,1434,100,455121,1
36381.305961382,1,1435,100,456530,-1
36382.012608744,3,1435,100,456530,-1
36382.525899334,1,1436,100,457209,1
36383.367089667,1,1437,100,455811,1
36384.3771905,5,1436,100,457209,1
36385.498793547,1,1438,100,457179,-1
36385.892936701,3,1438,100,457179,-1
36386.305366142,5,1437,100,455811,1
36387.047610818,1,1439,100,457376,-1
36388.184843498,3,1439,100,457376,-1
36388.745304971,1,1440,100,457563,1
36389.318566539,1,1441,100,459721,-1
36389.91723216,4,1441,100,459721,-1
36390.581528546,4,1440,100,457563,1
36391.668316652,1,1442,100,461162,-1
36392.783926678,1,1443,100,462209,-1
36393.871832505,5,1442,100,461162,-1
36394.365132049,1,1444,100,460720,-1
36396.469597558,4,1443,100,462209,-1
36397.250166667,1,1445,100,458427,1
36398.620846539,1,1446,100,456855,1
36399.456683339,4,1445,100,458427,1
36400.460556388,1,1447,100,456031,1
36400.954187043,4,1446,100,456855,1
36401.986179056,5,1444,100,460720,-1
36403.009379195,3,1447,100,456031,1
36403.827445823,1,1448,100,457125,-1
36404.669114869,1,1449,100,458535,-1
36405.609105613,1,1450,100,457698,-1
36406.699889935,1,1451,100,456382,-1
36407.513128894,1,1452,100,455633,-1
36408.23054189,4,1452,100,455633,-1
36409.272195569,5,1449,100,458535,-1
36409.860266315,1,1453,100,455569,-1
36410.392884458,3,1448,100,457125,-1
36410.976126402,4,1451,100,456382,-1
36412.090293775,3,1450,100,457698,-1
36413.225033557,3,1453,100,455569,-1
36414.112009586,1,1454,100,449473,1
36415.183251129,4,1454,100,449473,1
36416.256379664,1,1455,100,451323,-1
36417.199183646,1,1456,100,450677,-1
36418.150706799,1,1457,100,452066,-1
36418.62403569,1,1458,100,452076,-1
36419.662995434,4,1455,100,451323,-1
36420.308644239,1,1459,100,452993,-1
36421.397037328,1,1460,100,452691,-1
36422.446505906,1,1461,100,450842,-1
36422.920624371,3,1461,100,450842,-1
36423.395572599,3,1458,100,452076,-1
36423.878401402,4,1459,100,452993,-1
36424.533556903,5,1460,100,452691,-1
36425.16791972,3,1456,100,450677,-1
36426.031514477,1,1462,100,453735,-1
36427.110452375,1,1463,100,452717,1
36427.886908255,3,1457,100,452066,-1
36428.529282035,1,1464,100,454502,1
36429.834681798,1,1465,100,453842,-1
36430.325408795,5,1465,100,453842,-1
36431.025278602,1,1466,100,454701,1
36431.951824243,1,1467,100,455441,-1
36432.575064534,4,1462,100,453735,-1
36433.349598133,1,1468,100,457370,-1
36433.976487935,4,1464,100,454502,1
36434.821695697,1,1469,100,453281,1
36435.893237442,1,1470,100,458205,-1
36436.424277228,1,1471,100,456615,-1
36437.4712599,3,1471,100,456615,-1
36439.10214057,3,1467,100,455441,-1
36440.224588466,5,1468,100,457370,-1
36441.145784578,1,1472,100,457585,-1
36441.677745514,3,1470,100,458205,-1
36442.714274314,1,1473,100,456382,-1
36443.681054013,4,1466,100,454701,1
36444.799896196,1,1474,100,456968,-1
36445.477944947,5,1473,100,456382,-1
36446.274365462,3,1463,100,452717,1
36447.108697737,3,1474,100,456968,-1
36447.734869523,5,1472,100,457585,-1
36448.439971524,1,1475,100,453970,1
36449.093569318,4,1469,100,453281,1
36449.938086702,3,1475,100,453970,1
36451.037831672,1,1476,100,455404,-1
36451.597101595,1,1477,100,455552,-1
36452.183669533,3,1477,100,455552,-1
36452.833708159,1,1478,100,453915,1
36453.40172047,3,1476,100,455404,-1
36455.255459485,3,1478,100,453915,1
36456.125307504,1,1479,100,456218,1
36456.576428678,4,1479,100,456218,1
36457.667944168,1,1480,100,455496,1
36458.130893576,1,1481,100,457243,-1
36458.639666654,1,1482,100,455139,1
36459.217977474,1,1483,100,456896,1
36460.053877415,3,1483,100,456896,1
36460.637117069,4,1481,100,457243,-1
36461.623259835,1,1484,100,456394,1
36462.185111762,1,1485,100,455925,1
36462.695690681,4,1484,100,456394,1
36463.200944058,3,1485,100,455925,1
36463.727601346,3,1482,100,455139,1
36464.647506644,1,1486,100,459897,-1
36465.438422453,1,1487,100,455920,-1
36465.944432537,4,1487,100,455920,-1
36466.525679107,5,1480,100,455496,1
36467.566958322,1,1488,100,456175,-1
36468.140607794,3,1488,100,456175,-1
36468.825532761,3,1486,100,459897,-1
36469.237109299,1,1489,100,456081,-1
36470.235752776,1,1490,100,457661,-1
36471.962998959,3,1490,100,457661,-1
36472.567241955,3,1489,100,456081,-1
36473.611937709,1,1491,100,456927,-1
36474.674723515,4,1491,100,456927,-1
36475.311688811,1,1492,100,454806,1
36476.180117288,1,1493,100,457062,-1
36476.917467581,3,1493,100,457062,-1
36477.425604055,3,1492,100,454806,1
36478.505318712,1,1494,100,456000,1
36479.096222213,3,1494,100,456000,1
36479.64835236,1,1495,200,457756,-1
36480.284374573,1,1496,100,458757,-1
36482.461805991,1,1497,100,456354,1
36484.135095888,2,1495,100,457756,-1
36485.275777467,1,1498,100,455770,1
36486.096115864,1,1499,100,457836,-1
36486.563168836,3,1498,100,455770,1
36487.072649939,3,1497,100,456354,1
36487.829639868,5,1499,100,457836,-1
36488.828696316,4,1495,100,457756,-1
36490.396739871,1,1500,100,460794,-1
36491.19909133,3,1500,100,460794,-1
36493.441522285,1,1501,100,461949,-1
36494.260803005,1,1502,100,460040,1
36494.844369215,1,1503,100,458502,1
36495.375410963,4,1496,100,458757,-1
36496.32667617,4,1502,100,460040,1
36496.790518107,1,1504,100,461905,-1
36497.650214172,1,1505,100,460914,-1
36498.820077479,3,1505,100,460914,-1
36499.790626187,1,1506,100,461092,1
36500.737534553,1,1507,100,461278,1
36501.298568596,1,1508,100,461376,1
36502.063964532,5,1507,100,461278,1
36502.514129291,1,1509,100,459925,1
36502.924776067,4,1509,100,459925,1
36503.517756509,3,1504,100,461905,-1
36503.970283142,4,1508,100,461376,1
36504.535950355,3,1506,100,461092,1
36505.562259386,1,1510,100,460776,1
36506.051095703,4,1510,100,460776,1
36506.948719576,4,1503,100,458502,1
36507.849337898,1,1511,100,462874,-1
36508.506640425,3,1501,100,461949,-1
36509.4011056,3,1511,100,462874,-1
36510.557675091,1,1512,100,460471,1
36511.114628325,4,1512,100,460471,1
36511.860661495,1,1513,100,457766,1
36512.288504093,1,1514,100,457749,1
36512.742411123,1,1515,100,456946,1
36513.266542677,1,1516,100,456959,1
36514.212118826,3,1513,100,457766,1
36514.629479405,4,1514,100,457749,1
36515.513477095,1,1517,100,458358,1
36515.981635221,4,1517,100,458358,1
36516.614016516,4,1516,100,456959,1
36518.022838976,4,1515,100,456946,1
36518.693168294,1,1518,100,457884,1
36519.415073176,4,1518,100,457884,1
36520.564312666,1,1519,100,459343,1
36521.380789392,3,1519,100,459343,1
36522.172800952,1,1520,100,459187,1
36522.980320334,4,1520,100,459187,1
36524.052009376,1,1521,100,458758,1
36524.832041143,3,1521,100,458758,1
36525.376984841,1,1522,100,458349,-1
36526.096662142,4,1522,100,458349,-1
36526.665012576,1,1523,100,459233,-1
36527.81390173,1,1524,100,460868,-1
36529.181828083,4,1524,100,460868,-1
36529.741383871,1,1525,100,458015,-1
36530.24516851,5,1523,100,459233,-1
36530.753597829,3,1525,100,458015,-1
36531.456715624,1,1526,100,456213,1
36532.289680027,4,1526,100,456213,1
36533.231088062,1,1527,100,457354,-1
36534.00985443,1,1528,100,458121,1
36534.977607696,1,1529,100,457047,-1
36536.794409541,5,1527,100,457354,-1
36538.509680169,3,1529,100,457047,-1
36538.935547322,1,1530,100,453426,1
36539.531369995,4,1528,100,458121,1
36540.364384469,1,1531,100,451899,1
36541.059328881,3,1530,100,453426,1
36541.789388467,3,1531,100,451899,1
36542.539357593,1,1532,100,456349,-1
36543.915004396,3,1532,100,456349,-1
36545.058360329,1,1533,100,456860,1
36546.095906589,1,1534,100,453023,1
36547.213397195,3,1534,100,453023,1
36548.408268249,1,1535,100,453552,1
36549.572750219,3,1535,100,453552,1
36550.118622459,3,1533,100,456860,1
36550.581010922,1,1536,100,456298,1
36551.391050035,4,1536,100,456298,1
36552.305235838,1,1537,100,455563,1
36553.089999125,1,1538,100,458210,-1
36554.829987598,1,1539,100,455632,-1
36555.895625761,1,1540,100,455188,-1
36556.897906116,4,1537,100,455563,1
36558.906944425,1,1541,100,454672,-1
36559.637979608,4,1541,100,454672,-1
36560.41684449,1,1542,100,454865,-1
36561.587670383,1,1543,100,453418,-1
36562.590147918,3,1542,100,454865,-1
36563.123320245,1,1544,100,451432,-1
36563.958108389,1,1545,100,451516,1
36564.792264761,3,1545,100,451516,1
36565.318534021,1,1546,100,454497,-1
36566.365691429,1,1547,100,451185,1
36566.887743794,3,1546,100,454497,-1
36567.652402307,1,1548,100,450705,1
36568.056839904,1,1549,100,450258,1
36568.809714697,1,1550,100,450763,1
36569.723632724,3,1543,100,453418,-1
36570.438827144,4,1544,100,451432,-1
36571.06281911,1,1551,100,451323,1
36571.52523662,3,1540,100,455188,-1
36572.781734278,4,1551,100,451323,1
36573.286309081,1,1552,100,450201,1
36573.860103273,4,1548,100,450705,1
36574.378363462,3,1550,100,450763,1
36574.825162086,4,1549,100,450258,1
36575.6341215,3,1547,100,451185,1
36576.622520515,4,1552,100,450201,1
36578.182945995,1,1553,100,448015,1
36578.625295865,1,1554,100,452562,-1
36579.592059885,1,1555,100,448674,1
36580.061929328,5,1539,100,455632,-1
36581.399293405,4,1555,100,448674,1
36582.115936214,4,1553,100,448015,1
36583.000562514,1,1556,100,447716,1
36584.929961928,3,1554,100,452562,-1
36585.491475362,1,1557,100,445705,1
36586.272613644,1,1558,100,448186,-1
36587.564077862,5,1558,100,448186,-1
36588.394511267,5,1556,100,447716,1
36589.108655724,3,1557,100,445705,1
36590.026315183,1,1559,100,445459,-1
36590.679620466,4,1538,100,458210,-1
36591.843140572,5,1559,100,445459,-1
36592.258754676,1,1560,100,444827,-1
36592.777110421,5,1560,100,444827,-1
36593.723648572,1,1561,100,443461,1
36594.729818267,1,1562,100,446650,-1
36595.43005432,3,1561,100,443461,1
36596.538008305,1,1563,100,448506,-1
36598.736408913,3,1562,100,446650,-1
36599.961413387,3,1563,100,448506,-1
36601.069478995,1,1564,100,443647,-1
36601.767227179,4,1564,100,443647,-1
36602.260250225,1,1565,100,443049,-1
36603.020707976,1,1566,100,442688,-1
36603.678047959,1,1567,100,442847,-1
36605.639503132,1,1568,100,444660,-1
36606.768929408,3,1567,100,442847,-1
36607.830838445,1,1569,100,446851,-1
36608.243059964,4,1566,100,442688,-1
36608.64970928,1,1570,100,446862,-1
36609.135821059,3,1570,100,446862,-1
36609.662311348,1,1571,100,449168,-1
36610.766340718,3,1565,100,443049,-1
36611.304129753,3,1569,100,446851,-1
36612.065090062,1,1572,100,447055,-1
36613.124639354,4,1568,100,444660,-1
36614.171172318,1,1573,100,443842,1
36615.060557725,4,1573,100,443842,1
36615.562590124,1,1574,100,443713,1
36617.410631168,1,1575,100,443434,1
36618.529820434,3,1575,100,443434,1
36618.933214947,3,1574,100,443713,1
36619.543475917,3,1571,100,449168,-1
36620.542105281,1,1576,100,445904,-1
36621.146341977,1,1577,100,446573,1
36621.720470901,3,1576,100,445904,-1
36622.180349878,1,1578,100,450183,-1
36623.268058284,1,1579,100,447181,1
36623.973049955,1,1580,100,446844,-1
36624.866682545,1,1581,100,445699,1
36625.889065338,1,1582,100,446131,1
36626.769419316,3,1582,100,446131,1
36628.606191132,1,1583,100,449176,1
36629.780163918,5,1572,100,447055,-1
36630.967002346,1,1584,100,450418,-1
36631.469745308,1,1585,100,451234,-1
36632.651476912,5,1585,100,451234,-1
36633.19694462,3,1579,100,447181,1
36633.740658812,5,1584,100,450418,-1
36634.584616696,1,1586,100,447885,1
36635.421549088,1,1587,100,449445,-1
36636.219451144,5,1586,100,447885,1
36636.705582752,3,1580,100,446844,-1
36637.740055974,1,1588,100,444564,1
36638.781437593,5,1588,100,444564,1
36639.309384778,3,1583,100,449176,1
36640.468761036,3,1578,100,450183,-1
36641.488388697,5,1577,100,446573,1
36642.669979888,4,1587,100,449445,-1
36643.697705129,4,1581,100,445699,1
36644.160142606,1,1589,100,447281,-1
36645.033637551,4,1589,100,447281,-1
36645.54585344,1,1590,100,446767,-1
36646.158125649,3,1590,100,446767,-1
36647.329605456,1,1591,100,447338,-1
36648.139989086,1,1592,100,446746,1
36649.048454421,4,1591,100,447338,-1
36649.498920419,1,1593,100,445477,1
36650.141704477,1,1594,100,448918,-1
36650.891834859,5,1592,100,446746,1
36651.556580889,1,1595,100,447257,1
36652.073699143,4,1595,100,447257,1
36652.87747057,3,1593,100,445477,1
36654.010713687,1,1596,100,448063,1
36654.615012195,1,1597,100,447853,-1
36655.200813383,1,1598,100,445546,1
36655.733178223,1,1599,100,448630,-1
36656.827362593,1,1600,100,443242,1
36657.258799885,4,1598,100,445546,1
36658.156265324,1,1601,100,446522,-1
36659.265913693,3,1599,100,448630,-1
36660.187412799,1,1602,100,444012,1
36661.131439216,1,1603,100,448628,-1
36661.979390662,1,1604,100,445140,1
36662.89279521,5,1601,100,446522,-1
36663.933422853,1,1605,100,448517,-1
36664.342370107,1,1606,100,449410,-1
36665.410937735,1,1607,100,450091,-1
36666.562288867,4,1605,100,448517,-1
36667.445196124,5,1596,100,448063,1
36668.559041488,4,1597,100,447853,-1
36669.566073106,1,1608,100,448499,1
36670.671909458,1,1609,100,450474,-1
36671.195857642,3,1607,100,450091,-1
36672.830069071,4,1594,100,448918,-1
36674.00927846,3,1602,100,444012,1
36675.109273735,1,1610,100,449312,1
36675.923877205,3,1606,100,449410,-1
36676.572508634,3,1610,100,449312,1
36677.033891616,4,1609,100,450474,-1
36677.51660369,1,1611,100,451025,1
36678.393464025,3,1604,100,445140,1
36679.394010236,1,1612,100,450553,1
36679.797568985,4,1603,100,448628,-1
36681.616936958,3,1600,100,443242,1
36682.507793104,1,1613,100,454259,-1
36683.601129262,1,1614,100,457334,-1
36684.181923301,1,1615,100,455631,-1
36684.583070108,1,1616,100,454144,1
36685.760067943,1,1617,100,452684,1
36686.168618537,1,1618,100,453629,1
36686.801145635,3,1615,100,455631,-1
36687.49865227,3,1614,100,457334,-1
36688.419867275,1,1619,100,453374,-1
36688.958753044,3,1618,100,453629,1
36689.89441204,1,1620,100,452358,-1
36690.915660242,1,1621,100,454549,-1
36691.945913463,3,1608,100,448499,1
36692.879394057,1,1622,100,452306,1
36693.854785447,1,1623,100,450046,1
36694.270074694,3,1619,100,453374,-1
36695.392139476,3,1611,100,451025,1
36696.430153145,1,1624,100,449072,1
36698.553998726,3,1622,100,452306,1
36699.056428391,4,1612,100,450553,1
36699.854397526,4,1623,100,450046,1
36700.615996635,1,1625,100,449150,1
36701.454837346,4,1617,100,452684,1
36701.997895975,1,1626,100,451388,-1
36703.320787596,4,1616,100,454144,1
36704.476990394,3,1621,100,454549,-1
36705.08433938,1,1627,100,447295,1
36707.012179453,1,1628,100,448910,-1
36707.805045946,5,1613,100,454259,-1
36708.90215866,1,1629,100,450214,-1
36709.948779149,4,1628,100,448910,-1
36710.455104955,3,1625,100,449150,1
36711.325692081,4,1629,100,450214,-1
36712.280661949,3,1620,100,452358,-1
36713.414758708,1,1630,100,449311,1
36714.255113464,4,1630,100,449311,1
36714.940806169,1,1631,100,448881,1
36715.842499091,5,1626,100,451388,-1
36716.894387026,1,1632,100,449385,1
36717.623654906,1,1633,100,449650,1
36718.22619455,1,1634,100,451943,-1
36718.991877136,3,1632,100,449385,1
36719.462263822,1,1635,100,452947,1
36720.58461177,3,1627,100,447295,1
36721.751109448,3,1635,100,452947,1
36722.305968767,1,1636,100,452083,-1
36723.839198985,3,1633,100,449650,1
36724.353077177,1,1637,100,451091,-1
36726.061152875,1,1638,100,448259,1
36726.484178022,5,1624,100,449072,1
36726.965735654,3,1636,100,452083,-1
36727.478162574,4,1631,100,448881,1
36728.435597518,1,1639,100,448166,1
36729.211487892,1,1640,100,451638,-1
36730.161971814,4,1639,100,448166,1
36730.781798719,1,1641,100,447420,1
36731.380365405,1,1642,100,447888,-1
36732.724080329,3,1642,100,447888,-1
36733.339058868,1,1643,100,446617,1
36733.928160817,3,1638,100,448259,1
36734.918328611,1,1644,100,450018,-1
36735.564530851,1,1645,100,447966,1
36736.302262365,1,1646,100,449821,-1
36736.895525305,4,1645,100,447966,1
36737.622595867,1,1647,100,449696,1
36738.492502892,1,1648,100,450337,-1
36739.55956498,1,1649,100,448312,-1
36740.01079469,4,1641,100,447420,1
36740.716909108,3,1646,100,449821,-1
36741.170944253,3,1640,100,451638,-1
36741.897597994,3,1648,100,450337,-1
36742.753119213,1,1650,100,446262,-1
36743.468647936,1,1651,100,445251,1
36744.250037877,1,1652,100,448739,-1
36745.125955083,3,1651,100,445251,1
36746.132424673,1,1653,100,447299,-1
36746.731748385,1,1654,100,447144,-1
36747.788103855,3,1647,100,449696,1
36748.599865367,1,1655,100,446198,1
36749.382757258,3,1654,100,447144,-1
36750.283527432,1,1656,100,446248,1
36751.027119792,5,1644,100,450018,-1
36752.55608305,3,1650,100,446262,-1
36753.04134361,1,1657,100,448512,-1
36753.662484939,3,1653,100,447299,-1
36754.426451531,4,1652,100,448739,-1
36755.522476324,1,1658,100,447517,-1
36756.709960588,1,1659,100,448809,-1
36757.138414728,3,1643,100,446617,1
36757.653262017,3,1657,100,448512,-1
36758.343381745,5,1658,100,447517,-1
36759.090260675,4,1656,100,446248,1
36759.713054377,3,1634,100,451943,-1
36760.180861486,1,1660,100,447653,1
36760.922058455,4,1649,100,448312,-1
36761.81265751,1,1661,100,446424,1
36762.30178437,1,1662,100,447027,1
36764.528448359,1,1663,100,447841,1
36765.278825766,4,1662,100,447027,1
36766.004677102,1,1664,100,447715,1
36766.416270286,3,1655,100,446198,1
36767.323144256,1,1665,100,445306,1
36768.083157083,4,1663,100,447841,1
36768.761743153,3,1665,100,445306,1
36769.32285697,3,1661,100,446424,1
36770.403053146,1,1666,100,448432,-1
36772.637998162,1,1667,100,450858,-1
36773.720344893,1,1668,100,448688,-1
36774.244166115,4,1664,100,447715,1
36775.244060636,3,1659,100,448809,-1
36775.775535156,4,1660,100,447653,1
36776.626866735,4,1666,100,448432,-1
36777.681935174,3,1667,100,450858,-1
36779.396491395,4,1668,100,448688,-1
36780.171005475,5,1637,100,451091,-1
36780.618386525,1,1669,100,447250,1
36781.503013256,5,1669,100,447250,1
36782.561494639,1,1670,100,448184,1
36783.754322911,4,1670,100,448184,1
36784.659545525,1,1671,100,449263,-1
36785.375580747,1,1672,100,449650,-1
36785.84501455,1,1673,100,450773,-1
36786.996419055,4,1673,100,450773,-1
36788.566248013,3,1671,100,449263,-1
36789.463274893,4,1672,100,449650,-1
36790.114152868,1,1674,100,448709,1
36790.795340536,1,1675,100,446155,1
36791.420155947,1,1676,100,445905,1
36791.879690556,3,1675,100,446155,1
36792.983697684,4,1674,100,448709,1
36793.894409704,1,1677,100,448242,-1
36795.017344945,4,1677,100,448242,-1
36795.788507607,1,1678,100,445473,1
36796.288236812,5,1676,100,445905,1
36796.817669275,3,1678,100,445473,1
36797.780722764,1,1679,100,447739,1
36798.402812575,3,1679,100,447739,1
36799.46432109,1,1680,100,448457,-1
36800.852876059,3,1680,100,448457,-1
36801.265951921,1,1681,100,447765,-1
36802.339748825,1,1682,100,447312,1
36802.910952771,3,1681,100,447765,-1
36803.452665892,3,1682,100,447312,1
36804.226876791,1,1683,100,448647,1
36806.188755989,5,1683,100,448647,1
36806.605717611,1,1684,100,446529,-1
36807.351207199,3,1684,100,446529,-1
36808.420421852,1,1685,100,446948,1
36809.495534072,3,1685,100,446948,1
36810.107035614,1,1686,100,445916,-1
36810.524332653,4,1686,100,445916,-1
36811.591482661,1,1687,100,446014,1
36812.473728437,4,1687,100,446014,1
36813.591119105,1,1688,100,446769,1
36814.129792362,3,1688,100,446769,1
36815.291668021,1,1689,100,446000,1
36815.799749374,4,1689,100,446000,1
36816.696437564,1,1690,100,449368,-1
36817.388680977,3,1690,100,449368,-1
36818.054222603,1,1691,100,444031,1
36818.742179078,1,1692,100,442796,1
36819.71760362,1,1693,100,445224,-1
36820.541851963,1,1694,100,448217,-1
36821.587337142,1,1695,100,443103,1
36822.039551173,1,1696,100,443272,1
36822.781115221,3,1691,100,444031,1
36823.431755036,1,1697,100,440753,1
36824.608266078,4,1696,100,443272,1
36825.588119543,4,1695,100,443103,1
36826.253554777,1,1698,100,439361,1
36827.19018299,4,1697,100,440753,1
36828.299795181,3,1693,100,445224,-1
36829.235584887,3,1698,100,439361,1
36830.080308339,4,1692,100,442796,1
36830.907063244,5,1694,100,448217,-1
36831.896002781,1,1699,100,440967,1
36833.018653168,3,1699,100,440967,1
36834.017751069,1,1700,100,441905,-1
36834.526326693,4,1700,100,441905,-1
36835.076432495,1,1701,100,441401,1
36836.114559426,3,1701,100,441401,1
36836.779786791,1,1702,100,440365,1
36837.983538518,1,1703,200,442117,-1
36838.520957649,4,1703,100,442117,-1
36839.708631726,4,1703,100,442117,-1
36840.760923079,1,1704,100,442209,-1
36841.562581935,4,1704,100,442209,-1
36842.28773262,3,1702,100,440365,1
36843.47490215,1,1705,100,442905,-1
36844.271505781,4,1705,100,442905,-1
36845.246645501,1,1706,100,443897,-1
36845.705623882,3,1706,100,443897,-1
36846.460646438,1,1707,100,444526,-1
36847.036308244,5,1707,100,444526,-1
36848.070392424,1,1708,100,444782,1
36848.960816197,3,1708,100,444782,1
36850.140696266,1,1709,100,444800,1
36852.10767079,3,1709,100,444800,1
36853.308858921,1,1710,100,445881,1
36853.849370524,1,1711,100,446775,-1
36855.040644982,4,1710,100,445881,1
36856.196856156,5,1711,100,446775,-1
36857.409910618,1,1712,100,447095,1
36858.981054206,1,1713,100,447076,1
36859.795887388,1,1714,100,448298,-1
36860.260635253,1,1715,100,445804,1
36860.746116669,3,1715,100,445804,1
36861.732994021,4,1712,100,447095,1
36862.333468425,4,1713,100,447076,1
36862.833370966,5,1714,100,448298,-1
36864.031393828,1,1716,100,445225,1
36865.373639226,3,1716,100,445225,1
36866.281432695,1,1717,100,445183,1
36866.91821217,4,1717,100,445183,1
36867.961234175,1,1718,100,446002,1
36868.420354718,1,1719,100,448088,-1
36869.201096147,4,1718,100,446002,1
36870.02444063,3,1719,100,448088,-1
36870.960303566,1,1720,100,445880,1
36871.489996098,3,1720,100,445880,1
36872.359902044,1,1721,100,446737,-1
36873.087106828,1,1722,100,445772,1
36874.672573412,1,1723,100,447501,1
36875.617921278,4,1721,100,446737,-1
36876.500157186,1,1724,100,447652,-1
36877.143846343,1,1725,100,448375,1
36878.173328748,4,1723,100,447501,1
36879.274615214,3,1724,100,447652,-1
36880.223672964,1,1726,100,447781,-1
36881.417779319,4,1725,100,448375,1
36882.183820121,1,1727,100,446616,1
36883.110322835,1,1728,100,443955,1
36884.304015276,1,1729,100,447455,-1
36884.968666378,1,1730,100,444224,1
36885.378836691,4,1722,100,445772,1
36886.227077324,1,1731,100,447359,-1
36886.666145592,3,1731,100,447359,-1
36887.621659184,4,1727,100,446616,1
36888.834713888,3,1728,100,443955,1
36889.483686741,1,1732,100,442692,1
36890.599027777,3,1730,100,444224,1
36891.720042137,3,1726,100,447781,-1
36893.051387998,1,1733,100,443452,1
36893.970186879,1,1734,100,440520,1
36894.876000095,3,1729,100,447455,-1
36895.419949185,1,1735,100,443313,1
36896.9211267,1,1736,100,448561,-1
36897.996250549,1,1737,100,447212,-1
36898.753099488,1,1738,100,446029,1
36899.305290527,1,1739,100,446560,1
36899.776663154,3,1733,100,443452,1
36900.781337974,1,1740,100,448358,-1
36901.452279887,3,1739,100,446560,1
36902.131784883,1,1741,100,447251,-1
36903.152015531,3,1735,100,443313,1
36904.213164698,1,1742,100,447634,-1
36905.04232119,1,1743,100,446404,-1
36905.896533912,1,1744,100,443417,1
36906.823676282,3,1736,100,448561,-1
36907.442408142,4,1743,100,446404,-1
36908.135434248,1,1745,100,445207,1
36908.830508642,3,1745,100,445207,1
36909.640030996,4,1738,100,446029,1
36910.36390714,1,1746,100,447351,-1
36911.340112159,4,1744,100,443417,1
36911.843117565,1,1747,100,445285,-1
36912.638048181,4,1747,100,445285,-1
36914.239108446,3,1746,100,447351,-1
36915.100127744,3,1732,100,442692,1
36917.471747723,5,1741,100,447251,-1
36918.084747076,1,1748,100,445995,1
36918.752638625,3,1740,100,448358,-1
36919.799172078,1,1749,100,447380,1
36920.351961407,3,1748,100,445995,1
36920.952093839,1,1750,100,447190,1
36922.060277212,5,1737,100,447212,-1
36922.819279929,3,1750,100,447190,1
36923.275250526,4,1742,100,447634,-1
36923.76190109,3,1749,100,447380,1
36924.887441825,1,1751,100,450928,-1
36926.558801205,1,1752,100,445654,1
36927.205977724,3,1752,100,445654,1
36928.392958323,3,1751,100,450928,-1
36930.178283138,3,1734,100,440520,1
36931.03075418,1,1753,100,448145,-1
36931.822654812,1,1754,100,448098,-1
36932.877719092,1,1755,100,443428,1
36933.619363213,1,1756,100,446989,-1
36934.838497667,4,1756,100,446989,-1
36935.2599298,1,1757,100,445340,-1
36936.254152129,1,1758,100,444858,1
36937.446248499,4,1757,100,445340,-1
36938.331860701,1,1759,100,448121,-1
36940.041887963,1,1760,100,444942,1
36942.41498321,3,1759,100,448121,-1
36943.504913158,5,1754,100,448098,-1
36944.211209138,1,1761,100,445531,-1
36944.773136352,3,1755,100,443428,1
36945.655217102,3,1761,100,445531,-1
36946.373839125,4,1758,100,444858,1
36946.877803259,1,1762,100,444916,-1
36947.420019218,3,1753,100,448145,-1
36947.873766731,1,1763,100,441452,1
36949.07918244,1,1764,100,443673,-1
36949.898065294,5,1763,100,441452,1
36950.481283527,1,1765,100,445059,-1
36951.259987103,3,1764,100,443673,-1
36952.049857312,1,1766,100,443831,-1
36952.501898,1,1767,100,445381,-1
36953.183775672,4,1766,100,443831,-1
36954.049376364,4,1760,100,444942,1
36954.723330245,1,1768,100,444491,-1
36955.755595937,1,1769,100,442117,1
36956.39650454,3,1768,100,444491,-1
36956.889300912,4,1767,100,445381,-1
36957.422179409,3,1765,100,445059,-1
36958.372889681,4,1769,100,442117,1
36959.144364427,3,1762,100,444916,-1
36959.894488867,1,1770,100,444406,-1
36960.507849549,1,1771,100,446057,-1
36961.738061574,4,1770,100,444406,-1
36962.784920405,1,1772,100,444337,1
36963.811587742,3,1772,100,444337,1
36964.844327428,1,1773,100,443591,-1
36965.289946029,4,1773,100,443591,-1
36966.263206216,1,1774,100,446332,-1
36967.01433734,4,1771,100,446057,-1
36968.105036332,4,1774,100,446332,-1
36968.592444074,1,1775,100,447386,-1
36969.819883036,3,1775,100,447386,-1
36970.63661068,1,1776,100,448903,-1
36971.352746018,3,1776,100,448903,-1
36972.050193616,1,1777,100,446277,1
36973.22367255,4,1777,100,446277,1
36973.93894663,1,1778,100,446674,1
36974.722453678,3,1778,100,446674,1
36975.43875488,1,1779,100,447373,-1
36976.075564426,5,1779,100,447373,-1
36976.698917109,1,1780,100,443121,1
36977.298761839,4,1780,100,443121,1
36978.213410599,1,1781,100,444471,-1
36978.74145833,4,1781,100,444471,-1
36979.943503154,1,1782,100,445106,-1
36981.016802309,1,1783,100,443976,1
36982.237294701,1,1784,100,445139,-1
36983.268608214,1,1785,100,445692,-1
36984.236893326,4,1783,100,443976,1
36984.833255531,3,1782,100,445106,-1
36985.822175438,1,1786,100,444201,-1
36986.63746679,5,1785,100,445692,-1
36987.239204324,1,1787,100,443008,1
36989.473036395,3,1786,100,444201,-1
36990.566962396,1,1788,100,438555,1
36991.175276421,5,1784,100,445139,-1
36992.411421821,1,1789,100,443402,-1
36993.318009201,4,1787,100,443008,1
36995.805782347,3,1789,100,443402,-1
36996.586628978,1,1790,100,443075,-1
36998.30162098,3,1788,100,438555,1
36998.786292076,1,1791,100,437565,1
36999.689353643,3,1790,100,443075,-1
37000.762243953,1,1792,100,438803,1
37001.846841931,1,1793,100,440329,-1
37003.432905722,4,1793,100,440329,-1
37004.316307493,5,1791,100,437565,1
37004.831143235,1,1794,100,438446,1
37005.605565622,3,1792,100,438803,1
37006.822797804,4,1794,100,438446,1
37007.851099597,1,1795,100,440065,-1
37008.869814498,1,1796,100,441636,-1
37009.902902931,1,1797,100,438311,1
37011.063754483,1,1798,100,438577,1
37011.607579997,1,1799,100,436481,1
37012.697721599,1,1800,100,439506,1
37013.178384948,5,1796,100,441636,-1
37013.873329887,3,1799,100,436481,1
37014.58723372,1,1801,100,444285,-1
37015.255081171,1,1802,100,441982,-1
37015.839328291,1,1803,100,440663,1
37016.347765597,5,1802,100,441982,-1
37017.573256359,3,1800,100,439506,1
37018.672534203,3,1798,100,438577,1
37019.580184092,1,1804,100,443600,-1
37020.258957623,3,1804,100,443600,-1
37021.261000316,4,1795,100,440065,-1
37022.102592711,3,1803,100,440663,1
37023.907778218,3,1801,100,444285,-1
37024.942200711,3,1797,100,438311,1
37025.457262597,1,1805,100,444626,-1
37025.904255789,3,1805,100,444626,-1
37026.854437806,1,1806,100,443912,-1
37027.787468698,5,1806,100,443912,-1
37028.816601878,1,1807,100,443670,-1
37029.997417825,1,1808,100,441736,1
37030.804802165,4,1807,100,443670,-1
37031.3704082,5,1808,100,441736,1
37032.153509466,1,1809,100,442982,1
37032.937397786,1,1810,100,441007,1
37034.114421923,1,1811,100,444981,-1
37034.62370252,1,1812,100,444652,1
37035.349508689,4,1812,100,444652,1
37036.228888216,1,1813,100,442723,1
37036.945306174,3,1811,100,444981,-1
37037.951197969,3,1813,100,442723,1
37038.844091957,1,1814,100,444222,-1
37039.595754291,1,1815,100,441809,1
37040.118119752,3,1809,100,442982,1
37040.955290871,3,1815,100,441809,1
37041.759085758,1,1816,100,440705,1
37042.656488288,1,1817,100,442303,1
37043.773494819,4,1816,100,440705,1
37044.4867303,3,1817,100,442303,1
37045.144927662,1,1818,100,444264,-1
37046.168913031,5,1818,100,444264,-1
37046.608898725,1,1819,100,442343,-1
37047.235995387,3,1819,100,442343,-1
37047.890031833,3,1814,100,444222,-1
37048.543835194,5,1810,100,441007,1
37049.508687989,1,1820,100,441877,-1
37050.085387851,1,1821,100,442866,-1
37051.19916404,1,1822,100,442860,-1
37051.811711028,1,1823,100,441839,-1
37052.690439537,4,1822,100,442860,-1
37053.724452621,1,1824,100,444676,-1
37054.770501365,1,1825,100,445189,-1
37055.900383943,1,1826,100,442062,1
37056.916133073,1,1827,100,445761,-1
37057.622844229,1,1828,100,445976,-1
37059.1687614,3,1820,100,441877,-1
37059.596486798,1,1829,100,444272,1
37060.192553565,3,1827,100,445761,-1
37061.055516291,3,1821,100,442866,-1
37061.776892889,1,1830,100,443631,1
37062.389835351,4,1825,100,445189,-1
37063.587170178,3,1830,100,443631,1
37064.66095305,1,1831,100,440865,1
37065.617350716,4,1823,100,441839,-1
37066.492604005,1,1832,100,440827,1
37067.714535452,1,1833,100,444384,-1
37068.559949029,3,1828,100,445976,-1
37069.284688282,1,1834,100,445851,-1
37071.256658684,1,1835,100,442452,1
37072.388961921,1,1836,100,444293,-1
37072.807454513,4,1829,100,444272,1
37073.97928255,4,1824,100,444676,-1
37075.839099809,1,1837,100,445813,-1
37076.750468813,4,1836,100,444293,-1
37077.519295553,3,1831,100,440865,1
37078.081467961,5,1833,100,444384,-1
37078.718391614,1,1838,100,442743,-1
37079.928835367,3,1835,100,442452,1
37080.967806082,3,1837,100,445813,-1
37081.531890039,3,1832,100,440827,1
37082.092481267,3,1834,100,445851,-1
37082.906961345,1,1839,100,445956,-1
37083.541077982,1,1840,100,441140,1
37084.28468776,1,1841,100,442597,1
37085.211457817,1,1842,100,445379,-1
37085.897591163,5,1838,100,442743,-1
37086.551056556,5,1839,100,445956,-1
37087.263031229,3,1826,100,442062,1
37089.003094542,3,1840,100,441140,1
37089.844105001,1,1843,100,445837,-1
37090.709305923,1,1844,100,441991,1
37092.843874488,1,1845,100,442577,1
37093.511649995,1,1846,100,444678,-1
37095.265125448,3,1846,100,444678,-1
37095.729181743,1,1847,100,442820,-1
37096.778154301,3,1841,100,442597,1
37097.307305869,3,1847,100,442820,-1
37098.192169161,1,1848,100,443222,-1
37099.064882154,1,1849,100,442664,1
37099.982484602,3,1844,100,441991,1
37100.433515147,1,1850,100,440684,1
37101.30718953,3,1842,100,445379,-1
37102.549794587,3,1849,100,442664,1
37103.627988142,1,1851,100,442499,-1
37104.692178406,3,1843,100,445837,-1
37105.424652951,1,1852,100,441750,-1
37106.362004492,1,1853,100,439537,-1
37107.245674482,3,1845,100,442577,1
37108.49183911,4,1853,100,439537,-1
37108.977043331,3,1852,100,441750,-1
37109.895074997,1,1854,100,442481,-1
37111.065342333,3,1854,100,442481,-1
37111.908164036,1,1855,100,442870,-1
37112.5563037,1,1856,100,439736,1
37113.583646251,3,1855,100,442870,-1
37114.403632646,1,1857,100,439293,1
37115.561627422,4,1850,100,440684,1
37116.258443433,4,1851,100,442499,-1
37117.496492352,1,1858,100,441170,1
37118.318915645,3,1858,100,441170,1
37119.312096532,5,1857,100,439293,1
37120.469194661,4,1856,100,439736,1
37121.596038285,1,1859,100,440265,1
37122.520612538,3,1859,100,440265,1
37123.611656942,1,1860,100,439683,1
37124.689902854,1,1861,100,440793,1
37125.404534326,4,1861,100,440793,1
37126.40188943,1,1862,100,443674,-1
37127.614776976,3,1848,100,443222,-1
37128.449559374,4,1862,100,443674,-1
37129.508313523,3,1860,100,439683,1
37130.585554591,1,1863,100,442635,1
37131.534602374,3,1863,100,442635,1
37132.71227058,1,1864,100,443459,1
37133.739715487,4,1864,100,443459,1
37134.842906329,1,1865,100,444717,1
37135.922285256,3,1865,100,444717,1
37136.980690976,1,1866,100,444613,-1
37137.477240705,3,1866,100,444613,-1
37138.046048704,1,1867,100,444525,1
37138.985564543,4,1867,100,444525,1
37139.866809636,1,1868,100,444830,-1
37140.661439527,1,1869,100,442307,1
37141.306357081,1,1870,100,446946,-1
37141.822997539,3,1868,100,444830,-1
37143.517865474,1,1871,100,443589,1
37144.619390205,4,1869,100,442307,1
37145.233115106,1,1872,100,447543,-1
37146.419310231,5,1871,100,443589,1
37147.625848014,3,1872,100,447543,-1
37148.280166661,3,1870,100,446946,-1
37149.44372656,1,1873,100,445891,1
37150.378076879,1,1874,100,447395,-1
37151.35838567,3,1874,100,447395,-1
37152.186046927,1,1875,100,446088,-1
37153.063748671,5,1875,100,446088,-1
37153.560952401,1,1876,100,445114,1
37154.317782422,4,1876,100,445114,1
37155.497834073,3,1873,100,445891,1
37156.563409116,1,1877,100,445709,1
37157.286339914,4,1877,100,445709,1
37157.969752338,1,1878,100,444611,1
37158.865287545,3,1878,100,444611,1
37159.638642618,1,1879,100,445631,-1
37160.38631701,1,1880,100,442828,1
37162.674200065,1,1881,100,444249,-1
37163.509889406,3,1879,100,445631,-1
37164.253079409,1,1882,100,446074,-1
37164.69372903,1,1883,100,444394,1
37165.302537483,3,1882,100,446074,-1
37166.112020893,3,1880,100,442828,1
37166.643585934,3,1883,100,444394,1
37167.33840831,1,1884,100,445375,-1
37168.297543049,1,1885,100,443933,-1
37169.200937916,3,1885,100,443933,-1
37169.686163342,3,1881,100,444249,-1
37170.411771648,1,1886,100,441545,1
37171.610638547,3,1884,100,445375,-1
37172.580519743,1,1887,100,444502,1
37173.77360129,3,1887,100,444502,1
37174.331437569,3,1886,100,441545,1
37175.446707092,1,1888,100,443699,1
37176.193806471,3,1888,100,443699,1
37176.767643284,1,1889,100,443777,-1
37177.848414876,3,1889,100,443777,-1
37178.392707919,1,1890,100,443177,1
37178.918375001,4,1890,100,443177,1
37179.696491761,1,1891,100,444704,-1
37180.530569734,1,1892,100,444506,1
37181.338255682,3,1891,100,444704,-1
37182.305404091,3,1892,100,444506,1
37182.992144627,1,1893,100,446931,-1
37184.165914797,1,1894,100,445112,-1
37185.197653658,1,1895,100,446916,-1
37186.846988587,1,1896,100,444336,1
37187.328325384,1,1897,100,446071,-1
37189.066969348,4,1897,100,446071,-1
37189.771085079,1,1898,100,445308,1
37190.602878617,3,1895,100,446916,-1
37191.621141097,4,1894,100,445112,-1
37192.482621109,1,1899,100,445142,-1
37193.189289441,1,1900,100,441444,1
37193.958098061,1,1901,100,443875,-1
37194.70529503,1,1902,100,446232,-1
37195.711386589,4,1896,100,444336,1
37196.927823486,4,1898,100,445308,1
37197.884330047,1,1903,100,443210,-1
37198.72442786,1,1904,100,442159,1
37199.246896328,3,1899,100,445142,-1
37200.144721823,3,1901,100,443875,-1
37200.988270976,4,1904,100,442159,1
37202.139133189,1,1905,100,439378,1
37202.798891157,3,1902,100,446232,-1
37203.786150346,1,1906,100,444918,-1
37205.436604922,5,1905,100,439378,1
37206.184592045,1,1907,100,439834,1
37206.777108201,1,1908,100,440902,1
37207.347013402,3,1893,100,446931,-1
37208.285088023,4,1903,100,443210,-1
37208.942715497,4,1900,100,441444,1
37210.161015979,3,1906,100,444918,-1
37211.289859375,3,1907,100,439834,1
37212.177398475,1,1909,100,442964,1
37212.894636829,1,1910,100,443902,1
37214.089012718,4,1910,100,443902,1
37215.201363382,1,1911,100,445309,-1
37215.793040796,3,1909,100,442964,1
37216.640356773,1,1912,100,443962,-1
37218.194350618,1,1913,100,442674,1
37219.429696277,1,1914,100,441271,1
37220.22496857,3,1908,100,440902,1
37220.651466502,1,1915,100,443285,-1
37221.516686928,4,1913,100,442674,1
37222.640288201,1,1916,100,441370,1
37223.709689449,1,1917,100,444768,-1
37226.039648206,5,1915,100,443285,-1
37227.106435988,3,1911,100,445309,-1
37228.856161374,3,1914,100,441271,1
37229.958887084,3,1912,100,443962,-1
37230.492308254,1,1918,100,442963,1
37231.038961878,3,1916,100,441370,1
37232.259046156,3,1918,100,442963,1
37233.192133196,3,1917,100,444768,-1
37233.986672658,1,1919,100,444642,-1
37235.090825518,1,1920,100,444997,-1
37235.565335172,1,1921,100,443693,1
37236.455080311,3,1921,100,443693,1
37237.294619223,1,1922,100,445292,-1
37237.868369755,4,1922,100,445292,-1
37238.942801364,1,1923,100,445571,-1
37241.340150639,3,1920,100,444997,-1
37242.534608637,3,1923,100,445571,-1
37243.605212201,1,1924,100,441985,1
37244.810070196,1,1925,100,449533,-1
37245.547338761,4,1919,100,444642,-1
37246.220447637,4,1924,100,441985,1
37246.876086507,3,1925,100,449533,-1
37247.959066952,1,1926,100,445374,1
37248.733173335,3,1926,100,445374,1
37249.915883706,1,1927,100,444905,1
37250.870103051,3,1927,100,444905,1
37252.076205323,1,1928,100,445605,1
37253.15150076,1,1929,100,444914,1
37253.837887097,3,1929,100,444914,1
37254.42958933,1,1930,100,447001,-1
37255.018272012,3,1928,100,445605,1
37256.211634887,1,1931,100,447157,-1
37257.238625647,1,1932,100,444916,-1
37258.141461708,3,1930,100,447001,-1
37258.765364388,3,1931,100,447157,-1
37259.730566104,1,1933,100,445535,1
37260.704874005,1,1934,100,445920,-1
37261.427671123,3,1932,100,444916,-1
37262.497086156,4,1933,100,445535,1
37263.702877524,3,1934,100,445920,-1
37264.448693377,1,1935,100,447720,-1
37265.104322789,3,1935,100,447720,-1
37265.627805555,1,1936,100,448612,-1
37266.106421301,1,1937,100,448260,-1
37267.296693796,5,1936,100,448612,-1
37268.893939878,3,1937,100,448260,-1
37269.577278282,1,1938,100,448682,-1
37270.406660712,1,1939,100,449447,1
37271.486941577,1,1940,100,448079,-1
37272.514133153,4,1940,100,448079,-1
37273.206129568,4,1939,100,449447,1
37274.327226778,3,1938,100,448682,-1
37275.493998889,1,1941,100,448435,-1
37276.258312293,3,1941,100,448435,-1
37276.715234138,1,1942,100,447593,1
37277.378954375,4,1942,100,447593,1
37278.064439878,1,1943,100,449166,-1
37280.2141683,1,1944,100,447384,1
37280.998389273,3,1943,100,449166,-1
37281.835607042,1,1945,100,446103,1
37283.28679268,3,1945,100,446103,1
37284.609402308,3,1944,100,447384,1
37285.826313,1,1946,100,450475,1
37286.614214952,3,1946,100,450475,1
37287.798029856,1,1947,100,452442,-1
37288.345727051,1,1948,100,452864,-1
37288.881467535,3,1947,100,452442,-1
37290.655680224,5,1948,100,452864,-1
37291.10540128,1,1949,100,450068,1
37292.701364423,4,1949,100,450068,1
37293.557447417,1,1950,100,450650,-1
37294.41475505,3,1950,100,450650,-1
37295.420002617,1,1951,100,449231,1
37296.479262708,3,1951,100,449231,1
37297.682396512,1,1952,100,450440,1
37298.95342474,3,1952,100,450440,1
37299.918114329,1,1953,100,451122,-1
37301.028139618,1,1954,100,452937,-1
37302.126594807,1,1955,100,453724,-1
37304.108609864,3,1955,100,453724,-1
37304.900165523,3,1953,100,451122,-1
37305.819936943,3,1954,100,452937,-1
37306.412156597,1,1956,100,450608,-1
37307.230204067,3,1956,100,450608,-1
37307.682286899,1,1957,100,450925,1
37308.762848681,3,1957,100,450925,1
37309.537839742,1,1958,100,451631,-1
37310.164563872,3,1958,100,451631,-1
37310.770775665,1,1959,100,452315,-1
37311.593330648,4,1959,100,452315,-1
37312.077310489,1,1960,100,450726,1
37312.820952356,1,1961,100,452684,-1
37313.943877534,1,1962,100,454735,-1
37314.395704557,3,1961,100,452684,-1
37315.671770495,1,1963,100,453703,-1
37316.141878825,4,1962,100,454735,-1
37316.964094937,4,1960,100,450726,1
37317.440642627,1,1964,100,448158,1
37318.556301718,1,1965,100,451983,-1
37319.799083436,1,1966,100,447417,1
37320.650113537,3,1965,100,451983,-1
37321.749414987,4,1963,100,453703,-1
37322.771641109,3,1964,100,448158,1
37323.959729194,1,1967,100,451124,-1
37324.610233622,5,1967,100,451124,-1
37325.461476393,1,1968,100,450803,-1
37326.019143501,3,1968,100,450803,-1
37326.742542806,3,1966,100,447417,1
37327.487980232,1,1969,100,450849,1
37327.9390637,1,1970,100,447895,1
37328.599549999,4,1969,100,450849,1
37329.58603422,3,1970,100,447895,1
37330.853757278,1,1971,100,451019,-1
37331.927511008,3,1971,100,451019,-1
37332.883338438,1,1972,100,452202,-1
37333.989106578,3,1972,100,452202,-1
37334.79569621,1,1973,100,452749,1
37335.8945354,1,1974,100,452516,1
37336.876329293,3,1973,100,452749,1
37338.125475937,1,1975,100,453951,-1
37339.791363655,1,1976,100,455564,-1
37340.787792283,1,1977,100,452883,-1
37341.686499229,4,1975,100,453951,-1
37342.847956855,5,1974,100,452516,1
37343.919414076,3,1977,100,452883,-1
37344.420144983,4,1976,100,455564,-1
37345.341518415,1,1978,100,454464,-1
37346.076468796,1,1979,100,454113,-1
37347.270123307,3,1979,100,454113,-1
37348.320001852,3,1978,100,454464,-1
37349.551032747,1,1980,100,453056,1
37350.142514535,1,1981,100,452752,-1
37351.08136283,3,1981,100,452752,-1
37352.190699797,1,1982,100,451537,-1
37354.016567644,4,1982,100,451537,-1
37355.024405643,1,1983,100,455009,-1
37356.243431466,4,1980,100,453056,1
37357.377357478,1,1984,100,453617,1
37358.08226027,1,1985,100,454973,1
37359.667874141,5,1983,100,455009,-1
37360.152666289,5,1984,100,453617,1
37361.269739521,4,1985,100,454973,1
37362.172636631,1,1986,100,457616,-1
37362.888159363,3,1986,100,457616,-1
37363.769831594,1,1987,100,454364,1
37364.212007101,3,1987,100,454364,1
37365.32083135,1,1988,100,453794,1
37366.046128669,1,1989,100,454871,-1
37366.535918356,3,1988,100,453794,1
37367.191704237,1,1990,100,454022,-1
37367.832962741,3,1989,100,454871,-1
37368.956457729,1,1991,100,451639,1
37370.108250062,1,1992,100,455813,-1
37370.652217789,1,1993,100,455124,1
37371.301196236,3,1991,100,451639,1
37372.006329082,5,1993,100,455124,1
37372.578569587,4,1990,100,454022,-1
37373.067070177,5,1992,100,455813,-1
37374.254297274,1,1994,100,456514,-1
37374.688922088,3,1994,100,456514,-1
37375.880070595,1,1995,100,454719,1
37376.950728615,3,1995,100,454719,1
37377.925050182,1,1996,100,454434,1
37378.83233392,3,1996,100,454434,1
37379.268785149,1,1997,100,453835,1
37380.031659691,3,1997,100,453835,1
37380.631231875,1,1998,100,455716,-1
37381.112761776,3,1998,100,455716,-1
37382.355467169,1,1999,100,456096,-1
37383.153674463,1,2000,100,454084,1
37384.123029269,3,1999,100,456096,-1
37385.181131389,1,2001,100,453707,1
37385.71039609,4,2000,100,454084,1
37386.177849152,1,2002,100,458232,-1
37387.456150533,1,2003,100,453371,-1
37388.53271121,1,2004,100,454789,1
37389.657016612,1,2005,100,455067,1
37390.67658329,1,2006,100,457070,-1
37391.948524405,3,2005,100,455067,1
37392.932064663,1,2007,100,454200,-1
37393.888644369,1,2008,100,455048,1
37394.828191436,3,2006,100,457070,-1
37396.035433782,3,2004,100,454789,1
37396.996056201,4,2003,100,453371,-1
37398.022237341,3,2001,100,453707,1
37399.06672007,1,2009,100,455812,-1
37399.953305369,4,2009,100,455812,-1
37401.156701371,3,2002,100,458232,-1
37401.739398923,1,2010,100,457688,1
37402.384175828,3,2007,100,454200,-1
37403.615814698,3,2008,100,455048,1
37404.490386263,1,2011,100,458533,-1
37405.125482883,5,2010,100,457688,1
37406.10498957,3,2011,100,458533,-1
37407.099304993,1,2012,100,457453,-1
37407.833733873,1,2013,100,458199,-1
37408.312642085,1,2014,100,458054,-1
37408.9995267,4,2012,100,457453,-1
37409.507847885,3,2013,100,458199,-1
37409.986960221,5,2014,100,458054,-1
37410.874603687,1,2015,100,456878,1
37411.628220786,3,2015,100,456878,1
37412.307356759,1,2016,100,457195,1
37412.751507531,1,2017,100,458029,-1
37413.802542747,1,2018,100,454996,1
37414.497420663,1,2019,100,459038,-1
37415.469512218,1,2020,100,460781,-1
37416.37494134,1,2021,100,458653,1
37416.877653446,1,2022,100,459358,-1
37417.435448322,5,2022,100,459358,-1
37418.523700963,4,2021,100,458653,1
37419.662194679,4,2017,100,458029,-1
37420.669281857,4,2019,100,459038,-1
37421.779964199,4,2020,100,460781,-1
37422.725023203,1,2023,100,457996,1
37423.519001361,1,2024,100,463923,-1
37424.301172084,5,2024,100,463923,-1
37426.033265629,4,2016,100,457195,1
37426.543314631,1,2025,100,459827,-1
37427.359249804,1,2026,100,459392,1
37428.289649217,3,2023,100,457996,1
37429.055853455,3,2025,100,459827,-1
37429.738197304,4,2026,100,459392,1
37430.455239781,5,2018,100,454996,1
37431.676376821,1,2027,100,460234,1
37432.905302987,5,2027,100,460234,1
37433.369259224,1,2028,100,462787,-1
37434.080447572,1,2029,100,460733,-1
37434.546670579,1,2030,100,460068,1
37435.046412138,1,2031,100,459268,1
37436.472566939,4,2030,100,460068,1
37437.255794986,1,2032,100,458997,1
37438.345197177,3,2032,100,458997,1
37439.772363515,4,2029,100,460733,-1
37440.634628002,1,2033,100,460336,1
37442.341037531,3,2033,100,460336,1
37443.076723773,1,2034,100,457463,1
37444.247952287,3,2031,100,459268,1
37444.834827237,1,2035,100,465170,-1
37446.336655855,1,2036,100,458487,1
37447.387458672,1,2037,100,462414,-1
37448.459326442,1,2038,100,461048,1
37449.02722756,1,2039,100,460471,1
37449.781571299,1,2040,100,459931,1
37451.767611932,4,2037,100,462414,-1
37452.415383569,3,2036,100,458487,1
37453.655884601,3,2028,100,462787,-1
37454.880435021,1,2041,100,461265,1
37455.709296823,1,2042,100,460278,1
37456.394482851,3,2040,100,459931,1
37457.468733622,3,2038,100,461048,1
37458.678975809,1,2043,100,462160,-1
37459.773886101,1,2044,100,459702,1
37461.659401862,1,2045,100,462500,-1
37462.931667493,4,2045,100,462500,-1
37463.865601224,4,2041,100,461265,1
37464.331490218,5,2035,100,465170,-1
37464.929279671,4,2043,100,462160,-1
37465.596722277,1,2046,100,460043,1
37466.31269926,5,2046,100,460043,1
37467.013472629,3,2042,100,460278,1
37468.920202077,3,2039,100,460471,1
37469.372886634,4,2034,100,457463,1
37470.554009887,5,2044,100,459702,1
37471.422318142,1,2047,100,463387,1
37472.262828829,1,2048,100,465385,-1
37473.023301573,4,2047,100,463387,1
37473.756938563,1,2049,100,462204,1
37474.908212394,1,2050,100,460515,1
37476.195747108,1,2051,100,460563,1
37477.017609711,3,2049,100,462204,1
37478.155437478,1,2052,100,464709,-1
37479.052321359,3,2050,100,460515,1
37480.089532329,3,2052,100,464709,-1
37481.013815883,1,2053,100,462562,1
37482.238664467,1,2054,100,465104,-1
37483.658581617,3,2054,100,465104,-1
37484.760184711,3,2051,100,460563,1
37485.648099285,3,2053,100,462562,1
37486.657437875,4,2048,100,465385,-1
37487.926197439,1,2055,100,462780,-1
37489.042136052,3,2055,100,462780,-1
37490.012081447,1,2056,100,461630,-1
37491.273630369,1,2057,100,463378,-1
37492.479141467,1,2058,100,462245,-1
37493.060276711,3,2058,100,462245,-1
37494.307157428,3,2056,100,461630,-1
37494.943105438,1,2059,100,462066,-1
37496.010164776,5,2057,100,463378,-1
37496.826826609,1,2060,100,463187,-1
37497.729975938,1,2061,100,463181,-1
37498.453465266,3,2061,100,463181,-1
37499.655925934,1,2062,100,459565,1
37500.901596611,1,2063,100,460631,1
37501.565471143,1,2064,100,460040,-1
37502.342174867,1,2065,100,457485,1
37504.393930762,5,2065,100,457485,1
37505.396343481,5,2062,100,459565,1
37505.877848846,4,2064,100,460040,-1
37506.342240535,3,2059,100,462066,-1
37507.514236009,1,2066,100,460707,1
37508.125157722,1,2067,100,460779,-1
37509.267653032,3,2067,100,460779,-1
37510.133491005,1,2068,100,459212,1
37510.931736501,5,2066,100,460707,1
37511.434687452,5,2063,100,460631,1
37512.082788814,1,2069,100,457392,1
37513.180648142,5,2068,100,459212,1
37513.632031547,3,2060,100,463187,-1
37515.497098381,1,2070,100,460890,-1
37516.058582277,1,2071,100,455458,1
37517.36484332,1,2072,100,457539,1
37518.051936578,1,2073,100,457113,1
37518.85908259,4,2072,100,457539,1
37519.444667905,5,2071,100,455458,1
37519.97550345,4,2073,100,457113,1
37520.422265533,1,2074,100,457592,-1
37521.474568433,1,2075,100,459156,-1
37523.322387817,1,2076,100,459007,-1
37524.392626416,3,2076,100,459007,-1
37525.581790069,3,2075,100,459156,-1
37526.203702173,4,2074,100,457592,-1
37526.67012517,4,2069,100,457392,1
37528.340931377,1,2077,100,459110,-1
37528.924431742,1,2078,100,456536,1
37529.660948363,1,2079,100,459161,-1
37530.648204031,3,2077,100,459110,-1
37531.545380751,3,2070,100,460890,-1
37532.309606593,1,2080,100,460033,-1
37532.764546116,1,2081,100,457279,1
37534.013306381,1,2082,100,458640,-1
37535.158701142,4,2079,100,459161,-1
37536.44450417,1,2083,100,458529,1
37537.522463378,3,2081,100,457279,1
37539.370179976,5,2083,100,458529,1
37540.505687528,1,2084,100,462044,-1
37541.378744712,1,2085,100,462236,-1
37542.179214658,1,2086,100,458129,1
37543.308902944,1,2087,100,459411,1
37543.870861805,5,2080,100,460033,-1
37544.675162204,5,2082,100,458640,-1
37545.667746548,3,2078,100,456536,1
37546.250505782,1,2088,100,458665,1
37546.803375158,1,2089,100,461596,-1
37547.566458271,1,2090,100,459525,1
37548.836452685,3,2089,100,461596,-1
37549.909310799,1,2091,100,461736,-1
37551.226206392,1,2092,100,459209,1
37552.49135385,1,2093,100,458357,1
37553.426300885,4,2090,100,459525,1
37553.950530191,1,2094,100,462572,-1
37555.184425258,1,2095,100,462309,-1
37555.917935825,5,2092,100,459209,1
37556.597892362,1,2096,100,462069,1
37557.123202278,1,2097,100,462100,-1
37557.828493802,1,2098,100,461087,-1
37558.409094679,3,2087,100,459411,1
37559.172789533,1,2099,100,459711,-1
37561.310678429,1,2100,100,459542,1
37562.952305902,3,2084,100,462044,-1
37564.230363531,4,2099,100,459711,-1
37564.740293597,4,2096,100,462069,1
37565.666757511,5,2085,100,462236,-1
37566.655139655,4,2088,100,458665,1
37567.137152641,4,2100,100,459542,1
37568.091519085,3,2098,100,461087,-1
37569.235581643,4,2094,100,462572,-1
37569.845279843,1,2101,100,461602,-1
37570.764933003,1,2102,100,458618,1
37571.560467705,3,2101,100,461602,-1
37572.445988689,3,2091,100,461736,-1
37572.909654868,1,2103,100,459907,-1
37573.703797748,1,2104,100,458368,-1
37575.019858718,4,2102,100,458618,1
37575.811399114,3,2103,100,459907,-1
37576.396646998,1,2105,100,455892,-1
37577.413392169,3,2104,100,458368,-1
37578.423426679,4,2086,100,458129,1
37579.441827125,1,2106,100,455627,1
37579.982524677,3,2093,100,458357,1
37581.112064405,1,2107,100,454230,1
37582.58548015,1,2108,100,455110,1
37583.091226353,5,2097,100,462100,-1
37583.541617061,5,2105,100,455892,-1
37584.142747589,3,2108,100,455110,1
37584.903907867,4,2107,100,454230,1
37585.612623262,5,2106,100,455627,1
37586.544602496,1,2109,100,455884,-1
37587.249416408,3,2109,100,455884,-1
37588.0716348,3,2095,100,462309,-1
37588.921290671,1,2110,100,455460,-1
37589.700026898,1,2111,100,456927,-1
37590.988894191,1,2112,100,453832,1
37591.753047965,5,2111,100,456927,-1
37593.22395062,4,2110,100,455460,-1
37593.739641397,1,2113,100,457354,-1
37594.604691867,1,2114,100,454915,1
37595.726986853,1,2115,100,456363,1
37596.567515114,3,2113,100,457354,-1
37597.411399016,1,2116,100,456955,1
37598.460684333,3,2115,100,456363,1
37599.22400339,3,2116,100,456955,1
37600.433307494,4,2114,100,454915,1
37601.318274247,1,2117,100,463773,-1
37602.54288357,3,2117,100,463773,-1
37603.561165301,1,2118,100,458082,1
37604.04101465,1,2119,100,459081,-1
37604.714666228,3,2112,100,453832,1
37606.653980019,3,2119,100,459081,-1
37607.454066473,4,2118,100,458082,1
37608.5004903,1,2120,100,457704,-1
37609.274143258,1,2121,100,457026,-1
37610.414894076,1,2122,100,458790,-1
37612.048651767,1,2123,100,462464,-1
37613.055660032,1,2124,100,457992,1
37613.773761272,4,2121,100,457026,-1
37614.476018682,3,2120,100,457704,-1
37615.69120721,5,2122,100,458790,-1
37616.514009975,3,2123,100,462464,-1
37619.074005047,1,2125,100,456372,1
37619.818955636,4,2124,100,457992,1
37620.93142476,1,2126,100,459668,-1
37621.61152487,3,2126,100,459668,-1
37622.811922217,3,2125,100,456372,1
37624.126612649,1,2127,100,459496,1
37624.736905028,1,2128,100,459352,1
37626.740810329,3,2128,100,459352,1
37627.327253639,1,2129,100,461571,1
37627.940744805,1,2130,100,462016,-1
37629.261975406,1,2131,100,461677,1
37630.804757763,4,2131,100,461677,1
37631.308590989,4,2129,100,461571,1
37632.047727,1,2132,100,459117,1
37632.806584514,4,2130,100,462016,-1
37634.214076482,1,2133,100,462579,-1
37635.146489259,1,2134,100,460723,1
37637.108369282,1,2135,100,460233,1
37637.950478292,5,2127,100,459496,1
37638.752125497,5,2133,100,462579,-1
37639.29102205,1,2136,100,463261,-1
37640.582252506,4,2132,100,459117,1
37641.369991114,3,2135,100,460233,1
37642.357831766,1,2137,100,460596,1
37643.664357228,1,2138,100,463189,-1
37644.595524052,1,2139,100,460546,-1
37645.755180928,3,2137,100,460596,1
37647.490436333,3,2138,100,463189,-1
37648.292462471,4,2139,100,460546,-1
37649.733741515,1,2140,100,460609,1
37650.274002459,1,2141,100,462002,1
37651.09133968,4,2136,100,463261,-1
37652.139561666,1,2142,100,462031,1
37652.733744505,1,2143,100,462147,1
37653.388754046,1,2144,100,461821,1
37654.657363544,4,2144,100,461821,1
37655.58875853,5,2143,100,462147,1
37656.178268633,1,2145,100,462819,-1
37656.882008079,3,2142,100,462031,1
37658.017185258,1,2146,100,463354,1
37659.080738749,1,2147,100,465328,-1
37659.972898831,4,2145,100,462819,-1
37661.286973317,3,2146,100,463354,1
37662.132933776,3,2134,100,460723,1
37662.669195,1,2148,100,462061,-1
37663.288906436,1,2149,100,462471,1
37664.228254794,4,2149,100,462471,1
37665.242151082,1,2150,100,464402,-1
37667.175478474,1,2151,100,462432,-1
37667.781527946,4,2148,100,462061,-1
37668.684664493,5,2141,100,462002,1
37669.492819615,3,2151,100,462432,-1
37670.7441367,1,2152,100,461147,1
37672.078966555,3,2147,100,465328,-1
37672.863644148,1,2153,100,459924,1
37674.197018176,3,2150,100,464402,-1
37675.170501849,1,2154,100,467378,-1
37676.065205895,3,2153,100,459924,1
37676.800010692,4,2154,100,467378,-1
37677.248222361,1,2155,100,465351,1
37678.38465191,3,2155,100,465351,1
37678.999494416,1,2156,100,465702,-1
37679.792925711,4,2156,100,465702,-1
37680.601226881,4,2152,100,461147,1
37683.104331978,4,2140,100,460609,1
37684.141269461,1,2157,100,467636,-1
37685.069913517,1,2158,100,467755,-1
37686.224461267,1,2159,100,465967,-1
37687.201560572,1,2160,100,466631,-1
37687.743729439,1,2161,100,465204,-1
37688.215131525,4,2161,100,465204,-1
37689.480567413,3,2159,100,465967,-1
37689.999332631,3,2160,100,466631,-1
37690.71417655,3,2157,100,467636,-1
37691.418873022,3,2158,100,467755,-1
37692.202502661,1,2162,100,468178,-1
37693.128557676,5,2162,100,468178,-1
37693.838920705,1,2163,100,465722,-1
37694.682562778,1,2164,100,464431,1
37695.832100354,1,2165,100,469897,-1
37696.880096247,1,2166,100,467791,-1
37697.584479057,3,2164,100,464431,1
37698.506033796,3,2166,100,467791,-1
37699.692082512,4,2163,100,465722,-1
37700.969730603,4,2165,100,469897,-1
37702.115234244,1,2167,100,469181,-1
37702.704986003,3,2167,100,469181,-1
37703.997475848,1,2168,100,467173,-1
37704.913242805,4,2168,100,467173,-1
37705.756276556,1,2169,100,466543,-1
37706.841407377,1,2170,100,467871,-1
37707.909214983,1,2171,100,464919,1
37709.137188776,1,2172,100,465425,1
37710.166521861,3,2171,100,464919,1
37710.628220171,1,2173,100,468313,-1
37713.125079041,1,2174,100,466584,-1
37714.30361981,1,2175,100,463013,1
37715.255896418,1,2176,100,466655,1
37715.929122522,1,2177,100,465582,1
37717.271919363,4,2174,100,466584,-1
37717.947362014,1,2178,100,464352,1
37718.539784576,1,2179,100,465549,1
37719.216653126,5,2175,100,463013,1
37720.052647016,1,2180,100,462836,1
37720.790014622,4,2172,100,465425,1
37721.995299148,4,2179,100,465549,1
37722.996801077,3,2177,100,465582,1
37723.726411567,4,2176,100,466655,1
37724.422069635,1,2181,100,462511,1
37725.568304332,4,2178,100,464352,1
37726.721550601,1,2182,100,465207,-1
37727.51763845,3,2173,100,468313,-1
37728.425739993,3,2170,100,467871,-1
37728.971349852,3,2169,100,466543,-1
37729.626448096,3,2180,100,462836,1
37730.621052932,1,2183,100,463376,1
37731.707960192,3,2181,100,462511,1
37732.81422496,3,2182,100,465207,-1
37733.432525976,4,2183,100,463376,1
37734.390821287,1,2184,100,465030,1
37735.735629615,1,2185,100,463570,1
37736.594586512,1,2186,100,464889,-1
37737.147617497,5,2185,100,463570,1
37737.779404362,1,2187,100,466617,-1
37739.498905252,4,2186,100,464889,-1
37740.409419103,3,2184,100,465030,1
37741.27736152,1,2188,100,467794,-1
37741.78216973,1,2189,100,467774,-1
37743.178201717,1,2190,100,467059,1
37743.795539414,5,2187,100,466617,-1
37745.828539631,4,2189,100,467774,-1
37746.771227183,3,2190,100,467059,1
37747.790117449,1,2191,100,469481,-1
37748.40858846,3,2188,100,467794,-1
37749.089177026,5,2191,100,469481,-1
37749.731289128,1,2192,100,467484,-1
37750.373225105,1,2193,100,470262,-1
37751.598059002,4,2193,100,470262,-1
37753.681330508,4,2192,100,467484,-1
37754.814493742,1,2194,100,465716,1
37755.740367161,5,2194,100,465716,1
37756.73707684,1,2195,100,466594,-1
37757.43810393,1,2196,100,465423,1
37758.091277496,1,2197,100,466361,-1
37759.255402207,1,2198,100,459679,1
37759.915189345,3,2196,100,465423,1
37761.203381655,3,2197,100,466361,-1
37762.361585791,5,2198,100,459679,1
37763.329566743,1,2199,100,463757,1
37763.836159338,1,2200,100,462960,1
37764.759582831,4,2199,100,463757,1
37766.026255389,4,2200,100,462960,1
37767.173238975,5,2195,100,466594,-1
37768.131822295,1,2201,100,464332,1
37769.004292619,1,2202,100,464183,-1
37769.458927722,4,2201,100,464332,1
37770.776971912,1,2203,100,466310,-1
37771.955545632,5,2203,100,466310,-1
37772.446075729,3,2202,100,464183,-1
37772.950228572,1,2204,100,462526,1
37773.462791639,3,2204,100,462526,1
37774.237018497,1,2205,100,463700,1
37775.243028825,5,2205,100,463700,1
37775.912238425,1,2206,100,463987,-1
37776.365070678,3,2206,100,463987,-1
37777.433656787,1,2207,100,464272,-1
37778.166752575,1,2208,100,465232,-1
37778.683332519,3,2207,100,464272,-1
37779.633136892,4,2208,100,465232,-1
37780.799946937,1,2209,100,465046,1
37781.844812291,1,2210,100,465475,-1
37782.647637878,1,2211,100,466093,-1
37783.310587474,3,2211,100,466093,-1
37784.437805447,1,2212,100,465903,1
37785.752130294,1,2213,100,467892,-1
37787.009760145,4,2213,100,467892,-1
37788.270598146,3,2209,100,465046,1
37789.557642791,1,2214,100,465486,1
37790.314175236,1,2215,100,468574,-1
37791.311203417,1,2216,100,466666,-1
37792.213846704,1,2217,100,468801,-1
37793.92778287,4,2214,100,465486,1
37795.135571842,1,2218,100,467653,-1
37796.223256064,3,2218,100,467653,-1
37797.39198763,4,2216,100,466666,-1
37798.283708874,1,2219,100,467564,-1
37799.032084785,3,2217,100,468801,-1
37799.803384162,1,2220,100,470246,-1
37800.923243889,3,2215,100,468574,-1
37801.411144547,1,2221,100,467157,-1
37802.521099256,3,2210,100,465475,-1
37803.508558468,1,2222,100,463579,1
37804.366890604,1,2223,100,465906,-1
37805.597268775,3,2223,100,465906,-1
37806.470753579,1,2224,100,462302,1
37806.934737451,3,2220,100,470246,-1
37807.414479292,1,2225,100,464798,-1
37808.413999434,1,2226,100,463799,1
37809.251140402,1,2227,100,461769,1
37810.246408463,1,2228,100,465501,-1
37811.811292955,1,2229,100,465261,1
37812.932748496,1,2230,100,465514,-1
37813.60762997,1,2231,100,466239,-1
37814.857700409,3,2228,100,465501,-1
37815.577519992,1,2232,100,465045,1
37816.758233162,1,2233,100,468302,-1
37817.740354842,1,2234,100,465150,1
37818.198544787,1,2235,100,467056,1
37819.395737255,1,2236,200,468107,1
37820.709410307,1,2237,100,467946,-1
37821.314278688,4,2221,100,467157,-1
37822.546835169,3,2226,100,463799,1
37823.207552828,1,2238,100,466738,-1
37824.114870424,1,2239,100,468294,-1
37825.112153207,4,2230,100,465514,-1
37825.949527106,4,2236,100,468107,1
37827.118299785,1,2240,100,465037,1
37828.383497457,3,2224,100,462302,1
37829.018142161,3,2240,100,465037,1
37829.50163838,1,2241,100,467573,-1
37830.018293415,1,2242,100,463398,-1
37831.154458663,1,2243,100,464961,-1
37833.698771564,3,2234,100,465150,1
37836.134083095,1,2244,100,461289,1
37837.041943896,5,2233,100,468302,-1
37837.776695691,3,2219,100,467564,-1
37838.323100058,1,2245,100,462358,-1
37839.493853243,3,2239,100,468294,-1
37840.685866004,3,2212,100,465903,1
37841.226014739,1,2246,100,458635,1
37841.917646925,1,2247,100,462636,-1
37842.410906262,3,2243,100,464961,-1
37842.923762425,1,2248,100,463200,-1
37844.145441528,3,2227,100,461769,1
37844.641767707,1,2249,100,462900,-1
37845.489461274,5,2235,100,467056,1
37846.507628867,3,2231,100,466239,-1
37847.270761637,4,2247,100,462636,-1
37847.853267872,4,2222,100,463579,1
37848.382008247,3,2245,100,462358,-1
37849.315975737,5,2238,100,466738,-1
37850.495919269,1,2250,100,465071,-1
37851.778509019,3,2246,100,458635,1
37852.617379699,1,2251,100,465756,-1
37853.111878098,1,2252,100,466287,-1
37854.308060015,1,2253,100,468096,-1
37854.886938136,3,2250,100,465071,-1
37856.184059254,5,2236,100,468107,1
37857.279750032,4,2248,100,463200,-1
37858.014732563,1,2254,100,463370,1
37859.183412587,4,2254,100,463370,1
37860.465376381,3,2229,100,465261,1
37861.521887346,3,2225,100,464798,-1
37862.862877848,1,2255,100,466175,-1
37863.551140435,3,2244,100,461289,1
37864.055635479,3,2253,100,468096,-1
37865.122163142,1,2256,100,462625,1
37866.111763198,3,2256,100,462625,1
37866.802567122,1,2257,100,464942,-1
37869.16961765,1,2258,100,461092,1
37869.66855908,1,2259,100,464159,1
37870.521213235,3,2242,100,463398,-1
37871.562897593,1,2260,100,463485,1
37872.708385035,3,2252,100,466287,-1
37874.073152442,1,2261,100,461803,1
37875.175101706,3,2261,100,461803,1
37876.189511275,5,2241,100,467573,-1
37877.326924114,1,2262,100,463666,1
37877.991796036,1,2263,100,465001,-1
37878.735916094,1,2264,100,466489,-1
37879.623592184,1,2265,100,462614,1
37880.519877604,3,2265,100,462614,1
37881.058731406,3,2263,100,465001,-1
37882.333631751,3,2258,100,461092,1
37883.509685962,5,2255,100,466175,-1
37885.549137949,4,2249,100,462900,-1
37886.470423654,1,2266,100,460750,1
37887.531453195,3,2259,100,464159,1
37888.079036496,1,2267,100,462143,1
37888.822253581,5,2267,100,462143,1
37889.6958282,3,2262,100,463666,1
37890.956271803,1,2268,100,465107,-1
37892.174907568,1,2269,100,462798,1
37892.756388865,4,2260,100,463485,1
37893.32008346,1,2270,100,460266,1
37894.588844884,3,2257,100,464942,-1
37895.711360563,1,2271,100,460952,1
37896.486994572,3,2237,100,467946,-1
37896.957345128,1,2272,100,460699,-1
37897.940343275,1,2273,100,459589,1
37898.733102371,1,2274,100,459984,1
37900.545849133,5,2271,100,460952,1
37901.64225119,3,2269,100,462798,1
37902.36470027,1,2275,100,461424,-1
37903.053559928,1,2276,100,460036,1
37904.035967272,3,2266,100,460750,1
37905.64858354,1,2277,100,459006,1
37906.153347992,3,2232,100,465045,1
37906.990885566,5,2274,100,459984,1
37908.958815217,3,2251,100,465756,-1
37909.776540846,1,2278,100,462040,-1
37911.098417001,3,2270,100,460266,1
37912.149840092,4,2275,100,461424,-1
37912.735077686,1,2279,100,463642,-1
37913.9520458,1,2280,100,464386,-1
37915.028412722,3,2278,100,462040,-1
37915.637433344,1,2281,100,459417,1
37916.419091911,5,2277,100,459006,1
37917.512337703,3,2264,100,466489,-1
37918.245639671,4,2272,100,460699,-1
37918.75429346,1,2282,100,461295,1
37919.217285757,1,2283,100,463636,-1
37920.579596446,3,2268,100,465107,-1
37921.740773735,5,2281,100,459417,1
37922.906004414,1,2284,100,463618,-1
37923.89547514,5,2284,100,463618,-1
37924.559502621,3,2282,100,461295,1
37925.884887694,1,2285,100,460915,-1
37927.011053843,4,2285,100,460915,-1
37928.207180247,3,2273,100,459589,1
37928.770712019,3,2276,100,460036,1
37930.580448028,3,2280,100,464386,-1
37931.044870954,1,2286,100,463404,-1
37932.206691282,4,2279,100,463642,-1
37932.703604372,3,2283,100,463636,-1
37934.07682449,4,2286,100,463404,-1
37934.818773346,1,2287,100,461414,-1
37936.174442989,1,2288,100,459257,-1
37937.444667224,3,2288,100,459257,-1
37937.93415036,1,2289,100,459169,-1
37938.530934338,1,2290,100,457161,1
37939.589716328,1,2291,100,460532,-1
37940.590622565,1,2292,100,459276,-1
37941.480163875,3,2287,100,461414,-1
37942.798730583,1,2293,100,458542,1
37943.941147029,1,2294,100,462772,-1
37944.878766168,1,2295,100,460505,-1
37945.559754059,1,2296,100,460232,1
37946.476866823,3,2293,100,458542,1
37947.113888762,1,2297,100,458688,1
37947.911952011,3,2290,100,457161,1
37948.485922146,1,2298,100,459014,1
37949.04144344,1,2299,100,458956,1
37949.736856458,1,2300,100,460914,-1
37950.504773646,5,2296,100,460232,1
37952.709057443,4,2297,100,458688,1
37953.357087606,1,2301,100,455460,1
37953.927538267,4,2299,100,458956,1
37955.594862478,5,2301,100,455460,1
37956.846280626,4,2298,100,459014,1
37957.850874145,1,2302,100,456875,-1
37958.807963183,4,2302,100,456875,-1
37960.753716777,3,2289,100,459169,-1
37961.698220239,3,2300,100,460914,-1
37962.892021753,3,2294,100,462772,-1
37964.63478845,1,2303,100,457176,1
37965.802070448,4,2303,100,457176,1
37966.331407271,4,2292,100,459276,-1
37967.04833569,1,2304,100,457268,-1
37967.874268381,1,2305,100,457115,1
37969.158995142,3,2295,100,460505,-1
37970.472799422,3,2304,100,457268,-1
37971.844700266,1,2306,100,458747,-1
37972.397062996,1,2307,100,458709,-1
37973.206059745,4,2306,100,458747,-1
37974.243547777,4,2307,100,458709,-1
37974.869751274,1,2308,100,458429,1
37975.340915802,1,2309,100,456940,1
37975.935302523,1,2310,100,461288,-1
37977.142224609,1,2311,100,456248,1
37978.188417505,1,2312,100,458827,-1
37978.960440995,1,2313,100,458179,-1
37979.472741385,1,2314,100,457848,-1
37980.787816531,3,2313,100,458179,-1
37981.380590596,1,2315,100,459866,-1
37982.057071402,1,2316,100,458188,-1
37983.105942473,1,2317,100,456869,1
37984.654387487,3,2312,100,458827,-1
37985.475744441,3,2309,100,456940,1
37986.776252328,1,2318,100,458472,-1
37987.838970039,1,2319,100,457282,-1
37988.557044238,1,2320,100,458592,-1
37989.051401422,4,2316,100,458188,-1
37989.868567015,3,2320,100,458592,-1
37990.930446974,1,2321,100,457494,1
37991.572927219,5,2321,100,457494,1
37992.25541502,1,2322,100,457018,-1
37993.569935613,3,2322,100,457018,-1
37994.508728368,1,2323,100,457710,-1
37995.294737239,3,2308,100,458429,1
37996.430392661,1,2324,100,459593,-1
37997.043186111,3,2317,100,456869,1
37997.655662899,3,2291,100,460532,-1
37998.586945521,1,2325,100,461855,-1
37999.684466204,1,2326,100,460626,-1
38000.574894666,5,2311,100,456248,1
38001.494666575,3,2323,100,457710,-1
38002.398466429,3,2319,100,457282,-1
38003.228370873,4,2318,100,458472,-1
38004.253149695,1,2327,100,460320,1
38005.221763337,5,2327,100,460320,1
38006.301644846,1,2328,100,457343,1
38007.505057272,1,2329,100,460188,1
38008.376992165,4,2329,100,460188,1
38009.017809796,1,2330,100,459324,-1
38010.853440041,1,2331,100,460710,-1
38012.194545181,3,2315,100,459866,-1
38012.991674755,1,2332,100,462478,-1
38013.796264229,5,2305,100,457115,1
38014.452405985,4,2314,100,457848,-1
38015.251709487,3,2326,100,460626,-1
38015.950269171,1,2333,100,463500,-1
38017.102304512,4,2325,100,461855,-1
38018.219289874,1,2334,100,461569,1
38019.490776134,1,2335,100,460540,1
38021.408939994,1,2336,100,459184,1
38022.722115311,1,2337,100,462652,-1
38023.477855257,4,2335,100,460540,1
38024.809454894,1,2338,100,462158,-1
38025.275514562,1,2339,100,461913,-1
38025.939782742,1,2340,100,460825,-1
38026.565624581,1,2341,100,461221,-1
38027.516194509,3,2330,100,459324,-1
38028.547061337,4,2331,100,460710,-1
38029.721368793,3,2337,100,462652,-1
38030.779817579,3,2324,100,459593,-1
38031.962396008,1,2342,100,463736,-1
38032.857882831,1,2343,100,459906,1
38033.848650286,4,2343,100,459906,1
38034.461730873,1,2344,100,460983,1
38035.817923143,3,2334,100,461569,1
38036.530171959,1,2345,100,460396,-1
38037.247544257,1,2346,100,461207,-1
38039.109113812,3,2342,100,463736,-1
38039.619459204,1,2347,100,460500,-1
38040.519597455,1,2348,100,458818,1
38041.131506526,3,2348,100,458818,1
38041.62122484,1,2349,100,461456,-1
38042.542114272,3,2347,100,460500,-1
38043.157475355,4,2345,100,460396,-1
38044.018693446,1,2350,100,460427,-1
38045.198135843,1,2351,100,459680,1
38046.24270824,1,2352,100,462687,-1
38046.886475658,1,2353,100,458908,1
38048.053583471,1,2354,100,460188,1
38048.714764142,1,2355,100,461465,-1
38049.314008465,3,2340,100,460825,-1
38050.247995489,1,2356,100,460613,-1
38051.251421,3,2339,100,461913,-1
38052.12247949,5,2354,100,460188,1
38053.062621104,5,2332,100,462478,-1
38053.767955694,1,2357,100,457666,1
38055.303135058,3,2310,100,461288,-1
38056.137112436,1,2358,100,459355,1
38057.242839089,1,2359,100,462527,-1
38058.479109047,3,2357,100,457666,1
38059.217066285,3,2350,100,460427,-1
38060.312835984,1,2360,100,459687,-1
38060.812849692,3,2358,100,459355,1
38061.698967635,5,2349,100,461456,-1
38062.963292619,3,2355,100,461465,-1
38063.944915851,1,2361,200,462866,-1
38064.545134786,4,2351,100,459680,1
38065.013834243,1,2362,100,459646,-1
38065.738985664,5,2359,100,462527,-1
38066.377954206,1,2363,100,455850,1
38066.86637524,1,2364,100,457005,1
38067.493887979,3,2338,100,462158,-1
38069.862781966,1,2365,100,461836,-1
38070.928472011,1,2366,100,461577,-1
38071.793971398,1,2367,100,461140,-1
38072.446988637,1,2368,100,459133,-1
38074.657179135,1,2369,100,460034,-1
38076.397518928,3,2369,100,460034,-1
38076.934371943,4,2368,100,459133,-1
38078.120866066,1,2370,200,459923,-1
38078.825162613,3,2365,100,461836,-1
38079.960719857,1,2371,100,459545,1
38082.367448505,1,2372,100,464323,-1
38083.112380476,1,2373,100,460285,1
38084.729456929,1,2374,100,461358,1
38085.835937066,4,2374,100,461358,1
38086.499961744,5,2352,100,462687,-1
38087.883326243,1,2375,100,464845,-1
38089.083378427,3,2333,100,463500,-1
38090.270657119,5,2370,100,459923,-1
38090.755084432,5,2370,100,459923,-1
38091.850041883,1,2376,100,461516,-1
38092.478595373,1,2377,100,459903,1
38093.327948347,1,2378,100,462876,-1
38093.943448736,1,2379,100,458852,1
38095.344543825,3,2336,100,459184,1
38096.128380516,4,2367,100,461140,-1
38096.809013267,3,2363,100,455850,1
38097.700569409,1,2380,100,459974,1
38099.574468991,1,2381,100,461150,-1
38100.342617973,4,2341,100,461221,-1
38101.2052484,3,2362,100,459646,-1
38102.596402445,5,2380,100,459974,1
38103.344514153,1,2382,100,463852,-1
38104.573213145,1,2383,100,458370,1
38105.881385096,1,2384,100,462910,-1
38107.240836425,4,2360,100,459687,-1
38108.054324843,1,2385,100,460872,-1
38108.67201606,3,2385,100,460872,-1
38109.885897544,3,2373,100,460285,1
38110.464961131,5,2377,100,459903,1
38111.196183521,1,2386,100,461086,-1
38111.967521114,4,2356,100,460613,-1
38113.042446352,1,2387,100,461311,-1
38113.856909886,4,2344,100,460983,1
38114.510482611,3,2371,100,459545,1
38115.535564695,1,2388,100,462882,1
38116.36919728,1,2389,100,463498,1
38117.423908854,3,2381,100,461150,-1
38118.158860764,3,2389,100,463498,1
38118.700091235,4,2346,100,461207,-1
38119.413127798,1,2390,100,462922,1
38120.419178376,3,2390,100,462922,1
38121.145466974,1,2391,100,463416,1
38121.681012486,1,2392,100,463325,1
38122.454887075,3,2384,100,462910,-1
38123.241993381,4,2372,100,464323,-1
38123.786352433,3,2379,100,458852,1
38125.157304911,5,2382,100,463852,-1
38125.796824708,1,2393,100,464040,-1
38126.71243693,1,2394,100,466490,-1
38127.34125133,5,2364,100,457005,1
38129.002709569,4,2391,100,463416,1
38130.291403633,1,2395,100,460921,1
38131.646168875,3,2387,100,461311,-1
38132.597494258,4,2392,100,463325,1
38133.813867148,1,2396,100,463957,-1
38135.15110029,3,2388,100,462882,1
38137.433104087,4,2386,100,461086,-1
38137.98781105,3,2383,100,458370,1
38138.511488054,1,2397,100,465280,-1
38139.826050713,5,2328,100,457343,1
38140.472262889,4,2376,100,461516,-1
38141.036578083,1,2398,100,462992,1
38142.050031581,1,2399,100,464045,1
38142.531524082,1,2400,100,463216,-1
38143.286605981,1,2401,100,464586,1
38144.052609193,3,2395,100,460921,1
38146.343861489,1,2402,100,464395,1
38147.436359339,5,2394,100,466490,-1
38148.838595158,1,2403,100,465663,-1
38149.508371716,1,2404,100,465013,-1
38149.992489401,1,2405,100,464638,-1
38151.357544947,1,2406,100,464062,-1
38153.54496854,3,2399,100,464045,1
38154.734810344,1,2407,100,460652,1
38155.91595584,1,2408,100,462842,-1
38156.919089316,1,2409,100,463938,-1
38157.410533328,1,2410,100,459976,1
38158.288017673,4,2406,100,464062,-1
38159.078510757,1,2411,100,461681,1
38159.589601928,1,2412,100,462648,1
38160.92247053,1,2413,100,465291,-1
38161.91418219,3,2378,100,462876,-1
38162.423301835,4,2409,100,463938,-1
38163.045782137,1,2414,100,462919,1
38164.29588579,4,2408,100,462842,-1
38165.248165977,1,2415,100,465754,-1
38165.99040065,4,2404,100,465013,-1
38167.894291997,3,2401,100,464586,1
38170.00271354,3,2402,100,464395,1
38170.949332817,1,2416,100,465129,-1
38171.681440934,4,2393,100,464040,-1
38172.623073737,5,2398,100,462992,1
38173.821779843,1,2417,100,467297,-1
38174.892935335,3,2411,100,461681,1
38176.040588172,1,2418,100,468157,-1
38177.314238973,3,2410,100,459976,1
38178.283666401,3,2412,100,462648,1
38179.118191408,1,2419,100,466831,1
38179.871815914,1,2420,100,462066,1
38180.900955292,4,2403,100,465663,-1
38181.502176776,1,2421,100,467470,-1
38182.706215761,1,2422,100,464369,1
38185.089930598,3,2420,100,462066,1
38186.221170938,4,2361,100,462866,-1
38186.81692339,3,2419,100,466831,1
38187.426164789,4,2396,100,463957,-1
38188.124178228,1,2423,100,463918,1
38188.663047123,1,2424,100,463099,1
38189.32114251,1,2425,100,464445,1
38190.706037383,4,2366,100,461577,-1
38191.72675921,3,2425,100,464445,1
38192.685225114,5,2400,100,463216,-1
38194.156400506,3,2416,100,465129,-1
38194.932757501,4,2405,100,464638,-1
38196.038994227,3,2375,100,464845,-1
38196.95691058,1,2426,100,461927,1
38197.433493706,1,2427,100,463423,-1
38197.943839135,1,2428,100,463395,-1
38199.324152677,4,2414,100,462919,1
38200.553911168,3,2426,100,461927,1
38201.857361349,1,2429,100,462964,-1
38202.340914024,4,2424,100,463099,1
38203.344984388,4,2423,100,463918,1
38204.150162664,3,2421,100,467470,-1
38205.38229986,1,2430,100,462603,-1
38207.440227463,5,2427,100,463423,-1
38208.26382299,1,2431,100,461925,1
38208.885927224,3,2415,100,465754,-1
38209.790958686,1,2432,100,460744,1
38210.865406687,4,2429,100,462964,-1
38211.825492773,1,2433,100,461515,1
38212.470214467,1,2434,100,462351,1
38213.756359499,1,2435,100,461051,-1
38215.051696825,1,2436,100,464698,-1
38216.04699546,1,2437,100,459443,1
38216.925840595,1,2438,100,462643,-1
38217.901360101,1,2439,100,460767,1
38219.171454524,1,2440,100,461259,1
38219.804427229,1,2441,100,460067,1
38220.592435734,3,2440,100,461259,1
38221.762952349,1,2442,100,460549,-1
38223.70671907,3,2438,100,462643,-1
38224.502160287,1,2443,100,458144,1
38225.334029545,3,2433,100,461515,1
38226.105843961,3,2431,100,461925,1
38226.847267443,4,2432,100,460744,1
38227.591005019,5,2436,100,464698,-1
38228.690826322,4,2441,100,460067,1
38230.02067863,4,2434,100,462351,1
38230.96973342,1,2444,100,460688,-1
38232.307736674,4,2422,100,464369,1
38233.17093865,1,2445,100,462127,-1
38234.149315877,1,2446,100,459659,1
38235.019382343,1,2447,100,459878,-1
38235.915120819,1,2448,100,458982,-1
38236.985681943,1,2449,100,459518,-1
38237.786900618,3,2444,100,460688,-1
38238.740823638,3,2353,100,458908,1
38239.872239499,5,2428,100,463395,-1
38241.111673988,1,2450,100,454247,1
38241.762585269,1,2451,100,457104,-1
38242.744743188,3,2437,100,459443,1
38243.885486693,4,2443,100,458144,1
38244.664524512,3,2407,100,460652,1
38245.742895335,4,2439,100,460767,1
38246.247505571,4,2446,100,459659,1
38246.791015577,1,2452,100,456003,1
38248.759522428,1,2453,100,457268,1
38249.517160922,1,2454,100,456709,-1
38250.511725426,3,2435,100,461051,-1
38251.460726827,3,2445,100,462127,-1
38252.566933216,3,2430,100,462603,-1
38253.934884761,4,2451,100,457104,-1
38254.54701553,3,2361,100,462866,-1
38255.24620537,5,2449,100,459518,-1
38256.350114027,3,2450,100,454247,1
38257.043122022,1,2455,100,458598,-1
38259.261792112,1,2456,100,459283,-1
38260.636359178,1,2457,100,458069,1
38261.396384464,3,2457,100,458069,1
38264.179485361,3,2456,100,459283,-1
38264.856618772,5,2417,100,467297,-1
38267.097940365,4,2454,100,456709,-1
38269.072743259,3,2442,100,460549,-1
38269.884569036,3,2453,100,457268,1
38271.592223909,1,2458,100,457441,1
38272.934898554,4,2458,100,457441,1
38276.079023099,3,2397,100,465280,-1
38277.860016855,1,2459,100,455794,1
38279.216078737,1,2460,100,459432,-1
38280.379636521,4,2448,100,458982,-1
38282.164530536,3,2413,100,465291,-1
38282.857502798,1,2461,100,459289,-1
38284.11510462,1,2462,100,457573,1
38285.530387784,1,2463,100,458611,1
38286.653421171,3,2455,100,458598,-1
38287.563568936,3,2447,100,459878,-1
38288.532460541,1,2464,100,459135,1
38289.354943638,5,2460,100,459432,-1
38290.745271612,1,2465,100,459879,1
38291.822233349,4,2465,100,459879,1
38293.426674345,3,2459,100,455794,1
38294.788968683,1,2466,100,458274,1
38296.038562158,3,2461,100,459289,-1
38298.56129864,3,2452,100,456003,1
38299.41075507,1,2467,100,458115,-1
38301.486909098,5,2467,100,458115,-1
38302.29080642,1,2468,100,457531,1
38302.925059555,1,2469,100,460317,-1
38303.414641716,5,2469,100,460317,-1
38304.45602363,1,2470,100,459082,-1
38305.496977562,3,2463,100,458611,1
38306.482368985,1,2471,100,457414,1
38307.45378709,1,2472,100,453753,1
38308.231045494,3,2470,100,459082,-1
38309.296048312,1,2473,100,460237,-1
38310.208496314,5,2418,100,468157,-1
38311.025361546,1,2474,100,460034,-1
38311.960584533,4,2464,100,459135,1
38313.074522682,3,2468,100,457531,1
38313.785360166,1,2475,100,457621,1
38314.466082609,1,2476,100,457618,-1
38315.043403092,1,2477,100,455592,1
38315.964417159,1,2478,100,457001,1
38316.545486971,5,2478,100,457001,1
38317.089760492,4,2475,100,457621,1
38318.052775093,3,2462,100,457573,1
38319.205236677,1,2479,100,454097,1
38320.571002005,1,2480,100,455625,1
38321.626992003,1,2481,100,455922,1
38322.727747672,1,2482,100,456726,-1
38323.443389089,1,2483,100,458002,-1
38324.546991466,1,2484,100,457971,-1
38325.403807052,1,2485,100,454695,1
38327.368171065,1,2486,100,459591,-1
38328.623082628,3,2486,100,459591,-1
38329.919707928,1,2487,100,456989,1
38331.172299043,3,2481,100,455922,1
38332.109590977,3,2466,100,458274,1
38332.990742026,1,2488,100,460605,-1
38333.907213565,1,2489,100,457196,1
38336.146214925,1,2490,100,457887,1
38337.528385312,4,2471,100,457414,1
38338.057088196,3,2483,100,458002,-1
38338.759040636,4,2482,100,456726,-1
38339.54418846,3,2485,100,454695,1
38341.483983606,3,2488,100,460605,-1
38342.451646874,1,2491,100,456373,-1
38343.783342663,1,2492,100,454060,1
38344.627951281,3,2474,100,460034,-1
38345.351034937,5,2492,100,454060,1
38346.190200468,1,2493,100,456738,1
38347.526371196,1,2494,100,453837,1
38350.036388353,5,2490,100,457887,1
38350.844671432,3,2491,100,456373,-1
38351.865266192,4,2477,100,455592,1
38352.763876515,5,2489,100,457196,1
38353.985569774,1,2495,100,454559,1
38356.160535373,1,2496,100,459146,-1
38357.25214407,3,2479,100,454097,1
38358.303025191,4,2480,100,455625,1
38359.38308473,1,2497,100,457184,-1
38360.511751933,1,2498,100,454651,1
38361.291302013,3,2495,100,454559,1
38361.932477242,1,2499,100,455591,-1
38363.283011683,3,2473,100,460237,-1
38364.193347267,1,2500,100,453601,1
38364.890210711,1,2501,100,454699,1
38366.203736124,1,2502,100,454526,-1
38367.198577806,3,2499,100,455591,-1
38368.397783049,5,2487,100,456989,1
38369.188704496,4,2493,100,456738,1
38369.794606148,1,2503,100,453148,1
38370.770502014,1,2504,100,452318,-1
38371.273404745,5,2497,100,457184,-1
38372.261120016,3,2503,100,453148,1
38373.490679082,3,2504,100,452318,-1
38375.282573726,1,2505,100,454260,-1
38376.263506241,1,2506,100,452505,1
38377.533360876,1,2507,100,452120,-1
38378.484966934,3,2502,100,454526,-1
38379.264692751,1,2508,100,452482,-1
38380.682700094,3,2507,100,452120,-1
38381.581929818,4,2506,100,452505,1
38382.784077211,1,2509,100,451756,-1
38383.346172898,1,2510,100,453515,-1
38384.686941302,1,2511,100,452912,-1
38385.424960311,3,2496,100,459146,-1
38385.93511546,1,2512,100,448946,1
38386.571314298,1,2513,100,450658,-1
38387.511735319,1,2514,100,452837,-1
38390.09353798,1,2515,100,451567,-1
38391.362594753,5,2494,100,453837,1
38392.017909995,1,2516,100,451727,-1
38392.896369119,5,2476,100,457618,-1
38395.327510279,3,2516,100,451727,-1
38396.34347789,4,2501,100,454699,1
38397.713971253,3,2500,100,453601,1
38398.502855086,1,2517,100,449309,-1
38400.654158864,3,2484,100,457971,-1
38402.563420633,3,2472,100,453753,1
38403.807255747,3,2505,100,454260,-1
38404.580945067,4,2517,100,449309,-1
38405.367650892,3,2510,100,453515,-1
38406.639761234,3,2509,100,451756,-1
38407.396561195,4,2498,100,454651,1
38408.005127035,4,2512,100,448946,1
38409.057885112,1,2518,100,448639,1
38409.983880714,1,2519,100,444884,1
38410.943955629,1,2520,100,445776,1
38412.129685127,3,2515,100,451567,-1
38412.76592994,3,2508,100,452482,-1
38414.94061334,1,2521,100,448129,-1
38415.769790308,3,2519,100,444884,1
38417.974326417,1,2522,100,448454,-1
38418.708275823,3,2520,100,445776,1
38419.303674636,3,2514,100,452837,-1
38420.033723449,4,2518,100,448639,1
38420.746534699,4,2522,100,448454,-1
38421.454026004,1,2523,100,451252,-1
38422.106023822,1,2524,100,449168,-1
38423.094716624,1,2525,100,446740,1
38424.164464229,4,2521,100,448129,-1
38425.213884468,4,2513,100,450658,-1
38426.178991251,3,2511,100,452912,-1
38426.808938066,1,2526,100,446578,1
38427.810481237,1,2527,100,448705,-1
38428.537747959,5,2525,100,446740,1
38429.600554054,3,2524,100,449168,-1
38430.383949768,1,2528,100,446985,1
38431.600996554,1,2529,100,448549,-1
38432.298669758,3,2527,100,448705,-1
38433.660247416,5,2528,100,446985,1
38434.687699362,1,2530,100,446263,1
38435.352901989,4,2530,100,446263,1
38436.448976138,4,2526,100,446578,1
38437.016508087,5,2529,100,448549,-1
38438.184702166,3,2523,100,451252,-1
38438.815842973,1,2531,100,446822,-1
38440.161032403,1,2532,100,447627,-1
38441.285192613,1,2533,100,449355,-1
38441.94164734,3,2533,100,449355,-1
38442.472586829,3,2532,100,447627,-1
38443.091189945,1,2534,100,447547,-1
38443.860455393,3,2534,100,447547,-1
38445.234667864,3,2531,100,446822,-1
38446.409643816,1,2535,100,446113,-1
38447.769769236,5,2535,100,446113,-1
38448.710037081,1,2536,100,446408,1
38449.538484046,1,2537,100,445903,-1
38450.194161401,1,2538,100,445586,1
38451.302697087,4,2536,100,446408,1
38452.357021773,5,2538,100,445586,1
38452.915002635,3,2537,100,445903,-1
38454.186055627,1,2539,100,446932,1
38454.766551141,1,2540,100,449118,-1
38455.623546337,3,2540,100,449118,-1
38457.02535283,1,2541,100,448690,-1
38458.113726226,1,2542,100,448201,-1
38459.332545803,4,2541,100,448690,-1
38461.88898708,3,2539,100,446932,1
38462.954387455,3,2542,100,448201,-1
38463.555229322,1,2543,100,445941,1
38464.939261061,1,2544,100,446116,1
38466.206928872,1,2545,100,444049,1
38466.866188647,1,2546,100,446737,1
38467.872492466,1,2547,100,446341,-1
38468.592611262,1,2548,100,446213,-1
38469.485713135,4,2544,100,446116,1
38470.863640335,1,2549,100,446082,-1
38472.838002621,1,2550,100,442877,1
38473.781742582,3,2543,100,445941,1
38474.938523658,4,2545,100,444049,1
38476.400713692,3,2549,100,446082,-1
38477.415158307,1,2551,100,442667,1
38478.022839174,4,2546,100,446737,1
38478.946486828,1,2552,100,445427,-1
38479.456284808,4,2552,100,445427,-1
38480.185388277,4,2551,100,442667,1
38481.166506852,3,2550,100,442877,1
38481.843653734,1,2553,100,445989,-1
38482.53360862,3,2547,100,446341,-1
38483.215993393,4,2548,100,446213,-1
38483.96058949,3,2553,100,445989,-1
38484.598935027,1,2554,100,443808,1
38486.492381324,3,2554,100,443808,1
38487.577197226,1,2555,100,444653,-1
38488.996032156,3,2555,100,444653,-1
38489.962517821,1,2556,100,443208,1
38490.730131192,5,2556,100,443208,1
38491.543757622,1,2557,100,443799,-1
38492.95146921,1,2558,100,442601,1
38494.27183844,3,2557,100,443799,-1
38495.440973487,4,2558,100,442601,1
38495.968916387,1,2559,100,443846,1
38496.77215767,3,2559,100,443846,1
38498.083660308,1,2560,100,442551,1
38498.98306519,4,2560,100,442551,1
38499.883110331,1,2561,100,443443,1
38500.548466244,1,2562,100,442304,1
38502.804468448,3,2562,100,442304,1
38503.920501536,3,2561,100,443443,1
38504.738844238,1,2563,100,443503,-1
38506.165627862,5,2563,100,443503,-1
38506.898721346,1,2564,100,444900,-1
38508.725263264,1,2565,100,445476,-1
38510.195976823,5,2564,100,444900,-1
38511.667756937,1,2566,100,444509,-1
38512.833025589,4,2566,100,444509,-1
38514.243218272,4,2565,100,445476,-1
38514.814282616,1,2567,100,443594,-1
38515.358742,1,2568,100,443715,1
38515.953144093,3,2567,100,443594,-1
38516.475200291,4,2568,100,443715,1
38517.349425323,1,2569,100,445001,-1
38517.97793544,1,2570,100,443967,-1
38518.811822854,1,2571,100,443642,1
38521.058395968,1,2572,100,444579,-1
38522.508552456,4,2571,100,443642,1
38523.347264759,4,2570,100,443967,-1
38524.082499577,4,2569,100,445001,-1
38524.915145263,1,2573,100,443278,1
38526.242428992,3,2572,100,444579,-1
38527.476675135,5,2573,100,443278,1
38528.735408745,1,2574,100,444249,-1
38529.630374501,3,2574,100,444249,-1
38530.30446588,1,2575,100,444867,-1
38530.876076557,3,2575,100,444867,-1
38531.544328662,1,2576,100,443123,1
38532.974998411,3,2576,100,443123,1
38533.598455765,1,2577,100,442445,1
38535.063087801,1,2578,100,440823,1
38536.326235452,3,2578,100,440823,1
38537.758839,4,2577,100,442445,1
38538.406630762,1,2579,100,444557,-1
38539.634568963,3,2579,100,444557,-1
38540.615110951,1,2580,100,444333,-1
38541.687509945,5,2580,100,444333,-1
38543.009150032,1,2581,100,442531,1
38544.193534371,1,2582,100,444592,-1
38545.271620607,3,2582,100,444592,-1
38546.560982062,1,2583,100,444845,-1
38547.456443286,1,2584,100,444414,-1
38548.371895526,3,2583,100,444845,-1
38548.898000615,3,2581,100,442531,1
38549.686246575,1,2585,100,444026,-1
38550.247765508,3,2585,100,444026,-1
38551.722854217,3,2584,100,444414,-1
38552.441856893,1,2586,100,439621,1
38553.197450598,3,2586,100,439621,1
38554.474389896,1,2587,100,440851,1
38555.268372545,3,2587,100,440851,1
38556.264451135,1,2588,100,440396,1
38557.194967119,4,2588,100,440396,1
38557.803180239,1,2589,100,442851,-1
38558.652335208,3,2589,100,442851,-1
38559.704633416,1,2590,100,442476,1
38560.444257126,1,2591,100,444305,-1
38561.89687685,3,2591,100,444305,-1
38563.276067738,1,2592,100,442402,1
38564.334843082,5,2590,100,442476,1
38565.467180265,1,2593,100,441689,1
38566.546210967,1,2594,100,442370,-1
38567.582841554,3,2592,100,442402,1
38568.158401435,4,2593,100,441689,1
38568.770182022,1,2595,100,441779,-1
38569.468476191,3,2595,100,441779,-1
38570.430713965,1,2596,100,442122,-1
38571.2283218,1,2597,100,439551,1
38572.054801493,1,2598,100,439526,1
38573.433387578,1,2599,100,442092,-1
38574.377781872,1,2600,100,440012,1
38575.305614887,5,2598,100,439526,1
38576.137559483,1,2601,100,441500,1
38577.129540036,3,2596,100,442122,-1
38578.367641944,3,2599,100,442092,-1
38579.390481366,1,2602,100,437667,1
38579.972726085,1,2603,100,441275,1
38581.401962072,3,2601,100,441500,1
38582.649147724,1,2604,100,437260,1
38583.189355212,1,2605,100,441151,-1
38585.347868524,1,2606,100,441106,-1
38586.650884431,3,2605,100,441151,-1
38588.38884811,3,2594,100,442370,-1
38588.983500518,1,2607,100,437097,1
38589.957643183,4,2600,100,440012,1
38591.324761325,1,2608,100,438281,1
38592.362188349,4,2597,100,439551,1
38593.812401002,4,2603,100,441275,1
38594.353276182,3,2608,100,438281,1
38595.170869006,3,2604,100,437260,1
38598.790906606,1,2609,100,437299,1
38599.613727522,3,2609,100,437299,1
38600.499094144,3,2606,100,441106,-1
38601.099470301,1,2610,100,436136,1
38601.990254386,3,2610,100,436136,1
38603.134767793,3,2602,100,437667,1
38605.53290403,4,2607,100,437097,1
38606.971793766,1,2611,100,435692,-1
38608.211726978,3,2611,100,435692,-1
38609.412845417,1,2612,100,435458,1
38610.038332977,4,2612,100,435458,1
38610.842796695,1,2613,100,435537,1
38611.533263642,3,2613,100,435537,1
38612.281538294,1,2614,100,436072,-1
38613.72489503,5,2614,100,436072,-1
38614.449846166,1,2615,100,435111,1
38615.290045673,5,2615,100,435111,1
38616.113272381,1,2616,100,434283,1
38616.984786421,1,2617,100,436299,-1
38617.939091214,4,2616,100,434283,1
38620.095595293,4,2617,100,436299,-1
38621.212236793,1,2618,100,436035,-1
38622.094793437,4,2618,100,436035,-1
38623.13240406,1,2619,100,435104,-1
38624.55268728,3,2619,100,435104,-1
38625.490831796,1,2620,100,434496,1
38626.613172991,1,2621,100,434446,1
38627.676854641,3,2621,100,434446,1
38628.353449768,1,2622,100,433557,1
38628.950406869,1,2623,100,434304,-1
38630.047261113,1,2624,100,432547,1
38630.977230274,1,2625,100,435594,-1
38631.61107518,5,2620,100,434496,1
38632.656690975,3,2622,100,433557,1
38634.929790072,1,2626,100,432836,1
38635.94598796,1,2627,100,435415,-1
38636.788169677,1,2628,100,434324,-1
38637.329721908,1,2629,100,432589,1
38638.708712519,1,2630,100,434448,1
38639.54778505,5,2627,100,435415,-1
38640.079181696,4,2625,100,435594,-1
38640.711664567,1,2631,100,434695,1
38641.942617566,1,2632,100,437108,-1
38642.953211026,1,2633,100,436686,-1
38644.936565558,3,2632,100,437108,-1
38645.451887075,3,2631,100,434695,1
38646.865200699,5,2629,100,432589,1
38648.354468885,3,2630,100,434448,1
38649.59783708,4,2633,100,436686,-1
38651.034442943,1,2634,100,433969,1
38651.717677003,1,2635,100,437751,-1
38652.778992836,1,2636,100,435647,1
38654.189296462,3,2634,100,433969,1
38654.784918339,1,2637,100,436262,1
38655.619390028,1,2638,100,434789,1
38657.073547667,1,2639,100,435864,-1
38658.426195351,1,2640,100,433128,1
38659.298125517,1,2641,100,436209,-1
38659.868763155,3,2626,100,432836,1
38661.170667314,4,2638,100,434789,1
38661.7757517,1,2642,100,434552,1
38662.343911869,3,2623,100,434304,-1
38663.145031596,1,2643,100,436390,-1
38664.598001054,5,2637,100,436262,1
38665.831733009,3,2642,100,434552,1
38666.634243442,1,2644,100,436084,-1
38667.533952677,1,2645,100,432505,1
38669.028898469,3,2645,100,432505,1
38669.913094311,3,2644,100,436084,-1
38671.271301207,1,2646,100,433228,1
38672.288387649,1,2647,100,435119,-1
38673.456341202,3,2624,100,432547,1
38674.220899071,1,2648,100,434719,-1
38675.084230817,4,2628,100,434324,-1
38675.871975082,3,2635,100,437751,-1
38676.942025833,4,2648,100,434719,-1
38677.755560538,1,2649,100,432481,1
38678.692565892,1,2650,100,436387,-1
38679.590375436,1,2651,100,433801,1
38680.331903823,1,2652,100,440006,-1
38681.486632053,4,2650,100,436387,-1
38682.423351136,1,2653,100,435458,1
38684.27044242,5,2653,100,435458,1
38686.124784479,1,2654,100,436413,1
38686.943717497,5,2641,100,436209,-1
38687.994318659,1,2655,100,437255,-1
38688.508356222,1,2656,100,437894,-1
38689.30547405,1,2657,100,433875,1
38690.177982676,1,2658,100,435662,-1
38691.640666571,3,2649,100,432481,1
38692.431260832,3,2657,100,433875,1
38693.761255407,1,2659,100,434724,-1
38694.987903353,1,2660,100,433568,1
38696.264167361,3,2643,100,436390,-1
38697.329587099,5,2656,100,437894,-1
38698.054776354,4,2659,100,434724,-1
38698.822361079,1,2661,100,432540,1
38699.859934311,1,2662,100,435977,1
38701.067023476,3,2646,100,433228,1
38702.925061113,3,2658,100,435662,-1
38704.39073632,5,2647,100,435119,-1
38705.546557719,1,2663,100,435176,1
38706.472993045,1,2664,100,435607,1
38707.528432413,1,2665,100,436427,1
38708.358706328,1,2666,100,437423,-1
38709.821220575,3,2640,100,433128,1
38711.193113286,3,2664,100,435607,1
38711.973543716,5,2651,100,433801,1
38712.616214122,4,2639,100,435864,-1
38713.635553276,3,2665,100,436427,1
38714.14269539,1,2667,100,435399,-1
38715.293693597,1,2668,100,436357,1
38716.275535292,3,2663,100,435176,1
38717.545595436,3,2666,100,437423,-1
38718.094368154,3,2662,100,435977,1
38718.970471747,1,2669,100,437752,-1
38719.74720141,5,2652,100,440006,-1
38720.583257165,3,2667,100,435399,-1
38721.473986193,3,2654,100,436413,1
38722.650682572,4,2660,100,433568,1
38723.627038796,1,2670,100,431401,1
38724.69589701,4,2636,100,435647,1
38725.684226475,1,2671,100,431227,1
38727.100548449,3,2668,100,436357,1
38727.789142385,1,2672,100,432731,-1
38728.818535956,3,2671,100,431227,1
38729.748694617,5,2661,100,432540,1
38731.713770198,1,2673,100,433368,-1
38732.738893805,5,2669,100,437752,-1
38733.7193927,1,2674,100,432356,1
38736.205635114,4,2673,100,433368,-1
38737.487869758,1,2675,100,434017,-1
38738.005129823,4,2675,100,434017,-1
38738.794474248,3,2655,100,437255,-1
38739.773003708,1,2676,100,433868,1
38741.234940554,1,2677,100,436796,-1
38742.481863227,3,2670,100,431401,1
38743.82310461,4,2674,100,432356,1
38744.735727405,1,2678,100,434545,-1
38746.114201926,1,2679,200,432760,-1
38747.490063306,4,2672,100,432731,-1
38748.765469505,1,2680,100,434124,-1
38750.215172129,4,2679,100,432760,-1
38750.73178555,4,2676,100,433868,1
38752.10828282,3,2677,100,436796,-1
38753.589283923,1,2681,100,432759,-1
38754.290577386,3,2678,100,434545,-1
38755.514138992,1,2682,100,433702,-1
38756.341962945,3,2680,100,434124,-1
38757.53035515,3,2679,100,432760,-1
38758.377036246,1,2683,100,432981,1
38758.950593652,1,2684,100,437668,-1
38760.182579838,1,2685,100,432799,1
38760.838705989,3,2684,100,437668,-1
38761.612021519,4,2681,100,432759,-1
38762.21529773,3,2683,100,432981,1
38764.482402652,3,2685,100,432799,1
38765.89104542,3,2682,100,433702,-1
38767.155290339,1,2686,100,432919,1
38768.003137837,5,2686,100,432919,1
38769.102748624,1,2687,100,432841,-1
38770.360059779,4,2687,100,432841,-1
38771.042236376,1,2688,100,433774,-1
38772.503967363,3,2688,100,433774,-1
38773.45761609,1,2689,100,433034,-1
38774.278140875,3,2689,100,433034,-1
38775.228437012,1,2690,100,432897,1
38776.467216126,5,2690,100,432897,1
38777.535620886,1,2691,100,433231,1
38778.408494666,3,2691,100,433231,1
38779.480241154,1,2692,100,433620,1
38780.334735071,4,2692,100,433620,1
38781.620855094,1,2693,100,431567,1
38782.213096555,4,2693,100,431567,1
38782.916979927,1,2694,100,434168,1
38784.666598306,1,2695,100,432242,1
38785.771800328,3,2694,100,434168,1
38786.69048871,1,2696,100,437284,-1
38787.217999271,4,2696,100,437284,-1
38788.576763696,1,2697,100,439153,-1
38789.90017172,3,2695,100,432242,1
38790.620444914,1,2698,100,438008,-1
38791.266541379,1,2699,100,436623,1
38792.600033196,3,2697,100,439153,-1
38794.305434533,1,2700,100,438665,1
38796.283464789,1,2701,100,439459,-1
38797.54899617,1,2702,100,441510,-1
38798.148370984,3,2699,100,436623,1
38799.637630041,3,2701,100,439459,-1
38800.302566822,3,2700,100,438665,1
38801.71483407,1,2703,100,437233,1
38802.792713515,1,2704,100,438117,1
38803.671445144,3,2698,100,438008,-1
38804.966737464,3,2703,100,437233,1
38806.17912583,3,2702,100,441510,-1
38807.519945216,5,2704,100,438117,1
38808.307930463,1,2705,100,439191,-1
38809.260158379,1,2706,100,437585,1
38810.666576723,4,2705,100,439191,-1
38811.354565847,1,2707,100,437041,1
38812.005168669,3,2706,100,437585,1
38813.734246854,1,2708,100,439635,-1
38814.277721259,1,2709,100,438503,-1
38814.843296117,3,2708,100,439635,-1
38815.691155321,4,2707,100,437041,1
38818.102967464,1,2710,100,439126,-1
38819.564633267,4,2709,100,438503,-1
38821.243482654,3,2710,100,439126,-1
38822.633326311,1,2711,100,438062,-1
38823.545989615,1,2712,100,439061,-1
38824.51225137,3,2712,100,439061,-1
38825.231057472,4,2711,100,438062,-1
38826.499089848,1,2713,100,434180,1
38827.332225161,1,2714,100,436762,1
38827.862719033,4,2714,100,436762,1
38829.020945022,1,2715,100,437144,1
38830.11238975,1,2716,100,438412,1
38830.879608934,1,2717,100,437967,-1
38831.803934108,1,2718,100,438203,1
38833.907207039,4,2715,100,437144,1
38834.625398665,3,2718,100,438203,1
38835.394017693,5,2716,100,438412,1
38836.777140674,1,2719,100,436191,1
38837.34051633,1,2720,100,437191,-1
38838.322963925,3,2717,100,437967,-1
38839.691459642,1,2721,100,438577,-1
38840.950212869,1,2722,100,439885,-1
38842.184881317,3,2719,100,436191,1
38843.695678221,3,2713,100,434180,1
38844.475891084,3,2721,100,438577,-1
38845.437959347,1,2723,100,436969,1
38847.986425329,5,2722,100,439885,-1
38848.962270363,3,2720,100,437191,-1
38851.595150585,1,2724,100,437703,1
38852.325960456,3,2723,100,436969,1
38852.96054265,4,2724,100,437703,1
38854.164973919,1,2725,100,440558,1
38855.458363763,4,2725,100,440558,1
38856.640549014,1,2726,100,440159,1
38857.300633122,5,2726,100,440159,1
38858.031769652,1,2727,100,441323,-1
38858.576328161,4,2727,100,441323,-1
38859.780598104,1,2728,100,440687,1
38860.426353071,1,2729,100,442881,-1
38861.334640013,5,2729,100,442881,-1
38861.917589537,1,2730,100,440054,1
38862.54792048,1,2731,100,438591,1
38863.51907143,4,2728,100,440687,1
38864.56247707,3,2731,100,438591,1
38865.121215244,3,2730,100,440054,1
38865.775336741,1,2732,100,442683,-1
38867.294290428,1,2733,100,441975,1
38868.315894513,4,2732,100,442683,-1
38869.765789476,5,2733,100,441975,1
38871.232942677,1,2734,100,444469,-1
38871.823139609,1,2735,200,444991,-1
38873.123514689,3,2735,200,444991,-1
38873.824432933,1,2736,100,446433,-1
38874.682958722,1,2737,100,446172,1
38876.195972321,1,2738,100,444198,1
38877.206359624,1,2739,100,444353,1
38878.152612475,1,2740,100,445453,1
38878.882638419,1,2741,100,444656,-1
38879.994382592,1,2742,100,443515,1
38880.596306179,3,2741,100,444656,-1
38881.339588595,4,2737,100,446172,1
38883.875368249,1,2743,100,441626,1
38884.425318732,1,2744,100,443101,1
38885.817208684,5,2744,100,443101,1
38886.73898383,1,2745,100,443158,1
38887.39450887,3,2743,100,441626,1
38888.419034513,3,2742,100,443515,1
38889.39333063,5,2739,100,444353,1
38890.632908461,1,2746,100,447427,-1
38891.811081798,3,2746,100,447427,-1
38893.093628926,3,2736,100,446433,-1
38893.93313821,3,2738,100,444198,1
38894.933592921,3,2745,100,443158,1
38896.099508664,4,2734,100,444469,-1
38897.390534605,3,2740,100,445453,1
38898.762418648,1,2747,100,445588,-1
38899.539587428,1,2748,100,443827,1
38900.5237467,1,2749,100,444939,-1
38901.181940549,1,2750,100,444969,-1
38902.049689235,3,2750,100,444969,-1
38903.576854399,3,2749,100,444939,-1
38904.285387601,3,2748,100,443827,1
38905.211879871,1,2751,100,447244,-1
38905.945980316,3,2747,100,445588,-1
38906.464964714,4,2751,100,447244,-1
38907.574510736,1,2752,100,448568,-1
38908.899605852,3,2752,100,448568,-1
38909.443782409,1,2753,100,446998,1
38911.385659652,1,2754,100,444943,-1
38912.308838867,1,2755,100,445975,-1
38912.855822574,5,2754,100,444943,-1
38914.16595892,3,2753,100,446998,1
38915.251191233,1,2756,100,446096,-1
38916.032088039,1,2757,100,443927,1
38916.606398521,1,2758,100,445783,-1
38917.340570514,5,2756,100,446096,-1
38918.389160698,5,2755,100,445975,-1
38919.894770204,5,2757,100,443927,1
38921.220768214,3,2758,100,445783,-1
38922.473077355,1,2759,100,446496,1
38923.399932277,3,2759,100,446496,1
38924.493797936,1,2760,100,446836,-1
38925.49718685,1,2761,100,446596,1
38926.855756621,3,2761,100,446596,1
38928.283789395,4,2760,100,446836,-1
38929.638163877,1,2762,100,446063,-1
38930.834037464,3,2762,100,446063,-1
38932.065024177,1,2763,100,447077,-1
38933.521343196,4,2763,100,447077,-1
38934.340577462,1,2764,100,446601,-1
38935.414636887,1,2765,100,447725,1
38936.38968969,3,2765,100,447725,1
38937.239239523,3,2764,100,446601,-1
38938.458745782,1,2766,100,447091,-1
38939.325821537,3,2766,100,447091,-1
38940.277986779,1,2767,100,448056,-1
38940.900005866,3,2767,100,448056,-1
38942.406489021,1,2768,100,446319,1
38943.881693547,1,2769,100,444167,1
38944.870534949,3,2769,100,444167,1
38946.185634189,5,2768,100,446319,1
38947.399207622,1,2770,100,448595,1
38948.925554428,3,2770,100,448595,1
38949.614605955,1,2771,100,450064,-1
38950.850721393,3,2771,100,450064,-1
38951.577239115,1,2772,100,449354,-1
38952.379222004,1,2773,100,446776,1
38953.64159986,1,2774,100,450255,-1
38954.389175454,3,2774,100,450255,-1
38956.316256249,5,2773,100,446776,1
38957.614058768,3,2772,100,449354,-1
38958.24269538,1,2775,100,449341,-1
38959.651941576,1,2776,100,447896,1
38961.177650525,1,2777,100,447383,1
38962.078553948,1,2778,100,446525,1
38962.840308399,1,2779,100,444676,1
38963.438427661,3,2777,100,447383,1
38964.320577471,3,2778,100,446525,1
38965.4361483,4,2776,100,447896,1
38969.001989292,4,2775,100,449341,-1
38969.668240978,4,2779,100,444676,1
38970.550122752,1,2780,100,444869,1
38972.051180142,1,2781,100,446439,1
38972.575921251,5,2780,100,444869,1
38974.120223514,3,2781,100,446439,1
38975.606597124,1,2782,100,445030,-1
38976.494393517,3,2782,100,445030,-1
38977.196849882,1,2783,100,446387,1
38978.003475342,1,2784,100,446586,1
38979.27221597,3,2783,100,446387,1
38980.644711333,4,2784,100,446586,1
38982.012141503,1,2785,100,447115,-1
38982.537562002,1,2786,100,447964,1
38983.257789603,1,2787,100,448505,-1
38984.627428259,4,2785,100,447115,-1
38985.886975757,1,2788,100,448924,-1
38987.178825175,5,2786,100,447964,1
38989.942430871,1,2789,100,445044,1
38990.527306968,1,2790,100,445408,1
38991.586764061,3,2789,100,445044,1
38992.869633598,3,2788,100,448924,-1
38994.21280019,1,2791,100,447708,-1
38995.536541825,4,2791,100,447708,-1
38996.445315427,5,2787,100,448505,-1
38997.270092592,1,2792,100,445901,1
38998.452635788,1,2793,100,447893,1
38999.456221123,1,2794,100,447423,1
39001.703115302,3,2790,100,445408,1
39003.817020168,1,2795,100,448281,1
39004.884185598,5,2793,100,447893,1
39006.117656682,1,2796,100,446416,-1
39006.678778326,1,2797,100,442291,1
39007.277896411,3,2795,100,448281,1
39007.970551824,3,2794,100,447423,1
39009.152828852,3,2792,100,445901,1
39010.220149777,3,2797,100,442291,1
39011.475460025,4,2796,100,446416,-1
39012.150031096,1,2798,100,444027,1
39013.156643098,4,2798,100,444027,1
39014.216458692,1,2799,100,444570,1
39015.15498205,1,2800,100,443387,1
39017.318950736,1,2801,100,439515,1
39018.650898433,1,2802,100,444207,-1
39019.45882616,3,2802,100,444207,-1
39020.384486,5,2799,100,444570,1
39021.914808195,3,2800,100,443387,1
39023.030134263,4,2801,100,439515,1
39023.724201839,1,2803,100,443982,1
39024.553574853,1,2804,100,446293,-1
39025.703387429,1,2805,100,442978,-1
39026.531552378,5,2803,100,443982,1
39027.054750198,4,2805,100,442978,-1
39027.755280869,4,2804,100,446293,-1
39028.343051452,1,2806,100,441242,-1
39029.350356579,3,2806,100,441242,-1
39030.452064677,1,2807,100,442118,-1
39031.426921309,3,2807,100,442118,-1
39032.811138467,1,2808,100,441006,1
39035.166406486,1,2809,100,440478,1
39035.851675951,1,2810,100,442860,-1
39037.001017704,1,2811,100,439898,1
39037.725047825,3,2810,100,442860,-1
39038.813072142,3,2808,100,441006,1
39039.459258343,3,2809,100,440478,1
39040.513738385,5,2811,100,439898,1
39041.225192781,1,2812,100,441898,1
39041.902666278,1,2813,100,440134,1
39042.652505663,3,2812,100,441898,1
39043.59594515,1,2814,100,443035,-1
39044.296667078,4,2813,100,440134,1
39045.562007918,3,2814,100,443035,-1
39046.800645118,1,2815,100,441971,-1
39047.628162153,1,2816,100,443717,-1
39048.44260993,1,2817,100,444162,-1
39049.964234164,3,2816,100,443717,-1
39051.452998761,1,2818,100,441796,1
39052.944841499,1,2819,100,442526,1
39053.964422357,3,2819,100,442526,1
39055.255472342,3,2818,100,441796,1
39055.985276819,1,2820,100,440946,1
39057.277007549,3,2820,100,440946,1
39057.989070002,1,2821,100,442422,1
39058.77185884,3,2817,100,444162,-1
39060.333542624,4,2815,100,441971,-1
39063.38961836,3,2821,100,442422,1
39064.187643611,1,2822,100,444101,-1
39065.697827991,3,2822,100,444101,-1
39066.875439154,1,2823,100,444143,1
39068.158226611,3,2823,100,444143,1
39068.786342039,1,2824,100,445002,-1
39069.333425527,1,2825,100,446151,-1
39070.140796456,4,2824,100,445002,-1
39071.096575179,1,2826,100,443866,1
39072.072205562,1,2827,100,446377,-1
39073.643221266,1,2828,100,445016,1
39075.06856735,3,2827,100,446377,-1
39075.664673055,5,2828,100,445016,1
39077.117955268,3,2825,100,446151,-1
39077.644115395,4,2826,100,443866,1
39078.557872061,1,2829,100,444474,1
39080.076685337,5,2829,100,444474,1
39081.2781235,1,2830,100,443550,1
39082.633820621,3,2830,100,443550,1
39083.732449242,1,2831,100,445775,-1
39084.477188097,1,2832,100,447937,-1
39085.924756007,5,2832,100,447937,-1
39087.228773903,1,2833,100,444580,1
39087.759053781,1,2834,100,441211,1
39088.96308698,3,2834,100,441211,1
39091.877535297,1,2835,100,443997,1
39092.889232526,5,2833,100,444580,1
39093.677176567,3,2835,100,443997,1
39095.076183116,1,2836,100,444579,-1
39096.096441791,1,2837,100,444906,-1
39097.53810516,1,2838,100,442263,1
39098.588033467,1,2839,100,440327,1
39099.454505363,3,2831,100,445775,-1
39100.380728957,1,2840,100,443559,-1
39101.567259846,3,2836,100,444579,-1
39105.65947805,1,2841,100,441011,1
39106.693043173,1,2842,100,441753,-1
39108.825036282,3,2840,100,443559,-1
39109.464916874,4,2841,100,441011,1
39110.193735137,4,2838,100,442263,1
39111.453876548,3,2837,100,444906,-1
39112.376474557,5,2842,100,441753,-1
39113.467870808,1,2843,100,442458,-1
39116.047427189,3,2843,100,442458,-1
39116.575536225,1,2844,100,446267,-1
39119.489507728,1,2845,100,444684,-1
39120.241033692,1,2846,100,447070,-1
39121.352021153,1,2847,100,445533,-1
39123.457452944,1,2848,100,446957,-1
39124.683071275,1,2849,100,445929,-1
39126.174429717,3,2839,100,440327,1
39127.217456476,3,2846,100,447070,-1
39127.902694901,3,2849,100,445929,-1
39130.496281492,3,2848,100,446957,-1
39131.242304221,1,2850,100,445007,1
39131.930050813,5,2850,100,445007,1
39133.133408112,4,2844,100,446267,-1
39134.502820771,3,2847,100,445533,-1
39136.086358884,1,2851,100,448262,-1
39137.43235323,1,2852,100,446485,1
39138.907549226,1,2853,100,447918,-1
39140.224476258,1,2854,100,446165,-1
39141.717323667,1,2855,100,445149,1
39142.708540375,1,2856,100,448607,-1
39147.299965358,1,2857,100,444796,1
39148.351391097,1,2858,100,445164,1
39149.924369936,4,2858,100,445164,1
39151.213277351,4,2845,100,444684,-1
39152.298382675,4,2854,100,446165,-1
39153.304345136,1,2859,100,446744,-1
39154.152478838,3,2856,100,448607,-1
39155.632334749,4,2859,100,446744,-1
39156.637844356,5,2851,100,448262,-1
39157.202246074,4,2852,100,446485,1
39158.278385343,3,2855,100,445149,1
39159.855971635,3,2857,100,444796,1
39160.799888814,5,2853,100,447918,-1
39161.638196467,1,2860,100,444944,-1
39162.519257957,1,2861,100,443660,1
39163.516975338,3,2861,100,443660,1
39164.389828383,1,2862,100,442080,1
39165.184928575,4,2860,100,444944,-1
39165.95638243,1,2863,100,442587,-1
39167.460829806,4,2863,100,442587,-1
39168.714578022,4,2862,100,442080,1
39170.260534884,1,2864,100,442858,-1
39172.304864282,3,2864,100,442858,-1
39172.913502042,1,2865,100,443267,1
39175.593186403,3,2865,100,443267,1
39176.498518137,1,2866,100,443346,-1
39177.440271253,4,2866,100,443346,-1
39177.990380823,1,2867,100,441162,1
39179.363596937,1,2868,100,443985,-1
39180.255448451,5,2868,100,443985,-1
39183.139360772,1,2869,100,442722,1
39184.476718157,3,2869,100,442722,1
39186.095484465,3,2867,100,441162,1
39187.516177319,1,2870,100,444028,-1
39190.218897761,1,2871,100,442453,1
39191.481308182,4,2870,100,444028,-1
39192.819351955,1,2872,100,445403,-1
39194.357066662,3,2872,100,445403,-1
39196.644216598,1,2873,100,445860,-1
39197.3128151,3,2871,100,442453,1
39198.413610494,3,2873,100,445860,-1
39199.554514974,1,2874,100,442660,-1
39200.964224853,1,2875,100,442193,1
39202.232106856,1,2876,100,442069,1
39203.231009303,4,2875,100,442193,1
39203.905552785,3,2874,100,442660,-1
39205.677867428,1,2877,100,443046,-1
39206.331677777,3,2877,100,443046,-1
39207.043673754,3,2876,100,442069,1
39208.604445761,1,2878,100,444404,-1
39209.648153494,4,2878,100,444404,-1
39210.417738449,1,2879,100,443056,-1
39211.900969055,3,2879,100,443056,-1
39212.954801261,1,2880,100,442579,1
39213.76452175,3,2880,100,442579,1
39214.423104048,1,2881,100,443262,-1
39215.68147695,1,2882,100,442340,1
39216.963286003,1,2883,100,442775,1
39218.075958118,4,2883,100,442775,1
39219.35723327,4,2881,100,443262,-1
39220.380004041,1,2884,100,444501,-1
39222.837767958,1,2885,100,443856,1
39223.699686983,3,2884,100,444501,-1
39225.296959501,3,2882,100,442340,1
39225.992788744,4,2885,100,443856,1
39226.536222456,1,2886,100,442345,1
39227.85716947,1,2887,100,445513,-1
39228.574555749,1,2888,100,443504,1
39229.364669339,5,2888,100,443504,1
39230.831111884,4,2886,100,442345,1
39231.685409669,1,2889,100,443902,1
39232.701207064,1,2890,100,443905,-1
39233.75682919,1,2891,100,442830,1
39234.527011024,3,2890,100,443905,-1
39236.053535116,1,2892,100,445678,-1
39237.417393002,4,2887,100,445513,-1
39239.172168508,1,2893,100,443678,1
39240.628076373,4,2892,100,445678,-1
39242.809857473,3,2893,100,443678,1
39243.927685476,5,2891,100,442830,1
39244.925394973,5,2889,100,443902,1
39245.516645284,1,2894,100,445927,1
39246.337813051,1,2895,100,447268,-1
39247.229535963,3,2894,100,445927,1
39249.963724872,3,2895,100,447268,-1
39251.29920443,1,2896,100,445686,1
39252.149484565,1,2897,100,445410,1
39253.417937621,1,2898,100,443913,1
39254.735409773,1,2899,100,447089,-1
39255.773025246,1,2900,100,445791,1
39256.667033985,1,2901,100,445783,-1
39257.248643694,4,2899,100,447089,-1
39257.999291313,5,2896,100,445686,1
39259.304894755,5,2901,100,445783,-1
39261.092593967,3,2897,100,445410,1
39262.131611115,4,2900,100,445791,1
39263.378799864,1,2902,100,445113,1
39264.423470626,4,2902,100,445113,1
39265.008367656,1,2903,100,446845,1
39265.828578828,3,2898,100,443913,1
39267.264176043,4,2903,100,446845,1
39268.112383295,1,2904,100,447277,-1
39269.242991939,1,2905,100,447136,-1
39270.792944356,4,2905,100,447136,-1
39272.20238129,1,2906,100,448028,-1
39273.741480637,1,2907,100,449929,-1
39275.33866201,5,2907,100,449929,-1
39276.340131152,3,2904,100,447277,-1
39277.129629307,4,2906,100,448028,-1
39278.68187764,1,2908,100,449726,-1
39279.473199889,1,2909,100,445988,1
39281.594904004,3,2908,100,449726,-1
39283.042729281,1,2910,100,449221,-1
39284.334333415,1,2911,100,445977,-1
39285.410151839,1,2912,100,447531,-1
39287.003654899,1,2913,100,447188,-1
39288.549400403,1,2914,100,447504,-1
39291.424553989,1,2915,100,445416,1
39292.513061293,1,2916,100,446203,-1
39293.07807127,1,2917,100,448435,-1
39294.178210054,4,2911,100,445977,-1
39295.307329668,1,2918,100,446966,-1
39295.976417157,4,2916,100,446203,-1
39297.045204166,4,2909,100,445988,1
39297.76886243,4,2918,100,446966,-1
39299.063042388,1,2919,100,450406,-1
39299.774050542,3,2915,100,445416,1
39300.772917883,3,2919,100,450406,-1
39301.966531351,1,2920,100,445558,1
39302.954861013,4,2913,100,447188,-1
39304.217617474,4,2920,100,445558,1
39305.18003483,1,2921,100,443134,1
39307.237461222,1,2922,100,443605,1
39308.020835434,1,2923,100,442310,1
39308.766757144,1,2924,100,447043,-1
39310.226849692,4,2923,100,442310,1
39311.244939415,1,2925,100,447274,-1
39312.358182518,5,2921,100,443134,1
39313.256099024,1,2926,100,447030,-1
39314.84180498,1,2927,100,445466,1
39315.441754144,4,2927,100,445466,1
39316.197292768,1,2928,100,446591,-1
39317.466912893,1,2929,100,445075,1
39318.607262285,3,2925,100,447274,-1
39319.400430614,4,2914,100,447504,-1
39320.910317088,3,2926,100,447030,-1
39322.451423048,4,2928,100,446591,-1
39323.242011318,4,2929,100,445075,1
39324.545957855,1,2930,100,448869,-1
39325.75668063,3,2910,100,449221,-1
39326.517242446,3,2917,100,448435,-1
39328.345848637,3,2912,100,447531,-1
39329.950240407,3,2930,100,448869,-1
39331.041036143,3,2922,100,443605,1
39332.579349696,5,2924,100,447043,-1
39333.858615406,1,2931,100,443965,-1
39335.349392647,4,2931,100,443965,-1
39336.774742501,1,2932,100,444765,-1
39337.918685029,4,2932,100,444765,-1
39339.531535808,1,2933,100,442612,1
39340.922139577,1,2934,100,444637,-1
39341.76569206,1,2935,100,444729,-1
39343.14582771,3,2933,100,442612,1
39344.343922768,4,2934,100,444637,-1
39345.087732697,1,2936,100,441045,1
39345.808307254,1,2937,100,442294,-1
39346.481266982,4,2937,100,442294,-1
39349.413096251,5,2936,100,441045,1
39350.386759141,4,2935,100,444729,-1
39351.199481039,1,2938,100,442394,-1
39353.434775945,4,2938,100,442394,-1
39354.825953304,1,2939,100,443713,-1
39355.439069757,1,2940,100,441600,1
39356.605255228,3,2939,100,443713,-1
39357.385295839,1,2941,100,443694,1
39358.24382339,1,2942,100,442858,1
39358.947229117,5,2941,100,443694,1
39360.088641515,4,2942,100,442858,1
39362.390893179,1,2943,100,440344,1
39363.382642693,1,2944,100,445308,-1
39364.222109561,3,2943,100,440344,1
39365.597407921,1,2945,100,441674,1
39366.544552589,1,2946,100,443370,-1
39367.296879084,5,2944,100,445308,-1
39368.344261279,3,2945,100,441674,1
39369.00057872,1,2947,100,438881,1
39370.060877872,3,2947,100,438881,1
39370.862820225,5,2946,100,443370,-1
39372.22671775,1,2948,100,445592,-1
39373.651116994,4,2948,100,445592,-1
39374.360834152,3,2940,100,441600,1
39375.513904916,1,2949,100,443310,1
39376.983684569,4,2949,100,443310,1
39378.171943579,1,2950,100,443589,1
39379.760366647,1,2951,100,442059,1
39381.367524803,3,2950,100,443589,1
39382.566963669,4,2951,100,442059,1
39384.079759304,1,2952,100,444468,-1
39385.290951334,1,2953,100,441300,1
39386.164446445,5,2953,100,441300,1
39387.738868494,4,2952,100,444468,-1
39389.139600112,1,2954,100,443203,1
39390.189183154,1,2955,100,445630,-1
39390.81721672,1,2956,100,444582,-1
39392.420943579,1,2957,100,443355,1
39393.70413977,1,2958,100,442245,1
39394.558859674,3,2955,100,445630,-1
39395.595386084,3,2956,100,444582,-1
39396.257269988,1,2959,100,444260,1
39397.017085597,4,2959,100,444260,1
39397.586792732,5,2958,100,442245,1
39398.792836915,1,2960,100,445808,-1
39399.997570804,1,2961,100,442847,1
39400.751352258,5,2957,100,443355,1
39401.715431562,3,2954,100,443203,1
39402.408644039,1,2962,100,443910,-1
39403.278350979,3,2960,100,445808,-1
39404.810563093,1,2963,100,444574,-1
39405.572761982,3,2962,100,443910,-1
39407.18940289,3,2963,100,444574,-1
39407.76395501,1,2964,100,445989,-1
39409.306918168,4,2964,100,445989,-1
39410.551086173,1,2965,100,445592,-1
39412.030135826,1,2966,100,443949,1
39413.163085963,4,2965,100,445592,-1
39414.709486031,3,2961,100,442847,1
39415.669820369,4,2966,100,443949,1
39416.463573595,1,2967,100,445547,-1
39417.78677702,1,2968,100,446818,-1
39418.648186394,5,2968,100,446818,-1
39420.037870253,4,2967,100,445547,-1
39420.91284602,1,2969,100,446491,1
39421.752000085,3,2969,100,446491,1
39422.604628081,1,2970,100,445978,1
39424.180133838,4,2970,100,445978,1
39424.892768556,1,2971,100,446753,1
39425.81276701,3,2971,100,446753,1
39426.377971022,1,2972,100,442540,1
39427.957121228,3,2972,100,442540,1
39429.48566912,1,2973,100,446614,1
39430.605736987,1,2974,100,447198,-1
39431.411198865,1,2975,100,445457,1
39431.977386204,4,2973,100,446614,1
39432.742037767,3,2975,100,445457,1
39434.278669163,5,2974,100,447198,-1
39435.696743679,1,2976,100,448385,-1
39437.323827721,1,2977,100,447323,-1
39438.705699347,4,2977,100,447323,-1
39439.471212296,1,2978,100,447837,-1
39440.704440654,4,2976,100,448385,-1
39441.981157313,1,2979,100,445803,1
39443.606793244,5,2979,100,445803,1
39444.193474497,1,2980,100,445519,1
39444.965666753,1,2981,100,446474,1
39446.160885898,1,2982,100,446277,-1
39447.418725207,1,2983,100,449455,-1
39448.455212892,1,2984,100,445163,1
39449.111070976,1,2985,100,446337,1
39450.445237638,4,2984,100,445163,1
39451.50751842,1,2986,100,446686,-1
39452.207213369,1,2987,100,447593,-1
39453.094052894,1,2988,100,448415,-1
39454.48277809,3,2985,100,446337,1
39455.901605228,4,2981,100,446474,1
39457.471700273,1,2989,100,447281,1
39458.104309364,5,2978,100,447837,-1
39459.520287486,3,2986,100,446686,-1
39460.712830879,3,2988,100,448415,-1
39461.546685033,4,2982,100,446277,-1
39462.228823105,5,2983,100,449455,-1
39464.189805872,3,2989,100,447281,1
39465.431932121,5,2980,100,445519,1
39467.433960577,1,2990,100,445960,1
39469.660887024,5,2987,100,447593,-1
39470.637304609,3,2990,100,445960,1
39471.590459804,1,2991,100,446402,-1
39472.468308841,4,2991,100,446402,-1
39473.234506832,1,2992,100,445053,1
39474.735219862,3,2992,100,445053,1
39475.548458037,1,2993,100,444900,1
39476.635193015,3,2993,100,444900,1
39477.902605318,1,2994,100,445819,1
39479.150671154,1,2995,100,449010,-1
39480.203883632,1,2996,100,447075,1
39480.9398645,4,2996,100,447075,1
39484.114320798,1,2997,100,452048,-1
39485.667324086,4,2997,100,452048,-1
39486.61111432,4,2995,100,449010,-1
39487.918293643,1,2998,100,448993,-1
39488.570309047,4,2998,100,448993,-1
39489.724485301,1,2999,100,447228,-1
39491.849115788,1,3000,100,445099,1
39493.133802297,1,3001,100,446529,1
39494.607344204,3,2999,100,447228,-1
39495.368095876,3,3001,100,446529,1
39496.34334312,1,3002,100,448710,1
39497.611785764,1,3003,100,447571,1
39498.696160938,4,3002,100,448710,1
39499.340881018,3,3003,100,447571,1
39500.016807929,3,3000,100,445099,1
39501.371291654,1,3004,100,449999,-1
39503.249156958,4,3004,100,449999,-1
39504.524565885,3,2994,100,445819,1
39505.130389616,1,3005,100,449425,1
39506.019117913,1,3006,100,448366,1
39506.620212224,1,3007,100,450778,1
39507.209614688,3,3007,100,450778,1
39508.451857053,3,3005,100,449425,1
39509.533813633,5,3006,100,448366,1
39510.95665826,1,3008,100,450866,-1
39512.382377667,3,3008,100,450866,-1
39513.001886698,1,3009,100,449751,-1
39514.131515499,4,3009,100,449751,-1
39515.121663835,1,3010,100,448865,-1
39516.628323032,1,3011,100,449384,-1
39517.690537311,1,3012,100,451859,-1
39519.121480209,1,3013,100,448138,1
39520.64654942,1,3014,100,451850,-1
39521.314294335,1,3015,100,446772,1
39522.274181976,1,3016,100,451053,-1
39522.914004054,4,3011,100,449384,-1
39526.434174751,4,3010,100,448865,-1
39527.344119381,4,3013,100,448138,1
39528.284804814,1,3017,100,454195,-1
39529.004728205,4,3012,100,451859,-1
39530.557153465,1,3018,100,449545,-1
39531.899669753,1,3019,100,451039,-1
39532.939046512,3,3014,100,451850,-1
39533.649897067,1,3020,100,450948,-1
39534.634386698,4,3018,100,449545,-1
39535.715013544,5,3016,100,451053,-1
39538.16181538,4,3015,100,446772,1
39539.51608622,1,3021,100,452094,-1
39540.627359636,5,3019,100,451039,-1
39541.434092318,4,3020,100,450948,-1
39543.010236938,1,3022,100,449312,1
39543.581996172,3,3022,100,449312,1
39544.718495186,1,3023,100,450243,1
39546.881950426,5,3017,100,454195,-1
39548.059180074,1,3024,100,447767,1
39549.521298161,5,3021,100,452094,-1
39550.880623166,1,3025,100,451781,-1
39551.951206883,1,3026,100,448768,-1
39552.562204833,1,3027,100,447157,1
39553.680790831,3,3024,100,447767,1
39554.633798697,1,3028,100,447269,1
39555.766484868,1,3029,100,451542,-1
39557.291962867,4,3026,100,448768,-1
39557.892029594,4,3023,100,450243,1
39560.86604488,1,3030,100,452707,-1
39561.690673251,3,3025,100,451781,-1
39563.262794804,4,3029,100,451542,-1
39564.821162651,1,3031,100,451083,1
39566.007887627,1,3032,100,450281,1
39567.125268996,3,3031,100,451083,1
39568.390605562,1,3033,100,451524,1
39569.400661087,4,3033,100,451524,1
39570.236829865,3,3028,100,447269,1
39571.621661933,4,3027,100,447157,1
39572.368508586,1,3034,100,453075,1
39573.12473551,1,3035,100,451321,1
39574.386951563,1,3036,100,453618,-1
39575.355524743,1,3037,100,453977,1
39576.293725808,3,3032,100,450281,1
39577.530660042,5,3034,100,453075,1
39578.672720252,1,3038,100,454193,1
39580.108848604,1,3039,100,455185,1
39581.612021594,5,3035,100,451321,1
39582.532258764,1,3040,100,454997,1
39584.109492739,3,3040,100,454997,1
39585.599503232,3,3038,100,454193,1
39587.013344711,1,3041,100,454252,1
39587.875315769,1,3042,100,453722,1
39589.510527618,3,3037,100,453977,1
39591.796704975,1,3043,100,452600,1
39592.741147599,1,3044,100,452647,1
39593.471354909,3,3044,100,452647,1
39594.994802302,1,3045,100,455124,1
39595.801125419,4,3045,100,455124,1
39597.907774861,3,3030,100,452707,-1
39598.722322996,5,3042,100,453722,1
39600.228748068,4,3039,100,455185,1
39600.89223502,3,3043,100,452600,1
39602.043533785,1,3046,100,454190,1
39602.688585011,3,3046,100,454190,1
39604.208000372,5,3036,100,453618,-1
39605.498539819,1,3047,100,453520,1
39606.649537444,4,3041,100,454252,1
39607.566609872,1,3048,100,455577,-1
39609.064192393,1,3049,100,456152,-1
39610.236071118,4,3048,100,455577,-1
39611.720497356,5,3047,100,453520,1
39613.264227124,1,3050,100,454609,-1
39617.631454279,1,3051,100,451962,1
39618.896063786,1,3052,100,454055,-1
39619.662307593,1,3053,100,451809,1
39620.71427803,3,3050,100,454609,-1
39621.287596081,1,3054,100,453202,1
39621.962279573,1,3055,100,453460,1
39622.789203134,1,3056,100,451506,1
39624.006284168,3,3056,100,451506,1
39625.094927693,3,3051,100,451962,1
39626.575242339,3,3049,100,456152,-1
39627.71487688,1,3057,100,451736,1
39629.212118761,5,3053,100,451809,1
39630.070985954,1,3058,100,450561,1
39631.373111763,1,3059,100,454958,-1
39632.697758256,1,3060,100,455463,-1
39634.794127139,1,3061,100,452856,1
39635.58248512,1,3062,100,454487,-1
39636.634228761,3,3058,100,450561,1
39637.664504289,3,3061,100,452856,1
39639.172813464,3,3054,100,453202,1
39640.459433205,5,3057,100,451736,1
39641.393030783,1,3063,100,454647,-1
39642.210161803,4,3059,100,454958,-1
39643.394370132,3,3060,100,455463,-1
39644.895763558,3,3063,100,454647,-1
39645.981584407,1,3064,100,454562,-1
39647.595539379,3,3052,100,454055,-1
39648.636501328,3,3064,100,454562,-1
39650.182221572,4,3055,100,453460,1
39652.885953061,1,3065,100,454017,-1
39653.727257769,3,3065,100,454017,-1
39654.606451476,3,3062,100,454487,-1
39655.245340468,1,3066,100,451409,1
39657.822886104,1,3067,100,451472,-1
39659.333910044,3,3067,100,451472,-1
39660.030860358,4,3066,100,451409,1
39660.692813292,1,3068,100,451828,-1
39663.017303988,1,3069,100,452281,1
39663.697259663,1,3070,100,453878,-1
39665.310719083,1,3071,100,453115,-1
39666.621495376,1,3072,100,453924,-1
39667.784217536,1,3073,100,452920,-1
39668.526687102,1,3074,100,454084,-1
39669.567223058,4,3071,100,453115,-1
39670.283112991,1,3075,100,454688,-1
39671.59672054,3,3075,100,454688,-1
39672.520753045,1,3076,100,454039,1
39673.42724045,1,3077,100,453667,1
39675.065409142,1,3078,100,454365,1
39676.462001061,3,3069,100,452281,1
39678.083856136,3,3077,100,453667,1
39679.079389222,1,3079,100,457926,-1
39679.877640997,1,3080,100,459266,-1
39681.501462554,3,3076,100,454039,1
39683.012494668,3,3073,100,452920,-1
39684.205472221,1,3081,100,458476,-1
39687.021027041,1,3082,100,455679,1
39688.503474805,4,3074,100,454084,-1
39689.893755692,1,3083,200,459457,1
39690.928701533,1,3084,100,459923,-1
39692.163309805,1,3085,100,457863,1
39693.268253891,4,3072,100,453924,-1
39694.931873138,1,3086,100,457563,-1
39696.966463887,4,3086,100,457563,-1
39697.997766151,4,3068,100,451828,-1
39698.828735903,1,3087,100,457166,1
39700.866594801,1,3088,100,460174,-1
39701.70487313,1,3089,100,457807,1
39704.115885869,1,3090,100,457256,1
39705.47930142,1,3091,100,455885,1
39706.069847214,1,3092,100,459854,-1
39707.064626926,1,3093,100,458820,-1
39708.399273834,1,3094,100,460673,-1
39709.842965134,3,3079,100,457926,-1
39710.88497253,3,3081,100,458476,-1
39711.986529073,1,3095,100,459017,-1
39713.334149852,1,3096,100,457545,-1
39714.095607662,4,3083,200,459457,1
39716.428993322,3,3082,100,455679,1
39717.488047787,3,3095,100,459017,-1
39718.929965842,3,3088,100,460174,-1
39720.377039064,1,3097,100,456328,-1
39721.816928091,1,3098,100,452801,1
39723.380862917,4,3090,100,457256,1
39724.066598607,3,3094,100,460673,-1
39725.677553684,1,3099,100,456881,-1
39726.66307224,5,3093,100,458820,-1
39727.249962458,1,3100,100,454502,1
39728.551730977,1,3101,100,457194,-1
39730.821295865,4,3091,100,455885,1
39731.765828634,4,3078,100,454365,1
39733.137902948,1,3102,100,456985,-1
39734.63590457,3,3098,100,452801,1
39735.466705104,1,3103,100,452183,1
39738.39770276,1,3104,100,453064,-1
39739.039301904,1,3105,100,449017,1
39740.275169189,4,3087,100,457166,1
39741.723456736,5,3096,100,457545,-1
39742.362875873,4,3100,100,454502,1
39742.934739176,1,3106,100,453817,-1
39744.461191063,5,3102,100,456985,-1
39746.932767473,3,3104,100,453064,-1
39747.559015823,3,3103,100,452183,1
39748.74126195,3,3080,100,459266,-1
39750.159988551,5,3099,100,456881,-1
39751.744096895,1,3107,100,452854,-1
39753.241095685,3,3101,100,457194,-1
39754.054140694,3,3105,100,449017,1
39755.05190989,3,3106,100,453817,-1
39756.072091673,3,3085,100,457863,1
39757.681734052,3,3097,100,456328,-1
39758.81981443,3,3089,100,457807,1
39760.202827054,1,3108,100,454464,-1
39761.685481588,3,3107,100,452854,-1
39763.386157567,1,3109,100,451387,1
39764.266125869,1,3110,100,452599,1
39764.850104902,1,3111,100,455752,-1
39765.652230671,3,3109,100,451387,1
39766.391490577,4,3110,100,452599,1
39768.044470914,1,3112,100,453270,-1
39769.665939042,5,3084,100,459923,-1
39771.252188172,4,3112,100,453270,-1
39771.9835059,1,3113,100,452750,1
39773.181290491,1,3114,100,452106,-1
39775.097215967,1,3115,100,452116,-1
39775.816686223,1,3116,100,456494,-1
39776.454603847,3,3114,100,452106,-1
39777.2813341,1,3117,100,451523,-1
39778.494628283,3,3111,100,455752,-1
39779.587589864,1,3118,100,451245,1
39780.579488574,5,3113,100,452750,1
39782.076135785,3,3117,100,451523,-1
39783.481057895,1,3119,100,453276,-1
39784.435807952,3,3118,100,451245,1
39785.199097994,1,3120,100,450589,1
39785.956231714,3,3120,100,450589,1
39787.432634764,1,3121,100,455506,-1
39789.792017808,4,3115,100,452116,-1
39791.381848255,1,3122,100,452763,-1
39792.112492495,1,3123,100,452545,-1
39793.007074485,1,3124,100,450448,1
39793.971919473,4,3124,100,450448,1
39795.140287959,5,3123,100,452545,-1
39796.817600568,1,3125,100,449851,-1
39797.946530317,3,3121,100,455506,-1
39798.736337373,4,3122,100,452763,-1
39799.588052908,3,3125,100,449851,-1
39800.286081318,1,3126,100,448892,-1
39801.479983595,1,3127,100,448560,-1
39802.333907312,4,3126,100,448892,-1
39803.580303824,1,3128,100,448161,-1
39804.295333839,3,3108,100,454464,-1
39805.668082678,3,3128,100,448161,-1
39807.204335898,1,3129,100,448346,-1
39808.793374254,4,3119,100,453276,-1
39810.425726229,3,3092,100,459854,-1
39811.975535422,1,3130,100,448549,-1
39812.734608517,1,3131,100,450257,-1
39815.252028085,3,3131,100,450257,-1
39816.846627851,5,3129,100,448346,-1
39819.305013621,1,3132,100,446410,1
39820.264879462,3,3130,100,448549,-1
39821.353246724,1,3133,100,448169,1
39822.356669979,1,3134,100,446666,1
39823.925739709,1,3135,100,447843,1
39825.179206693,3,3127,100,448560,-1
39825.805252134,1,3136,100,448154,-1
39826.479722706,5,3136,100,448154,-1
39828.033452071,3,3135,100,447843,1
39830.817173582,1,3137,100,448576,1
39832.105473894,1,3138,100,448352,-1
39832.962014533,1,3139,100,446432,1
39834.389515992,1,3140,100,447809,1
39835.382308663,1,3141,100,447401,-1
39836.685771476,4,3137,100,448576,1
39837.445083966,4,3139,100,446432,1
39838.261709453,1,3142,100,448618,-1
39839.647192976,1,3143,100,448859,-1
39840.851173828,1,3144,100,447393,1
39841.624445369,3,3070,100,453878,-1
39843.290875491,5,3143,100,448859,-1
39844.473320346,1,3145,100,444256,1
39845.440142242,3,3138,100,448352,-1
39846.027415148,1,3146,100,447245,-1
39847.093893575,1,3147,100,450068,-1
39848.619664851,4,3144,100,447393,1
39849.710528292,3,3145,100,444256,1
39851.975147283,3,3116,100,456494,-1
39852.825923745,3,3132,100,446410,1
39853.810458431,1,3148,100,447134,-1
39856.21998658,1,3149,100,444218,1
39856.96426807,1,3150,100,444151,1
39858.309739709,4,3133,100,448169,1
39859.668420767,5,3148,100,447134,-1
39860.365420539,3,3149,100,444218,1
39861.16129427,1,3151,100,445327,1
39861.811508155,4,3140,100,447809,1
39863.321208265,1,3152,100,446753,-1
39864.006352611,3,3152,100,446753,-1
39865.04289082,1,3153,100,445565,-1
39867.616875176,3,3134,100,446666,1
39869.207720862,1,3154,100,443435,1
39871.937628313,1,3155,100,444475,-1
39873.216175444,3,3141,100,447401,-1
39875.610233311,4,3150,100,444151,1
39876.249462464,1,3156,100,442960,1
39876.961290449,1,3157,100,446960,-1
39878.59231645,4,3154,100,443435,1
39879.682160119,3,3156,100,442960,1
39880.704661714,4,3151,100,445327,1
39881.329016024,1,3158,100,442462,1
39882.548995954,4,3142,100,448618,-1
39883.899752626,3,3153,100,445565,-1
39884.874298119,1,3159,100,445944,-1
39886.51219142,1,3160,100,444931,-1
39887.093997543,1,3161,100,444875,-1
39888.511962044,1,3162,100,445503,-1
39890.217127773,5,3161,100,444875,-1
39891.546072666,4,3155,100,444475,-1
39892.292350284,3,3158,100,442462,1
39893.842358683,3,3160,100,444931,-1
39895.150390915,3,3157,100,446960,-1
39895.930375379,1,3163,100,446810,-1
39896.548731094,3,3159,100,445944,-1
39897.353720187,4,3147,100,450068,-1
39898.331601873,1,3164,100,446138,-1
39899.175307656,4,3163,100,446810,-1
39900.180499458,4,3162,100,445503,-1
39900.850056241,3,3164,100,446138,-1
39901.80453123,1,3165,100,443587,1
39902.999411766,1,3166,100,443249,1
39904.559817373,1,3167,100,444409,-1
39905.878120844,5,3146,100,447245,-1
39906.947731382,1,3168,100,445526,-1
39908.185345322,1,3169,100,446028,1
39909.480302848,1,3170,100,445043,1
39910.416691543,3,3170,100,445043,1
39911.257359707,3,3168,100,445526,-1
39912.118059083,1,3171,100,442867,1
39912.984357411,1,3172,100,445264,-1
39913.95912902,3,3167,100,444409,-1
39916.963586561,1,3173,100,445695,-1
39918.550018893,1,3174,100,445663,-1
39919.523449175,4,3169,100,446028,1
39921.136596415,1,3175,100,442102,1
39922.307792526,1,3176,100,443571,-1
39923.063881125,1,3177,100,442955,-1
39925.401759281,1,3178,100,439979,1
39926.138767147,1,3179,100,443161,-1
39926.955558671,1,3180,100,442618,-1
39928.435694663,1,3181,100,439524,1
39929.577242219,3,3171,100,442867,1
39930.867000317,1,3182,100,439911,1
39931.536604135,3,3179,100,443161,-1
39933.274166181,1,3183,100,441074,1
39934.819188339,3,3174,100,445663,-1
39936.399759729,5,3177,100,442955,-1
39937.101182154,1,3184,100,442851,-1
39939.153893437,5,3183,100,441074,1
39940.191312995,3,3178,100,439979,1
39941.769008963,1,3185,100,444473,-1
39942.653769085,4,3166,100,443249,1
39943.593570838,5,3173,100,445695,-1
39944.967004207,3,3175,100,442102,1
39945.706883329,4,3165,100,443587,1
39947.252297295,1,3186,100,440643,1
39949.612177674,1,3187,100,439323,1
39950.385312899,1,3188,100,437829,1
39951.941903339,3,3187,100,439323,1
39953.240524206,3,3176,100,443571,-1
39954.822314088,3,3181,100,439524,1
39956.0335611,4,3182,100,439911,1
39956.925203124,1,3189,100,439619,-1
39957.609162831,1,3190,100,439489,-1
39958.817018794,5,3184,100,442851,-1
39959.545400071,1,3191,100,438816,1
39961.024452928,1,3192,100,440552,1
39961.745247406,1,3193,100,442035,1
39962.709266142,1,3194,100,442351,-1
39963.571182909,1,3195,100,437335,1
39964.930860938,3,3191,100,438816,1
39966.640359373,3,3189,100,439619,-1
39967.781769077,1,3196,100,441273,-1
39969.403974286,1,3197,100,440527,1
39970.334579693,5,3195,100,437335,1
39971.933599477,1,3198,100,440899,1
39973.62882517,3,3190,100,439489,-1
39974.944281596,1,3199,100,439834,1
39976.29284521,1,3200,100,440862,1
39977.935205176,1,3201,100,438451,1
39978.840151268,1,3202,100,440659,1
39979.563626681,1,3203,100,440335,-1
39982.225810134,1,3204,100,440869,1
39983.925015374,4,3202,100,440659,1
39985.208218496,1,3205,100,441917,-1
39986.850039766,1,3206,100,441190,1
39988.199662597,3,3206,100,441190,1
39989.852950006,1,3207,100,443001,-1
39990.646369163,3,3203,100,440335,-1
39991.892578802,4,3192,100,440552,1
39993.827683772,5,3199,100,439834,1
39994.420014843,5,3196,100,441273,-1
39996.176950203,1,3208,100,442468,-1
39997.240446294,1,3209,100,441432,-1
39998.070894915,1,3210,100,438722,1
39999.993231804,4,3200,100,440862,1
40001.846906747,5,3197,100,440527,1
40002.962108706,1,3211,100,442373,-1
40004.666920046,4,3210,100,438722,1
40005.710451329,1,3212,100,437893,1
40006.954751245,4,3186,100,440643,1
40008.644301512,3,3211,100,442373,-1
40009.405941524,1,3213,100,441198,-1
40010.386267111,1,3214,100,438228,1
40011.204667751,5,3214,100,438228,1
40012.219550304,5,3209,100,441432,-1
40012.823516866,4,3204,100,440869,1
40013.752345187,1,3215,100,440343,-1
40014.465901793,1,3216,100,439635,1
40015.74841888,1,3217,100,436995,1
40017.389156571,1,3218,100,442143,-1
40018.344011094,4,3198,100,440899,1
40019.867593734,1,3219,100,437811,1
40020.807778314,1,3220,100,443025,-1
40021.545267308,3,3188,100,437829,1
40023.048819135,4,3193,100,442035,1
40025.567367309,4,3213,100,441198,-1
40026.730744529,4,3215,100,440343,-1
40027.593376865,3,3207,100,443001,-1
40028.36514719,3,3216,100,439635,1
40029.837382669,3,3217,100,436995,1
40031.506266159,1,3221,100,441421,-1
40032.446583592,1,3222,100,439147,-1
40033.467300883,4,3212,100,437893,1
40034.535564065,1,3223,100,436077,1
40035.726139563,3,3221,100,441421,-1
40036.463068298,1,3224,100,439651,-1
40037.58322642,3,3180,100,442618,-1
40038.206270273,1,3225,100,439396,-1
40039.612061409,1,3226,100,437399,1
40041.155213274,1,3227,100,442292,-1
40042.38834846,3,3185,100,444473,-1
40044.028455188,3,3222,100,439147,-1
40045.704626467,4,3201,100,438451,1
40047.290853713,1,3228,100,439135,-1
40048.570689415,1,3229,200,433942,1
40050.034604024,3,3220,100,443025,-1
40051.526212006,3,3229,200,433942,1
40052.207791461,1,3230,100,438128,-1
40053.298903243,4,3230,100,438128,-1
40054.609508399,5,3224,100,439651,-1
40056.37109067,1,3231,100,437978,-1
40058.645087889,1,3232,100,438289,-1
40059.713885875,1,3233,100,436805,1
40061.266243021,1,3234,100,436753,-1
40063.177324347,1,3235,100,435753,1
40064.613850278,3,3227,100,442292,-1
40065.815201708,4,3226,100,437399,1
40066.843417404,1,3236,100,436694,-1
40067.974438516,3,3194,100,442351,-1
40068.936114157,4,3233,100,436805,1
40070.447639716,4,3219,100,437811,1
40073.316750209,1,3237,100,438997,-1
40074.920449686,3,3237,100,438997,-1
40075.549594628,1,3238,100,437159,1
40076.786100851,1,3239,100,439091,-1
40077.634537692,1,3240,100,434607,1
40079.208157588,1,3241,100,438045,-1
40080.959748912,4,3238,100,437159,1
40084.986845279,1,3242,100,435217,1
40086.394676808,1,3243,100,436694,1
40087.274224579,1,3244,100,440481,-1
40090.082788377,5,3239,100,439091,-1
40091.196325316,3,3240,100,434607,1
40091.880207524,5,3241,100,438045,-1
40093.520706556,1,3245,100,439414,-1
40095.198620256,3,3172,100,445264,-1
40097.598633066,1,3246,100,440734,1
40099.237628869,1,3247,100,441943,1
40100.316486826,5,3225,100,439396,-1
40101.177001009,1,3248,100,440412,-1
40101.811717506,4,3248,100,440412,-1
40102.94656967,1,3249,100,437524,1
40105.35173638,1,3250,100,438509,1
40106.865344576,1,3251,100,441514,-1
40108.612426995,3,3235,100,435753,1
40110.220931535,4,3245,100,439414,-1
40111.107533425,1,3252,100,439759,1
40112.518416712,4,3244,100,440481,-1
40113.295472228,1,3253,100,441037,-1
40114.808484539,1,3254,100,442735,-1
40116.180015282,1,3255,100,439375,1
40117.369452106,3,3253,100,441037,-1
40119.150913093,4,3236,100,436694,-1
40120.486118366,1,3256,100,440640,1
40121.693913021,1,3257,100,441010,-1
40123.441983188,1,3258,100,436301,1
40125.211102924,1,3259,100,441537,-1
40125.916190227,3,3228,100,439135,-1
40127.449732151,3,3252,100,439759,1
40129.135914803,5,3259,100,441537,-1
40132.311834634,5,3249,100,437524,1
40134.048337049,5,3257,100,441010,-1
40135.742311395,1,3260,100,440805,1
40136.467587933,4,3247,100,441943,1
40137.479773552,5,3250,100,438509,1
40139.262536801,3,3246,100,440734,1
40140.944608799,5,3258,100,436301,1
40142.316488559,1,3261,100,440625,1
40143.583658627,1,3262,100,440465,1
40144.983349093,4,3260,100,440805,1
40145.751491748,1,3263,100,438519,1
40146.363403313,3,3223,100,436077,1
40147.169983696,1,3264,100,437595,1
40148.892307454,5,3254,100,442735,-1
40150.229105603,3,3262,100,440465,1
40151.278869722,3,3232,100,438289,-1
40152.774025149,4,3256,100,440640,1
40154.373705378,5,3208,100,442468,-1
40155.297450752,4,3218,100,442143,-1
40156.498899072,3,3263,100,438519,1
40158.181298698,1,3265,100,439661,1
40159.516755089,3,3255,100,439375,1
40160.92512907,5,3243,100,436694,1
40161.849619754,1,3266,100,441897,-1
40164.479751396,3,3231,100,437978,-1
40165.80425549,1,3267,100,442229,-1
40166.504805298,5,3264,100,437595,1
40167.986793471,1,3268,100,439402,1
40169.563606218,1,3269,100,441743,1
40171.692489385,1,3270,100,440384,1
40172.648482814,5,3234,100,436753,-1
40174.20884189,3,3205,100,441917,-1
40174.856783505,5,3268,100,439402,1
40175.742331504,4,3251,100,441514,-1
40176.963095874,3,3267,100,442229,-1
40177.973688042,1,3271,100,444114,-1
40178.623749171,3,3269,100,441743,1
40180.402615808,1,3272,100,442830,1
40182.108572966,1,3273,100,442088,1
40183.873214616,1,3274,100,441440,1
40185.242513269,1,3275,100,441462,1
40186.834113466,1,3276,100,442791,1
40188.271757239,3,3272,100,442830,1
40189.522571234,1,3277,100,441789,1
40190.425811275,4,3271,100,444114,-1
40191.282741178,3,3275,100,441462,1
40191.97760048,5,3265,100,439661,1
40195.094321375,3,3277,100,441789,1
40196.306514923,1,3278,100,445112,-1
40196.913422532,4,3266,100,441897,-1
40198.278761008,4,3278,100,445112,-1
40199.953702509,1,3279,100,445405,-1
40201.749411274,4,3279,100,445405,-1
40203.039894886,3,3276,100,442791,1
40206.007826671,1,3280,100,443198,-1
40206.991568633,5,3242,100,435217,1
40208.694949369,4,3280,100,443198,-1
40210.457729845,4,3273,100,442088,1
40212.22497772,5,3270,100,440384,1
40213.303374887,1,3281,100,443715,1
40214.599771342,1,3282,100,444515,1
40219.388068909,1,3283,100,447692,-1
40220.368031909,1,3284,100,447700,-1
40221.398351428,4,3284,100,447700,-1
40222.589978168,3,3274,100,441440,1
40225.291477899,3,3283,100,447692,-1
40227.527413317,4,3281,100,443715,1
40228.693036377,4,3282,100,444515,1
40229.964308045,1,3285,100,450592,-1
40231.404145534,1,3286,100,448641,1
40232.333838677,4,3285,100,450592,-1
40233.410389194,1,3287,100,454820,-1
40235.219188849,3,3286,100,448641,1
40236.217965426,1,3288,100,450924,1
40237.590451599,1,3289,100,450764,1
40239.997668231,1,3290,100,453264,-1
40241.47024817,1,3291,100,455500,-1
40243.099875625,1,3292,100,451815,-1
40244.496804226,1,3293,100,451979,1
40245.352151992,3,3287,100,454820,-1
40246.846493991,5,3293,100,451979,1
40248.242113677,1,3294,100,450369,1
40250.045380602,3,3288,100,450924,1
40252.432522614,1,3295,100,451184,1
40253.381246117,1,3296,100,451214,-1
40254.726798937,3,3291,100,455500,-1
40256.221453876,3,3295,100,451184,1
40257.347488446,3,3290,100,453264,-1
40258.692716549,1,3297,100,452195,-1
40259.939285894,3,3289,100,450764,1
40261.233111402,1,3298,100,452927,-1
40262.345542541,1,3299,100,451519,1
40264.440173447,1,3300,100,450364,1
40265.590342027,1,3301,100,453397,-1
40266.33120614,4,3296,100,451214,-1
40269.141381194,1,3302,100,452682,1
40270.266169849,1,3303,100,452187,1
40270.988432039,4,3292,100,451815,-1
40272.702891846,3,3298,100,452927,-1
40273.405854564,3,3297,100,452195,-1
40274.900789897,5,3261,100,440625,1
40276.481303347,1,3304,100,454436,1
40278.518279228,1,3305,100,455169,-1
40279.195645799,1,3306,100,453980,1
40280.811815022,4,3304,100,454436,1
40281.459441361,4,3302,100,452682,1
40283.155904733,1,3307,100,453293,-1
40286.306699198,3,3299,100,451519,1
40287.446655955,3,3306,100,453980,1
40288.610801779,3,3300,100,450364,1
40289.549692045,1,3308,100,457037,-1
40291.00608352,1,3309,100,454497,1
40292.36021549,1,3310,100,455367,1
40294.910617041,4,3305,100,455169,-1
40295.650798286,3,3301,100,453397,-1
40297.940188367,3,3294,100,450369,1
40298.74248312,3,3308,100,457037,-1
40299.922873917,3,3310,100,455367,1
40301.540075523,1,3311,100,458307,-1
40302.253393724,3,3311,100,458307,-1
40303.641128917,1,3312,100,458657,-1
40304.837295025,1,3313,100,457951,-1
40306.381750063,3,3309,100,454497,1
40307.6102565,4,3307,100,453293,-1
40308.369864798,3,3312,100,458657,-1
40309.823725925,1,3314,100,456083,1
40310.646869244,3,3313,100,457951,-1
40311.833045827,1,3315,100,456876,-1
40312.480156838,1,3316,100,458145,-1
40313.383348805,3,3316,100,458145,-1
40314.391342171,5,3315,100,456876,-1
40315.331572718,3,3314,100,456083,1
40319.615736556,1,3317,100,459891,-1
40321.279794852,3,3303,100,452187,1
40322.001245129,5,3317,100,459891,-1
40323.090995904,1,3318,100,455608,1
40324.441204373,3,3318,100,455608,1
40325.626859735,1,3319,100,455783,-1
40326.757846387,3,3319,100,455783,-1
40328.301680891,1,3320,100,454354,-1
40329.160811697,1,3321,100,452958,1
40329.950263731,4,3321,100,452958,1
40331.337273701,3,3320,100,454354,-1
40332.204351432,1,3322,100,452594,-1
40333.039180631,1,3323,100,453183,-1
40334.623413046,1,3324,100,451892,1
40335.803405758,1,3325,100,452710,1
40336.540971531,1,3326,100,452890,1
40338.293247498,5,3322,100,452594,-1
40339.191573839,4,3323,100,453183,-1
40339.808125022,4,3324,100,451892,1
40340.944371108,5,3325,100,452710,1
40342.082610462,3,3326,100,452890,1
40343.151631713,1,3327,100,453229,-1
40343.821080188,1,3328,100,452430,1
40344.662758882,3,3328,100,452430,1
40346.42408219,3,3327,100,453229,-1
40347.602804026,1,3329,100,452253,1
40349.179268222,1,3330,100,453380,-1
40350.124702297,1,3331,100,452793,1
40351.310110304,1,3332,100,454341,-1
40353.01659499,1,3333,100,452903,-1
40354.254859982,5,3329,100,452253,1
40355.558701077,1,3334,100,450501,1
40356.558302579,4,3331,100,452793,1
40357.804522627,3,3333,100,452903,-1
40358.753227346,1,3335,100,452706,-1
40359.502023214,5,3335,100,452706,-1
40362.275714935,1,3336,100,450472,1
40363.505728034,1,3337,100,449399,1
40365.087707149,1,3338,100,449054,1
40366.214434344,5,3332,100,454341,-1
40366.862144876,1,3339,100,448646,1
40367.765316574,3,3330,100,453380,-1
40368.435857271,5,3339,100,448646,1
40369.50258872,1,3340,100,450139,-1
40370.499667383,1,3341,100,448791,1
40372.090067473,1,3342,100,450039,-1
40373.813198072,1,3343,100,450609,-1
40374.542332927,3,3340,100,450139,-1
40375.668939711,3,3343,100,450609,-1
40377.218697432,5,3334,100,450501,1
40379.024591369,4,3336,100,450472,1
40380.371135471,1,3344,100,446887,1
40381.044106806,1,3345,100,448828,-1
40384.080138881,5,3338,100,449054,1
40385.334861117,4,3337,100,449399,1
40390.397305261,3,3341,100,448791,1
40391.439112179,4,3344,100,446887,1
40392.699076511,1,3346,100,444972,-1
40394.249954108,1,3347,100,443327,1
40395.127439035,1,3348,100,447215,-1
40395.796167126,1,3349,100,444915,1
40399.113720825,3,3348,100,447215,-1
40400.524113163,1,3350,100,446088,1
40402.17636323,3,3345,100,448828,-1
40403.659460052,1,3351,100,447550,-1
40405.145590688,1,3352,100,447095,1
40405.832941652,1,3353,100,444126,1
40406.963116518,5,3347,100,443327,1
40407.744360539,1,3354,100,444549,-1
40408.861015944,3,3342,100,450039,-1
40410.07877707,1,3355,100,444983,-1
40411.289246109,1,3356,100,448870,-1
40412.415236508,1,3357,100,444426,1
40413.141333463,4,3355,100,444983,-1
40414.945121183,1,3358,100,445755,1
40416.285458088,4,3352,100,447095,1
40417.267500011,1,3359,100,448394,-1
40418.107173886,4,3358,100,445755,1
40419.601151952,3,3346,100,444972,-1
40421.12390089,1,3360,100,445406,1
40423.203847448,3,3350,100,446088,1
40424.003460665,1,3361,100,448109,-1
40425.600483866,1,3362,100,446932,1
40428.050381948,1,3363,100,448451,-1
40429.035399264,3,3361,100,448109,-1
40430.17315967,4,3354,100,444549,-1
40431.421754348,4,3351,100,447550,-1
40432.064035206,1,3364,100,447400,1
40433.325903477,1,3365,100,448135,-1
40434.692130653,1,3366,100,445286,1
40435.845993131,4,3366,100,445286,1
40437.380197044,1,3367,100,445383,1
40438.825587939,3,3359,100,448394,-1
40440.348171185,1,3368,100,446692,-1
40441.64900263,1,3369,100,445604,1
40443.448732647,3,3368,100,446692,-1
40444.844952073,1,3370,100,446751,-1
40447.161134389,3,3370,100,446751,-1
40449.242304352,4,3362,100,446932,1
40450.008045588,3,3365,100,448135,-1
40451.422289025,4,3364,100,447400,1
40452.118602929,1,3371,100,444486,1
40453.351570382,4,3369,100,445604,1
40454.037984422,1,3372,100,446704,-1
40456.557968156,1,3373,100,442826,1
40459.190782315,4,3372,100,446704,-1
40460.294385914,1,3374,100,448008,-1
40461.769402569,1,3375,100,447562,1
40462.775812624,1,3376,100,448603,1
40463.404860526,3,3349,100,444915,1
40465.722722277,4,3376,100,448603,1
40467.548097051,5,3373,100,442826,1
40468.28738999,4,3363,100,448451,-1
40469.223608738,1,3377,100,446355,1
40470.309454822,3,3356,100,448870,-1
40472.135052345,1,3378,100,449212,-1
40473.119590494,3,3374,100,448008,-1
40473.863607854,4,3378,100,449212,-1
40475.694328091,1,3379,100,450727,-1
40477.08028673,1,3380,100,450872,-1
40478.86243649,4,3377,100,446355,1
40479.967447863,3,3371,100,444486,1
40480.804655707,1,3381,100,446812,1
40481.679755343,3,3360,100,445406,1
40483.263779351,1,3382,100,444903,1
40484.609464893,1,3383,100,447738,1
40486.456937962,3,3382,100,444903,1
40488.3192921,5,3353,100,444126,1
40489.197831039,1,3384,100,447177,1
40490.647395528,3,3357,100,444426,1
40491.852564899,3,3383,100,447738,1
40493.444319197,3,3380,100,450872,-1
40494.317233264,1,3385,100,452419,-1
40495.421976936,3,3367,100,445383,1
40496.721932453,3,3381,100,446812,1
40497.353856804,5,3379,100,450727,-1
40498.065927334,5,3375,100,447562,1
40499.10767369,1,3386,100,449658,-1
40500.907135278,3,3384,100,447177,1
40501.710443727,3,3385,100,452419,-1
40503.310414532,5,3386,100,449658,-1
40504.98793397,1,3387,100,447785,1
40506.280318263,4,3387,100,447785,1
40507.86707036,1,3388,100,450945,1
40511.36130146,1,3389,100,451014,-1
40512.889523805,1,3390,100,448173,1
40514.140386966,3,3388,100,450945,1
40515.718094728,3,3390,100,448173,1
40517.457566109,1,3391,100,447016,1
40518.992671278,3,3391,100,447016,1
40520.219308356,5,3389,100,451014,-1
40521.914211384,1,3392,100,450134,-1
40523.708795027,3,3392,100,450134,-1
40525.299684932,1,3393,100,450847,-1
40526.835268749,3,3393,100,450847,-1
40527.624772647,1,3394,100,450607,-1
40529.41922758,3,3394,100,450607,-1
40531.236440839,1,3395,100,450930,-1
40532.259352951,1,3396,100,450828,-1
40533.902372212,1,3397,100,451203,-1
40534.556589185,1,3398,100,449957,1
40535.940631257,5,3396,100,450828,-1
40537.307000234,3,3398,100,449957,1
40538.183098341,1,3399,100,448414,1
40539.367732368,1,3400,100,450161,-1
40540.662407438,3,3395,100,450930,-1
40541.940174663,1,3401,100,446982,1
40543.349057764,1,3402,100,448891,1
40546.652874422,1,3403,100,448373,1
40547.552025024,4,3397,100,451203,-1
40549.275087302,1,3404,100,451693,-1
40550.095840544,1,3405,100,450499,-1
40550.950766716,4,3404,100,451693,-1
40551.715236595,4,3400,100,450161,-1
40553.537456939,3,3403,100,448373,1
40555.294924699,3,3401,100,446982,1
40556.532562502,1,3406,100,452539,-1
40557.659340946,1,3407,100,452013,-1
40559.46420099,1,3408,100,451563,-1
40560.96957746,3,3406,100,452539,-1
40561.734062381,3,3408,100,451563,-1
40562.41224788,4,3405,100,450499,-1
40563.569912177,1,3409,100,455603,-1
40565.11490436,1,3410,100,451517,1
40568.255117996,1,3411,100,452173,1
40569.157289342,3,3399,100,448414,1
40570.520787138,5,3409,100,455603,-1
40571.655820242,1,3412,100,450918,1
40572.451529692,3,3411,100,452173,1
40573.635236936,5,3412,100,450918,1
40574.307905997,1,3413,100,451895,-1
40575.133956495,1,3414,100,449843,1
40576.399810261,3,3413,100,451895,-1
40577.248982207,1,3415,100,452100,-1
40577.958743417,1,3416,100,452859,-1
40579.281710706,1,3417,100,455375,-1
40580.909697774,1,3418,100,452619,-1
40582.957990054,4,3415,100,452100,-1
40585.098451712,3,3417,100,455375,-1
40585.757917933,1,3419,100,451790,-1
40587.490033362,3,3418,100,452619,-1
40589.356452988,3,3410,100,451517,1
40592.593446688,1,3420,100,449236,1
40594.424259337,5,3419,100,451790,-1
40596.956727005,3,3416,100,452859,-1
40598.453201973,4,3407,100,452013,-1
40600.243899436,1,3421,100,451853,1
40601.699347952,1,3422,100,450403,1
40603.103187931,1,3423,100,451944,-1
40603.793901259,3,3423,100,451944,-1
40604.999746688,1,3424,100,447904,1
40605.89228386,5,3420,100,449236,1
40606.628888109,1,3425,100,448083,1
40607.68183846,3,3425,100,448083,1
40608.865268198,1,3426,100,447600,1
40609.823300959,1,3427,100,451960,-1
40610.817872991,1,3428,100,446981,1
40613.464222542,1,3429,100,451419,-1
40614.761944746,5,3422,100,450403,1
40616.430103174,3,3426,100,447600,1
40617.170880306,1,3430,100,448333,1
40618.91571615,3,3428,100,446981,1
40620.622932632,1,3431,100,449388,1
40621.630995821,3,3430,100,448333,1
40622.459890258,3,3427,100,451960,-1
40623.700511539,5,3424,100,447904,1
40625.300988969,3,3431,100,449388,1
40626.110233406,4,3414,100,449843,1
40627.006791401,4,3421,100,451853,1
40628.329163016,1,3432,200,449737,1
40629.801192687,1,3433,100,451001,-1
40631.12110465,1,3434,100,451459,-1
40632.604128091,4,3434,100,451459,-1
40634.198049308,3,3429,100,451419,-1
40635.427704215,1,3435,100,451648,-1
40636.879465916,3,3435,100,451648,-1
40637.863300302,3,3432,200,449737,1
40639.254598884,1,3436,100,449528,1
40640.799163002,3,3433,100,451001,-1
40642.109829286,1,3437,100,454320,-1
40644.576708166,1,3438,100,452265,1
40646.20119985,4,3438,100,452265,1
40646.848528742,1,3439,100,453352,-1
40648.581999129,3,3436,100,449528,1
40650.937531817,3,3402,100,448891,1
40651.785177473,1,3440,100,454284,-1
40652.619353247,5,3437,100,454320,-1
40653.812172488,5,3439,100,453352,-1
40654.724561879,3,3440,100,454284,-1
40655.877898432,1,3441,100,456566,-1
40656.597110667,1,3442,100,454249,1
40657.537045056,1,3443,100,455423,1
40659.189538269,1,3444,100,454754,1
40660.604185775,4,3441,100,456566,-1
40661.342335754,4,3443,100,455423,1
40662.06044044,1,3445,100,455143,1
40662.758734313,1,3446,100,454458,1
40663.507543357,3,3446,100,454458,1
40665.398864001,3,3445,100,455143,1
40666.975662751,3,3442,100,454249,1
40667.944323886,3,3444,100,454754,1
40669.203874577,1,3447,100,453552,-1
40670.144370166,1,3448,100,453544,-1
40670.849108195,4,3448,100,453544,-1
40671.654439694,1,3449,100,453719,-1
40673.00096913,3,3447,100,453552,-1
40673.681259546,3,3449,100,453719,-1
40674.823710648,1,3450,100,454139,-1
40675.803931979,1,3451,100,452337,-1
40676.790570615,1,3452,100,450451,1
40678.291218264,4,3452,100,450451,1
40679.860972515,1,3453,100,453106,-1
40681.088322154,1,3454,100,450871,1
40682.878570437,1,3455,100,448127,1
40683.760469492,5,3455,100,448127,1
40684.891296966,1,3456,100,450528,-1
40686.518058215,3,3456,100,450528,-1
40689.370433331,1,3457,100,451244,-1
40691.076307407,3,3454,100,450871,1
40692.335477159,4,3457,100,451244,-1
40693.796887167,3,3450,100,454139,-1
40694.453590734,1,3458,100,448520,1
40695.353659023,3,3458,100,448520,1
40696.348283239,1,3459,100,451801,-1
40698.144299335,1,3460,100,451634,-1
40699.423730348,1,3461,100,449548,1
40700.540775905,4,3451,100,452337,-1
40701.531822687,1,3462,100,450725,1
40703.249147251,3,3462,100,450725,1
40704.989149518,1,3463,100,449658,1
40706.137254599,3,3461,100,449548,1
40707.674018893,1,3464,100,452409,-1
40709.199568099,4,3460,100,451634,-1
40710.605617983,1,3465,100,452369,-1
40711.627210685,1,3466,100,451527,1
40713.333972036,4,3463,100,449658,1
40715.147934232,4,3466,100,451527,1
40716.536048164,3,3453,100,453106,-1
40717.887184705,3,3465,100,452369,-1
40718.99375062,3,3464,100,452409,-1
40720.037681455,4,3459,100,451801,-1
40721.325697287,1,3467,100,447366,1
40723.140442662,1,3468,100,450637,-1
40725.031250048,1,3469,100,449683,-1
40728.665330565,1,3470,100,446887,1
40729.992916039,1,3471,100,446780,-1
40732.57098434,5,3469,100,449683,-1
40733.212936794,1,3472,200,442755,1
40734.88630714,1,3473,100,445901,1
40735.847329508,4,3470,100,446887,1
40737.667058045,4,3467,100,447366,1
40738.871495757,5,3468,100,450637,-1
40741.44007651,3,3473,100,445901,1
40742.657169776,1,3474,100,442556,1
40744.184395193,1,3475,100,442639,1
40745.665963795,3,3472,200,442755,1
40747.014074409,1,3476,100,443244,1
40747.835905102,3,3471,100,446780,-1
40749.378726854,4,3474,100,442556,1
40750.27103154,4,3475,100,442639,1
40752.07226308,3,3476,100,443244,1
40753.747681429,1,3477,100,442108,1
40755.27405299,1,3478,100,443057,-1
40756.952623199,1,3479,100,440955,1
40758.562459297,1,3480,100,440635,1
40761.426598927,1,3481,100,440901,-1
40762.150450774,1,3482,100,438912,1
40763.029278097,1,3483,100,439011,1
40764.082398361,1,3484,100,438341,1
40767.401860156,4,3477,100,442108,1
40769.142143914,3,3484,100,438341,1
40770.716446129,1,3485,100,443147,1
40772.578435534,1,3486,100,441416,1
40773.936740985,1,3487,100,444433,-1
40775.766958055,1,3488,100,444232,-1
40777.20359574,1,3489,100,442010,1
40778.351351428,5,3482,100,438912,1
40779.759112528,3,3479,100,440955,1
40780.966958639,5,3487,100,444433,-1
40782.392473622,3,3488,100,444232,-1
40783.606754095,3,3480,100,440635,1
40784.547894226,4,3485,100,443147,1
40785.600772393,5,3486,100,441416,1
40786.395150512,3,3481,100,440901,-1
40787.142042727,3,3478,100,443057,-1
40789.873053062,3,3483,100,439011,1
40791.673389366,4,3489,100,442010,1
40793.211708111,1,3490,100,442958,1
40794.471174248,3,3490,100,442958,1
40795.271077379,1,3491,100,443837,-1
40796.816328603,3,3491,100,443837,-1
40797.688753512,1,3492,100,443026,1
40798.734757872,4,3492,100,443026,1
40800.437597338,1,3493,100,446852,-1
40801.224190851,1,3494,100,443831,1
40802.787550241,1,3495,100,445101,-1
40804.613235227,1,3496,100,444661,-1
40805.59024068,4,3494,100,443831,1
40806.99430521,3,3495,100,445101,-1
40808.216857277,4,3493,100,446852,-1
40809.460051007,3,3496,100,444661,-1
40810.543438422,1,3497,100,443451,-1
40811.58896332,1,3498,100,442301,1
40812.711191664,5,3498,100,442301,1
40813.492638386,3,3497,100,443451,-1
40814.216846397,1,3499,100,441550,-1
40816.027112302,1,3500,100,438246,1
40817.758936631,1,3501,100,440096,-1
40818.443567487,3,3500,100,438246,1
40819.88747507,1,3502,100,440235,1
40821.442678342,1,3503,100,439353,1
40822.479804326,4,3502,100,440235,1
40823.329530714,1,3504,100,443511,-1
40824.849090791,1,3505,100,437402,1
40828.04074214,1,3506,100,440928,-1
40829.944286016,4,3503,100,439353,1
40831.195306289,3,3499,100,441550,-1
40831.965568111,1,3507,100,441390,-1
40833.409815436,3,3504,100,443511,-1
40834.670447219,4,3505,100,437402,1
40835.570832092,1,3508,100,438135,1
40836.909065917,1,3509,100,438781,1
40838.070707487,4,3509,100,438781,1
40839.189365956,1,3510,100,441552,-1
40840.307506644,3,3508,100,438135,1
40841.554517424,3,3501,100,440096,-1
40842.656310527,1,3511,100,436917,1
40844.477848981,4,3507,100,441390,-1
40846.109627871,3,3506,100,440928,-1
40847.054835463,1,3512,100,439504,1
40848.196886554,4,3512,100,439504,1
40849.102381597,1,3513,100,436673,1
40850.360507741,1,3514,100,437264,1
40852.152937852,1,3515,100,437683,1
40853.47450761,3,3510,100,441552,-1
40854.41286324,3,3513,100,436673,1
40857.595669714,1,3516,100,437363,1
40859.011285544,4,3511,100,436917,1
40860.303751438,1,3517,100,441461,-1
40861.266855189,3,3516,100,437363,1
40863.105546133,1,3518,100,437059,1
40864.538862604,3,3515,100,437683,1
40866.016946351,3,3517,100,441461,-1
40867.527142277,1,3519,100,439996,1
40869.252120219,3,3519,100,439996,1
40870.934080422,5,3518,100,437059,1
40873.041701298,1,3520,100,440294,1
40874.167976945,1,3521,100,444616,-1
40875.902083228,1,3522,100,443709,-1
40876.581964405,3,3522,100,443709,-1
40877.859830471,3,3520,100,440294,1
40878.868064363,1,3523,100,443553,-1
40880.624108803,1,3524,100,439923,1
40882.085667026,1,3525,100,442051,-1
40883.519661811,1,3526,100,443043,-1
40884.294939813,1,3527,100,439175,1
40885.64549468,1,3528,100,442634,-1
40886.565475087,4,3525,100,442051,-1
40888.183680762,1,3529,100,443176,-1
40889.850096694,3,3528,100,442634,-1
40890.561974893,1,3530,100,440409,1
40891.882382269,1,3531,100,439836,1
40893.490884318,3,3530,100,440409,1
40896.80511476,1,3532,100,441085,1
40897.472090771,1,3533,100,443516,-1
40899.6427159,1,3534,100,443161,-1
40900.400821261,1,3535,100,442336,-1
40901.093071731,3,3514,100,437264,1
40902.074361191,3,3523,100,443553,-1
40902.956735899,1,3536,100,440952,1
40904.487075003,1,3537,100,441217,1
40906.167942267,4,3535,100,442336,-1
40906.953123412,1,3538,100,444072,-1
40908.483631386,4,3526,100,443043,-1
40909.655446138,5,3532,100,441085,1
40910.934089531,1,3539,100,440384,1
40913.576367346,3,3529,100,443176,-1
40916.818389665,3,3539,100,440384,1
40917.585257567,4,3536,100,440952,1
40918.457104467,3,3533,100,443516,-1
40919.231979758,4,3537,100,441217,1
40920.594981555,3,3521,100,444616,-1
40922.239636012,4,3524,100,439923,1
40923.505635949,3,3534,100,443161,-1
40924.659231868,1,3540,100,443012,-1
40926.248232053,1,3541,100,443962,-1
40927.176631917,1,3542,100,438874,1
40928.938198234,4,3542,100,438874,1
40932.218985641,3,3538,100,444072,-1
40935.785523093,1,3543,100,441809,-1
40937.577671289,3,3540,100,443012,-1
40939.434510613,1,3544,100,439190,1
40940.700506187,5,3541,100,443962,-1
40942.165652142,1,3545,100,437976,1
40944.086245732,1,3546,100,439719,1
40944.777009038,3,3546,100,439719,1
40946.587532201,3,3544,100,439190,1
40948.052782905,3,3543,100,441809,-1
40951.357766037,3,3531,100,439836,1
40952.067145013,1,3547,100,440158,1
40953.430034925,1,3548,100,441618,1
40954.33423634,4,3548,100,441618,1
40956.928066985,1,3549,100,439292,1
40957.884890794,1,3550,100,441667,1
40958.559368579,5,3527,100,439175,1
40959.78154129,1,3551,100,438677,1
40961.035392633,1,3552,200,441030,-1
40962.275504618,3,3549,100,439292,1
40964.148138027,1,3553,100,439720,1
40965.580130409,3,3547,100,440158,1
40966.938549301,3,3553,100,439720,1
40968.087396309,1,3554,100,439274,1
40968.81986881,1,3555,100,440001,-1
40972.071794474,1,3556,100,438679,1
40972.816491776,3,3556,100,438679,1
40973.751792808,5,3545,100,437976,1
40975.417527392,4,3552,100,441030,-1
40977.061342371,1,3557,100,443737,-1
40977.845081469,1,3558,100,442795,-1
40978.890951361,3,3550,100,441667,1
40981.29917165,1,3559,100,438472,1
40982.337558544,3,3552,100,441030,-1
40983.17777696,1,3560,100,440663,-1
40984.503810469,1,3561,100,440598,-1
40985.329323523,3,3559,100,438472,1
40986.852307403,1,3562,100,438978,1
40988.246594695,3,3557,100,443737,-1
40991.183897352,1,3563,100,439453,-1
40992.138969212,3,3551,100,438677,1
40993.232721922,3,3558,100,442795,-1
40994.027864048,5,3563,100,439453,-1
40995.648461197,1,3564,100,436280,1
40997.202876814,3,3555,100,440001,-1
40998.66495614,1,3565,100,441105,-1
41002.530980156,3,3565,100,441105,-1
41004.132024329,3,3554,100,439274,1
41005.691855645,1,3566,100,433480,1
41007.064154357,4,3564,100,436280,1
41008.530244057,5,3566,100,433480,1
41009.649726646,1,3567,100,432951,1
41011.093451801,1,3568,100,436146,-1
41012.933818676,1,3569,100,438394,-1
41013.919038746,1,3570,100,436343,-1
41015.315468995,3,3569,100,438394,-1
41016.635787321,5,3560,100,440663,-1
41018.311380313,3,3561,100,440598,-1
41020.05053228,1,3571,100,436088,-1
41023.807969897,3,3571,100,436088,-1
41026.977723782,1,3572,100,439268,-1
41028.532196105,1,3573,100,435984,1
41029.276805259,1,3574,100,436131,1
41030.591756826,3,3574,100,436131,1
41032.451641883,4,3568,100,436146,-1
41033.359811618,3,3570,100,436343,-1
41035.283128967,1,3575,100,438705,-1
41036.760856539,1,3576,200,436520,1
41037.513145099,1,3577,100,436928,1
41038.905671193,1,3578,100,438008,-1
41040.440044655,5,3577,100,436928,1
41042.309708713,5,3573,100,435984,1
41043.457930031,4,3576,200,436520,1
41045.339391522,5,3575,100,438705,-1
41046.26893592,1,3579,100,437781,-1
41047.724553253,1,3580,100,437457,-1
41049.695129427,4,3562,100,438978,1
41051.586465426,1,3581,100,434857,1
41055.163864055,4,3581,100,434857,1
41056.895876537,1,3582,100,435053,-1
41058.765736602,4,3567,100,432951,1
41060.609200402,1,3583,100,434519,1
41061.901388887,3,3583,100,434519,1
41062.9799245,3,3572,100,439268,-1
41064.206346274,3,3580,100,437457,-1
41065.502232533,4,3578,100,438008,-1
41067.031478296,1,3584,100,432900,1
41068.628761801,1,3585,100,433070,1
41069.673624163,3,3582,100,435053,-1
41071.594975103,5,3579,100,437781,-1
41072.91653202,1,3586,100,431362,1
41073.810955643,1,3587,100,431876,1
41075.018878462,3,3586,100,431362,1
41076.148400474,1,3588,100,428358,1
41077.256754646,1,3589,100,431452,-1
41078.187818312,3,3587,100,431876,1
41078.888980957,1,3590,100,429062,1
41080.078991054,3,3585,100,433070,1
41081.122843755,1,3591,100,429811,-1
41084.590721103,1,3592,100,429772,-1
41086.301661981,1,3593,100,429099,1
41088.198947802,5,3588,100,428358,1
41088.908317168,3,3592,100,429772,-1
41090.857112508,1,3594,100,429582,1
41092.784527542,1,3595,100,432458,-1
41093.799391693,1,3596,100,430374,-1
41095.546512071,5,3584,100,432900,1
41097.048585759,1,3597,100,432250,-1
41098.740922635,4,3596,100,430374,-1
41100.657057116,3,3591,100,429811,-1
41102.188181471,3,3594,100,429582,1
41103.149418474,3,3597,100,432250,-1
41104.980218221,5,3589,100,431452,-1
41106.38291047,3,3593,100,429099,1
41107.949396817,1,3598,100,434571,-1
41111.405029367,1,3599,100,432268,1
41112.253425921,1,3600,100,433009,1
41113.352415799,1,3601,100,432593,1
41115.311057814,1,3602,100,435454,-1
41116.244805611,1,3603,100,435818,-1
41118.088564458,1,3604,100,432338,1
41119.043774379,3,3603,100,435818,-1
41119.927687651,3,3601,100,432593,1
41120.888876957,3,3595,100,432458,-1
41121.663266308,1,3605,100,436505,-1
41122.447193962,3,3600,100,433009,1
41123.734601987,5,3602,100,435454,-1
41125.131618381,5,3590,100,429062,1
41127.050777143,1,3606,100,438077,-1
41128.795378135,3,3604,100,432338,1
41130.188324884,1,3607,100,436116,1
41131.289226707,1,3608,100,436167,1
41132.737427645,1,3609,100,436449,-1
41133.860851531,1,3610,100,435397,-1
41134.81560605,4,3598,100,434571,-1
41135.911517173,1,3611,100,431741,1
41137.346782124,1,3612,100,436289,-1
41138.86506788,3,3610,100,435397,-1
41139.925975327,1,3613,100,434484,-1
41141.802802142,4,3608,100,436167,1
41142.493015809,3,3599,100,432268,1
41143.534826468,1,3614,100,435474,-1
41144.495459977,1,3615,100,434702,1
41145.892603749,4,3613,100,434484,-1
41147.301207534,1,3616,100,433259,1
41149.313986173,1,3617,100,437671,-1
41151.238749958,4,3614,100,435474,-1
41153.050454966,4,3607,100,436116,1
41153.747099277,5,3611,100,431741,1
41155.366999287,5,3616,100,433259,1
41158.633193022,3,3612,100,436289,-1
41160.329436043,3,3609,100,436449,-1
41162.305875387,4,3615,100,434702,1
41164.080379009,1,3618,100,435109,-1
41165.253021698,1,3619,100,434928,-1
41166.658195714,1,3620,100,436615,-1
41168.510696509,1,3621,100,435457,-1
41170.207991829,4,3619,100,434928,-1
41171.55338195,1,3622,100,438117,-1
41173.463413746,1,3623,100,436751,-1
41174.261795762,1,3624,100,434677,1
41176.143609729,1,3625,100,436860,-1
41178.127743207,1,3626,100,437354,-1
41179.981974426,1,3627,100,433764,1
41180.805873727,5,3618,100,435109,-1
41182.189246196,1,3628,100,435357,-1
41183.640290199,3,3623,100,436751,-1
41185.407160151,1,3629,100,433894,1
41186.701737584,3,3621,100,435457,-1
41187.628886374,4,3628,100,435357,-1
41188.45706957,1,3630,100,435888,1
41189.938673456,5,3605,100,436505,-1
41190.785179613,1,3631,100,432334,1
41191.544693676,3,3606,100,438077,-1
41192.306427731,1,3632,100,433511,1
41194.068521967,3,3622,100,438117,-1
41195.798509522,1,3633,100,435750,1
41197.790491458,5,3633,100,435750,1
41199.749236024,1,3634,100,438832,-1
41200.734344482,1,3635,100,434593,1
41202.221973748,1,3636,100,434818,1
41203.894891703,5,3635,100,434593,1
41205.114818244,3,3632,100,433511,1
41206.55825212,1,3637,100,432867,1
41207.33548942,1,3638,100,435434,-1
41208.286704318,1,3639,100,434834,-1
41210.37763788,5,3626,100,437354,-1
41211.831881514,3,3638,100,435434,-1
41213.542224332,1,3640,100,432755,1
41215.299277208,1,3641,100,435423,1
41217.056500259,1,3642,100,437900,-1
41218.449418799,1,3643,100,435184,1
41220.013528788,3,3636,100,434818,1
41221.872478711,4,3639,100,434834,-1
41223.115016322,1,3644,100,438009,1
41224.997070513,3,3634,100,438832,-1
41226.933674574,3,3642,100,437900,-1
41228.705658454,1,3645,100,439117,-1
41229.921049486,3,3617,100,437671,-1
41231.910518536,1,3646,100,439512,-1
41233.574643689,3,3624,100,434677,1
41234.793111333,3,3637,100,432867,1
41236.303083217,1,3647,100,438417,-1
41237.7105986,3,3627,100,433764,1
41238.713833459,3,3625,100,436860,-1
41240.683810175,1,3648,100,439768,-1
41242.695472442,1,3649,100,437369,-1
41244.014040847,3,3649,100,437369,-1
41244.82565373,3,3646,100,439512,-1
41245.830067715,1,3650,100,437056,1
41247.332302391,1,3651,100,436097,-1
41248.541518571,3,3644,100,438009,1
41249.573397664,5,3629,100,433894,1
41250.684758382,1,3652,100,432789,1
41252.106765214,3,3652,100,432789,1
41253.650321058,5,3620,100,436615,-1
41255.001033923,1,3653,100,433974,-1
41256.98410867,3,3650,100,437056,1
41258.893866645,1,3654,100,434716,-1
41260.726948632,5,3640,100,432755,1
41262.216784101,3,3645,100,439117,-1
41263.224142225,5,3651,100,436097,-1
41265.205983442,3,3647,100,438417,-1
41266.920822491,1,3655,200,429631,1
41269.882838707,4,3630,100,435888,1
41271.428566062,3,3641,100,435423,1
41272.581380011,1,3656,100,436688,-1
41274.091944216,4,3653,100,433974,-1
41274.896963118,1,3657,100,434963,1
41276.384937806,1,3658,100,436625,-1
41277.896052197,1,3659,100,435883,1
41278.69583818,1,3660,100,435818,1
41280.312443014,1,3661,100,434241,1
41281.9555716,1,3662,100,433670,1
41283.280186805,4,3659,100,435883,1
41284.439746807,5,3655,100,429631,1
41285.19809944,5,3656,100,436688,-1
41287.713310681,4,3654,100,434716,-1
41290.667802052,1,3663,100,433143,1
41291.485365017,3,3631,100,432334,1
41294.359467323,4,3662,100,433670,1
41295.18896621,1,3664,100,434284,1
41296.345777911,1,3665,100,433811,1
41298.140320967,3,3648,100,439768,-1
41299.617528093,1,3666,100,432035,1
41301.030606227,5,3663,100,433143,1
41302.721438265,1,3667,100,433947,-1
41305.800056547,3,3660,100,435818,1
41307.682168406,3,3661,100,434241,1
41309.15949555,3,3655,100,429631,1
41311.149266237,3,3658,100,436625,-1
41313.821923599,3,3665,100,433811,1
41315.421040387,3,3667,100,433947,-1
41317.321045916,5,3643,100,435184,1
41318.430613971,3,3664,100,434284,1
41320.335649697,1,3668,100,430985,1
41321.99624872,1,3669,100,434471,-1
41322.87945405,4,3657,100,434963,1
41324.204101931,3,3666,100,432035,1
41326.207625422,5,3668,100,430985,1
41328.929968269,3,3669,100,434471,-1
41329.981196773,1,3670,100,433054,-1
41330.796228124,1,3671,100,430470,1
41332.567616716,4,3670,100,433054,-1
41333.630537945,3,3671,100,430470,1
41334.382425215,1,3672,100,432883,-1
41335.887800869,1,3673,100,431001,1
41337.573494765,1,3674,100,434038,-1
41339.311671706,3,3674,100,434038,-1
41342.708645322,1,3675,100,431218,1
41344.41279322,1,3676,100,434882,-1
41345.223351284,3,3675,100,431218,1
41346.018787222,5,3672,100,432883,-1
41349.138915512,1,3677,100,432369,-1
41351.086423786,3,3673,100,431001,1
41352.174203797,5,3676,100,434882,-1
41353.374640288,5,3677,100,432369,-1
41354.523433279,1,3678,100,430722,1
41356.156240209,4,3678,100,430722,1
41356.846912273,1,3679,100,432370,-1
41358.08187767,3,3679,100,432370,-1
41360.139114082,1,3680,100,432760,1
41361.104037068,1,3681,100,436397,-1
41361.873983453,1,3682,100,436450,-1
41362.636209843,1,3683,100,435007,-1
41363.398414778,3,3682,100,436450,-1
41364.933234518,3,3683,100,435007,-1
41366.117643976,1,3684,100,434448,1
41369.071949882,3,3681,100,436397,-1
41372.110002714,3,3680,100,432760,1
41373.757352688,1,3685,100,434899,1
41376.769296911,4,3684,100,434448,1
41378.70668671,4,3685,100,434899,1
41380.480033997,1,3686,100,436748,1
41381.42728952,5,3686,100,436748,1
41382.866635103,1,3687,100,435638,1
41384.912361999,3,3687,100,435638,1
41386.092752589,1,3688,100,436416,1
41386.864510176,1,3689,100,439037,-1
41388.570712553,3,3689,100,439037,-1
41389.293173333,5,3688,100,436416,1
41391.346101157,1,3690,100,437165,-1
41392.942105346,3,3690,100,437165,-1
41394.348444596,1,3691,100,435311,1
41396.334062813,4,3691,100,435311,1
41397.262948521,1,3692,100,436556,-1
41399.199671701,1,3693,100,437857,-1
41400.164992585,1,3694,100,437883,-1
41401.923389123,1,3695,100,438872,1
41403.413681053,1,3696,100,438142,1
41404.495284694,4,3694,100,437883,-1
41406.291147482,3,3696,100,438142,1
41409.675020241,3,3695,100,438872,1
41411.589400688,1,3697,100,440901,-1
41414.951064134,3,3692,100,436556,-1
41416.776587814,1,3698,100,436426,1
41417.582797246,3,3693,100,437857,-1
41419.023798389,3,3697,100,440901,-1
41420.028546847,4,3698,100,436426,1
41421.616490318,1,3699,100,441192,-1
41423.285531273,4,3699,100,441192,-1
41425.212534154,1,3700,100,442601,-1
41426.602212126,1,3701,100,441899,-1
41427.934000417,3,3701,100,441899,-1
41430.639142285,5,3700,100,442601,-1
41431.936000295,1,3702,100,443270,-1
41432.638817034,3,3702,100,443270,-1
41433.87669596,1,3703,100,442025,1
41435.703818648,3,3703,100,442025,1
41436.748906369,1,3704,100,442223,-1
41438.673390643,1,3705,100,444946,-1
41439.565644711,4,3704,100,442223,-1
41441.073688812,1,3706,100,444547,-1
41441.931846102,1,3707,100,442086,1
41445.548057033,1,3708,100,441837,1
41446.413885241,3,3706,100,444547,-1
41447.251834136,4,3707,100,442086,1
41448.770888831,4,3708,100,441837,1
41449.610831692,1,3709,100,445549,-1
41451.195049849,1,3710,100,442329,-1
41452.718934238,1,3711,100,441284,1
41453.840773091,5,3705,100,444946,-1
41454.702710143,1,3712,100,441396,1
41455.655004908,3,3710,100,442329,-1
41457.733608894,5,3712,100,441396,1
41459.333504985,3,3711,100,441284,1
41461.414280494,3,3709,100,445549,-1
41462.642412164,1,3713,100,442411,1
41464.064095044,1,3714,100,444083,-1
41465.106781863,1,3715,100,444428,-1
41466.75882693,1,3716,100,442801,1
41467.474356301,1,3717,100,441369,1
41469.381028291,1,3718,100,441116,-1
41471.310659281,1,3719,100,440224,1
41472.392936174,5,3714,100,444083,-1
41473.483806121,1,3720,100,443388,-1
41477.382605504,4,3718,100,441116,-1
41478.75567346,1,3721,100,438596,1
41480.505704441,3,3717,100,441369,1
41482.577880417,3,3715,100,444428,-1
41484.58218637,3,3716,100,442801,1
41485.365200789,1,3722,100,442300,1
41486.303834328,3,3720,100,443388,-1
41487.063705671,4,3722,100,442300,1
41488.310413418,1,3723,100,443545,-1
41489.201335893,3,3723,100,443545,-1
41490.662651719,1,3724,100,443920,-1
41492.057456219,1,3725,100,442542,-1
41493.003920598,5,3721,100,438596,1
41497.715004595,1,3726,100,437730,1
41499.903542801,1,3727,100,439392,1
41501.345134013,1,3728,100,437446,1
41502.235199389,1,3729,100,440987,1
41503.694050403,1,3730,100,441743,-1
41505.080393169,4,3729,100,440987,1
41506.373164953,1,3731,100,440876,1
41507.885436957,1,3732,100,439941,1
41508.990358566,1,3733,100,441513,-1
41510.19833097,4,3732,100,439941,1
41511.895938558,3,3713,100,442411,1
41513.76722643,1,3734,100,439809,-1
41515.773787333,3,3730,100,441743,-1
41516.97833155,1,3735,100,440173,-1
41518.266960871,3,3734,100,439809,-1
41519.001362846,1,3736,100,439115,1
41519.953823076,1,3737,100,440047,1
41521.632800324,1,3738,100,442036,-1
41523.699671871,5,3731,100,440876,1
41524.789470886,5,3736,100,439115,1
41526.082503928,1,3739,100,438646,1
41528.003049371,1,3740,100,435766,1
41529.441933845,1,3741,100,437811,1
41531.826847104,3,3726,100,437730,1
41533.734279585,3,3735,100,440173,-1
41534.676643881,3,3740,100,435766,1
41536.143303529,3,3725,100,442542,-1
41538.010130128,3,3741,100,437811,1
41539.533670597,1,3742,100,438082,-1
41541.426826403,4,3728,100,437446,1
41542.933715533,1,3743,100,433288,1
41544.861239282,4,3737,100,440047,1
41546.714761141,1,3744,100,432311,1
41548.184225441,4,3727,100,439392,1
41549.85398446,1,3745,100,431518,1
41551.728830694,3,3742,100,438082,-1
41552.438007225,1,3746,100,434346,-1
41553.926389551,3,3724,100,443920,-1
41554.738883257,1,3747,100,436953,-1
41555.581304987,1,3748,100,433491,1
41557.131251933,1,3749,100,431826,1
41558.355309948,3,3719,100,440224,1
41559.612661593,3,3746,100,434346,-1
41561.502874912,1,3750,100,434492,1
41562.252397454,1,3751,100,435405,1
41563.326630243,5,3750,100,434492,1
41565.325016581,1,3752,100,434086,1
41568.04890559,1,3753,100,434660,1
41569.366036458,1,3754,100,435482,-1
41571.395187424,3,3748,100,433491,1
41572.11249369,1,3755,100,435061,1
41573.941203383,3,3751,100,435405,1
41577.262354266,3,3733,100,441513,-1
41578.404886553,4,3752,100,434086,1
41580.171139142,5,3739,100,438646,1
41582.259981439,3,3749,100,431826,1
41583.018993058,3,3745,100,431518,1
41584.828094872,1,3756,100,437843,-1
41588.41964673,4,3754,100,435482,-1
41590.68679479,3,3753,100,434660,1
41591.775514953,3,3744,100,432311,1
41592.662453196,1,3757,100,436279,-1
41594.549268851,4,3755,100,435061,1
41596.579471451,3,3747,100,436953,-1
41598.125890891,5,3743,100,433288,1
41599.381768651,1,3758,100,434092,1
41601.069674009,4,3758,100,434092,1
41602.211414617,3,3756,100,437843,-1
41602.963791682,1,3759,100,431752,1
41604.156287646,1,3760,100,433768,1
41606.13606496,4,3759,100,431752,1
41606.877816096,1,3761,100,434961,-1
41608.453370997,1,3762,100,434669,-1
41609.179277294,1,3763,100,435936,-1
41610.812309114,1,3764,100,432111,1
41611.940659158,1,3765,100,433474,1
41613.079888007,1,3766,100,435772,-1
41615.085609712,3,3760,100,433768,1
41616.150100065,1,3767,100,435269,-1
41617.519476322,4,3765,100,433474,1
41618.784173856,1,3768,100,433507,-1
41619.871031067,1,3769,100,430278,1
41620.666456052,1,3770,100,431120,1
41622.736077714,3,3761,100,434961,-1
41624.085899217,4,3764,100,432111,1
41624.992831899,1,3771,100,430445,-1
41625.983875123,3,3771,100,430445,-1
41627.372633708,3,3766,100,435772,-1
41628.376285981,1,3772,100,429615,1
41630.058656991,1,3773,100,433138,-1
41631.307073728,4,3770,100,431120,1
41632.139486179,1,3774,100,430525,-1
41633.056635149,1,3775,100,428614,1
41634.287395469,5,3775,100,428614,1
41635.448146976,1,3776,100,433173,-1
41637.653949025,1,3777,100,431244,1
41638.953971863,4,3774,100,430525,-1
41640.31984608,1,3778,100,433051,1
41642.998993968,3,3768,100,433507,-1
41644.837893286,3,3763,100,435936,-1
41647.392953368,1,3779,100,432624,-1
41648.236154965,3,3777,100,431244,1
41648.979401934,3,3767,100,435269,-1
41649.741042968,1,3780,100,432868,1
41650.750639408,4,3780,100,432868,1
41652.279614862,1,3781,100,430963,1
41653.215391997,3,3781,100,430963,1
41654.505816815,1,3782,100,431984,-1
41656.26768758,3,3779,100,432624,-1
41657.340120531,4,3778,100,433051,1
41658.681846558,3,3757,100,436279,-1
41659.781417289,1,3783,100,432410,1
41661.633440924,3,3773,100,433138,-1
41662.747392905,3,3783,100,432410,1
41664.265249712,1,3784,100,430755,-1
41665.751378276,1,3785,100,427780,1
41666.560444611,1,3786,100,430553,1
41667.866041223,1,3787,100,429923,1
41669.283448208,3,3782,100,431984,-1
41670.688371195,3,3762,100,434669,-1
41671.628937095,1,3788,100,429725,1
41673.5349105,3,3776,100,433173,-1
41675.035775429,4,3784,100,430755,-1
41676.195084406,1,3789,100,435342,-1
41679.361221814,4,3769,100,430278,1
41681.074731397,4,3786,100,430553,1
41682.181763269,1,3790,100,430647,-1
41684.038862879,4,3772,100,429615,1
41685.356777115,3,3787,100,429923,1
41686.776366419,5,3790,100,430647,-1
41687.493510843,1,3791,100,429093,-1
41689.004037119,5,3789,100,435342,-1
41689.991521814,4,3791,100,429093,-1
41690.771327815,3,3738,100,442036,-1
41692.166636098,3,3788,100,429725,1
41695.535025811,1,3792,100,433541,-1
41696.92889613,1,3793,100,429851,1
41698.141087577,1,3794,100,434461,-1
41699.698407201,1,3795,100,429160,-1
41700.463503985,4,3793,100,429851,1
41701.978000168,3,3795,100,429160,-1
41703.137699014,3,3792,100,433541,-1
41704.583301754,1,3796,100,429447,1
41706.862169435,3,3796,100,429447,1
41708.953075292,1,3797,100,431249,1
41710.010934718,3,3794,100,434461,-1
41711.553954251,1,3798,100,429556,1
41712.627708033,4,3798,100,429556,1
41713.777422336,1,3799,100,431593,-1
41714.846042216,1,3800,100,430329,-1
41718.927408445,4,3797,100,431249,1
41719.833727838,4,3800,100,430329,-1
41722.989164298,1,3801,100,432194,1
41724.569415053,1,3802,100,433408,-1
41727.708923291,4,3799,100,431593,-1
41729.075529566,4,3801,100,432194,1
41731.193886206,4,3785,100,427780,1
41733.172223766,3,3802,100,433408,-1
41734.54239468,1,3803,100,432798,-1
41735.730126086,5,3803,100,432798,-1
41737.385385272,1,3804,100,429511,1
41738.873148296,3,3804,100,429511,1
41739.953255665,1,3805,100,431367,-1
41743.19509286,1,3806,100,433206,-1
41744.126879334,4,3805,100,431367,-1
41744.955833981,1,3807,100,433225,-1
41747.085878418,3,3807,100,433225,-1
41748.265735687,1,3808,100,429762,-1
41749.795739896,1,3809,100,429288,1
41756.394697721,4,3808,100,429762,-1
41757.445622605,3,3806,100,433206,-1
41760.737483832,5,3809,100,429288,1
41762.345609222,1,3810,100,432429,1
41764.326668668,5,3810,100,432429,1
41766.13586524,1,3811,100,431673,1
41767.429225863,1,3812,100,429478,1
41768.261733821,1,3813,100,434849,-1
41769.72247406,5,3811,100,431673,1
41771.321004316,1,3814,100,435040,-1
41774.146567011,3,3814,100,435040,-1
41775.584476157,1,3815,100,432359,-1
41776.370178381,1,3816,100,431836,-1
41778.317522236,1,3817,100,430706,-1
41779.045550831,4,3816,100,431836,-1
41780.467355219,1,3818,100,429969,1
41782.605966431,1,3819,100,430524,-1
41784.245656598,4,3818,100,429969,1
41785.364688125,1,3820,100,428722,1
41786.654304612,3,3819,100,430524,-1
41787.984996333,3,3812,100,429478,1
41789.55373597,1,3821,100,425611,1
41790.865363812,4,3820,100,428722,1
41792.194514682,1,3822,100,428872,1
41793.61106281,1,3823,100,428990,1
41796.030834119,5,3823,100,428990,1
41797.116849834,1,3824,100,427381,1
41798.33112034,3,3817,100,430706,-1
41799.066817551,1,3825,100,429846,-1
41800.418274308,3,3815,100,432359,-1
41802.046744195,4,3822,100,428872,1
41803.29457495,1,3826,100,428051,1
41808.720277959,1,3827,100,431303,-1
41810.055382255,4,3825,100,429846,-1
41811.232056054,4,3824,100,427381,1
41812.817112294,1,3828,100,428322,1
41814.005349146,4,3821,100,425611,1
41815.791677957,1,3829,100,427683,1
41816.781537544,1,3830,100,431175,-1
41817.823002845,1,3831,200,429392,1
41818.710343749,4,3831,200,429392,1
41823.092659555,1,3832,100,432169,-1
41824.485616572,5,3826,100,428051,1
41826.410976577,3,3830,100,431175,-1
41827.329652973,1,3833,100,432001,-1
41828.313447016,3,3832,100,432169,-1
41829.996747318,4,3827,100,431303,-1
41831.025915937,3,3833,100,432001,-1
41831.959988471,4,3828,100,428322,1
41833.979241419,3,3813,100,434849,-1
41835.370690992,3,3829,100,427683,1
41837.130328015,1,3834,100,433126,-1
41839.034011303,3,3834,100,433126,-1
41840.793617758,1,3835,100,432414,-1
41842.671710718,1,3836,100,432570,1
41843.804930187,4,3835,100,432414,-1
41847.117619792,1,3837,100,433852,-1
41848.078652784,1,3838,100,433138,1
41849.155960263,1,3839,100,434937,-1
41851.246223554,4,3837,100,433852,-1
41851.97966311,5,3839,100,434937,-1
41853.37053063,3,3838,100,433138,1
41855.023655437,1,3840,100,430338,1
41856.036666691,1,3841,100,435852,-1
41857.600277835,3,3840,100,430338,1
41859.46209881,4,3836,100,432570,1
41860.637437544,4,3841,100,435852,-1
41862.720461507,1,3842,100,434364,-1
41864.061184594,3,3842,100,434364,-1
41865.496564769,1,3843,100,433651,-1
41867.607719311,1,3844,100,435084,-1
41869.759293841,5,3844,100,435084,-1
41871.759103496,1,3845,100,434987,-1
41873.274155888,3,3845,100,434987,-1
41875.282083155,1,3846,100,434057,1
41879.391646151,1,3847,100,434808,-1
41880.293278061,4,3847,100,434808,-1
41882.058135445,3,3846,100,434057,1
41883.051258745,3,3843,100,433651,-1
41884.458704116,1,3848,100,435060,-1
41885.227956694,4,3848,100,435060,-1
41886.801912785,1,3849,100,437645,-1
41890.187399888,1,3850,100,436691,1
41891.687222184,1,3851,100,435615,-1
41895.106947142,4,3850,100,436691,1
41896.534755896,1,3852,100,436887,-1
41897.692332213,1,3853,100,437747,-1
41899.497594684,1,3854,100,434207,1
41900.489216477,4,3852,100,436887,-1
41902.518138672,3,3854,100,434207,1
41904.922691384,5,3853,100,437747,-1
41906.317406259,3,3851,100,435615,-1
41907.288603332,3,3849,100,437645,-1
41909.014811807,1,3855,100,436017,1
41910.623567245,1,3856,100,436075,1
41911.628396844,1,3857,100,437168,1
41916.475772634,3,3856,100,436075,1
41917.763739377,4,3855,100,436017,1
41919.523576172,3,3857,100,437168,1
41921.282556665,1,3858,100,437849,-1
41922.534471073,5,3858,100,437849,-1
41924.221362023,1,3859,100,436704,-1
41926.346992367,1,3860,100,439324,-1
41927.178519862,1,3861,100,437345,-1
41928.949734495,3,3861,100,437345,-1
41930.948678966,1,3862,100,438675,-1
41933.948944344,1,3863,100,434099,1
41935.329963742,1,3864,100,437464,-1
41937.245123132,1,3865,100,434880,1
41940.641312601,1,3866,100,437493,-1
41942.718613409,3,3863,100,434099,1
41944.175642028,1,3867,100,438832,-1
41945.736855225,3,3864,100,437464,-1
41947.791191466,4,3866,100,437493,-1
41949.203942415,1,3868,100,436027,1
41951.333148295,1,3869,100,440545,-1
41952.353341589,3,3859,100,436704,-1
41953.937261241,1,3870,100,440121,1
41955.749748838,4,3867,100,438832,-1
41959.245823594,3,3870,100,440121,1
41960.2179697,3,3860,100,439324,-1
41961.001263772,1,3871,100,438626,1
41962.866159117,3,3862,100,438675,-1
41964.843688467,5,3865,100,434880,1
41966.848486089,4,3869,100,440545,-1
41968.91633303,3,3868,100,436027,1
41971.958592309,1,3872,100,441257,1
41972.822003366,5,3871,100,438626,1
41975.361105212,3,3872,100,441257,1
41976.87046062,1,3873,100,440469,1
41977.837949107,4,3873,100,440469,1
41978.869650988,1,3874,100,443447,-1
41980.325645671,1,3875,100,444491,-1
41981.179352129,1,3876,100,445411,-1
41982.749536096,1,3877,100,444738,-1
41984.492365211,5,3874,100,443447,-1
41985.634119452,1,3878,100,443961,-1
41987.679845509,4,3877,100,444738,-1
41989.835805994,1,3879,100,445090,1
41991.102556081,1,3880,100,441955,1
41993.048213712,1,3881,100,443611,1
41993.786959905,3,3881,100,443611,1
41997.230463601,3,3878,100,443961,-1
41998.102737639,3,3875,100,444491,-1
41999.57579825,1,3882,100,443107,1
42000.716804879,1,3883,100,445442,-1
42001.867792716,3,3880,100,441955,1
42003.146888471,3,3879,100,445090,1
42004.54662237,1,3884,100,442734,1
42006.760878362,3,3876,100,445411,-1
42007.674152111,3,3882,100,443107,1
42008.841895785,4,3883,100,445442,-1
42010.93697684,1,3885,100,447116,-1
42012.512169668,1,3886,100,444538,1
42013.821369152,4,3886,100,444538,1
42015.725873627,1,3887,100,442009,1
42016.758068482,3,3884,100,442734,1
42018.713477321,1,3888,100,444546,-1
42020.177141557,1,3889,100,444856,-1
42021.212854849,3,3887,100,442009,1
42023.306636038,1,3890,100,446258,-1
42025.045525267,3,3890,100,446258,-1
42026.365209774,4,3885,100,447116,-1
42028.296024222,4,3888,100,444546,-1
42029.399681389,3,3889,100,444856,-1
42031.150524916,1,3891,100,446091,-1
42032.872621566,3,3891,100,446091,-1
42033.791192331,1,3892,100,444903,1
42034.568954241,3,3892,100,444903,1
42035.861813722,1,3893,100,444730,-1
42038.75684171,1,3894,100,444525,-1
42040.044497588,1,3895,100,443328,1
42041.928504104,3,3895,100,443328,1
42043.441208502,1,3896,100,446322,-1
42044.217513094,3,3896,100,446322,-1
42045.88472318,1,3897,100,444493,-1
42047.272096355,5,3893,100,444730,-1
42049.380747794,4,3897,100,444493,-1
42051.350652303,1,3898,100,444055,1
42052.788654167,5,3898,100,444055,1
42054.046305547,3,3894,100,444525,-1
42055.152262357,1,3899,100,444002,1
42057.363847144,1,3900,100,441852,1
42058.954035984,1,3901,100,445641,1
42060.23837147,1,3902,100,446076,-1
42062.187320968,1,3903,100,444777,-1
42064.36180055,5,3899,100,444002,1
42065.998344452,1,3904,100,444981,1
42068.466443362,4,3903,100,444777,-1
42070.263860935,3,3904,100,444981,1
42071.785937742,5,3901,100,445641,1
42072.901321998,4,3902,100,446076,-1
42073.822557814,3,3900,100,441852,1
42074.842570118,1,3905,100,445524,-1
42076.739109234,1,3906,100,443418,-1
42077.854768193,1,3907,100,444034,1
42079.764090059,1,3908,100,444345,-1
42081.197268761,3,3906,100,443418,-1
42084.293242539,3,3905,100,445524,-1
42085.647729486,3,3908,100,444345,-1
42087.357874481,3,3907,100,444034,1
42088.41745811,1,3909,100,443873,-1
42090.366152685,1,3910,100,443925,1
42091.43116442,4,3910,100,443925,1
42093.370642047,1,3911,100,442876,1
42095.085532884,1,3912,100,441536,1
42096.616708658,1,3913,100,442311,1
42097.808196608,3,3909,100,443873,-1
42099.674162002,1,3914,100,444626,-1
42101.404764128,1,3915,100,442925,1
42102.731993683,1,3916,100,446387,-1
42103.690337907,3,3911,100,442876,1
42104.515839756,1,3917,100,442857,1
42106.372454465,1,3918,100,443738,-1
42107.88568758,3,3912,100,441536,1
42108.874927912,1,3919,100,447203,-1
42110.728431865,5,3916,100,446387,-1
42111.489175254,3,3917,100,442857,1
42112.860193884,1,3920,100,442878,1
42113.991146438,4,3915,100,442925,1
42115.902085205,1,3921,100,441520,1
42118.140089277,3,3918,100,443738,-1
42119.909684085,3,3914,100,444626,-1
42120.887794931,3,3913,100,442311,1
42126.124239069,5,3921,100,441520,1
42128.303717612,4,3919,100,447203,-1
42129.736373462,1,3922,100,447060,-1
42130.835365953,3,3922,100,447060,-1
42133.617291063,3,3920,100,442878,1
42135.257414757,1,3923,100,447428,1
42136.450006488,3,3923,100,447428,1
42138.213416395,1,3924,100,446911,-1
42139.323319916,3,3924,100,446911,-1
42141.485899661,1,3925,100,447637,-1
42142.548084155,1,3926,100,450395,-1
42144.430505749,3,3925,100,447637,-1
42146.295885505,1,3927,100,450475,-1
42148.374629343,4,3926,100,450395,-1
42149.920354507,3,3927,100,450475,-1
42150.856908732,1,3928,100,449153,-1
42152.110368208,3,3928,100,449153,-1
42154.349987722,1,3929,100,448440,-1
42155.274388374,4,3929,100,448440,-1
42156.213552646,1,3930,100,447816,1
42159.052238253,3,3930,100,447816,1
42160.937402008,1,3931,100,450343,-1
42162.964702282,1,3932,100,449344,1
42164.919075504,3,3932,100,449344,1
42167.937122572,1,3933,100,451219,-1
42169.057792367,5,3933,100,451219,-1
42171.082270467,1,3934,100,448689,1
42173.178047507,1,3935,100,450001,-1
42175.021158278,3,3931,100,450343,-1
42177.075506459,1,3936,100,448513,-1
42177.924582074,3,3936,100,448513,-1
42179.19351875,1,3937,100,445801,1
42180.289215855,1,3938,100,451231,-1
42182.429650801,3,3938,100,451231,-1
42186.457709288,1,3939,100,454062,-1
42188.172646796,3,3934,100,448689,1
42189.762551738,3,3935,100,450001,-1
42190.627053651,3,3939,100,454062,-1
42191.895937134,3,3937,100,445801,1
42193.494495231,1,3940,100,449554,1
42194.918052725,5,3940,100,449554,1
42195.791964674,1,3941,100,450021,1
42197.94342099,1,3942,100,450892,1
42199.498242715,3,3942,100,450892,1
42200.835358636,3,3941,100,450021,1
42202.158921258,1,3943,100,452879,1
42204.182814401,1,3944,100,453354,-1
42205.358050478,1,3945,100,451460,1
42208.71775314,4,3945,100,451460,1
42212.539638133,5,3943,100,452879,1
42214.106382281,5,3944,100,453354,-1
42215.676686095,1,3946,100,451902,-1
42216.515559201,3,3946,100,451902,-1
42218.013558576,1,3947,100,452825,-1
42219.572748781,1,3948,100,451911,-1
42221.486064084,4,3948,100,451911,-1
42223.263664262,1,3949,100,447898,1
42224.989967402,1,3950,100,452339,-1
42226.683064777,1,3951,100,449196,1
42227.757250796,1,3952,100,449796,1
42228.753184824,3,3949,100,447898,1
42233.539635366,1,3953,100,449478,1
42234.886388678,1,3954,100,448650,1
42236.281327849,1,3955,100,451346,-1
42238.310860992,1,3956,100,451666,-1
42239.388721855,1,3957,100,449434,-1
42241.273502931,3,3957,100,449434,-1
42242.731879747,1,3958,100,448511,1
42244.141352709,4,3952,100,449796,1
42249.319153161,1,3959,100,448840,1
42251.507522506,1,3960,100,450736,-1
42253.73230441,1,3961,100,449096,-1
42255.48382996,3,3955,100,451346,-1
42256.886336027,1,3962,100,448940,1
42258.508709571,1,3963,100,451026,-1
42260.752285543,3,3956,100,451666,-1
42262.17193625,3,3951,100,449196,1
42263.105531266,3,3961,100,449096,-1
42264.464547672,4,3960,100,450736,-1
42265.691846587,5,3962,100,448940,1
42267.834258225,4,3954,100,448650,1
42270.034352601,3,3958,100,448511,1
42271.006601653,1,3964,100,447706,1
42272.65027673,1,3965,100,451337,-1
42274.519033322,5,3964,100,447706,1
42276.010521675,4,3959,100,448840,1
42278.241116879,3,3963,100,451026,-1
42279.388047914,3,3947,100,452825,-1
42280.468507858,3,3965,100,451337,-1
42281.37872061,4,3953,100,449478,1
42284.490112822,3,3950,100,452339,-1
42286.607858766,1,3966,100,447757,1
42288.08889271,3,3966,100,447757,1
42289.077328891,1,3967,100,447865,1
42290.242182375,1,3968,100,449320,-1
42292.216345246,3,3968,100,449320,-1
42293.887754534,1,3969,100,446379,1
42295.310632087,3,3967,100,447865,1
42296.202359642,1,3970,100,445807,1
42297.378082436,4,3969,100,446379,1
42299.271366194,5,3970,100,445807,1
42300.128899307,1,3971,100,449534,-1
42301.92791968,3,3971,100,449534,-1
42303.981466184,1,3972,100,449022,-1
42305.681488077,1,3973,100,448914,-1
42307.568409606,1,3974,100,449504,-1
42308.734322219,3,3973,100,448914,-1
42312.354779714,4,3972,100,449022,-1
42313.66061102,1,3975,100,448104,1
42314.53322477,5,3975,100,448104,1
42316.029130493,1,3976,100,447518,1
42318.224303341,4,3974,100,449504,-1
42319.849627737,3,3976,100,447518,1
42321.632056956,1,3977,100,450127,-1
42322.992351328,3,3977,100,450127,-1
42325.086128169,1,3978,100,450351,-1
42327.187559512,1,3979,100,450483,-1
42328.159697397,4,3979,100,450483,-1
42329.22352049,1,3980,100,451108,-1
42330.510996998,1,3981,100,449943,-1
42331.481731835,4,3978,100,450351,-1
42332.69193439,3,3980,100,451108,-1
42334.280524242,1,3982,100,448273,1
42335.552676068,1,3983,100,449945,-1
42336.589991657,3,3983,100,449945,-1
42337.554030441,1,3984,100,449789,-1
42338.522688322,3,3982,100,448273,1
42339.926730986,4,3984,100,449789,-1
42341.172354384,3,3981,100,449943,-1
42342.194357383,1,3985,100,450971,-1
42343.606431107,1,3986,100,452170,-1
42344.38513146,1,3987,100,449662,1
42346.085518109,4,3985,100,450971,-1
42347.119547357,1,3988,100,451236,-1
42347.908795296,1,3989,100,452685,-1
42349.521424819,1,3990,100,452838,-1
42352.851714038,1,3991,100,450542,1
42354.680514178,3,3986,100,452170,-1
42356.801052586,4,3987,100,449662,1
42357.687085208,1,3992,100,449152,1
42359.905254404,4,3992,100,449152,1
42362.130486426,3,3990,100,452838,-1
42364.41772794,3,3989,100,452685,-1
42365.888563357,1,3993,100,449225,-1
42367.831158858,3,3991,100,450542,1
42369.751259976,1,3994,100,450882,-1
42371.265043572,3,3994,100,450882,-1
42372.894827861,4,3993,100,449225,-1
42374.851102549,3,3988,100,451236,-1
42375.861967188,1,3995,100,449242,1
42377.616732083,3,3995,100,449242,1
42379.129105022,1,3996,100,450823,-1
42380.712284139,1,3997,100,452389,-1
42382.056641893,5,3997,100,452389,-1
42383.485117065,1,3998,100,452592,1
42384.76720344,3,3996,100,450823,-1
42386.693417975,1,3999,100,452292,-1
42388.682063208,3,3998,100,452592,1
42390.748600177,1,4000,100,450812,1
42393.428548317,3,4000,100,450812,1
42395.060647379,4,3999,100,452292,-1
42397.269368808,1,4001,100,454461,-1
42399.035093427,3,4001,100,454461,-1
42399.902648679,1,4002,100,451827,1
42401.858621894,1,4003,100,453595,-1
42403.006718489,3,4002,100,451827,1
42404.723269739,3,4003,100,453595,-1
42405.580439206,1,4004,100,451529,1
42407.51360817,3,4004,100,451529,1
42408.751209337,1,4005,100,450579,1
42413.239730816,1,4006,100,450565,1
42418.89695586,1,4007,100,448231,1
42420.81962273,3,4007,100,448231,1
42421.789712838,3,4005,100,450579,1
42423.044186145,3,4006,100,450565,1
42424.316635111,1,4008,100,449376,1
42425.886859661,1,4009,100,448126,1
42427.732834509,1,4010,100,449458,1
42429.999873947,1,4011,100,449684,-1
42432.179177636,1,4012,100,451912,-1
42433.866053462,5,4012,100,451912,-1
42435.666108986,3,4009,100,448126,1
42436.552955717,1,4013,100,447470,1
42437.636528186,5,4011,100,449684,-1
42439.508637885,1,4014,100,449124,-1
42441.542050106,1,4015,100,446798,1
42442.76021746,5,4008,100,449376,1
42444.756516753,1,4016,100,445348,1
42448.23718948,1,4017,100,446825,1
42449.921933058,3,4014,100,449124,-1
42451.884398918,3,4017,100,446825,1
42453.829777751,3,4016,100,445348,1
42457.123590358,4,4013,100,447470,1
42458.265342025,3,4010,100,449458,1
42459.347401901,1,4018,100,448573,-1
42460.274416614,1,4019,100,447416,-1
42462.535539269,1,4020,100,446386,1
42466.039500791,5,4015,100,446798,1
42469.083718276,3,4018,100,448573,-1
42470.609950017,3,4019,100,447416,-1
42472.790229415,3,4020,100,446386,1
42473.822611607,1,4021,100,446066,1
42475.857023934,3,4021,100,446066,1
42476.72954031,1,4022,100,446027,1
42478.543012927,1,4023,100,443738,1
42479.976759325,1,4024,100,446469,-1
42484.73782594,1,4025,100,444814,1
42486.547790975,1,4026,100,450150,-1
42488.157259019,1,4027,100,447350,-1
42489.754644832,3,4026,100,450150,-1
42491.855602758,1,4028,100,450530,-1
42494.492688251,1,4029,100,448463,1
42496.538328813,1,4030,100,448916,1
42497.86079768,1,4031,100,448668,1
42499.922264987,1,4032,100,447693,1
42501.467726811,3,4029,100,448463,1
42503.779132532,1,4033,100,446841,1
42505.490931757,3,4023,100,443738,1
42508.413513162,3,4032,100,447693,1
42510.329444846,1,4034,100,446487,1
42512.613396841,3,4024,100,446469,-1
42513.887580865,1,4035,100,448299,-1
42516.133395252,4,4031,100,448668,1
42518.361826148,1,4036,100,447909,1
42519.373615951,1,4037,100,448433,-1
42521.132590105,1,4038,100,448945,1
42525.387258981,1,4039,100,447639,-1
42526.329586584,1,4040,100,446190,1
42527.403573844,1,4041,100,445407,1
42529.200316147,1,4042,100,446170,1
42531.216901,3,4036,100,447909,1
42532.35601093,5,4022,100,446027,1
42534.367687986,5,4025,100,444814,1
42536.486963946,3,4042,100,446170,1
42538.192103097,1,4043,100,448590,-1
42539.937904887,1,4044,100,448231,-1
42541.558746367,1,4045,100,447429,1
42542.803506043,5,4035,100,448299,-1
42545.045067041,1,4046,100,447085,-1
42546.483462444,1,4047,100,449290,-1
42547.699609856,3,4033,100,446841,1
42549.54147422,3,4040,100,446190,1
42550.795845018,3,4030,100,448916,1
42552.92257939,3,4041,100,445407,1
42555.001208035,3,4047,100,449290,-1
42558.974233354,4,4027,100,447350,-1
42561.742522361,4,4044,100,448231,-1
42563.730845571,3,4028,100,450530,-1
42564.539102623,1,4048,100,448578,1
42566.846040172,3,4045,100,447429,1
42568.676514657,1,4049,100,449225,-1
42570.816648694,1,4050,100,450370,-1
42572.77495712,4,4039,100,447639,-1
42574.368356784,4,4046,100,447085,-1
42576.127867826,1,4051,100,448839,-1
42577.952921375,4,4048,100,448578,1
42579.423065267,3,4043,100,448590,-1
42580.563605732,1,4052,100,448508,1
42582.599278182,3,4050,100,450370,-1
42584.036169347,1,4053,100,447058,1
42586.356167485,3,4037,100,448433,-1
42588.018104508,4,4051,100,448839,-1
42589.966163847,1,4054,100,449396,1
42591.200415621,3,4049,100,449225,-1
42592.304880219,1,4055,100,449460,1
42593.451372901,1,4056,100,448239,1
42595.413600295,1,4057,100,451184,-1
42597.027088975,1,4058,100,452687,-1
42598.67881706,5,4057,100,451184,-1
42599.581401776,1,4059,100,448580,1
42601.606151599,4,4056,100,448239,1
42602.713896531,1,4060,100,451155,-1
42603.978692062,3,4054,100,449396,1
42605.405572811,1,4061,100,449705,1
42607.656559101,3,4052,100,448508,1
42609.038642389,1,4062,100,451691,-1
42609.935322305,1,4063,100,452882,-1
42610.736360628,1,4064,100,451680,-1
42611.86654537,1,4065,100,454442,-1
42613.881981942,1,4066,100,450797,1
42615.835379375,1,4067,100,448850,1
42616.637108184,4,4066,100,450797,1
42618.496458462,4,4060,100,451155,-1
42620.581627737,1,4068,100,451054,1
42622.132761035,1,4069,100,450450,1
42622.974052585,3,4061,100,449705,1
42624.439901632,1,4070,100,450652,1
42626.379714758,5,4065,100,454442,-1
42627.446916263,3,4068,100,451054,1
42628.660182775,4,4064,100,451680,-1
42630.876722151,1,4071,100,452360,-1
42632.953426594,1,4072,100,447981,1
42634.269008932,1,4073,100,453287,-1
42636.185820036,3,4053,100,447058,1
42638.14219796,3,4058,100,452687,-1
42640.392588669,1,4074,100,447763,1
42642.972839264,5,4063,100,452882,-1
42644.132805689,1,4075,100,447910,1
42645.649770935,3,4069,100,450450,1
42647.704817084,1,4076,100,448858,-1
42649.46387297,1,4077,100,447956,1
42650.628821661,1,4078,100,449203,-1
42652.587094767,1,4079,100,451439,-1
42654.625673087,3,4038,100,448945,1
42655.449914807,4,4070,100,450652,1
42656.416759827,4,4055,100,449460,1
42658.655331782,1,4080,100,449875,1
42660.802741032,4,4080,100,449875,1
42662.817573446,3,4078,100,449203,-1
42664.766925698,3,4074,100,447763,1
42665.815943108,5,4077,100,447956,1
42666.844808389,5,4079,100,451439,-1
42668.307293372,1,4081,100,449155,1
42669.856650802,4,4081,100,449155,1
42671.889788428,3,4059,100,448580,1
42673.815307505,1,4082,100,447980,1
42675.782716826,3,4072,100,447981,1
42677.656213874,5,4075,100,447910,1
42679.260910531,1,4083,100,446170,1
42681.392388896,1,4084,100,446870,1
42683.577441442,1,4085,100,450188,-1
42685.561642628,3,4034,100,446487,1
42688.753393229,4,4082,100,447980,1
42690.952676423,4,4084,100,446870,1
42693.193131639,1,4086,100,446234,-1
42694.477490626,4,4083,100,446170,1
42695.372444812,1,4087,100,443313,1
42697.13175899,1,4088,100,443616,1
42698.051137492,3,4062,100,451691,-1
42699.418067291,1,4089,100,446001,-1
42700.293399072,4,4067,100,448850,1
42701.443894804,1,4090,100,444141,1
42703.079878385,1,4091,100,443452,1
42703.979354542,5,4090,100,444141,1
42705.674428808,4,4088,100,443616,1
42707.066791653,4,4091,100,443452,1
42709.247761342,1,4092,100,441137,1
42710.704587668,1,4093,100,440825,1
42712.797224608,1,4094,100,446772,-1
42714.373115963,4,4087,100,443313,1
42716.24472349,3,4076,100,448858,-1
42717.927346838,3,4093,100,440825,1
42720.048300828,1,4095,100,444433,-1
42721.310283799,1,4096,100,443718,-1
42722.908918296,1,4097,100,443934,-1
42724.655515882,3,4086,100,446234,-1
42726.79538874,1,4098,100,442429,1
42730.414759993,1,4099,100,443709,1
42732.11520983,1,4100,100,446986,-1
42733.742741399,4,4095,100,444433,-1
42736.074305932,3,4099,100,443709,1
42737.322261972,3,4092,100,441137,1
42738.897562627,3,4094,100,446772,-1
42740.353908239,4,4096,100,443718,-1
42741.271483146,1,4101,100,444948,1
42743.413727098,3,4073,100,453287,-1
42746.375139359,1,4102,100,447244,-1
42747.20326378,3,4102,100,447244,-1
42749.309269251,5,4101,100,444948,1
42752.822056543,1,4103,100,445004,-1
42754.937898494,3,4097,100,443934,-1
42756.053507257,1,4104,100,443478,1
42756.873708513,1,4105,100,443121,1
42758.706652841,3,4071,100,452360,-1
42759.57411019,1,4106,100,441910,-1
42761.506283571,1,4107,100,439971,1
42763.474981199,1,4108,100,440327,1
42765.34175325,4,4106,100,441910,-1
42767.205343118,3,4089,100,446001,-1
42768.988778304,1,4109,100,443323,-1
42770.195241325,3,4107,100,439971,1
42771.871439523,4,4108,100,440327,1
42772.9559959,3,4085,100,450188,-1
42775.58056068,1,4110,100,439202,1
42777.752062458,1,4111,100,442568,-1
42779.694348324,1,4112,100,440561,-1
42782.471868781,3,4105,100,443121,1
42784.009561172,3,4100,100,446986,-1
42785.941032884,3,4110,100,439202,1
42788.253559714,4,4098,100,442429,1
42790.024334972,4,4104,100,443478,1
42792.356094286,1,4113,100,440617,-1
42793.254753867,3,4112,100,440561,-1
42795.363544835,4,4113,100,440617,-1
42796.225332727,4,4111,100,442568,-1
42797.57971673,4,4103,100,445004,-1
42799.561102166,1,4114,100,435489,1
42801.095473977,4,4114,100,435489,1
42802.12185892,3,4109,100,443323,-1
42804.354806313,1,4115,100,434790,1
42805.905159435,1,4116,100,433841,1
42808.267406524,4,4115,100,434790,1
42809.266535206,1,4117,100,434225,1
42810.988843324,1,4118,100,433881,1
42813.200260831,5,4116,100,433841,1
42820.306465503,4,4117,100,434225,1
42821.761429408,1,4119,100,432768,-1
42824.147875343,3,4119,100,432768,-1
42825.107606832,1,4120,100,433858,1
42827.103621865,1,4121,100,432557,-1
42829.371891568,1,4122,100,433148,-1
42830.173730098,1,4123,100,432911,1
42832.145507072,4,4123,100,432911,1
42834.239653597,1,4124,100,434228,-1
42836.088871724,1,4125,100,434099,-1
42837.505728169,4,4121,100,432557,-1
42839.51168169,1,4126,100,430985,1
42840.422712604,1,4127,100,433408,1
42841.893197609,1,4128,100,433464,1
42842.892410167,3,4127,100,433408,1
42844.821894538,3,4126,100,430985,1
42845.987935367,3,4128,100,433464,1
42847.018237445,5,4124,100,434228,-1
42848.535585521,1,4129,100,433859,-1
42849.543184522,1,4130,100,433628,-1
42851.235169947,4,4118,100,433881,1
42852.132453887,3,4122,100,433148,-1
42854.403994885,4,4125,100,434099,-1
42856.134234132,4,4130,100,433628,-1
42857.459725037,1,4131,100,435003,1
42858.724278666,3,4129,100,433859,-1
42861.036446402,3,4131,100,435003,1
42862.478031548,3,4120,100,433858,1
42864.279093431,1,4132,100,434609,-1
42866.643843189,5,4132,100,434609,-1
42868.700110912,1,4133,100,435415,-1
42870.300274043,3,4133,100,435415,-1
42872.067904562,1,4134,100,437078,-1
42874.474453484,1,4135,100,434655,1
42875.733349242,3,4135,100,434655,1
42877.282861995,1,4136,100,437106,-1
42878.364415107,3,4136,100,437106,-1
42879.629328283,3,4134,100,437078,-1
42880.925072201,1,4137,100,434788,-1
42883.027351542,3,4137,100,434788,-1
42883.957150646,1,4138,100,432735,1
42886.326177994,3,4138,100,432735,1
42887.601205294,1,4139,100,434749,1
42889.310204582,1,4140,100,436337,-1
42891.360816484,1,4141,100,438225,-1
42892.332369639,3,4141,100,438225,-1
42894.051702511,4,4140,100,436337,-1
42896.085996946,1,4142,100,439075,-1
42897.261973594,1,4143,100,435727,1
42899.636446269,1,4144,100,435390,1
42901.027860581,3,4142,100,439075,-1
42901.933942084,1,4145,100,438741,-1
42904.080702689,3,4145,100,438741,-1
42906.478074798,3,4144,100,435390,1
42908.029575479,1,4146,100,437647,-1
42912.217957002,3,4146,100,437647,-1
42913.979826997,1,4147,100,437518,-1
42916.26679243,1,4148,100,433182,1
42917.110208317,4,4139,100,434749,1
42919.021041232,1,4149,100,435653,1
42920.48652172,3,4147,100,437518,-1
42921.870639949,3,4143,100,435727,1
42923.963747023,3,4149,100,435653,1
42925.976885809,3,4148,100,433182,1
42927.523563741,1,4150,100,433061,-1
42929.558052277,4,4150,100,433061,-1
42931.675630488,1,4151,100,430029,1
42932.562544829,1,4152,100,433126,-1
42936.131496123,3,4152,100,433126,-1
42939.427690668,4,4151,100,430029,1
42941.562079946,1,4153,100,431489,1
42944.59721454,1,4154,100,430512,1
42947.900539718,1,4155,100,433266,-1
42950.069268762,1,4156,100,430489,1
42951.667460713,4,4155,100,433266,-1
42953.921060196,3,4153,100,431489,1
42955.104392843,1,4157,100,432463,1
42956.314329813,5,4154,100,430512,1
42957.462110373,4,4156,100,430489,1
42958.773507242,5,4157,100,432463,1
42961.150201145,1,4158,100,434491,-1
42963.321367095,5,4158,100,434491,-1
42964.892384083,1,4159,100,433878,1
42966.763044689,4,4159,100,433878,1
42968.071631135,1,4160,100,434578,-1
42971.924678926,4,4160,100,434578,-1
42973.124261688,1,4161,100,433337,1
42974.998062848,4,4161,100,433337,1
42976.274607978,1,4162,100,431762,1
42977.124820803,1,4163,100,428788,1
42981.147455886,5,4162,100,431762,1
42982.425484818,1,4164,100,432239,1
42984.863477915,3,4163,100,428788,1
42986.307923424,3,4164,100,432239,1
42988.525401998,1,4165,100,432080,1
42990.419255276,1,4166,100,435200,-1
42992.817650629,1,4167,100,431982,-1
42994.391741016,1,4168,100,433023,-1
42996.457922876,4,4165,100,432080,1
42998.608460379,1,4169,100,433862,-1
43000.049384959,5,4167,100,431982,-1
43001.316172904,5,4168,100,433023,-1
43004.352610335,1,4170,100,433018,-1
43005.763468204,1,4171,100,431375,-1
43008.09323331,1,4172,100,429258,1
43009.406895387,3,4169,100,433862,-1
43010.574479059,1,4173,100,432048,-1
43012.132920284,1,4174,100,433955,-1
43013.177805197,1,4175,100,434195,-1
43014.523517327,3,4170,100,433018,-1
43016.506095032,3,4173,100,432048,-1
43018.217919728,3,4175,100,434195,-1
43019.513751101,1,4176,100,432730,1
43021.245578841,3,4166,100,435200,-1
43025.500437836,1,4177,100,429926,1
43027.874595481,4,4171,100,431375,-1
43030.165412861,1,4178,100,436149,-1
43031.852617492,1,4179,100,432967,1
43033.800582854,3,4179,100,432967,1
43034.792832707,4,4178,100,436149,-1
43036.818979779,1,4180,100,433708,1
43038.692964736,1,4181,100,436640,-1
43042.229071744,4,4181,100,436640,-1
43043.709877038,4,4174,100,433955,-1
43044.860396936,1,4182,100,436252,1
43045.877805263,3,4180,100,433708,1
43048.869755459,5,4172,100,429258,1
43050.592670443,1,4183,100,432716,1
43051.933156603,1,4184,100,432964,1
43053.64003347,4,4182,100,436252,1
43056.087104788,3,4177,100,429926,1
43058.1013713,4,4183,100,432716,1
43059.239856939,1,4185,100,438730,-1
43060.565772813,1,4186,100,438478,-1
43061.8851215,5,4186,100,438478,-1
43064.193541321,3,4176,100,432730,1
43065.898161062,1,4187,100,437554,-1
43068.170103793,1,4188,100,434276,1
43070.591555323,5,4184,100,432964,1
43071.754600584,4,4185,100,438730,-1
43072.790866719,1,4189,100,436029,-1
43074.904076712,4,4188,100,434276,1
43076.896742532,1,4190,100,434059,1
43077.859605625,3,4187,100,437554,-1
43078.978909386,1,4191,100,436723,-1
43081.213044045,1,4192,100,435645,-1
43082.240799789,5,4190,100,434059,1
43083.196029872,1,4193,100,433731,1
43085.322767845,1,4194,100,439436,-1
43087.334147939,3,4193,100,433731,1
43089.19628942,1,4195,100,434267,-1
43090.563837724,3,4191,100,436723,-1
43091.750287581,4,4192,100,435645,-1
43093.099759414,1,4196,100,435220,1
43094.141950221,1,4197,100,436802,-1
43095.358326524,1,4198,100,436144,-1
43096.840085415,1,4199,100,436032,-1
43098.01210924,3,4197,100,436802,-1
43100.463974309,1,4200,100,435562,1
43102.621255412,4,4199,100,436032,-1
43103.827906598,3,4189,100,436029,-1
43106.141471783,4,4200,100,435562,1
43107.665652571,3,4194,100,439436,-1
43109.411820739,1,4201,100,431056,1
43111.218681261,3,4198,100,436144,-1
43112.679788051,1,4202,100,432936,1
43115.015635325,1,4203,100,433253,-1
43117.095013464,1,4204,100,432325,1
43118.224036589,3,4203,100,433253,-1
43120.503717335,3,4196,100,435220,1
43121.427317408,1,4205,100,433264,1
43122.978891639,3,4202,100,432936,1
43125.3634094,3,4201,100,431056,1
43126.914040454,1,4206,100,434487,1
43129.301368749,3,4205,100,433264,1
43131.506771375,3,4204,100,432325,1
43132.411629763,3,4206,100,434487,1
43134.81322263,3,4195,100,434267,-1
43136.278717785,1,4207,100,434331,1
43138.582745177,3,4207,100,434331,1
43140.15712957,1,4208,100,435462,-1
43142.399022824,1,4209,100,433626,1
43144.223456468,1,4210,100,434527,1
43146.058072528,3,4209,100,433626,1
43148.409508551,1,4211,100,436305,-1
43150.26209688,1,4212,100,434737,1
43152.082799489,1,4213,100,434837,1
43153.594850351,5,4210,100,434527,1
43155.106345835,3,4212,100,434737,1
43156.125007342,3,4211,100,436305,-1
43157.533178737,3,4213,100,434837,1
43158.370641394,1,4214,100,433749,1
43160.543150106,4,4208,100,435462,-1
43161.799735462,4,4214,100,433749,1
43162.948109238,1,4215,100,436187,-1
43165.086122332,3,4215,100,436187,-1
43167.061160506,1,4216,100,435336,-1
43169.084937025,1,4217,100,433376,1
43171.203395625,3,4216,100,435336,-1
43173.067690354,3,4217,100,433376,1
43174.317528529,1,4218,100,434413,1
43175.582919106,1,4219,100,437055,-1
43177.519783824,1,4220,100,435541,1
43179.551091934,1,4221,100,438082,-1
43182.035910197,1,4222,100,436297,1
43184.025657863,4,4219,100,437055,-1
43185.08421436,1,4223,100,435848,1
43187.200782508,1,4224,100,437656,-1
43188.898914061,3,4223,100,435848,1
43189.996013825,3,4221,100,438082,-1
43191.514541035,1,4225,100,438572,-1
43194.361512157,1,4226,100,436067,1
43196.015382984,1,4227,100,434690,1
43197.990647612,3,4222,100,436297,1
43200.257931675,1,4228,100,439092,-1
43202.436087668,4,4224,100,437656,-1
43204.030241212,3,4220,100,435541,1
43206.073810262,1,4229,100,435051,1
43207.301382176,4,4226,100,436067,1
43208.390893059,1,4230,100,434512,1
43210.304926417,1,4231,100,436269,1
43212.631742907,4,4231,100,436269,1
43214.158082283,5,4230,100,434512,1
43215.765393698,1,4232,100,435694,-1
43217.369181332,1,4233,100,433896,1
43218.357628722,1,4234,100,437291,-1
43219.652478937,1,4235,100,434069,1
43222.043379913,5,4218,100,434413,1
43223.530278583,4,4232,100,435694,-1
43225.70827901,1,4236,100,433307,1
43226.800596321,1,4237,100,433677,1
43229.231776206,1,4238,100,437779,-1
43230.8853469,1,4239,100,434690,1
43232.661049157,1,4240,100,436202,-1
43234.130463815,5,4239,100,434690,1
43235.970215272,4,4240,100,436202,-1
43237.987428746,3,4237,100,433677,1
43239.530406083,5,4238,100,437779,-1
43242.882553467,3,4234,100,437291,-1
43245.340498349,1,4241,100,438396,-1
43247.333441806,5,4229,100,435051,1
43248.20362822,3,4236,100,433307,1
43249.311510338,1,4242,100,436622,1
43250.752491431,1,4243,100,438337,-1
43251.888632003,1,4244,100,441470,-1
43254.214874582,1,4245,100,438824,1
43255.165881485,3,4225,100,438572,-1
43257.531718031,3,4241,100,438396,-1
43259.364386276,1,4246,100,439710,-1
43261.260392302,3,4243,100,438337,-1
43263.718839474,3,4235,100,434069,1
43264.642507832,1,4247,100,437874,-1
43265.544349282,4,4247,100,437874,-1
43267.67905237,1,4248,100,437934,1
43269.105175773,4,4248,100,437934,1
43270.679685838,3,4242,100,436622,1
43271.834677524,1,4249,200,439022,1
43273.012533409,1,4250,100,437223,1
43274.719175456,4,4249,200,439022,1
43276.583907621,1,4251,100,439859,-1
43280.831752263,1,4252,100,438728,1
43282.466531662,1,4253,100,437573,1
43283.688989911,1,4254,100,438163,1
43284.763036531,1,4255,100,439626,-1
43286.042840595,4,4246,100,439710,-1
43287.129416729,1,4256,100,443091,-1
43289.123684621,3,4254,100,438163,1
43290.211117919,1,4257,100,440720,1
43292.588368123,3,4227,100,434690,1
43294.226822841,1,4258,100,442626,-1
43296.032539555,1,4259,100,441722,-1
43298.144492174,1,4260,100,439411,1
43299.240787048,3,4250,100,437223,1
43300.266989757,1,4261,100,441725,-1
43301.714390587,5,4259,100,441722,-1
43302.716298616,3,4253,100,437573,1
43303.8567632,1,4262,100,443325,-1
43306.254903665,1,4263,100,441144,-1
43307.104434592,4,4260,100,439411,1
43308.917396423,3,4256,100,443091,-1
43310.91760361,3,4262,100,443325,-1
43312.072200286,1,4264,100,441647,-1
43314.567779995,3,4258,100,442626,-1
43315.713257826,3,4251,100,439859,-1
43317.521937189,1,4265,100,441622,-1
43318.462626449,1,4266,100,439545,1
43320.657921128,1,4267,100,438629,-1
43322.542650803,1,4268,100,436870,1
43324.35820245,3,4244,100,441470,-1
43325.951250616,3,4263,100,441144,-1
43327.382570109,4,4228,100,439092,-1
43329.848055829,4,4267,100,438629,-1
43332.291597324,1,4269,100,440729,-1
43336.810925848,3,4255,100,439626,-1
43339.8776057,3,4257,100,440720,1
43340.916947831,3,4265,100,441622,-1
43343.132638544,1,4270,100,439582,1
43345.115143899,4,4266,100,439545,1
43347.144650925,5,4268,100,436870,1
43348.897915924,1,4271,100,442537,-1
43350.969144644,1,4272,100,442938,-1
43353.263117211,3,4245,100,438824,1
43354.954572898,1,4273,100,440780,-1
43355.982602604,1,4274,100,442692,-1
43360.206187724,3,4270,100,439582,1
43361.387254288,3,4271,100,442537,-1
43363.662410027,4,4273,100,440780,-1
43367.625926678,5,4272,100,442938,-1
43370.720279043,1,4275,100,444176,-1
43373.102125849,4,4261,100,441725,-1
43374.143585052,3,4252,100,438728,1
43375.988269262,3,4264,100,441647,-1
43377.824763147,3,4274,100,442692,-1
43379.788492123,3,4233,100,433896,1
43381.168548039,5,4269,100,440729,-1
43382.782502908,4,4275,100,444176,-1
43385.201076948,1,4276,100,443181,1
43388.971460309,1,4277,100,444899,-1
43390.737480109,4,4277,100,444899,-1
43391.591024715,3,4276,100,443181,1
43393.358822646,1,4278,100,445187,1
43394.79147646,4,4278,100,445187,1
43395.966882337,1,4279,100,446285,1
43398.345376898,1,4280,100,446431,-1
43399.753763239,4,4280,100,446431,-1
43401.287595595,4,4279,100,446285,1
43402.474286568,1,4281,100,442826,1
43404.883652067,5,4281,100,442826,1
43406.551737729,1,4282,100,444295,1
43410.554490343,4,4282,100,444295,1
43412.306014304,1,4283,100,445959,-1
43413.746769222,5,4283,100,445959,-1
43414.995434698,1,4284,100,446205,-1
43416.701810187,1,4285,100,448186,-1
43419.082879289,3,4285,100,448186,-1
43420.59204953,1,4286,100,443576,1
43422.35308555,4,4284,100,446205,-1
43423.87886525,1,4287,100,443248,1
43425.214182117,3,4286,100,443576,1
43427.106249157,4,4287,100,443248,1
43428.056368549,1,4288,100,443768,1
43430.225627132,1,4289,100,443676,1
43432.5537599,3,4288,100,443768,1
43433.624312495,3,4289,100,443676,1
43435.689718625,1,4290,100,442801,1
43438.778259937,1,4291,100,441065,1
43441.016474995,5,4290,100,442801,1
43444.788713616,4,4291,100,441065,1
43446.554604772,1,4292,100,441917,-1
43448.543484979,3,4292,100,441917,-1
43449.460197129,1,4293,100,442086,-1
43451.914737283,1,4294,100,437666,1
43452.810211768,1,4295,100,442849,-1
43455.451979201,4,4293,100,442086,-1
43456.333738004,1,4296,100,443015,-1
43458.572096683,1,4297,100,440801,1
43459.553475478,4,4297,100,440801,1
43461.342696768,1,4298,100,443103,-1
43463.836690651,1,4299,100,439751,1
43465.211488058,3,4294,100,437666,1
43466.69821596,1,4300,100,440319,1
43467.669250172,1,4301,100,440204,-1
43469.134193691,1,4302,100,439808,-1
43470.404196583,1,4303,100,436717,1
43472.714862849,1,4304,100,440515,-1
43473.574908744,3,4301,100,440204,-1
43476.010000028,1,4305,100,438154,1
43477.971450738,1,4306,100,436065,1
43480.42879945,5,4306,100,436065,1
43481.701010569,4,4305,100,438154,1
43482.907663628,4,4300,100,440319,1
43485.224792652,1,4307,100,441365,-1
43487.625220732,3,4302,100,439808,-1
43489.076555317,4,4299,100,439751,1
43490.412930446,5,4304,100,440515,-1
43491.874192041,3,4296,100,443015,-1
43493.251420449,4,4303,100,436717,1
43494.464556362,1,4308,100,436788,1
43495.354274739,3,4298,100,443103,-1
43497.536220882,3,4308,100,436788,1
43499.659887067,1,4309,100,437126,1
43502.127329839,3,4309,100,437126,1
43504.586724331,3,4307,100,441365,-1
43507.635718579,5,4295,100,442849,-1
43509.935413398,1,4310,100,436928,-1
43512.394605302,1,4311,100,438666,-1
43514.632897055,4,4310,100,436928,-1
43516.778394172,1,4312,100,437455,-1
43518.728692121,1,4313,100,437102,-1
43519.792480032,1,4314,100,434618,1
43521.375183289,3,4314,100,434618,1
43522.99521814,4,4313,100,437102,-1
43524.475452316,4,4312,100,437455,-1
43525.607093031,1,4315,100,437518,-1
43527.455609377,5,4311,100,438666,-1
43529.536329511,4,4315,100,437518,-1
43530.971723463,1,4316,100,437487,-1
43533.210422009,1,4317,100,438642,-1
43534.703083103,3,4316,100,437487,-1
43536.841671132,3,4317,100,438642,-1
43537.806078203,1,4318,100,439051,-1
43539.765036616,1,4319,100,437402,1
43540.99817399,1,4320,100,441962,-1
43542.086629041,1,4321,100,439527,1
43543.090277329,3,4319,100,437402,1
43545.154745775,4,4321,100,439527,1
43547.068544312,5,4320,100,441962,-1
43548.774870992,5,4318,100,439051,-1
43550.723007897,1,4322,100,442292,-1
43552.144613742,3,4322,100,442292,-1
43553.914365401,1,4323,100,439271,1
43555.712354044,4,4323,100,439271,1
43557.237876625,1,4324,100,440910,-1
43558.495729071,1,4325,100,439707,1
43559.933771643,1,4326,100,438491,1
43561.921282274,3,4326,100,438491,1
43564.987771834,5,4324,100,440910,-1
43566.436076893,3,4325,100,439707,1
43567.630560968,1,4327,100,439813,-1
43568.967025145,3,4327,100,439813,-1
43570.963446158,1,4328,100,437923,1
43572.052683838,3,4328,100,437923,1
43573.986478343,1,4329,100,438278,-1
43575.31974283,1,4330,100,441190,-1
43577.79064173,1,4331,100,437440,-1
43580.145901079,1,4332,100,437163,1
43582.189124382,1,4333,100,439075,1
43583.860081926,1,4334,100,440437,-1
43584.905575439,3,4330,100,441190,-1
43587.257251769,1,4335,100,438768,1
43588.176438111,1,4336,100,439735,-1
43589.818681731,1,4337,100,441125,-1
43592.045450749,1,4338,100,439400,-1
43593.503664151,5,4329,100,438278,-1
43595.016412232,5,4335,100,438768,1
43597.040824292,4,4338,100,439400,-1
43597.904586313,1,4339,100,436397,1
43600.175389277,3,4332,100,437163,1
43602.095775683,1,4340,100,438204,-1
43604.087083467,5,4333,100,439075,1
43605.858416684,1,4341,100,434819,1
43607.001893753,3,4336,100,439735,-1
43608.555772566,1,4342,100,435574,1
43609.43712481,1,4343,100,436711,-1
43611.344931801,3,4339,100,436397,1
43613.657221401,3,4334,100,440437,-1
43615.981611933,1,4344,100,434022,1
43618.456625484,1,4345,100,433304,1
43620.904486125,4,4342,100,435574,1
43624.139625361,3,4340,100,438204,-1
43626.118076945,1,4346,100,432997,1
43627.181550721,1,4347,100,434019,1
43628.169680262,3,4346,100,432997,1
43630.474152694,1,4348,100,433538,1
43632.477510175,4,4347,100,434019,1
43634.63515241,4,4344,100,434022,1
43636.684059141,1,4349,100,436191,-1
43638.355503038,1,4350,100,436852,-1
43639.713948456,5,4349,100,436191,-1
43641.47107691,3,4348,100,433538,1
43643.47031116,5,4331,100,437440,-1
43646.007366077,3,4343,100,436711,-1
43646.895205653,1,4351,100,436084,-1
43648.550091792,1,4352,100,436607,-1
43650.425546607,4,4351,100,436084,-1
43653.341574787,1,4353,100,436216,-1
43655.683417141,5,4341,100,434819,1
43656.946201565,1,4354,100,438348,-1
43658.819921556,3,4354,100,438348,-1
43662.510148342,1,4355,100,437423,1
43663.538674724,1,4356,100,439233,-1
43665.784347173,3,4356,100,439233,-1
43667.162306663,3,4350,100,436852,-1
43668.426475822,1,4357,100,434041,1
43669.755572405,5,4353,100,436216,-1
43671.327671152,1,4358,100,435422,1
43673.168701941,1,4359,100,439398,-1
43675.583344725,1,4360,100,439101,-1
43678.159505814,1,4361,100,438408,-1
43679.516987407,1,4362,100,438360,-1
43681.843172895,4,4355,100,437423,1
43683.705762173,4,4352,100,436607,-1
43686.224877979,1,4363,100,437052,-1
43687.181410264,3,4361,100,438408,-1
43689.534923954,4,4363,100,437052,-1
43691.737710889,1,4364,100,440575,-1
43693.454986744,5,4362,100,438360,-1
43694.957693878,1,4365,100,437134,1
43697.407987905,3,4360,100,439101,-1
43699.912548581,1,4366,100,437008,1
43700.870068641,4,4345,100,433304,1
43702.877894986,1,4367,100,436617,1
43704.945464237,3,4357,100,434041,1
43707.033413577,3,4337,100,441125,-1
43708.789765051,1,4368,100,436416,-1
43710.090566632,1,4369,100,433892,1
43712.014952802,1,4370,100,434559,1
43713.001623295,3,4364,100,440575,-1
43714.739756287,5,4359,100,439398,-1
43716.488250777,3,4370,100,434559,1
43718.59449791,1,4371,100,431749,1
43720.841901169,3,4367,100,436617,1
43721.750095367,5,4371,100,431749,1
43724.297542824,1,4372,100,434667,1
43728.383195868,1,4373,100,433847,1
43730.677885164,3,4358,100,435422,1
43732.262800911,4,4369,100,433892,1
43733.423336359,4,4372,100,434667,1
43734.442745171,3,4365,100,437134,1
43736.736862615,1,4374,100,439329,-1
43738.47742238,5,4373,100,433847,1
43740.960811321,1,4375,100,431869,1
43743.250775493,1,4376,100,433943,1
43744.458949097,1,4377,100,435431,1
43746.45274846,1,4378,100,433761,1
43748.359052486,5,4377,100,435431,1
43749.949229654,3,4366,100,437008,1
43752.269742065,1,4379,100,433363,1
43754.781383349,1,4380,100,437168,-1
43756.770533868,3,4374,100,439329,-1
43759.046739121,4,4380,100,437168,-1
43760.599360134,1,4381,100,436551,-1
43762.759878637,3,4378,100,433761,1
43764.769699601,5,4375,100,431869,1
43766.071072697,4,4379,100,433363,1
43768.514988739,3,4376,100,433943,1
43769.615882462,1,4382,100,436604,-1
43771.956544479,1,4383,100,435399,1
43774.311451547,1,4384,100,437182,-1
43776.170727236,1,4385,100,436341,-1
43780.128895381,4,4383,100,435399,1
43782.110332364,1,4386,100,434660,1
43784.615958605,4,4386,100,434660,1
43786.375071978,4,4368,100,436416,-1
43787.533130545,3,4385,100,436341,-1
43788.557057155,1,4387,100,435065,1
43790.296053009,4,4387,100,435065,1
43791.22185141,5,4384,100,437182,-1
43792.839233415,1,4388,100,432482,1
43794.669849326,3,4381,100,436551,-1
43797.166935009,3,4388,100,432482,1
43799.295263447,4,4382,100,436604,-1
43800.975391322,1,4389,100,434975,-1
43803.020967174,1,4390,100,432842,1
43805.031597402,3,4390,100,432842,1
43807.131221882,1,4391,100,430736,1
43809.221318387,4,4391,100,430736,1
43810.824553022,1,4392,100,428497,1
43811.827655146,3,4392,100,428497,1
43813.995141696,4,4389,100,434975,-1
43815.17838645,1,4393,100,429714,-1
43817.736230158,1,4394,100,430725,1
43819.511173118,3,4393,100,429714,-1
43820.771027366,1,4395,100,428367,1
43822.082136001,1,4396,100,428879,1
43823.693420503,1,4397,100,428465,1
43824.960106255,5,4397,100,428465,1
43827.066246449,1,4398,100,426826,1
43829.173242646,3,4395,100,428367,1
43831.617480086,4,4396,100,428879,1
43833.822232641,3,4394,100,430725,1
43834.73873311,1,4399,100,430592,-1
43836.903567003,1,4400,100,426254,1
43840.535520105,3,4399,100,430592,-1
43841.841287099,1,4401,100,430227,-1
43844.870107109,1,4402,100,427876,1
43847.241291375,1,4403,100,427916,1
43848.798082562,3,4398,100,426826,1
43853.646102027,4,4403,100,427916,1
43855.021606461,3,4400,100,426254,1
43858.365450844,4,4401,100,430227,-1
43860.317926913,1,4404,100,425546,1
43861.68987812,3,4402,100,427876,1
43863.119095446,5,4404,100,425546,1
43865.525599827,1,4405,100,429743,1
43869.384575974,1,4406,100,426977,1
43870.346868152,5,4406,100,426977,1
43871.308854861,3,4405,100,429743,1
43873.650499384,1,4407,100,429552,-1
43875.54666636,4,4407,100,429552,-1
43877.611611904,1,4408,100,429076,-1
43878.695151623,1,4409,100,428589,1
43879.729640874,4,4408,100,429076,-1
43883.618191652,3,4409,100,428589,1
43885.060272836,1,4410,100,431177,-1
43886.631874457,1,4411,100,430405,-1
43889.206209922,1,4412,100,430583,-1
43891.082197342,1,4413,100,432595,-1
43892.246216246,1,4414,100,428808,1
43894.769851921,1,4415,100,434051,-1
43896.909038781,3,4413,100,432595,-1
43897.938030674,1,4416,100,430226,1
43899.997361916,1,4417,100,432296,-1
43900.9794086,1,4418,100,429600,1
43903.398383495,3,4418,100,429600,1
43904.802109813,1,4419,100,428975,1
43906.753312771,3,4414,100,428808,1
43908.519850051,1,4420,100,429412,1
43909.964580987,3,4416,100,430226,1
43911.69442393,1,4421,100,429965,-1
43912.728340457,1,4422,100,430731,-1
43914.725644487,5,4417,100,432296,-1
43917.192850016,5,4419,100,428975,1
43918.420325236,1,4423,100,428463,1
43919.422053113,4,4423,100,428463,1
43921.365256851,3,4415,100,434051,-1
43923.251350322,3,4411,100,430405,-1
43924.157077618,1,4424,100,426853,1
43926.630595803,1,4425,100,431254,-1
43929.237102248,1,4426,100,429927,1
43931.779992159,3,4422,100,430731,-1
43932.737072585,4,4421,100,429965,-1
43935.093329196,1,4427,100,426141,1
43936.181299951,1,4428,100,428807,1
43937.33014188,1,4429,100,426515,1
43938.667467119,1,4430,100,430268,-1
43940.853555136,3,4428,100,428807,1
43941.770809097,3,4420,100,429412,1
43943.148321164,1,4431,100,423271,1
43944.937874532,1,4432,100,429438,-1
43946.377966615,1,4433,100,425407,1
43947.551301781,1,4434,100,427174,-1
43948.511243931,3,4433,100,425407,1
43950.187943051,1,4435,100,427337,-1
43952.098757265,1,4436,100,428767,-1
43954.11788149,1,4437,100,428225,1
43958.78937632,1,4438,100,428023,-1
43959.780234607,4,4435,100,427337,-1
43962.132558237,4,4434,100,427174,-1
43964.281550549,4,4437,100,428225,1
43965.766436092,5,4426,100,429927,1
43966.840579008,4,4427,100,426141,1
43969.455258088,3,4438,100,428023,-1
43970.98895701,4,4424,100,426853,1
43972.547603668,3,4431,100,423271,1
43973.552222298,3,4429,100,426515,1
43975.923970539,5,4425,100,431254,-1
43977.959969932,1,4439,100,424461,1
43978.883837502,1,4440,100,429052,-1
43980.634703023,1,4441,100,427214,-1
43983.24103205,1,4442,100,425515,1
43984.685265928,1,4443,100,423648,1
43985.781823878,4,4441,100,427214,-1
43987.323655969,3,4430,100,430268,-1
43988.499056829,4,4440,100,429052,-1
43990.923045595,1,4444,100,423672,1
43992.815765689,4,4436,100,428767,-1
43994.248520016,3,4410,100,431177,-1
43996.750999459,3,4444,100,423672,1
43999.193983212,1,4445,100,425319,1
44001.781984657,1,4446,100,427211,-1
44002.905769361,3,4446,100,427211,-1
44004.702203207,1,4447,100,426300,1
44006.853812847,1,4448,100,426045,1
44008.365948848,3,4432,100,429438,-1
44010.761180198,3,4448,100,426045,1
44013.106580714,1,4449,100,427107,-1
44015.409368566,3,4449,100,427107,-1
44016.783637469,1,4450,100,430604,-1
44018.576635077,4,4439,100,424461,1
44019.681124606,1,4451,100,423683,1
44021.454285787,4,4447,100,426300,1
44026.020688433,5,4451,100,423683,1
44028.584604573,1,4452,100,423864,1
44030.735958123,1,4453,100,423938,1
44032.21224383,3,4442,100,425515,1
44033.95297454,3,4445,100,425319,1
44036.487896705,3,4443,100,423648,1
44040.712574332,1,4454,100,424740,1
44045.461188289,4,4454,100,424740,1
44047.14716266,5,4450,100,430604,-1
44049.27187404,3,4453,100,423938,1
44053.934090718,3,4452,100,423864,1
44056.482649539,1,4455,100,426703,1
44058.758360782,1,4456,100,428753,-1
44059.992400066,1,4457,100,428389,1
44063.156864965,1,4458,100,430598,1
44065.290653339,1,4459,100,431637,-1
44067.859389406,1,4460,100,430936,-1
44070.214398856,1,4461,100,426462,1
44071.494731151,3,4459,100,431637,-1
44074.133854955,1,4462,100,428885,-1
44076.11857159,1,4463,100,429819,-1
44078.240555109,1,4464,100,430231,-1
44081.844209754,5,4457,100,428389,1
44083.084107469,3,4455,100,426703,1
44085.622700521,3,4464,100,430231,-1
44086.852957593,1,4465,100,424517,1
44087.820093544,5,4412,100,430583,-1
44088.911115154,1,4466,100,428299,-1
44090.679023692,3,4463,100,429819,-1
44092.527045435,3,4465,100,424517,1
44096.522179886,1,4467,100,425201,1
44098.707862464,1,4468,100,427410,-1
44101.101540313,1,4469,100,428044,-1
44103.077672286,4,4466,100,428299,-1
44104.171820347,4,4469,100,428044,-1
44108.793413647,1,4470,100,430360,-1
44111.148739062,1,4471,100,428724,-1
44113.513666181,1,4472,100,426630,1
44114.428456955,1,4473,100,428866,1
44116.294874513,1,4474,100,432843,-1
44118.656374012,1,4475,100,429204,-1
44120.464101711,3,4462,100,428885,-1
44121.886251928,1,4476,100,428394,1
44123.597435445,3,4473,100,428866,1
44126.08702893,5,4468,100,427410,-1
44128.218268172,3,4474,100,432843,-1
44129.199590177,1,4477,100,433193,-1
44130.75380143,1,4478,100,428352,1
44132.543228649,3,4470,100,430360,-1
44135.118469509,1,4479,100,430568,1
44137.170896464,1,4480,100,433105,-1
44140.473335631,4,4471,100,428724,-1
44142.075804562,3,4472,100,426630,1
44143.151834298,3,4477,100,433193,-1
44144.951055274,3,4475,100,429204,-1
44147.311458045,4,4456,100,428753,-1
44149.454801801,4,4460,100,430936,-1
44151.874068917,1,4481,100,432739,-1
44153.648692198,3,4480,100,433105,-1
44154.990187373,1,4482,100,433162,1
44156.837478689,1,4483,100,433932,-1
44160.239362004,1,4484,100,436452,-1
44161.623881652,4,4482,100,433162,1
44165.249429528,4,4483,100,433932,-1
44167.176551714,4,4481,100,432739,-1
44169.465459413,3,4458,100,430598,1
44172.31505147,1,4485,100,429587,1
44173.412055468,3,4478,100,428352,1
44174.839487766,3,4484,100,436452,-1
44175.917723964,4,4467,100,425201,1
44177.896420039,1,4486,100,432734,1
44179.618452457,3,4479,100,430568,1
44181.26475529,4,4461,100,426462,1
44182.871422543,3,4476,100,428394,1
44183.921253908,4,4486,100,432734,1
44184.873288516,1,4487,100,434025,-1
44185.805752116,4,4487,100,434025,-1
44187.01797436,3,4485,100,429587,1
44188.534482663,1,4488,100,433426,1
44190.127597327,1,4489,100,433839,1
44192.623780956,3,4489,100,433839,1
44195.152877575,4,4488,100,433426,1
44196.182538589,1,4490,100,432472,1
44198.837179549,1,4491,100,432473,1
44201.474983547,1,4492,100,433223,1
44203.30752154,1,4493,100,433140,1
44205.06488758,3,4490,100,432472,1
44206.749706629,4,4493,100,433140,1
44209.095197762,3,4492,100,433223,1
44211.731465954,1,4494,100,433015,-1
44213.685755754,3,4494,100,433015,-1
44214.966582735,1,4495,100,431870,1
44216.632572082,5,4491,100,432473,1
44218.549329043,1,4496,100,430102,1
44220.834405725,1,4497,100,432247,1
44222.207878755,5,4495,100,431870,1
44223.607712732,4,4497,100,432247,1
44226.136083239,5,4496,100,430102,1
44228.592681701,1,4498,100,433528,-1
44231.084159683,3,4498,100,433528,-1
44233.739046551,1,4499,100,433782,-1
44236.203658335,1,4500,100,433116,-1
44238.356630002,1,4501,100,436038,-1
44240.874593867,1,4502,100,432972,1
44242.962500764,1,4503,100,436342,-1
44244.41567308,1,4504,100,433307,-1
44247.210656475,3,4504,100,433307,-1
44249.099407387,4,4500,100,433116,-1
44250.923598281,1,4505,100,435471,-1
44252.402131177,4,4499,100,433782,-1
44255.420153173,1,4506,100,431716,1
44256.331775154,5,4503,100,436342,-1
44257.450928463,4,4502,100,432972,1
44260.67524363,1,4507,100,431345,-1
44262.961549074,1,4508,100,431770,1
44264.180522688,1,4509,100,432617,-1
44265.726541005,1,4510,100,431589,-1
44267.105827671,1,4511,100,433343,-1
44269.142186922,1,4512,100,433807,-1
44270.374084007,3,4510,100,431589,-1
44272.229227521,1,4513,100,433519,-1
44274.48473589,3,4512,100,433807,-1
44276.60082871,3,4506,100,431716,1
44282.080053135,3,4507,100,431345,-1
44284.071277429,1,4514,100,432741,-1
44285.684273462,1,4515,100,430478,1
44287.841409892,1,4516,100,433182,-1
44290.00599449,1,4517,100,431440,1
44292.414277839,1,4518,100,431801,1
44294.662737873,1,4519,100,431192,-1
44296.307276469,1,4520,100,431832,-1
44298.731205241,1,4521,100,435050,-1
44299.917618252,3,4514,100,432741,-1
44300.971464344,5,4519,100,431192,-1
44303.622689239,1,4522,100,431869,-1
44305.0732691,1,4523,100,433047,1
44306.927756022,3,4522,100,431869,-1
44308.328381656,1,4524,100,434737,-1
44310.903122668,3,4524,100,434737,-1
44313.515716677,3,4509,100,432617,-1
44315.981822108,3,4508,100,431770,1
44319.659022966,1,4525,100,434790,1
44321.008028631,1,4526,100,436013,-1
44324.716360352,1,4527,100,433608,1
44325.780331407,3,4513,100,433519,-1
44327.422597097,3,4525,100,434790,1
44329.499761412,4,4520,100,431832,-1
44331.216373506,5,4523,100,433047,1
44333.065026908,3,4511,100,433343,-1
44334.299975885,3,4526,100,436013,-1
44336.094992013,3,4527,100,433608,1
44337.918688604,1,4528,100,435618,1
44338.960723142,1,4529,100,437484,1
44341.079735776,1,4530,100,437292,1
44343.049640944,1,4531,200,436386,1
44345.115702882,3,4531,200,436386,1
44348.039102526,3,4516,100,433182,-1
44349.442499129,5,4515,100,430478,1
44351.478473276,4,4501,100,436038,-1
44353.209781615,1,4532,100,438963,-1
44354.819299595,1,4533,100,440230,-1
44357.487421274,5,4517,100,431440,1
44358.719506192,4,4533,100,440230,-1
44360.709165645,1,4534,100,440972,-1
44363.08466158,3,4529,100,437484,1
44365.482859127,4,4532,100,438963,-1
44367.969082655,3,4534,100,440972,-1
44369.650794831,1,4535,100,437892,1
44371.881006553,3,4535,100,437892,1
44375.505459139,5,4521,100,435050,-1
44377.114771854,1,4536,100,438217,-1
44378.057605224,3,4530,100,437292,1
44380.254098897,1,4537,100,435619,-1
44382.295933096,1,4538,100,433923,1
44384.807770099,1,4539,100,434719,1
44386.461868007,4,4505,100,435471,-1
44387.570280202,3,4536,100,438217,-1
44389.141678804,3,4539,100,434719,1
44391.295644074,1,4540,100,434799,1
44395.205968183,3,4538,100,433923,1
44397.749711189,1,4541,100,437242,-1
44399.544940088,5,4541,100,437242,-1
44401.796783092,4,4540,100,434799,1
44403.769680666,1,4542,100,436301,-1
44406.032352585,1,4543,100,438461,-1
44406.963981141,3,4543,100,438461,-1
44409.254500829,5,4537,100,435619,-1
44411.607051022,3,4542,100,436301,-1
44413.422713401,3,4518,100,431801,1
44414.734133443,5,4528,100,435618,1
44416.722302643,1,4544,100,435085,-1
44420.398764855,1,4545,100,434248,1
44422.430171418,3,4544,100,435085,-1
44423.829856473,5,4545,100,434248,1
44425.603107326,1,4546,100,434059,1
44427.651768954,1,4547,100,432725,1
44429.191689221,1,4548,100,430099,1
44430.21781799,5,4548,100,430099,1
44431.157345302,5,4546,100,434059,1
44432.885614556,1,4549,100,435986,-1
44435.540952981,1,4550,100,433591,-1
44437.527385724,1,4551,100,433832,1
44440.171190213,1,4552,100,431697,1
44441.70976987,1,4553,100,434506,-1
44446.835905391,5,4550,100,433591,-1
44448.104990271,3,4549,100,435986,-1
44450.485796577,3,4553,100,434506,-1
44454.320000075,1,4554,100,432025,-1
44455.576798859,3,4552,100,431697,1
44457.226270001,4,4554,100,432025,-1
44458.258236623,3,4551,100,433832,1
44460.954222196,1,4555,100,433097,-1
44463.186483575,1,4556,100,432410,-1
44465.881725733,1,4557,100,433145,-1
44467.065784868,3,4555,100,433097,-1
44468.991050126,1,4558,100,432634,-1
44471.108519066,1,4559,100,432939,1
44473.108274071,1,4560,100,432199,-1
44474.410043549,5,4558,100,432634,-1
44476.44480733,1,4561,100,431843,-1
44479.018764778,3,4557,100,433145,-1
44481.240674795,5,4561,100,431843,-1
44483.056197082,1,4562,100,431169,1
44485.379548681,1,4563,100,434234,-1
44487.508367537,5,4559,100,432939,1
44490.083404542,1,4564,100,432379,1
44491.325134642,1,4565,100,433365,-1
44492.781015813,4,4565,100,433365,-1
44494.016194577,3,4562,100,431169,1
44497.784307077,1,4566,100,432569,1
44500.146995498,1,4567,100,433221,1
44502.405396393,4,4556,100,432410,-1
44503.519534139,4,4563,100,434234,-1
44506.040062706,1,4568,100,431811,1
44507.157456872,3,4564,100,432379,1
44509.046817641,3,4566,100,432569,1
44510.561559546,3,4568,100,431811,1
44512.77192907,3,4547,100,432725,1
44514.599799718,1,4569,100,433996,1
44516.73665941,3,4567,100,433221,1
44518.288635533,3,4569,100,433996,1
44520.61947629,1,4570,100,437211,-1
44521.928655495,4,4560,100,432199,-1
44524.301367723,3,4570,100,437211,-1
44526.192759365,1,4571,100,437642,1
44527.797435025,1,4572,100,439830,-1
44529.434716377,1,4573,100,437770,-1
44530.676545038,3,4571,100,437642,1
44532.253592053,4,4573,100,437770,-1
44533.976929592,1,4574,100,438359,1
44535.659072156,3,4574,100,438359,1
44538.299808196,4,4572,100,439830,-1
44540.976331346,1,4575,100,441048,-1
44543.49123185,1,4576,100,438810,1
44544.501182163,5,4575,100,441048,-1
44546.937712358,3,4576,100,438810,1
44547.962623949,1,4577,100,440038,1
44549.342422405,1,4578,100,442822,-1
44551.946057143,3,4578,100,442822,-1
44554.650712068,3,4577,100,440038,1
44556.252969812,1,4579,100,441272,-1
44557.889747116,3,4579,100,441272,-1
44559.495160847,1,4580,100,442663,-1
44562.851923346,3,4580,100,442663,-1
44565.072994915,1,4581,100,445125,-1
44566.371601609,3,4581,100,445125,-1
44567.471761743,1,4582,100,442379,-1
44570.855406767,4,4582,100,442379,-1
44573.019131772,1,4583,100,444405,-1
44574.787346149,3,4583,100,444405,-1
44576.62790044,1,4584,100,441421,1
44578.364210789,4,4584,100,441421,1
44580.000005453,1,4585,100,442693,-1
44582.65613095,3,4585,100,442693,-1
44584.331705624,1,4586,100,441605,1
44587.275263225,1,4587,100,443273,-1
44588.767303132,3,4586,100,441605,1
44590.341030596,4,4587,100,443273,-1
44592.539612888,1,4588,100,443647,-1
44596.002076982,1,4589,100,442572,-1
44597.995032706,3,4589,100,442572,-1
44599.464050956,3,4588,100,443647,-1
44601.848363254,1,4590,100,443427,-1
44604.135050664,1,4591,100,443430,1
44606.285506083,4,4590,100,443427,-1
44608.681074623,4,4591,100,443430,1
44609.979076327,1,4592,100,445154,-1
44611.232497819,4,4592,100,445154,-1
44612.234161822,1,4593,100,443950,1
44614.677955604,1,4594,100,444998,1
44617.111791211,1,4595,100,446229,1
44619.57237693,1,4596,100,447680,-1
44621.003792906,4,4596,100,447680,-1
44623.497953174,5,4593,100,443950,1
44625.866540837,1,4597,100,446526,1
44626.870044241,4,4594,100,444998,1
44630.222497584,1,4598,100,450159,-1
44632.538578633,1,4599,100,444591,1
44635.117442557,4,4597,100,446526,1
44639.35327744,3,4598,100,450159,-1
44640.439502734,1,4600,100,447156,-1
44642.980223517,5,4599,100,444591,1
44645.484487579,1,4601,100,446318,1
44650.220317572,1,4602,100,450485,-1
44651.920840196,3,4602,100,450485,-1
44653.490481988,3,4601,100,446318,1
44654.72556266,5,4595,100,446229,1
44656.734710962,4,4600,100,447156,-1
44658.847946941,1,4603,100,449093,-1
44659.772858983,3,4603,100,449093,-1
44661.686786113,1,4604,100,448050,1
44662.817867699,3,4604,100,448050,1
44665.090218223,1,4605,100,451354,-1
44666.278652489,3,4605,100,451354,-1
44667.56461611,1,4606,100,447547,1
44669.220531562,3,4606,100,447547,1
44671.841417636,1,4607,100,447291,1
44672.802235455,3,4607,100,447291,1
44675.444199665,1,4608,100,447854,1
44678.092238374,1,4609,100,449231,-1
44680.351547595,3,4609,100,449231,-1
44682.897742808,4,4608,100,447854,1
44684.879649505,1,4610,100,446204,1
44686.831222992,1,4611,100,447171,-1
44687.848072666,1,4612,100,446516,1
44688.887160777,1,4613,100,446073,1
44689.933916933,3,4612,100,446516,1
44691.860865809,1,4614,100,448265,-1
44697.064750891,1,4615,100,449032,-1
44698.198085397,1,4616,100,449262,-1
44700.338688651,4,4611,100,447171,-1
44701.911100231,1,4617,100,446491,1
44704.536390221,3,4617,100,446491,1
44705.86402363,1,4618,100,445643,1
44708.458935384,5,4613,100,446073,1
44709.687974175,1,4619,100,448133,1
44711.419435458,3,4619,100,448133,1
44715.290365884,1,4620,100,451576,-1
44716.522134607,4,4616,100,449262,-1
44717.569243776,4,4614,100,448265,-1
44719.507406494,1,4621,100,449999,1
44722.133371737,1,4622,100,451314,-1
44723.182472119,1,4623,100,450062,-1
44724.41370096,1,4624,100,447403,1
44726.024305107,1,4625,100,452889,-1
44728.2660096,1,4626,100,451193,-1
44730.421906928,1,4627,100,448076,1
44734.602677531,5,4625,100,452889,-1
44737.280043606,1,4628,100,448288,1
44738.700046201,1,4629,100,449803,-1
44740.970387947,3,4624,100,447403,1
44743.217040198,5,4623,100,450062,-1
44744.846177543,1,4630,100,449012,1
44746.98525828,3,4626,100,451193,-1
44749.183186926,3,4629,100,449803,-1
44750.623224243,3,4618,100,445643,1
44752.757260995,1,4631,100,450353,-1
44754.413515706,1,4632,100,450399,-1
44758.204131212,1,4633,100,448798,-1
44759.619309088,3,4633,100,448798,-1
44761.011281596,4,4627,100,448076,1
44762.416364147,5,4632,100,450399,-1
44765.054961565,3,4630,100,449012,1
44767.456433752,3,4628,100,448288,1
44768.645132237,4,4621,100,449999,1
44769.735031804,4,4615,100,449032,-1
44772.401081564,4,4631,100,450353,-1
44774.186898188,1,4634,100,446674,1
44776.537288867,4,4622,100,451314,-1
44778.621969063,1,4635,100,450312,-1
44780.46934016,4,4634,100,446674,1
44781.433685346,5,4635,100,450312,-1
44784.004196496,4,4620,100,451576,-1
44785.527898808,1,4636,100,448545,-1
44786.81194508,4,4636,100,448545,-1
44789.491769649,3,4610,100,446204,1
44791.497471672,1,4637,100,446015,1
44792.763574059,3,4637,100,446015,1
44794.850272004,1,4638,100,448899,-1
44797.067917805,1,4639,100,447657,1
44799.107942853,1,4640,100,449459,-1
44800.335843013,1,4641,100,446926,1
44802.115659522,1,4642,100,448616,-1
44804.449656675,1,4643,100,446564,1
44806.802035049,5,4640,100,449459,-1
44808.457897907,3,4641,100,446926,1
44809.735743148,3,4643,100,446564,1
44810.818862758,4,4642,100,448616,-1
44812.902993204,1,4644,100,449441,-1
44813.937076787,1,4645,100,448324,-1
44816.279431091,4,4638,100,448899,-1
44817.204432499,1,4646,100,449487,-1
44819.116598904,3,4644,100,449441,-1
44821.48037461,3,4639,100,447657,1
44823.161557911,1,4647,100,444815,1
44825.502579487,1,4648,100,446518,-1
44828.05663793,3,4648,100,446518,-1
44830.840167797,1,4649,100,445521,1
44832.786505852,3,4646,100,449487,-1
44834.650148409,5,4647,100,444815,1
44837.315248947,4,4645,100,448324,-1
44839.658748063,3,4649,100,445521,1
44840.989211991,1,4650,100,447881,1
44842.428602721,1,4651,100,448279,-1
44844.627124487,1,4652,100,448220,1
44845.548497206,3,4651,100,448279,-1
44847.027865407,1,4653,100,449766,1
44849.310397838,5,4650,100,447881,1
44851.448626729,1,4654,100,447784,1
44853.259634832,3,4653,100,449766,1
44855.763581612,4,4654,100,447784,1
44858.029027117,5,4652,100,448220,1
44860.228486425,1,4655,100,451177,-1
44861.813497632,3,4655,100,451177,-1
44863.696579642,1,4656,100,451158,-1
44864.646137686,3,4656,100,451158,-1
44865.913568069,1,4657,100,450095,-1
44868.103669598,1,4658,100,452568,-1
44870.205501995,1,4659,100,449813,-1
44872.780859191,5,4657,100,450095,-1
44874.366466525,1,4660,100,449404,-1
44875.477544944,3,4658,100,452568,-1
44876.960151925,1,4661,100,449152,1
44879.559352524,4,4661,100,449152,1
44881.048821553,1,4662,100,447102,1
44883.443881191,3,4660,100,449404,-1
44885.437441267,1,4663,100,448705,-1
44887.521346189,3,4662,100,447102,1
44888.937016615,1,4664,100,450523,-1
44890.932822095,1,4665,100,449877,1
44893.726991953,3,4659,100,449813,-1
44894.987685489,1,4666,100,451817,-1
44896.654315388,5,4666,100,451817,-1
44901.842618247,3,4665,100,449877,1
44903.887565735,5,4663,100,448705,-1
44904.808666607,1,4667,100,449705,-1
44907.184358482,1,4668,100,446108,1
44908.91767894,3,4667,100,449705,-1
44911.263572614,3,4664,100,450523,-1
44912.976151677,4,4668,100,446108,1
44914.166998546,1,4669,100,447958,1
44915.235669469,1,4670,100,445162,1
44916.852339983,4,4669,100,447958,1
44919.127715517,1,4671,100,447680,1
44920.310965715,4,4671,100,447680,1
44922.72410299,1,4672,100,448099,-1
44924.773122919,1,4673,100,446179,1
44926.455972852,1,4674,100,447094,-1
44927.398497069,4,4673,100,446179,1
44929.218102172,4,4674,100,447094,-1
44930.326260988,1,4675,100,444380,1
44932.551906202,3,4672,100,448099,-1
44933.701720734,1,4676,100,448242,-1
44936.410956705,3,4670,100,445162,1
44937.82384893,3,4675,100,444380,1
44939.487530096,1,4677,100,450937,-1
44940.747825322,1,4678,100,446104,1
44942.610305511,1,4679,100,447114,1
44943.887750563,1,4680,100,444563,1
44946.609492759,1,4681,100,448256,-1
44949.190774354,3,4679,100,447114,1
44951.897010852,3,4676,100,448242,-1
44953.296736158,1,4682,100,446800,1
44955.945365078,4,4682,100,446800,1
44957.925872554,4,4680,100,444563,1
44960.228892564,1,4683,100,444755,1
44962.262234866,1,4684,100,446121,1
44964.20055186,1,4685,100,446596,1
44965.622462495,1,4686,100,451917,-1
44966.73629636,1,4687,100,445417,1
44969.234478993,1,4688,100,448204,-1
44970.278658987,1,4689,100,448108,-1
44972.641349478,1,4690,100,445910,-1
44975.150718297,1,4691,100,445742,1
44977.714641946,1,4692,100,445822,-1
44978.770059211,1,4693,100,446970,-1
44980.518068434,3,4688,100,448204,-1
44982.609912526,3,4687,100,445417,1
44984.116188655,4,4690,100,445910,-1
44989.118011593,3,4677,100,450937,-1
44991.274434348,3,4693,100,446970,-1
44993.87936839,1,4694,100,448630,-1
44995.42768906,3,4685,100,446596,1
44997.046705385,5,4684,100,446121,1
44998.70473907,1,4695,100,443403,1
45000.742484255,3,4678,100,446104,1
45002.769489222,3,4692,100,445822,-1
45007.352722583,1,4696,100,442902,1
45009.460709907,3,4681,100,448256,-1
45011.128458954,1,4697,100,444186,1
45012.930103077,1,4698,100,445247,-1
45013.905374831,3,4686,100,451917,-1
45015.940068542,4,4697,100,444186,1
45018.354532539,3,4695,100,443403,1
45019.806986355,3,4689,100,448108,-1
45022.192050993,3,4696,100,442902,1
45024.588858734,5,4683,100,444755,1
45026.542393965,1,4699,100,446310,-1
45027.63631642,1,4700,100,441212,1
45028.674457218,1,4701,100,444147,1
45030.994271911,3,4699,100,446310,-1
45033.387557067,1,4702,100,444705,-1
45035.30180105,1,4703,100,445441,-1
45037.876316995,1,4704,100,444907,-1
45039.609009905,3,4703,100,445441,-1
45041.755027297,1,4705,100,442469,1
45043.256321862,3,4700,100,441212,1
45045.482853864,1,4706,100,446221,-1
45047.523611964,4,4702,100,444705,-1
45049.199697193,1,4707,100,446489,-1
45051.843517324,1,4708,100,443977,1
45053.959268534,3,4705,100,442469,1
45056.120575932,4,4704,100,444907,-1
45057.540924706,1,4709,100,445394,-1
45059.479580872,1,4710,100,443165,1
45062.109540613,5,4710,100,443165,1
45063.780934051,1,4711,100,447643,-1
45066.319664064,3,4698,100,445247,-1
45068.472445372,1,4712,100,445511,-1
45069.765250108,1,4713,100,445675,-1
45071.526582577,3,4706,100,446221,-1
45073.048464719,3,4694,100,448630,-1
45077.604083043,3,4691,100,445742,1
45081.684423257,3,4707,100,446489,-1
45083.532924148,1,4714,100,445783,-1
45086.109590032,4,4708,100,443977,1
45089.501753249,1,4715,100,444132,-1
45090.66891759,4,4701,100,444147,1
45093.133384272,1,4716,100,444542,-1
45095.855429555,1,4717,100,443904,1
45098.59695411,5,4716,100,444542,-1
45100.37201655,3,4713,100,445675,-1
45102.32205058,3,4715,100,444132,-1
45107.07325853,1,4718,100,445249,1
45108.563626894,3,4717,100,443904,1
45110.519317372,3,4718,100,445249,1
45113.01019811,1,4719,100,449293,-1
45114.64656062,3,4714,100,445783,-1
45116.050358281,3,4712,100,445511,-1
45117.374148911,4,4711,100,447643,-1
45119.563976603,1,4720,100,447564,1
45122.189739682,1,4721,100,451393,-1
45124.603781884,5,4720,100,447564,1
45126.210740945,3,4709,100,445394,-1
45128.444869902,1,4722,100,448423,1
45131.9142354,3,4719,100,449293,-1
45134.165614784,1,4723,100,450043,1
45136.819398632,1,4724,100,451609,-1
45138.946672688,3,4724,100,451609,-1
45140.057215727,4,4721,100,451393,-1
45141.148374264,5,4722,100,448423,1
45143.529687605,1,4725,100,452983,1
45144.645035105,4,4725,100,452983,1
45146.48566186,5,4723,100,450043,1
45148.92618921,1,4726,100,451785,-1
45150.95040715,4,4726,100,451785,-1
45153.412074733,1,4727,100,449628,-1
45155.172961399,3,4727,100,449628,-1
45156.376156208,1,4728,100,451558,-1
45157.927675858,4,4728,100,451558,-1
45159.209532491,1,4729,100,452197,-1
45161.544607707,1,4730,100,450304,-1
45162.96633034,4,4730,100,450304,-1
45165.227463962,1,4731,100,451878,-1
45166.513652197,3,4731,100,451878,-1
45169.038530633,5,4729,100,452197,-1
45170.907624546,1,4732,100,448117,1
45172.191947984,1,4733,100,451518,-1
45174.666035907,1,4734,100,450354,-1
45176.92444402,1,4735,100,448257,-1
45181.601941339,1,4736,100,449822,-1
45186.058334045,3,4732,100,448117,1
45189.94150367,1,4737,100,451585,-1
45192.220131469,3,4734,100,450354,-1
45194.316428239,1,4738,100,449651,1
45196.662463677,1,4739,100,447606,1
45199.124061611,1,4740,100,450374,1
45201.550970094,1,4741,100,450485,1
45204.280881852,1,4742,100,451430,-1
45206.925953706,1,4743,100,454564,-1
45208.00890116,3,4740,100,450374,1
45210.653947396,1,4744,100,451100,-1
45213.3026923,1,4745,100,451783,-1
45215.251948223,3,4744,100,451100,-1
45216.517166104,1,4746,100,452152,1
45217.503452838,1,4747,100,453511,1
45218.870624911,5,4747,100,453511,1
45219.800724322,1,4748,100,452563,1
45222.777201579,3,4735,100,448257,-1
45225.134212127,1,4749,100,453111,-1
45226.884748465,1,4750,100,454551,-1
45229.465044151,1,4751,100,453839,-1
45230.914476874,1,4752,100,453440,-1
45233.016960084,1,4753,100,451446,-1
45234.990160258,4,4737,100,451585,-1
45239.201128295,4,4742,100,451430,-1
45240.605713035,3,4741,100,450485,1
45241.667781907,1,4754,100,450433,1
45243.960885595,5,4739,100,447606,1
45246.720736407,1,4755,100,449393,1
45248.405067201,3,4753,100,451446,-1
45250.107516395,3,4749,100,453111,-1
45251.982922528,1,4756,100,447855,1
45253.039686607,1,4757,100,448681,1
45254.467851133,4,4746,100,452152,1
45257.022623881,5,4738,100,449651,1
45261.70958914,5,4733,100,451518,-1
45263.373877799,1,4758,100,454244,-1
45267.052797193,4,4736,100,449822,-1
45269.764046736,3,4754,100,450433,1
45272.157229614,1,4759,100,453731,-1
45274.290144733,1,4760,100,453725,-1
45275.886095909,3,4751,100,453839,-1
45278.163929857,1,4761,100,454802,-1
45279.615481154,3,4743,100,454564,-1
45280.724638981,1,4762,100,454947,-1
45281.700104253,1,4763,100,451831,1
45283.431795361,1,4764,100,452450,-1
45285.681580697,1,4765,100,454436,-1
45290.393230151,5,4745,100,451783,-1
45294.581442982,4,4752,100,453440,-1
45295.852247108,1,4766,100,450951,1
45297.750156265,3,4763,100,451831,1
45298.762830787,3,4766,100,450951,1
45300.51546805,5,4756,100,447855,1
45302.910802686,1,4767,100,450457,1
45304.439463699,1,4768,100,455764,-1
45305.371978226,1,4769,100,452014,1
45306.817925193,1,4770,100,454088,-1
45309.551886168,1,4771,100,450889,1
45311.020112264,4,4764,100,452450,-1
45313.741533367,1,4772,100,456284,-1
45316.030265002,1,4773,100,449590,1
45317.799891375,4,4748,100,452563,1
45320.16002291,4,4760,100,453725,-1
45324.337916784,5,4761,100,454802,-1
45330.642602445,5,4767,100,450457,1
45333.098633395,1,4774,100,454519,1
45334.834709203,1,4775,100,456300,-1
45337.020658052,3,4769,100,452014,1
45339.120198326,3,4770,100,454088,-1
45340.17293586,3,4759,100,453731,-1
45342.273325509,1,4776,100,455856,1
45344.919761778,3,4773,100,449590,1
45347.449757672,1,4777,100,457377,-1
45349.498172021,1,4778,100,456671,1
45351.055500752,4,4768,100,455764,-1
45352.968340873,1,4779,100,457823,1
45354.761830179,5,4774,100,454519,1
45357.505899082,1,4780,100,458509,-1
45359.814285968,5,4750,100,454551,-1
45361.684193053,1,4781,100,459989,-1
45362.898072046,5,4758,100,454244,-1
45364.288769177,3,4777,100,457377,-1
45366.997327263,5,4765,100,454436,-1
45369.632574004,3,4779,100,457823,1
45371.64355279,1,4782,100,457579,1
45373.014860626,3,4772,100,456284,-1
45375.602041374,4,4762,100,454947,-1
45376.575629191,1,4783,100,457582,-1
45378.106961263,3,4771,100,450889,1
45379.214497242,3,4757,100,448681,1
45380.75455459,3,4781,100,459989,-1
45383.307847454,1,4784,100,457211,1
45385.658210992,1,4785,100,460914,-1
45388.12287289,1,4786,100,457116,1
45390.096163677,4,4782,100,457579,1
45392.363392836,3,4780,100,458509,-1
45394.83747215,4,4775,100,456300,-1
45396.284418924,3,4784,100,457211,1
45398.422011879,1,4787,100,457577,1
45399.817507329,1,4788,100,456400,1
45400.975098244,3,4783,100,457582,-1
45403.300609528,3,4787,100,457577,1
45404.811723908,1,4789,100,457567,1
45407.42750033,1,4790,100,463073,-1
45409.918958772,4,4778,100,456671,1
45411.72933467,4,4785,100,460914,-1
45413.212918819,4,4755,100,449393,1
45416.708139159,1,4791,100,458124,1
45418.522539647,1,4792,100,459351,-1
45427.899026397,1,4793,100,456977,-1
45430.184778926,3,4776,100,455856,1
45431.432838311,3,4789,100,457567,1
45432.61832744,1,4794,100,458024,-1
45435.365820581,1,4795,100,459552,-1
45436.729421831,1,4796,100,458615,-1
45439.116690804,5,4792,100,459351,-1
45441.639025066,4,4788,100,456400,1
45444.286982472,1,4797,100,457324,-1
45446.586235004,4,4797,100,457324,-1
45448.135223036,3,4793,100,456977,-1
45450.003690977,5,4791,100,458124,1
45452.478239538,4,4786,100,457116,1
45454.043057369,5,4790,100,463073,-1
45455.540688632,4,4794,100,458024,-1
45457.741537495,3,4796,100,458615,-1
45459.712584985,1,4798,100,451693,1
45460.904187894,3,4798,100,451693,1
45464.062285499,3,4795,100,459552,-1
45466.352267127,1,4799,100,456573,-1
45467.937734575,1,4800,100,455100,1
45469.344443203,4,4799,100,456573,-1
45471.020456827,1,4801,100,457898,-1
45473.494943967,1,4802,100,456904,-1
45474.959682209,3,4802,100,456904,-1
45480.667335453,1,4803,100,455222,1
45481.99855334,3,4800,100,455100,1
45484.422040457,3,4803,100,455222,1
45486.954167239,1,4804,100,455131,1
45488.887662981,3,4804,100,455131,1
45493.342395923,4,4801,100,457898,-1
45494.908231219,1,4805,100,455360,-1
45496.814605756,5,4805,100,455360,-1
45498.397864122,1,4806,100,454872,-1
45500.443271984,1,4807,100,456169,-1
45503.094540586,5,4806,100,454872,-1
45505.240604162,4,4807,100,456169,-1
45506.814234271,1,4808,100,453135,-1
45508.303599684,3,4808,100,453135,-1
45510.441535583,1,4809,100,452896,-1
45512.398315125,1,4810,100,452429,1
45514.116861127,1,4811,100,452389,1
45518.210822831,1,4812,100,452299,1
45519.668870476,4,4809,100,452896,-1
45521.665750014,1,4813,100,454179,-1
45523.922070212,4,4813,100,454179,-1
45525.048827544,4,4810,100,452429,1
45527.569641586,1,4814,100,454040,-1
45529.06589442,3,4811,100,452389,1
45531.332438813,5,4812,100,452299,1
45533.86965605,4,4814,100,454040,-1
45535.245142508,1,4815,100,453524,1
45536.429969797,1,4816,100,451658,1
45537.70435844,1,4817,100,455241,-1
45539.424160596,1,4818,100,454549,-1
45541.521354074,1,4819,100,453523,-1
45548.117507679,3,4818,100,454549,-1
45550.177780291,1,4820,100,452597,-1
45551.976685232,3,4816,100,451658,1
45556.269836935,1,4821,100,454350,-1
45558.209537224,1,4822,100,453188,1
45560.677210968,1,4823,100,456387,-1
45561.889382948,1,4824,100,452748,-1
45563.553591036,5,4820,100,452597,-1
45566.324388023,1,4825,100,452018,-1
45567.712825946,3,4821,100,454350,-1
45569.590014633,4,4822,100,453188,1
45570.613841474,4,4815,100,453524,1
45574.366575813,3,4824,100,452748,-1
45575.84734763,4,4819,100,453523,-1
45578.570473063,1,4826,100,454123,-1
45580.133471584,3,4817,100,455241,-1
45582.4404007,1,4827,100,453797,-1
45584.136706917,3,4823,100,456387,-1
45585.384124311,1,4828,100,450075,1
45586.594067162,5,4828,100,450075,1
45588.345660656,3,4825,100,452018,-1
45590.206348033,1,4829,100,450887,1
45592.989582066,1,4830,100,447054,1
45595.492492749,3,4830,100,447054,1
45598.079556256,1,4831,100,450666,1
45599.111378278,1,4832,100,449770,1
45601.045257529,3,4827,100,453797,-1
45602.467992098,3,4832,100,449770,1
45603.646558863,5,4831,100,450666,1
45604.727481759,4,4829,100,450887,1
45607.191281689,1,4833,100,452671,-1
45609.385316432,1,4834,100,452945,1
45612.116478921,1,4835,100,453729,1
45613.08451003,5,4835,100,453729,1
45614.113890623,1,4836,100,456861,-1
45617.80292874,1,4837,100,453054,1
45619.753762361,3,4826,100,454123,-1
45621.192005409,1,4838,100,453876,1
45622.357867006,4,4838,100,453876,1
45624.13347981,1,4839,100,452385,1
45627.456912212,3,4837,100,453054,1
45629.332659545,1,4840,100,452276,-1
45630.853948921,4,4840,100,452276,-1
45633.632687832,1,4841,100,453628,-1
45636.330483609,3,4834,100,452945,1
45638.119054274,3,4833,100,452671,-1
45640.035731507,3,4839,100,452385,1
45642.49654041,3,4841,100,453628,-1
45643.695184045,1,4842,100,457288,-1
45645.488637037,3,4842,100,457288,-1
45646.65097854,5,4836,100,456861,-1
45648.31856625,1,4843,100,453299,-1
45651.114519237,4,4843,100,453299,-1
45652.238798448,1,4844,100,453705,-1
45654.739286838,1,4845,100,453612,-1
45656.893478305,5,4844,100,453705,-1
45658.704835999,1,4846,100,449929,1
45659.678509053,3,4845,100,453612,-1
45661.085353592,1,4847,100,453425,1
45663.778273282,1,4848,100,453122,1
45665.939155056,4,4847,100,453425,1
45667.095544573,5,4848,100,453122,1
45669.854200014,5,4846,100,449929,1
45672.340562379,1,4849,100,452217,1
45674.734999319,1,4850,100,450811,1
45677.352374584,4,4850,100,450811,1
45679.62145673,1,4851,100,457909,-1
45681.28179239,3,4851,100,457909,-1
45682.86983931,1,4852,100,455898,-1
45684.503285442,3,4849,100,452217,1
45686.325532487,1,4853,100,455307,-1
45688.717943633,1,4854,100,453301,-1
45691.522797317,4,4854,100,453301,-1
45693.175623553,4,4852,100,455898,-1
45694.341094506,3,4853,100,455307,-1
45695.824531891,1,4855,100,452580,1
45698.352372834,1,4856,100,449838,1
45699.553915423,4,4855,100,452580,1
45701.528043731,5,4856,100,449838,1
45702.901670352,1,4857,100,452759,-1
45704.712852496,3,4857,100,452759,-1
45707.19069459,1,4858,100,451399,1
45708.613123743,1,4859,100,452246,1
45712.906878511,3,4859,100,452246,1
45714.373750293,1,4860,100,449458,1
45716.089271705,1,4861,100,451898,-1
45720.726221152,4,4858,100,451399,1
45722.943287561,3,4860,100,449458,1
45726.233330873,3,4861,100,451898,-1
45728.971450865,1,4862,300,451690,-1
45730.980773685,1,4863,100,450599,1
45732.119204758,5,4863,100,450599,1
45733.588008057,1,4864,100,450060,1
45735.025382758,3,4862,300,451690,-1
45740.356213721,3,4864,100,450060,1
45743.070243113,1,4865,100,448807,1
45744.772453461,1,4866,100,451604,-1
45747.073360001,5,4866,100,451604,-1
45748.597965323,3,4865,100,448807,1
45750.400461195,1,4867,100,449443,1
45751.789625584,3,4867,100,449443,1
45754.409860358,1,4868,100,450959,-1
45755.429918083,1,4869,100,450537,1
45756.916040922,4,4869,100,450537,1
45758.749905615,3,4868,100,450959,-1
45760.843963547,1,4870,100,451208,-1
45762.652873342,3,4870,100,451208,-1
45764.038017928,1,4871,100,449513,-1
45766.142731863,3,4871,100,449513,-1
45768.735729919,1,4872,100,450376,1
45769.677233759,3,4872,100,450376,1
45770.846591015,1,4873,100,449933,-1
45771.936720962,1,4874,100,450181,1
45773.132047911,5,4873,100,449933,-1
45774.335711848,1,4875,100,447560,1
45777.829119756,3,4875,100,447560,1
45779.380947651,1,4876,100,447737,1
45781.949593284,1,4877,100,446395,1
45783.330741187,1,4878,100,447297,1
45784.7897768,4,4874,100,450181,1
45788.483664976,3,4878,100,447297,1
45790.211365229,3,4876,100,447737,1
45791.875102039,4,4877,100,446395,1
45793.039598211,1,4879,100,449409,1
45794.179072967,1,4880,100,452772,-1
45796.723700553,1,4881,100,453628,-1
45804.782260508,1,4882,100,449685,1
45807.094334817,1,4883,100,451836,-1
45809.616661456,1,4884,100,452295,-1
45811.837126694,1,4885,100,450852,1
45815.111103029,3,4885,100,450852,1
45817.100815068,1,4886,100,454240,-1
45819.062817083,4,4883,100,451836,-1
45820.35378214,3,4884,100,452295,-1
45824.859462952,3,4879,100,449409,1
45825.914058237,1,4887,100,453081,-1
45827.69918356,3,4886,100,454240,-1
45830.392126128,3,4882,100,449685,1
45832.741858679,3,4887,100,453081,-1
45834.847586812,3,4881,100,453628,-1
45836.521040268,1,4888,100,452075,-1
45838.253921959,5,4880,100,452772,-1
45839.936128795,3,4888,100,452075,-1
45842.476862603,1,4889,100,451823,-1
45843.567134661,5,4889,100,451823,-1
45844.733536802,1,4890,100,452254,-1
45846.649428034,1,4891,100,451459,1
45848.450677638,1,4892,100,453060,-1
45850.402623487,1,4893,100,451201,1
45857.752514934,1,4894,100,453364,-1
45859.364769149,1,4895,100,451180,1
45861.1617923,3,4890,100,452254,-1
45862.410100541,3,4892,100,453060,-1
45863.58670934,1,4896,100,452953,1
45866.252264753,4,4896,100,452953,1
45867.551640321,3,4891,100,451459,1
45869.946644692,3,4894,100,453364,-1
45872.351677383,1,4897,100,450391,1
45875.142939313,4,4897,100,450391,1
45876.990197876,1,4898,100,455519,-1
45878.844786407,4,4898,100,455519,-1
45880.932630547,1,4899,100,450120,1
45881.911895161,3,4893,100,451201,1
45882.975839613,1,4900,100,451887,1
45886.604245675,3,4900,100,451887,1
45889.140071922,3,4899,100,450120,1
45893.508559219,1,4901,100,456376,-1
45895.466617454,3,4901,100,456376,-1
45897.496735655,3,4895,100,451180,1
45899.492005213,1,4902,100,453080,1
45902.109482784,3,4902,100,453080,1
45903.171458054,1,4903,100,455395,1
45904.493526035,1,4904,100,458991,-1
45906.137097997,4,4903,100,455395,1
45908.228336024,4,4904,100,458991,-1
45910.890102402,1,4905,200,456289,-1
45912.819586116,3,4905,200,456289,-1
45915.168940222,1,4906,100,456367,-1
45917.677945752,1,4907,100,456304,-1
45922.845409997,3,4907,100,456304,-1
45923.912397104,1,4908,100,454705,1
45926.367401261,3,4908,100,454705,1
45927.969201017,3,4906,100,456367,-1
45930.082358282,1,4909,100,454066,1
45931.423613132,1,4910,100,454938,-1
45934.063106022,1,4911,100,455035,1
45936.201182575,1,4912,100,455436,1
45938.962031732,3,4912,100,455436,1
45941.333416248,3,4911,100,455035,1
45945.745299506,1,4913,100,453746,1
45947.663350873,1,4914,100,454196,-1
45949.921601699,1,4915,100,451311,1
45951.524722488,5,4914,100,454196,-1
45952.5093416,1,4916,100,456312,-1
45954.195475644,3,4909,100,454066,1
45955.684229402,3,4910,100,454938,-1
45956.791695426,3,4916,100,456312,-1
45958.777340233,1,4917,100,456162,-1
45961.449225729,4,4913,100,453746,1
45963.205396748,3,4915,100,451311,1
45964.630113442,1,4918,100,454533,-1
45966.482548148,4,4918,100,454533,-1
45968.114008184,1,4919,100,455493,-1
45969.720789787,1,4920,100,452887,1
45970.796589327,3,4917,100,456162,-1
45972.564869125,3,4920,100,452887,1
45974.293283552,3,4919,100,455493,-1
45976.701257951,1,4921,200,452907,-1
45978.279762755,3,4921,200,452907,-1
45979.649364747,1,4922,100,453295,-1
45980.674666638,3,4922,100,453295,-1
45982.502471372,1,4923,100,454055,-1
45984.667234473,1,4924,100,454310,1
45987.127079153,4,4923,100,454055,-1
45988.543935677,5,4924,100,454310,1
45991.252655772,1,4925,100,455231,-1
45992.338635984,3,4925,100,455231,-1
45994.673775627,1,4926,100,454654,-1
45997.416301953,3,4926,100,454654,-1
45999.550594574,1,4927,100,454671,-1
46002.11866338,1,4928,100,452821,1
46003.370108371,1,4929,100,454795,1
46005.724245563,1,4930,100,455058,-1
46008.092569171,1,4931,100,455407,-1
46010.797930538,1,4932,100,454453,-1
46013.51065732,1,4933,100,455645,-1
46014.874592657,4,4929,100,454795,1
46017.234657956,1,4934,100,455199,-1
46018.319627815,3,4930,100,455058,-1
46019.57340987,4,4928,100,452821,1
46020.76343723,1,4935,100,454517,-1
46022.650835173,4,4935,100,454517,-1
46024.394146451,5,4931,100,455407,-1
46025.495493351,1,4936,100,450866,1
46028.157999326,1,4937,100,454446,-1
46029.582166936,5,4936,100,450866,1
46031.985376228,5,4927,100,454671,-1
46033.487518816,5,4933,100,455645,-1
46036.05613526,1,4938,100,453437,1
46039.627711264,3,4938,100,453437,1
46040.820085217,1,4939,100,453416,1
46043.265902627,3,4937,100,454446,-1
46045.495321553,4,4932,100,454453,-1
46046.750469212,3,4934,100,455199,-1
46049.204395432,3,4939,100,453416,1
46051.505271918,1,4940,100,451859,1
46053.981272386,1,4941,100,451381,1
46058.319355625,5,4940,100,451859,1
46060.641033156,1,4942,100,449715,1
46062.427147458,1,4943,100,450510,1
46064.933994033,3,4943,100,450510,1
46066.71244183,5,4941,100,451381,1
46068.704767408,5,4942,100,449715,1
46070.063816127,1,4944,100,449135,1
46072.229840117,1,4945,100,448997,1
46074.164990667,5,4945,100,448997,1
46077.930257631,3,4944,100,449135,1
46080.178339403,1,4946,100,451134,1
46081.733883595,1,4947,100,453174,-1
46084.219142743,3,4947,100,453174,-1
46085.401413339,5,4946,100,451134,1
46087.60232595,1,4948,100,448888,1
46089.412380223,1,4949,100,451026,1
46091.505776563,1,4950,100,449860,1
46097.168117845,4,4950,100,449860,1
46098.163483046,4,4949,100,451026,1
46099.832330309,4,4948,100,448888,1
46100.936690294,1,4951,100,451155,1
46102.721862221,1,4952,100,451765,-1
46104.728308792,1,4953,100,453110,-1
46106.764538002,3,4952,100,451765,-1
46108.533615587,1,4954,100,449232,1
46110.206015185,3,4953,100,453110,-1
46112.184931564,1,4955,100,451571,1
46114.282123966,1,4956,100,451345,1
46116.153707444,1,4957,100,451648,-1
46117.954560606,1,4958,100,449207,1
46120.395125761,1,4959,100,450836,1
46121.857329585,4,4957,100,451648,-1
46122.869478007,1,4960,100,452194,-1
46125.198792655,4,4960,100,452194,-1
46126.729103472,1,4961,200,451889,1
46129.23729783,4,4958,100,449207,1
46133.110145973,1,4962,100,452813,-1
46137.006112321,4,4962,100,452813,-1
46137.942654294,1,4963,100,451534,1
46139.20195843,1,4964,100,452821,-1
46140.426442819,1,4965,100,450759,1
46142.803353446,1,4966,100,451317,1
46146.48928303,5,4965,100,450759,1
46147.696671989,1,4967,100,451009,1
46150.501391544,4,4956,100,451345,1
46152.219516821,1,4968,100,452449,-1
46154.861771719,4,4959,100,450836,1
46157.478203122,1,4969,100,448349,1
46159.285112883,3,4954,100,449232,1
46160.980382527,1,4970,100,453398,-1
46162.199060424,1,4971,100,454513,-1
46164.113821432,4,4961,200,451889,1
46165.135519208,3,4964,100,452821,-1
46166.287310726,1,4972,100,454717,-1
46168.705276325,1,4973,100,451751,1
46170.314398575,1,4974,100,452028,-1
46171.598711226,3,4967,100,451009,1
46172.959439718,5,4966,100,451317,1
46174.635397905,3,4970,100,453398,-1
46176.572672999,4,4974,100,452028,-1
46178.016928982,1,4975,100,455437,-1
46180.088344346,3,4973,100,451751,1
46181.640578574,4,4968,100,452449,-1
46183.928400747,1,4976,100,451524,1
46184.889352264,3,4955,100,451571,1
46185.877664395,4,4971,100,454513,-1
46187.472835093,3,4969,100,448349,1
46189.779788446,1,4977,100,454334,-1
46191.44669024,4,4977,100,454334,-1
46194.737126087,3,4976,100,451524,1
46196.440122794,1,4978,100,454455,1
46198.37914658,1,4979,100,451825,1
46200.815889327,5,4975,100,455437,-1
46202.297648596,4,4978,100,454455,1
46204.162912765,3,4963,100,451534,1
46206.401048469,5,4972,100,454717,-1
46208.967534634,1,4980,100,455501,-1
46211.491927273,1,4981,100,453338,1
46216.298160544,1,4982,100,454376,-1
46217.393831982,1,4983,100,455314,-1
46219.115209568,3,4979,100,451825,1
46221.618536011,4,4980,100,455501,-1
46224.576345215,1,4984,100,457610,-1
46230.410245974,3,4981,100,453338,1
46232.042857771,1,4985,100,454445,1
46233.663837652,4,4983,100,455314,-1
46235.567227511,1,4986,100,455932,-1
46237.655116257,3,4982,100,454376,-1
46239.645487998,1,4987,100,454134,1
46242.087917372,1,4988,100,453573,1
46243.621759547,1,4989,100,453852,1
46246.39516443,1,4990,100,456101,-1
46249.04800222,3,4989,100,453852,1
46251.815349029,4,4985,100,454445,1
46253.269817366,1,4991,100,453765,1
46256.031794616,3,4987,100,454134,1
46257.890923621,4,4991,100,453765,1
46261.29267944,1,4992,100,451431,1
46262.59550322,3,4951,100,451155,1
46263.845725459,4,4990,100,456101,-1
46265.949360614,3,4984,100,457610,-1
46268.550515613,1,4993,100,457269,-1
46270.653242725,5,4993,100,457269,-1
46272.619598966,1,4994,100,455742,1
46274.505333591,4,4994,100,455742,1
46276.198542017,4,4986,100,455932,-1
46278.556728192,1,4995,100,457122,-1
46279.69814274,1,4996,100,453361,1
46281.377458771,3,4996,100,453361,1
46285.189104785,1,4997,100,455171,1
46289.468006411,4,4995,100,457122,-1
46291.057495471,3,4992,100,451431,1
46292.282906112,1,4998,100,459970,-1
46294.954496753,1,4999,100,461246,-1
46295.982287564,3,4998,100,459970,-1
46297.106476564,4,4997,100,455171,1
46298.862759604,3,4988,100,453573,1
46300.163159522,1,5000,100,456361,1
46304.476809652,3,5000,100,456361,1
46305.52054894,3,4999,100,461246,-1
46306.663479547,1,5001,100,456452,1
46308.505125588,1,5002,100,457355,-1
46310.747201151,1,5003,100,458712,-1
46313.001444729,1,5004,100,460204,-1
46314.452677645,1,5005,100,457055,-1
46316.596881802,1,5006,100,456620,1
46319.236358623,1,5007,100,459136,-1
46320.739085184,1,5008,100,457240,-1
46323.051236034,5,5008,100,457240,-1
46327.000977422,3,5004,100,460204,-1
46329.363573855,1,5009,100,455598,1
46330.90955484,3,5007,100,459136,-1
46332.873995501,1,5010,100,458530,-1
46333.977112071,1,5011,100,457280,-1
46336.279947679,3,5010,100,458530,-1
46338.942868968,3,5003,100,458712,-1
46340.607433874,5,5001,100,456452,1
46341.895530506,3,5009,100,455598,1
46344.579310539,1,5012,100,454983,1
46346.319334783,1,5013,100,455692,1
46348.818467703,4,5005,100,457055,-1
46350.360106814,3,5012,100,454983,1
46352.433341573,3,5006,100,456620,1
46353.930668433,3,5002,100,457355,-1
46357.685596546,1,5014,100,456213,1
46358.69948618,3,5014,100,456213,1
46360.185373881,1,5015,100,457332,1
46362.021487047,4,5011,100,457280,-1
46363.905358125,3,5013,100,455692,1
46365.197587224,4,5015,100,457332,1
46367.603688341,1,5016,100,459182,-1
46369.015817059,3,5016,100,459182,-1
46370.025432172,1,5017,100,459156,-1
46371.610331879,1,5018,100,459855,-1
46372.80307065,1,5019,100,458977,-1
46374.772371079,1,5020,100,459797,-1
46376.721151859,4,5018,100,459855,-1
46377.905148151,5,5017,100,459156,-1
46380.3910573,1,5021,100,460210,-1
46382.199269709,1,5022,100,461463,-1
46383.637089211,1,5023,100,458887,-1
46384.609337942,3,5021,100,460210,-1
46389.422123439,5,5020,100,459797,-1
46391.670426959,3,5019,100,458977,-1
46392.866937186,3,5022,100,461463,-1
46393.82829464,1,5024,100,457078,1
46394.988725959,1,5025,100,456991,-1
46396.363271123,3,5023,100,458887,-1
46397.906185246,4,5024,100,457078,1
46398.983742526,5,5025,100,456991,-1
46401.67984418,1,5026,100,456211,1
46403.082218134,4,5026,100,456211,1
46405.431934759,1,5027,100,457502,-1
46407.828552346,4,5027,100,457502,-1
46408.979287643,1,5028,100,457676,1
46411.561985358,1,5029,100,459193,-1
46412.65712864,3,5029,100,459193,-1
46416.802990068,3,5028,100,457676,1
46418.45156708,1,5030,100,459117,-1
46420.36295893,4,5030,100,459117,-1
46422.149802541,1,5031,100,459182,-1
46423.258671997,3,5031,100,459182,-1
46425.946838612,1,5032,100,458550,-1
46427.927000779,1,5033,100,457961,-1
46430.698490153,3,5033,100,457961,-1
46431.935645099,1,5034,100,459659,-1
46433.206086124,3,5034,100,459659,-1
46434.4673373,3,5032,100,458550,-1
46436.944893308,1,5035,100,458717,-1
46439.528887584,4,5035,100,458717,-1
46442.286721089,1,5036,100,458267,1
46444.486024813,4,5036,100,458267,1
46446.260643315,1,5037,100,456924,1
46448.929355072,1,5038,100,453323,1
46451.945593947,1,5039,100,459713,-1
46454.529272875,3,5039,100,459713,-1
46455.500104121,5,5038,100,453323,1
46457.949538419,4,5037,100,456924,1
46460.262768483,1,5040,100,457072,1
46463.8704032,1,5041,100,456802,1
46465.694134557,5,5040,100,457072,1
46470.475646456,3,5041,100,456802,1
46471.771421614,1,5042,100,458933,1
46473.221770533,1,5043,100,457757,1
46476.651680135,1,5044,100,459320,-1
46478.318896107,1,5045,100,458247,1
46479.914691103,1,5046,100,459074,-1
46482.326176923,4,5046,100,459074,-1
46484.103492938,3,5042,100,458933,1
46485.463854323,3,5045,100,458247,1
46486.44955939,1,5047,100,458835,1
46488.179629384,1,5048,100,457880,1
46490.680180451,4,5043,100,457757,1
46493.086318223,5,5047,100,458835,1
46495.336584338,1,5049,100,458904,-1
46496.389487087,1,5050,100,457754,-1
46499.081640345,5,5050,100,457754,-1
46500.406748878,1,5051,100,456652,1
46501.6352424,4,5048,100,457880,1
46503.36262094,1,5052,100,459145,-1
46505.693926118,1,5053,100,459815,-1
46507.66704036,1,5054,100,458217,1
46509.818490592,3,5053,100,459815,-1
46511.035356084,3,5044,100,459320,-1
46513.346216156,3,5051,100,456652,1
46514.872596798,4,5049,100,458904,-1
46517.034044771,1,5055,100,462617,-1
46517.995648688,4,5052,100,459145,-1
46522.482946392,1,5056,100,458644,1
46526.127541858,3,5055,100,462617,-1
46528.203671455,1,5057,100,459228,-1
46530.198505748,1,5058,100,460482,-1
46532.276898931,3,5057,100,459228,-1
46534.506223774,1,5059,100,457066,1
46535.897766587,1,5060,100,459989,-1
46537.600862168,4,5060,100,459989,-1
46539.449578599,1,5061,100,460807,-1
46541.223311295,3,5061,100,460807,-1
46543.730533158,3,5056,100,458644,1
46544.681049607,1,5062,100,455456,1
46547.453972133,1,5063,100,456485,1
46548.987724333,4,5054,100,458217,1
46550.464670149,4,5058,100,460482,-1
46552.131182809,1,5064,100,457796,1
46553.849496917,1,5065,100,459002,1
46554.83026773,1,5066,100,459464,-1
46555.878456343,4,5059,100,457066,1
46557.322463358,1,5067,100,459615,1
46559.459968126,3,5066,100,459464,-1
46562.235634681,1,5068,200,457845,1
46563.701022692,4,5065,100,459002,1
46566.203541495,1,5069,100,458674,1
46568.735028038,3,5067,100,459615,1
46570.315778728,1,5070,100,459236,1
46571.724702241,3,5069,100,458674,1
46573.471627006,1,5071,100,462415,-1
46574.791001084,1,5072,100,460720,-1
46577.222635296,3,5062,100,455456,1
46578.5606571,3,5063,100,456485,1
46579.506172818,1,5073,100,459707,-1
46581.212168809,1,5074,100,457903,1
46582.51294487,4,5073,100,459707,-1
46584.233356839,1,5075,100,459436,-1
46586.239799942,4,5070,100,459236,1
46588.891329754,4,5064,100,457796,1
46590.480280618,3,5068,200,457845,1
46593.146571839,1,5076,100,456712,-1
46595.446559377,1,5077,100,455565,1
46596.981983421,4,5074,100,457903,1
46598.735799359,3,5071,100,462415,-1
46601.467413762,3,5076,100,456712,-1
46602.409027705,1,5078,100,456603,1
46603.387055233,1,5079,100,457154,-1
46605.510703255,3,5075,100,459436,-1
46608.772662257,4,5078,100,456603,1
46610.971114715,1,5080,100,454279,1
46612.213179499,5,5079,100,457154,-1
46613.210767828,1,5081,100,456414,-1
46614.239177916,1,5082,200,458264,-1
46616.507580577,4,5077,100,455565,1
46618.461786618,3,5081,100,456414,-1
46620.091941649,1,5083,100,453250,1
46622.300776724,3,5072,100,460720,-1
46624.222239271,1,5084,100,451525,1
46625.763541057,1,5085,100,452281,1
46627.566555349,1,5086,100,453157,1
46630.070089371,1,5087,100,452543,1
46632.040711419,1,5088,100,453994,1
46634.030315135,3,5086,100,453157,1
46635.617771829,1,5089,100,456423,-1
46638.03968084,5,5087,100,452543,1
46639.490012405,1,5090,100,459681,-1
46642.094230613,3,5084,100,451525,1
46643.733624182,3,5089,100,456423,-1
46645.136833275,4,5082,200,458264,-1
46646.903994042,4,5083,100,453250,1
46649.388469584,1,5091,100,456642,-1
46650.414710438,5,5090,100,459681,-1
46653.147340868,5,5085,100,452281,1
46655.000414128,1,5092,100,457455,1
46657.050246106,4,5091,100,456642,-1
46658.16831855,1,5093,100,457606,1
46660.381638949,1,5094,100,460211,1
46662.610908032,1,5095,100,462777,-1
46664.908961949,3,5093,100,457606,1
46667.672273107,3,5094,100,460211,1
46668.677859425,1,5096,100,460664,1
46670.611097434,3,5096,100,460664,1
46677.747672664,3,5092,100,457455,1
46680.09660741,3,5088,100,453994,1
46682.718063429,4,5095,100,462777,-1
46684.250053161,1,5097,100,461936,1
46685.475485825,1,5098,100,461954,1
46687.911538253,1,5099,100,460898,-1
46688.953118422,3,5080,100,454279,1
46691.399926793,5,5097,100,461936,1
46692.418637917,3,5099,100,460898,-1
46695.049710633,3,5098,100,461954,1
46697.339003494,1,5100,100,464302,-1
46699.826676111,3,5100,100,464302,-1
46701.822476493,1,5101,100,462105,-1
46703.129992499,1,5102,100,461635,1
46704.990603619,3,5102,100,461635,1
46707.601628905,1,5103,100,463276,-1
46709.949153125,1,5104,100,460979,1
46712.605896562,1,5105,100,463161,-1
46714.739016673,1,5106,100,462005,-1
46716.79216622,4,5106,100,462005,-1
46718.437867585,4,5101,100,462105,-1
46720.433965258,4,5104,100,460979,1
46721.735554105,3,5105,100,463161,-1
46723.222059447,1,5107,100,460530,1
46724.598822513,1,5108,100,459762,1
46727.901022643,4,5108,100,459762,1
46729.527008906,3,5103,100,463276,-1
46731.049307213,1,5109,100,461015,1
46733.240042703,1,5110,100,460023,1
46734.236056805,1,5111,100,463508,-1
46735.418391717,1,5112,100,464122,-1
46737.266507155,3,5110,100,460023,1
46739.890536796,1,5113,100,462443,1
46740.949491203,3,5113,100,462443,1
46743.048014842,1,5114,100,464368,1
46745.776795148,1,5115,100,465302,-1
46747.00614478,4,5114,100,464368,1
46749.499430183,5,5111,100,463508,-1
46751.791353364,3,5109,100,461015,1
46753.65527775,1,5116,100,461980,1
46756.35383925,3,5112,100,464122,-1
46758.989755504,4,5107,100,460530,1
46761.035486467,3,5116,100,461980,1
46762.747572959,5,5115,100,465302,-1
46765.256909244,1,5117,100,462601,1
46766.628232471,1,5118,100,461868,1
46768.161096102,4,5117,100,462601,1
46770.045534513,1,5119,100,463404,-1
46772.092866859,1,5120,100,463367,-1
46773.221157184,3,5118,100,461868,1
46774.249094953,1,5121,100,463857,-1
46775.713071544,3,5120,100,463367,-1
46777.78750109,1,5122,100,459775,1
46779.052330487,1,5123,100,460248,1
46781.326941314,5,5121,100,463857,-1
46783.383828394,1,5124,100,460788,1
46784.308162915,3,5119,100,463404,-1
46785.687587378,1,5125,100,460894,-1
46787.911541506,3,5123,100,460248,1
46790.012129193,3,5122,100,459775,1
46792.19175547,5,5124,100,460788,1
46793.198628304,1,5126,100,459584,-1
46794.679630537,1,5127,100,462377,-1
46796.79878074,1,5128,100,458728,1
46799.349075815,1,5129,100,457924,-1
46801.18855844,1,5130,100,460547,-1
46804.337972069,1,5131,100,458978,1
46807.070668175,4,5128,100,458728,1
46809.51762127,1,5132,100,459970,-1
46810.658629561,1,5133,100,457202,1
46812.93193777,3,5132,100,459970,-1
46815.409600805,1,5134,100,458677,1
46817.346868082,1,5135,100,459264,1
46819.347882704,1,5136,100,459219,1
46825.549237319,1,5137,100,459218,-1
46826.975179756,1,5138,100,457332,1
46828.459346918,5,5130,100,460547,-1
46830.678155539,1,5139,100,460844,-1
46833.028166759,5,5135,100,459264,1
46835.431101085,1,5140,100,462586,-1
46836.95713054,1,5141,100,458714,1
46839.001023408,1,5142,100,462125,-1
46841.137342781,1,5143,100,463390,-1
46842.900061174,1,5144,100,463738,-1
46844.833842764,1,5145,100,460634,1
46845.802919382,4,5125,100,460894,-1
46850.098001766,4,5142,100,462125,-1
46851.18368525,3,5138,100,457332,1
46852.275228439,3,5134,100,458677,1
46854.529459049,3,5145,100,460634,1
46855.821643501,1,5146,100,461599,-1
46858.324602828,1,5147,100,461024,-1
46860.539428057,3,5136,100,459219,1
46862.246998536,1,5148,100,460587,-1
46864.145887636,1,5149,100,460973,-1
46865.740252233,1,5150,100,461272,-1
46868.377983837,1,5151,100,459002,1
46870.378940541,1,5152,100,459529,-1
46872.609641194,1,5153,100,458756,1
46874.247467876,4,5153,100,458756,1
46876.086092288,1,5154,100,458540,1
46877.049537941,1,5155,100,461337,-1
46878.430399354,3,5151,100,459002,1
46879.48019881,1,5156,100,460201,1
46881.767587901,4,5148,100,460587,-1
46885.215185695,1,5157,100,462237,-1
46887.40695681,1,5158,100,461100,-1
46889.572031623,3,5146,100,461599,-1
46892.142566906,3,5154,100,458540,1
46894.076489166,4,5129,100,457924,-1
46895.064941627,3,5158,100,461100,-1
46897.819776631,4,5152,100,459529,-1
46899.80752181,1,5159,100,460217,1
46901.872698269,3,5133,100,457202,1
46903.492936067,1,5160,100,460030,-1
46905.49033603,3,5126,100,459584,-1
46908.19905292,3,5137,100,459218,-1
46910.189643202,1,5161,100,462988,-1
46912.719584103,1,5162,100,457686,1
46914.294730511,5,5140,100,462586,-1
46915.513627179,3,5159,100,460217,1
46918.067855744,3,5156,100,460201,1
46920.492690512,4,5141,100,458714,1
46921.606312851,3,5139,100,460844,-1
46922.969200243,3,5162,100,457686,1
46924.456077818,1,5163,100,458292,1
46925.959250096,4,5131,100,458978,1
46928.4518907,3,5155,100,461337,-1
46930.102846485,5,5143,100,463390,-1
46932.709485342,4,5160,100,460030,-1
46933.72901022,1,5164,100,458196,1
46934.981430771,1,5165,100,459297,-1
46936.166750756,1,5166,100,459813,1
46937.86874185,1,5167,100,457941,1
46939.472644215,3,5149,100,460973,-1
46941.308114753,1,5168,100,460171,-1
46946.134339089,3,5163,100,458292,1
46948.745419764,3,5127,100,462377,-1
46951.144010125,4,5165,100,459297,-1
46955.358540438,1,5169,100,460136,-1
46956.589508691,1,5170,100,459701,-1
46959.280338975,1,5171,100,458766,-1
46960.929433666,1,5172,100,461687,-1
46963.396763796,3,5164,100,458196,1
46965.23377605,4,5169,100,460136,-1
46966.251769448,3,5147,100,461024,-1
46968.454652788,3,5168,100,460171,-1
46970.911441139,4,5171,100,458766,-1
46973.248393519,1,5173,100,459333,-1
46975.15520816,1,5174,100,459257,1
46977.85921869,1,5175,100,458578,1
46980.500154461,3,5150,100,461272,-1
46982.953882619,1,5176,100,459371,1
46984.325724861,3,5170,100,459701,-1
46987.089233545,1,5177,100,460330,-1
46988.911059894,4,5174,100,459257,1
46990.51529784,4,5177,100,460330,-1
46992.139515317,1,5178,100,460458,-1
46996.20938681,3,5166,100,459813,1
46998.915309585,5,5157,100,462237,-1
47000.454009344,4,5173,100,459333,-1
47002.080985308,4,5178,100,460458,-1
47004.207911396,1,5179,100,455347,1
47005.977787265,1,5180,100,464729,-1
47008.593762589,4,5176,100,459371,1
47009.941924789,3,5161,100,462988,-1
47011.14803613,3,5167,100,457941,1
47012.806008474,3,5144,100,463738,-1
47014.766097162,4,5180,100,464729,-1
47016.333666831,3,5175,100,458578,1
47017.653337065,3,5172,100,461687,-1
47020.128995578,1,5181,100,457754,1
47022.733709524,4,5179,100,455347,1
47024.974627626,5,5181,100,457754,1
47026.138331647,1,5182,100,458529,-1
47028.840072195,3,5182,100,458529,-1
47030.34979637,1,5183,100,458877,1
47033.742795812,1,5184,100,457523,-1
47035.469208273,3,5183,100,458877,1
47036.527979778,3,5184,100,457523,-1
47038.60790504,1,5185,100,458772,-1
47041.197675874,3,5185,100,458772,-1
47043.593999325,1,5186,100,457354,-1
47048.74728113,1,5187,100,456842,1
47051.378479037,1,5188,100,457420,-1
47052.668709267,5,5187,100,456842,1
47056.510611336,3,5188,100,457420,-1
47058.486859285,1,5189,100,458775,-1
47060.490656286,1,5190,200,459223,-1
47061.906906824,3,5190,200,459223,-1
47064.042044433,3,5186,100,457354,-1
47065.125051349,1,5191,100,456015,1
47067.254012733,5,5189,100,458775,-1
47068.807383033,1,5192,100,457707,1
47070.257608461,1,5193,100,456368,1
47072.103012008,1,5194,100,456983,1
47073.45396065,1,5195,100,455508,1
47075.187828419,3,5192,100,457707,1
47077.361407867,5,5195,100,455508,1
47080.675283499,1,5196,100,458376,-1
47082.270354731,1,5197,100,459869,-1
47084.552817849,1,5198,100,457014,1
47085.913232579,3,5193,100,456368,1
47088.547248435,1,5199,100,458191,-1
47090.89782146,5,5197,100,459869,-1
47093.50806274,1,5200,100,458528,-1
47095.608035128,1,5201,100,455427,1
47096.805141651,3,5191,100,456015,1
47098.286903927,1,5202,100,457320,1
47101.356556832,1,5203,100,454385,1
47103.064263968,3,5199,100,458191,-1
47104.287131887,1,5204,100,453277,1
47106.728390233,1,5205,100,457833,-1
47107.815903951,1,5206,100,456939,-1
47108.755822492,3,5203,100,454385,1
47110.963477193,5,5200,100,458528,-1
47112.947870597,1,5207,100,453951,-1
47115.372188809,4,5198,100,457014,1
47116.676188869,4,5207,100,453951,-1
47118.419018342,1,5208,100,453081,1
47122.338743342,1,5209,100,455815,1
47123.376476173,5,5205,100,457833,-1
47125.211797605,3,5206,100,456939,-1
47126.967748447,3,5202,100,457320,1
47129.619601413,1,5210,100,455322,1
47130.555504343,1,5211,100,455201,1
47133.864346932,3,5211,100,455201,1
47136.031994315,3,5201,100,455427,1
47138.135868892,3,5204,100,453277,1
47139.221901088,1,5212,100,452638,1
47141.876310696,3,5210,100,455322,1
47144.031017484,3,5212,100,452638,1
47145.372434971,4,5194,100,456983,1
47146.776851402,3,5196,100,458376,-1
47149.099541625,1,5213,100,455542,-1
47151.440692934,1,5214,100,454616,1
47154.87867774,1,5215,100,456910,-1
47156.141494994,4,5213,100,455542,-1
47158.380837427,3,5215,100,456910,-1
47160.980725041,4,5209,100,455815,1
47162.246659091,4,5214,100,454616,1
47163.875037032,1,5216,100,452794,1
47166.416830845,1,5217,100,454535,-1
47168.840804557,1,5218,100,450252,1
47170.218712425,5,5217,100,454535,-1
47171.54733845,4,5218,100,450252,1
47174.124098656,3,5208,100,453081,1
47176.032045176,1,5219,100,452387,1
47177.728949043,1,5220,100,456702,-1
47180.429750856,1,5221,100,454307,1
47181.404722739,1,5222,100,455256,1
47183.466932303,1,5223,100,455129,1
47184.466149636,1,5224,100,455791,1
47186.082850092,3,5219,100,452387,1
47187.209525794,1,5225,100,457624,-1
47188.556076856,4,5220,100,456702,-1
47191.135956034,1,5226,100,454250,1
47193.12364596,3,5224,100,455791,1
47195.763781268,3,5221,100,454307,1
47197.514134493,3,5223,100,455129,1
47199.462383308,5,5226,100,454250,1
47200.412359247,3,5222,100,455256,1
47202.51930507,4,5216,100,452794,1
47204.559814084,3,5225,100,457624,-1
47206.602633194,1,5227,100,455491,-1
47207.966606568,1,5228,100,456075,-1
47209.124907186,1,5229,100,455644,-1
47211.098243425,3,5229,100,455644,-1
47213.780072384,3,5227,100,455491,-1
47214.767594911,3,5228,100,456075,-1
47215.965687871,1,5230,100,455044,1
47218.540826516,1,5231,100,456220,-1
47220.285414958,1,5232,100,457844,-1
47221.906188439,3,5230,100,455044,1
47222.939551782,4,5232,100,457844,-1
47224.205861556,1,5233,100,451349,1
47225.696943788,4,5233,100,451349,1
47227.607217673,1,5234,100,452555,1
47229.704185396,3,5234,100,452555,1
47231.886648147,1,5235,100,455417,-1
47234.466838059,3,5231,100,456220,-1
47235.535434773,1,5236,100,457704,-1
47236.887511834,4,5235,100,455417,-1
47238.873113283,5,5236,100,457704,-1
47240.725765791,1,5237,100,455375,1
47243.046487811,4,5237,100,455375,1
47243.956017009,1,5238,100,454500,1
47246.405452915,1,5239,100,455103,1
47249.810968568,3,5239,100,455103,1
47251.625553639,1,5240,100,453997,1
47254.201259506,3,5240,100,453997,1
47256.812705413,3,5238,100,454500,1
47259.306965259,1,5241,100,454131,1
47261.823344727,3,5241,100,454131,1
47262.9402338,1,5242,100,455693,1
47264.199373737,4,5242,100,455693,1
47265.588803736,1,5243,100,456420,-1
47267.150342704,4,5243,100,456420,-1
47268.565174447,1,5244,100,455650,1
47269.674284538,4,5244,100,455650,1
47271.293951984,1,5245,100,455088,1
47273.10545022,5,5245,100,455088,1
47275.473008225,1,5246,100,456835,-1
47277.823023181,1,5247,100,454760,1
47281.658025553,4,5246,100,456835,-1
47284.079058448,4,5247,100,454760,1
47286.606366898,1,5248,100,456573,1
47288.296328182,3,5248,100,456573,1
47289.942940308,1,5249,100,457391,-1
47292.425799858,3,5249,100,457391,-1
47293.5399992,1,5250,100,457190,-1
47296.010274681,4,5250,100,457190,-1
47298.244860719,1,5251,100,457429,1
47299.963935177,1,5252,100,459708,-1
47302.144834621,1,5253,100,456176,1
47303.587207897,4,5251,100,457429,1
47305.582989099,4,5253,100,456176,1
47306.559997029,1,5254,100,456045,1
47307.555641996,3,5252,100,459708,-1
47309.852131171,3,5254,100,456045,1
47311.149518309,1,5255,100,459402,-1
47313.176052729,1,5256,100,459994,-1
47317.312612494,1,5257,100,464771,-1
47321.492507166,1,5258,100,462287,-1
47322.754990776,1,5259,100,457746,1
47324.429821502,1,5260,100,461421,1
47326.710057104,4,5258,100,462287,-1
47328.762506195,3,5257,100,464771,-1
47330.009682346,3,5259,100,457746,1
47331.454168881,1,5261,100,461841,-1
47332.81265073,1,5262,100,460379,-1
47334.149027985,5,5261,100,461841,-1
47335.56237125,1,5263,100,459282,1
47336.836809364,3,5256,100,459994,-1
47338.881944412,3,5262,100,460379,-1
47340.624219091,4,5260,100,461421,1
47343.224470947,1,5264,100,462359,-1
47345.651989417,4,5255,100,459402,-1
47346.77712726,1,5265,100,460413,1
47349.187182401,5,5264,100,462359,-1
47351.085701001,1,5266,100,456804,1
47352.282118676,1,5267,100,459387,1
47354.150369661,3,5265,100,460413,1
47355.404422247,1,5268,100,460414,1
47357.761494832,4,5268,100,460414,1
47359.480752388,4,5267,100,459387,1
47361.631461738,1,5269,100,459130,1
47363.927460345,3,5263,100,459282,1
47365.103437038,3,5266,100,456804,1
47367.53299604,3,5269,100,459130,1
47369.630636154,1,5270,100,462846,-1
47371.03092161,3,5270,100,462846,-1
47372.487427962,1,5271,100,463603,-1
47374.696176487,4,5271,100,463603,-1
47375.877899168,1,5272,100,463415,1
47377.115160232,1,5273,100,461493,1
47378.466544416,1,5274,100,460472,1
47379.866790661,1,5275,100,464097,-1
47383.055591539,1,5276,100,465101,-1
47384.727003527,3,5272,100,463415,1
47386.988005656,4,5275,100,464097,-1
47389.652146896,1,5277,100,464084,-1
47390.987201981,1,5278,100,466259,-1
47393.00602028,1,5279,100,463694,1
47395.212440502,1,5280,100,466765,-1
47397.089581119,3,5273,100,461493,1
47399.025538348,3,5276,100,465101,-1
47400.486225793,3,5277,100,464084,-1
47402.553023565,1,5281,100,464136,1
47404.819421864,4,5278,100,466259,-1
47406.513175955,3,5281,100,464136,1
47407.564641761,3,5280,100,466765,-1
47409.359937734,3,5274,100,460472,1
47412.742203156,4,5279,100,463694,1
47414.938949113,1,5282,100,465167,1
47416.006669311,1,5283,100,468788,-1
47418.622062221,4,5283,100,468788,-1
47419.795145901,4,5282,100,465167,1
47421.063016424,1,5284,100,467371,1
47422.759531237,1,5285,100,469300,-1
47425.007536713,1,5286,100,469850,-1
47426.260305196,1,5287,100,467241,1
47427.791079859,3,5287,100,467241,1
47429.673895253,1,5288,100,468977,-1
47431.69763762,1,5289,100,468435,1
47434.305592685,4,5289,100,468435,1
47435.960972615,1,5290,100,465979,1
47437.432260892,1,5291,100,468181,1
47440.115447082,1,5292,100,467561,1
47441.281887998,5,5290,100,465979,1
47443.792084764,4,5284,100,467371,1
47445.63853625,1,5293,100,468015,-1
47447.733298766,1,5294,100,466820,1
47450.181507423,1,5295,100,469043,-1
47453.79796896,4,5291,100,468181,1
47454.788218261,5,5288,100,468977,-1
47456.570990251,4,5292,100,467561,1
47458.012562531,1,5296,100,467299,-1
47459.500698587,3,5285,100,469300,-1
47461.529380783,5,5293,100,468015,-1
47463.908663939,3,5295,100,469043,-1
47464.835536737,1,5297,100,464584,1
47466.526372955,3,5286,100,469850,-1
47468.601219964,3,5297,100,464584,1
47470.455233992,4,5294,100,466820,1
47472.740950565,3,5296,100,467299,-1
47474.471648355,1,5298,100,463572,-1
47479.496591545,4,5298,100,463572,-1
47481.631806777,1,5299,100,463152,1
47483.682507447,4,5299,100,463152,1
47484.862022037,1,5300,100,463959,-1
47486.457351368,3,5300,100,463959,-1
47487.569564316,1,5301,100,462659,1
47488.95295222,4,5301,100,462659,1
47490.770595733,1,5302,100,463877,-1
47492.600615899,4,5302,100,463877,-1
47493.79194065,1,5303,100,463181,1
47495.583357919,3,5303,100,463181,1
47498.198970995,1,5304,100,466467,-1
47499.387288684,1,5305,100,461441,1
47501.8403503,4,5305,100,461441,1
47503.766068737,4,5304,100,466467,-1
47505.362732453,1,5306,100,462810,1
47507.614893379,1,5307,100,465884,-1
47510.422551966,3,5306,100,462810,1
47512.545585551,3,5307,100,465884,-1
47513.890623797,1,5308,100,464570,-1
47515.815110657,1,5309,100,464484,-1
47518.253349917,1,5310,100,463122,1
47519.201897392,1,5311,100,465069,-1
47520.927575382,5,5310,100,463122,1
47521.963243948,1,5312,100,464991,-1
47523.44192495,1,5313,100,466414,-1
47524.337305417,1,5314,100,464868,1
47525.489040145,5,5311,100,465069,-1
47526.873698427,3,5313,100,466414,-1
47528.840234997,3,5309,100,464484,-1
47530.457170999,1,5315,100,466396,-1
47532.630237936,4,5308,100,464570,-1
47534.548272917,1,5316,100,465316,1
47536.537958654,3,5315,100,466396,-1
47537.715903787,3,5314,100,464868,1
47540.099549178,1,5317,100,467442,-1
47542.377084322,1,5318,100,464711,1
47543.354380786,4,5318,100,464711,1
47545.902634429,5,5317,100,467442,-1
47546.906300295,3,5316,100,465316,1
47548.089276352,5,5312,100,464991,-1
47550.397887594,1,5319,100,465471,1
47552.522403468,4,5319,100,465471,1
47554.162579226,1,5320,100,464972,-1
47555.803653235,3,5320,100,464972,-1
47557.89954558,1,5321,100,462416,1
47558.864894721,5,5321,100,462416,1
47561.194180984,1,5322,100,464282,-1
47563.250046358,3,5322,100,464282,-1
47565.224752411,1,5323,100,463174,1
47566.996678768,3,5323,100,463174,1
47568.606831871,1,5324,100,464079,1
47569.509610055,4,5324,100,464079,1
47571.720545098,1,5325,100,463816,1
47573.227304997,1,5326,200,462959,1
47574.811443415,3,5325,100,463816,1
47576.246795129,1,5327,100,464400,1
47578.197763659,1,5328,100,464059,1
47579.239174676,3,5326,200,462959,1
47580.982707822,5,5327,100,464400,1
47587.611309587,1,5329,100,464853,-1
47589.466753599,4,5328,100,464059,1
47592.137177554,1,5330,100,463124,-1
47594.708092383,1,5331,100,462318,1
47598.474006639,1,5332,100,463822,1
47600.378553987,3,5329,100,464853,-1
47601.616498221,3,5331,100,462318,1
47602.889616335,1,5333,100,463266,-1
47604.50863259,1,5334,100,465008,-1
47608.332001183,3,5332,100,463822,1
47609.762954013,1,5335,100,463567,1
47611.178169249,1,5336,100,465944,-1
47613.378292875,4,5333,100,463266,-1
47615.805729878,1,5337,100,463414,1
47617.04283972,1,5338,100,466097,1
47619.118342395,1,5339,100,467312,-1
47620.283778331,1,5340,100,465437,-1
47621.388322624,3,5338,100,466097,1
47622.600906455,4,5334,100,465008,-1
47626.89773928,3,5330,100,463124,-1
47629.419323631,1,5341,100,464690,1
47630.632874563,3,5337,100,463414,1
47632.302117557,4,5336,100,465944,-1
47633.210014188,1,5342,100,467667,1
47634.730040321,1,5343,100,470485,-1
47636.630390411,1,5344,100,471612,-1
47639.112675261,3,5335,100,463567,1
47641.339479683,1,5345,100,468213,1
47642.630834356,1,5346,100,467474,1
47645.069513686,1,5347,100,469049,1
47646.335909846,3,5339,100,467312,-1
47648.101084224,5,5342,100,467667,1
47649.382485162,1,5348,100,471056,-1
47651.082101537,4,5340,100,465437,-1
47653.663133815,4,5347,100,469049,1
47655.394456774,3,5341,100,464690,1
47656.563804709,5,5345,100,468213,1
47657.613813102,1,5349,100,471909,-1
47659.429072122,4,5343,100,470485,-1
47661.591503856,1,5350,100,469140,1
47663.443494402,4,5350,100,469140,1
47665.217453255,1,5351,100,466274,1
47666.996693833,4,5344,100,471612,-1
47668.310814525,3,5348,100,471056,-1
47669.823273869,3,5349,100,471909,-1
47671.093362944,3,5351,100,466274,1
47673.164664211,3,5346,100,467474,1
47675.609998145,1,5352,100,469767,-1
47676.549175988,4,5352,100,469767,-1
47678.625092159,1,5353,100,467881,1
47679.611621263,1,5354,100,469175,-1
47682.195003122,1,5355,100,469494,1
47683.844236147,1,5356,100,468557,-1
47686.108251971,3,5354,100,469175,-1
47687.789451882,3,5355,100,469494,1
47691.601561997,1,5357,100,469505,-1
47692.623195238,1,5358,100,467552,1
47693.788447644,1,5359,100,469113,1
47695.28377332,3,5357,100,469505,-1
47696.997876643,1,5360,100,466102,1
47699.001151393,3,5358,100,467552,1
47701.447762022,3,5356,100,468557,-1
47703.765361465,3,5353,100,467881,1
47706.338190464,3,5360,100,466102,1
47707.704994745,3,5359,100,469113,1
47709.05198956,1,5361,100,468016,1
47711.657840363,1,5362,100,466281,1
47712.626096917,4,5361,100,468016,1
47715.084874614,1,5363,100,468833,-1
47716.259854557,3,5362,100,466281,1
47717.336170242,1,5364,100,466908,1
47718.910358186,1,5365,100,467803,-1
47720.199954,1,5366,100,466803,-1
47722.115865955,1,5367,100,467074,-1
47723.109486825,3,5367,100,467074,-1
47725.484769963,5,5365,100,467803,-1
47726.910891168,4,5364,100,466908,1
47729.262164803,4,5366,100,466803,-1
47731.907708273,1,5368,100,470028,-1
47733.509335664,1,5369,100,466623,-1
47736.087318248,1,5370,100,465362,1
47737.203645603,1,5371,100,465177,-1
47739.777920533,1,5372,100,464673,1
47742.096767743,4,5370,100,465362,1
47744.653258193,4,5371,100,465177,-1
47745.974249109,4,5369,100,466623,-1
47747.941070482,1,5373,100,468219,-1
47750.53866034,1,5374,100,462437,1
47751.51271908,3,5372,100,464673,1
47752.646415027,1,5375,100,463925,1
47755.132586816,4,5373,100,468219,-1
47757.574278563,4,5375,100,463925,1
47759.600044277,5,5368,100,470028,-1
47760.89879388,1,5376,100,462132,1
47762.740736945,1,5377,100,465624,-1
47764.179769888,1,5378,100,462370,1
47766.101634751,3,5377,100,465624,-1
47768.10239713,5,5376,100,462132,1
47769.289887078,1,5379,100,465802,-1
47770.643550356,3,5363,100,468833,-1
47772.19805736,3,5378,100,462370,1
47773.911362581,4,5379,100,465802,-1
47776.682839245,1,5380,100,464058,-1
47778.269308923,3,5374,100,462437,1
47780.506479469,3,5380,100,464058,-1
47782.01269848,1,5381,100,460607,1
47783.443861063,1,5382,100,464989,-1
47789.388457335,1,5383,100,464552,-1
47791.874393501,1,5384,100,464633,-1
47793.214595306,4,5384,100,464633,-1
47794.472979331,1,5385,100,464563,-1
47795.546375112,1,5386,100,462566,1
47796.924995777,1,5387,100,462898,1
47798.761688506,4,5385,100,464563,-1
47801.367570139,3,5382,100,464989,-1
47803.366233659,1,5388,100,465595,-1
47807.016830495,4,5383,100,464552,-1
47809.353561596,1,5389,100,463238,-1
47810.447223529,1,5390,100,459788,1
47812.174224064,1,5391,100,464011,1
47813.280840565,4,5389,100,463238,-1
47817.111415642,3,5387,100,462898,1
47818.597524696,5,5391,100,464011,1
47821.200435996,1,5392,100,467125,-1
47822.441620335,1,5393,100,464472,-1
47825.062193358,1,5394,100,465698,-1
47828.273278838,4,5393,100,464472,-1
47829.284691678,1,5395,100,464295,-1
47832.966946932,3,5386,100,462566,1
47834.272271999,1,5396,100,461942,1
47836.587463255,1,5397,100,463978,1
47837.491482947,3,5388,100,465595,-1
47838.512812505,3,5381,100,460607,1
47841.024984425,3,5395,100,464295,-1
47841.99522505,1,5398,100,464418,1
47843.771943225,5,5392,100,467125,-1
47847.109689956,4,5394,100,465698,-1
47848.522697039,1,5399,100,468861,-1
47849.645048143,1,5400,100,465855,-1
47851.482191315,3,5398,100,464418,1
47854.001448089,1,5401,100,468283,-1
47857.113092572,5,5399,100,468861,-1
47858.610078253,1,5402,100,467864,-1
47860.582753448,4,5400,100,465855,-1
47861.711733241,1,5403,100,468400,-1
47862.742756545,3,5402,100,467864,-1
47865.22022515,1,5404,100,465705,-1
47867.646574544,5,5397,100,463978,1
47868.964952354,1,5405,100,462668,1
47872.564869049,1,5406,100,465788,1
47873.712753028,3,5404,100,465705,-1
47875.878687255,1,5407,100,466199,-1
47880.150611535,3,5406,100,465788,1
47882.392740941,3,5401,100,468283,-1
47884.066507391,1,5408,100,466776,1
47886.010067288,1,5409,100,468851,-1
47887.683368107,4,5407,100,466199,-1
47890.179970802,5,5405,100,462668,1
47892.068795475,3,5409,100,468851,-1
47893.512678331,5,5390,100,459788,1
47896.362450941,1,5410,100,465377,1
47897.369048421,4,5408,100,466776,1
47899.773967663,4,5410,100,465377,1
47901.702644898,1,5411,100,466286,1
47903.638140807,1,5412,100,464495,1
47904.639075596,3,5403,100,468400,-1
47906.729636467,3,5412,100,464495,1
47909.191705467,5,5411,100,466286,1
47911.088461813,3,5396,100,461942,1
47912.475500011,1,5413,100,466058,1
47913.870326408,1,5414,100,468556,-1
47916.058859282,1,5415,100,467705,1
47917.328784189,3,5413,100,466058,1
47919.37991537,4,5415,100,467705,1
47921.825944226,4,5414,100,468556,-1
47922.709318114,1,5416,100,467432,1
47923.792927582,3,5416,100,467432,1
47926.215920428,1,5417,100,467052,1
47927.835168865,3,5417,100,467052,1
47930.085269783,1,5418,100,469747,-1
47931.59550702,1,5419,100,470604,-1
47932.669223359,1,5420,100,469762,-1
47934.121797438,3,5419,100,470604,-1
47936.633924999,5,5420,100,469762,-1
47938.656540336,4,5418,100,469747,-1
47940.2564295,1,5421,100,470210,1
47942.820630187,1,5422,100,470946,-1
47945.226572515,1,5423,100,469813,1
47946.877655762,3,5422,100,470946,-1
47949.458194453,3,5421,100,470210,1
47950.338219964,1,5424,100,472488,-1
47952.451105779,3,5423,100,469813,1
47954.430618273,1,5425,100,474342,-1
47956.173813957,1,5426,100,471517,-1
47958.04281065,1,5427,100,469151,1
47962.488668657,3,5427,100,469151,1
47963.955760143,3,5425,100,474342,-1
47965.234908521,3,5426,100,471517,-1
47967.117514649,1,5428,100,467213,1
47968.789462778,1,5429,100,467811,-1
47970.50954273,5,5429,100,467811,-1
47971.972155859,1,5430,100,463798,1
47973.730610127,3,5430,100,463798,1
47976.093271395,1,5431,100,462666,1
47978.314899026,1,5432,100,467056,-1
47980.606970645,5,5432,100,467056,-1
47983.047348859,3,5428,100,467213,1
47984.303913027,3,5424,100,472488,-1
47986.284642754,3,5431,100,462666,1
47987.711535428,1,5433,100,466545,1
47990.214187109,1,5434,100,463510,1
47992.432789959,5,5433,100,466545,1
47994.820698963,4,5434,100,463510,1
47997.11149635,1,5435,100,466563,1
48000.269616291,4,5435,100,466563,1
48002.018255249,1,5436,100,464493,1
48003.827950682,3,5436,100,464493,1
48005.400115734,1,5437,100,467478,-1
48007.905728999,1,5438,100,465396,1
48010.175028806,3,5437,100,467478,-1
48012.088155481,4,5438,100,465396,1
48013.04298218,1,5439,100,463975,1
48014.168585703,3,5439,100,463975,1
48015.161100972,1,5440,100,465927,-1
48016.903954079,3,5440,100,465927,-1
48018.372037372,1,5441,100,466797,-1
48019.950954831,3,5441,100,466797,-1
48021.596486703,1,5442,100,468616,-1
48025.217236177,3,5442,100,468616,-1
48027.752755024,1,5443,100,467884,1
48031.994035742,1,5444,100,470027,-1
48032.97605504,3,5443,100,467884,1
48035.356734328,1,5445,100,467763,-1
48036.449025239,5,5445,100,467763,-1
48038.652198172,3,5444,100,470027,-1
48040.513240831,1,5446,100,466959,1
48042.288503467,1,5447,100,469860,-1
48043.254661736,1,5448,100,467946,1
48045.313889841,1,5449,100,469744,-1
48047.774939693,3,5446,100,466959,1
48049.447955518,3,5447,100,469860,-1
48051.326473148,1,5450,100,471390,-1
48053.398701001,1,5451,100,470378,-1
48055.792307701,5,5450,100,471390,-1
48057.393570244,4,5449,100,469744,-1
48059.553870357,1,5452,100,470306,-1
48060.912788392,1,5453,100,468530,1
48061.853303868,3,5448,100,467946,1
48064.290070361,3,5452,100,470306,-1
48066.23285881,1,5454,100,469190,-1
48070.513352046,1,5455,100,469184,-1
48073.76460898,1,5456,100,466486,1
48074.793541863,3,5455,100,469184,-1
48076.93091047,1,5457,100,467137,1
48079.247597531,4,5457,100,467137,1
48080.122647221,1,5458,100,468139,1
48086.038367774,3,5456,100,466486,1
48088.095845301,1,5459,100,468865,-1
48089.474869421,3,5459,100,468865,-1
48091.613879242,3,5453,100,468530,1
48095.144289031,1,5460,100,467308,1
48097.064840344,3,5458,100,468139,1
48098.705920961,1,5461,100,468972,-1
48101.164299008,3,5461,100,468972,-1
48102.21343873,4,5460,100,467308,1
48104.004000965,3,5451,100,470378,-1
48105.626352389,1,5462,100,466523,1
48107.603448685,4,5462,100,466523,1
48110.778013495,3,5454,100,469190,-1
48113.326592905,1,5463,100,466310,1
48116.983818249,1,5464,100,471980,-1
48118.932555101,3,5464,100,471980,-1
48119.880108695,1,5465,100,468982,1
48122.432272883,1,5466,100,472853,-1
48124.498732191,1,5467,100,471961,-1
48126.592360506,3,5466,100,472853,-1
48128.0435476,5,5467,100,471961,-1
48129.424035661,3,5465,100,468982,1
48130.612031883,1,5468,100,468759,1
48134.345432336,1,5469,100,468063,1
48138.363033171,3,5468,100,468759,1
48140.904596061,1,5470,100,466758,1
48142.012398809,1,5471,100,469352,-1
48143.359574157,1,5472,100,467517,1
48145.792122818,1,5473,100,468223,1
48146.940517345,1,5474,100,468374,-1
48148.019786418,3,5474,100,468374,-1
48150.134244813,3,5472,100,467517,1
48152.592572543,1,5475,100,464071,1
48153.685160573,1,5476,100,465652,1
48156.095384334,3,5475,100,464071,1
48158.068684432,3,5463,100,466310,1
48159.620884052,4,5470,100,466758,1
48164.615764223,3,5469,100,468063,1
48165.617431826,3,5476,100,465652,1
48167.285231552,4,5473,100,468223,1
48168.873312516,1,5477,100,469026,-1
48169.730612884,4,5477,100,469026,-1
48174.517768998,1,5478,100,470358,-1
48176.862981531,1,5479,100,465637,1
48179.236170551,5,5478,100,470358,-1
48181.03120046,3,5471,100,469352,-1
48183.417004621,3,5479,100,465637,1
48185.041334496,1,5480,100,466986,1
48186.082258309,1,5481,100,469214,-1
48187.96695875,1,5482,100,467374,-1
48189.843039501,3,5481,100,469214,-1
48191.369182277,1,5483,100,466274,1
48193.533171547,3,5480,100,466986,1
48195.139909697,4,5482,100,467374,-1
48197.374774544,1,5484,100,465024,1
48198.985928403,1,5485,100,466333,-1
48200.615625395,3,5485,100,466333,-1
48201.572605716,4,5483,100,466274,1
48202.44988078,1,5486,100,465991,1
48203.752922977,1,5487,100,466073,1
48206.267032666,4,5487,100,466073,1
48209.609380147,1,5488,100,464874,-1
48211.617541784,1,5489,100,466052,-1
48212.81423842,3,5488,100,464874,-1
48214.621554061,3,5489,100,466052,-1
48219.301446771,4,5486,100,465991,1
48221.148963188,3,5484,100,465024,1
48222.983332917,1,5490,100,462778,-1
48225.771556613,3,5490,100,462778,-1
48227.880745494,1,5491,100,462669,1
48229.210320061,3,5491,100,462669,1
48230.086182835,1,5492,100,462835,1
48231.7546259,1,5493,100,463442,1
48233.161970557,4,5493,100,463442,1
48235.476856361,4,5492,100,462835,1
48236.50479889,1,5494,100,463518,-1
48239.023550715,3,5494,100,463518,-1
48240.760370818,1,5495,100,465957,-1
48242.719381462,1,5496,100,462124,1
48244.796087413,1,5497,100,463461,-1
48246.20061305,1,5498,100,460983,1
48247.68071768,3,5498,100,460983,1
48249.049500389,1,5499,100,459936,1
48252.694851014,1,5500,100,459813,1
48254.374104326,1,5501,100,456581,1
48258.376467615,5,5496,100,462124,1
48260.55886539,1,5502,100,458804,1
48261.965898541,1,5503,100,455296,1
48264.350827893,3,5502,100,458804,1
48265.416793792,1,5504,100,457322,1
48266.399809281,1,5505,100,457467,1
48268.544627351,4,5504,100,457322,1
48270.983290557,3,5497,100,463461,-1
48272.479794011,4,5499,100,459936,1
48273.600280994,1,5506,100,458733,1
48275.902581714,1,5507,100,456763,1
48279.407787286,1,5508,100,456870,1
48280.4598099,1,5509,100,458809,-1
48281.967673261,5,5507,100,456763,1
48283.61932326,3,5503,100,455296,1
48284.65884188,1,5510,100,457189,1
48287.395355403,3,5495,100,465957,-1
48289.645951392,3,5506,100,458733,1
48290.96459626,5,5508,100,456870,1
48293.232704811,5,5510,100,457189,1
48294.97932058,4,5509,100,458809,-1
48297.497163211,3,5500,100,459813,1
48299.549824993,3,5505,100,457467,1
48301.04356584,1,5511,100,459432,-1
48302.074913184,3,5511,100,459432,-1
48303.772842468,3,5501,100,456581,1
48304.751058006,1,5512,100,458382,1
48305.952431106,3,5512,100,458382,1
48306.922951582,1,5513,100,458194,1
48308.99944251,4,5513,100,458194,1
48310.102439959,1,5514,100,458008,1
48312.058659474,3,5514,100,458008,1
48314.522058653,1,5515,100,458318,1
48317.86408504,3,5515,100,458318,1
48319.261517716,1,5516,100,458596,-1
48321.711999166,1,5517,100,458869,-1
48323.753778917,1,5518,100,460614,-1
48324.756853997,1,5519,100,458152,-1
48326.044771546,1,5520,100,456766,1
48328.557467762,3,5520,100,456766,1
48329.404778067,1,5521,100,459668,-1
48330.712723694,1,5522,100,454566,1
48331.565384584,1,5523,100,457705,1
48333.355351425,1,5524,100,459788,-1
48334.787782289,4,5519,100,458152,-1
48338.910056081,3,5521,100,459668,-1
48340.851546619,1,5525,100,456576,1
48343.38195649,4,5516,100,458596,-1
48345.454514116,5,5524,100,459788,-1
48347.190961054,1,5526,100,460091,1
48348.321807922,3,5518,100,460614,-1
48349.681099512,3,5517,100,458869,-1
48351.58798327,3,5523,100,457705,1
48353.601165599,1,5527,100,458077,1
48356.083448875,4,5526,100,460091,1
48357.594989619,1,5528,100,462472,-1
48359.832889408,1,5529,100,463840,-1
48362.852447321,1,5530,100,458812,1
48363.767490467,3,5530,100,458812,1
48365.135292991,1,5531,100,460373,-1
48366.135012075,1,5532,100,459270,1
48367.149891384,1,5533,100,457648,1
48369.070288837,5,5527,100,458077,1
48370.113001451,1,5534,100,461834,-1
48372.048759755,4,5532,100,459270,1
48373.718385582,1,5535,100,460713,-1
48375.556039029,1,5536,100,459221,1
48377.144066763,1,5537,100,459767,1
48379.32038079,3,5533,100,457648,1
48381.77388707,4,5537,100,459767,1
48382.852282197,4,5531,100,460373,-1
48384.847460481,3,5525,100,456576,1
48389.128128957,5,5534,100,461834,-1
48390.341484596,3,5535,100,460713,-1
48392.236320689,1,5538,100,462917,-1
48394.674397281,1,5539,100,459719,1
48396.422803334,4,5539,100,459719,1
48398.838516368,3,5528,100,462472,-1
48400.122267125,1,5540,100,458221,1
48401.803440339,1,5541,100,459254,-1
48403.692015357,1,5542,100,456995,1
48405.315734437,3,5542,100,456995,1
48406.313203221,1,5543,100,460523,-1
48407.456360775,1,5544,100,461727,-1
48409.316701579,1,5545,100,460586,-1
48410.318706577,3,5529,100,463840,-1
48411.886984982,3,5541,100,459254,-1
48414.002745167,3,5522,100,454566,1
48416.312627371,1,5546,100,456566,1
48417.913814915,4,5540,100,458221,1
48419.280262433,3,5545,100,460586,-1
48420.31966495,1,5547,100,453914,1
48423.539286228,3,5547,100,453914,1
48425.2778852,1,5548,100,457715,-1
48427.406957535,3,5548,100,457715,-1
48428.510011272,4,5536,100,459221,1
48431.000541797,1,5549,100,457079,-1
48433.046204811,5,5549,100,457079,-1
48434.939000141,4,5546,100,456566,1
48437.153272787,3,5538,100,462917,-1
48438.802315419,4,5544,100,461727,-1
48439.926733523,1,5550,100,456873,-1
48440.814040573,1,5551,100,454130,1
48441.906879451,3,5550,100,456873,-1
48443.32963468,3,5551,100,454130,1
48445.80634178,5,5543,100,460523,-1
48448.222436211,1,5552,100,457694,-1
48451.091839037,3,5552,100,457694,-1
48453.495123596,1,5553,100,458004,1
48455.882720591,1,5554,100,455092,1
48457.285047964,3,5553,100,458004,1
48458.539479197,4,5554,100,455092,1
48460.487234175,1,5555,100,456833,-1
48461.610939474,5,5555,100,456833,-1
48462.648763306,1,5556,100,455423,1
48465.698839312,1,5557,100,456888,-1
48466.784332184,1,5558,100,457916,-1
48468.591111053,4,5558,100,457916,-1
48470.887453533,4,5557,100,456888,-1
48473.186138529,3,5556,100,455423,1
48474.943746831,1,5559,100,457542,1
48476.972411232,5,5559,100,457542,1
48479.456124279,1,5560,100,458021,-1
48480.384354568,4,5560,100,458021,-1
48481.858690528,1,5561,100,457629,-1
48482.990604655,5,5561,100,457629,-1
48485.46297666,1,5562,100,457921,-1
48487.702898663,1,5563,100,457446,-1
48488.935745856,1,5564,100,460035,-1
48490.590758383,1,5565,100,461883,-1
48492.299335331,3,5565,100,461883,-1
48494.627107234,3,5562,100,457921,-1
48495.569736167,1,5566,100,461097,-1
48497.89750285,4,5563,100,457446,-1
48499.476644363,3,5564,100,460035,-1
48501.468694516,5,5566,100,461097,-1
48502.577022757,1,5567,100,459000,1
48504.825812133,1,5568,100,460916,-1
48507.324068277,1,5569,100,461374,-1
48508.69046338,1,5570,100,458150,-1
48510.079838183,3,5568,100,460916,-1
48511.230353461,3,5570,100,458150,-1
48512.656867151,3,5569,100,461374,-1
48514.588010735,1,5571,100,460463,-1
48515.532230708,1,5572,100,457920,-1
48516.432489248,5,5571,100,460463,-1
48517.786630467,3,5572,100,457920,-1
48520.106629165,3,5567,100,459000,1
48522.538341344,1,5573,100,459233,1
48524.981375227,1,5574,100,458253,1
48527.195959567,4,5574,100,458253,1
48529.045428645,4,5573,100,459233,1
48530.357607506,1,5575,100,457947,1
48532.479066886,1,5576,100,457206,1
48534.58718805,1,5577,100,458033,1
48536.725793209,1,5578,100,459872,-1
48537.629848765,3,5577,100,458033,1
48538.529862121,1,5579,100,458764,-1
48539.684031999,1,5580,100,461177,-1
48541.011709305,1,5581,100,457598,-1
48542.45312516,4,5575,100,457947,1
48544.88426082,4,5576,100,457206,1
48546.086926973,4,5579,100,458764,-1
48547.813302116,3,5580,100,461177,-1
48549.246831002,3,5578,100,459872,-1
48552.675353458,1,5582,100,457185,1
48555.105106443,3,5581,100,457598,-1
48556.94892563,5,5582,100,457185,1
48559.231787868,1,5583,100,457159,1
48560.900629031,5,5583,100,457159,1
48562.544277264,1,5584,100,455329,1
48564.19097899,4,5584,100,455329,1
48565.352543837,1,5585,100,459006,-1
48567.12274883,1,5586,100,457378,-1
48569.456397182,4,5586,100,457378,-1
48570.870068707,3,5585,100,459006,-1
48572.780603301,1,5587,100,453880,1
48573.684198152,1,5588,100,454631,1
48574.910580563,5,5588,100,454631,1
48575.89744143,4,5587,100,453880,1
48576.755705496,1,5589,100,455815,1
48578.317399789,1,5590,100,453045,1
48579.187053344,1,5591,100,455750,-1
48580.27162885,1,5592,100,450357,1
48582.010619972,1,5593,100,456441,-1
48583.14943054,4,5589,100,455815,1
48584.005161317,3,5593,100,456441,-1
48586.412109821,1,5594,100,451432,1
48589.397515483,4,5590,100,453045,1
48590.834763672,4,5594,100,451432,1
48591.731991316,5,5592,100,450357,1
48592.740530223,3,5591,100,455750,-1
48594.166256826,1,5595,100,450257,1
48596.241561145,1,5596,100,451099,-1
48598.715943158,1,5597,100,448318,1
48600.501281013,1,5598,100,451822,-1
48602.143205425,1,5599,100,451937,1
48604.565651954,1,5600,100,452865,1
48606.411176067,3,5599,100,451937,1
48610.940394497,3,5598,100,451822,-1
48613.185847047,1,5601,100,453133,-1
48614.484554354,1,5602,100,449887,1
48616.912205361,5,5595,100,450257,1
48619.343333484,3,5602,100,449887,1
48621.347174483,1,5603,100,448783,1
48622.249912075,4,5596,100,451099,-1
48624.226783941,1,5604,100,448465,1
48626.460698451,4,5600,100,452865,1
48627.845523869,1,5605,100,452069,-1
48629.453533415,1,5606,100,450428,-1
48630.954188463,1,5607,100,450102,-1
48633.324801648,1,5608,100,448348,-1
48634.342919623,3,5604,100,448465,1
48635.245655311,3,5607,100,450102,-1
48637.447600687,3,5608,100,448348,-1
48641.63589874,1,5609,100,453539,-1
48643.960851686,5,5603,100,448783,1
48645.325123399,4,5606,100,450428,-1
48647.665261115,3,5601,100,453133,-1
48649.896769831,4,5609,100,453539,-1
48651.305032064,1,5610,100,451760,-1
48652.820706031,1,5611,100,449395,1
48656.704041703,1,5612,100,453079,-1
48658.718964626,1,5613,100,451292,1
48659.840491246,4,5613,100,451292,1
48661.879915446,5,5610,100,451760,-1
48663.84401148,5,5605,100,452069,-1
48664.843554961,3,5612,100,453079,-1
48666.304745009,4,5611,100,449395,1
48668.307557939,5,5597,100,448318,1
48670.456899999,1,5614,100,450907,-1
48671.781618047,3,5614,100,450907,-1
48672.940038089,1,5615,100,449995,-1
48674.557824902,3,5615,100,449995,-1
48675.813966771,1,5616,100,449665,1
48677.538036374,4,5616,100,449665,1
48680.001830853,1,5617,100,453470,-1
48681.507912564,1,5618,100,451390,-1
48683.292648416,4,5618,100,451390,-1
48685.933600819,1,5619,100,450847,-1
48686.848834064,5,5617,100,453470,-1
48687.962515167,1,5620,100,449658,-1
48689.670273482,5,5619,100,450847,-1
48690.776341856,1,5621,100,448996,1
48693.551417224,1,5622,100,448560,1
48694.982192842,3,5621,100,448996,1
48696.390094487,1,5623,100,451011,-1
48698.370397115,1,5624,100,450968,1
48700.40215569,3,5624,100,450968,1
48702.401909482,1,5625,100,451111,1
48703.255324706,5,5620,100,449658,-1
48704.146493292,4,5625,100,451111,1
48706.254303843,4,5623,100,451011,-1
48708.516476771,1,5626,100,450046,1
48709.468157267,3,5626,100,450046,1
48710.347292138,1,5627,100,449958,1
48713.548924941,1,5628,100,451190,-1
48714.467316131,3,5628,100,451190,-1
48716.027897732,4,5622,100,448560,1
48717.83881015,3,5627,100,449958,1
48719.799072781,1,5629,100,451690,1
48721.951270693,1,5630,100,450551,1
48724.332254773,5,5630,100,450551,1
48726.755359092,3,5629,100,451690,1
48728.303065125,1,5631,100,453732,1
48729.666855018,1,5632,100,450384,1
48731.970887565,4,5631,100,453732,1
48734.407893673,4,5632,100,450384,1
48736.454908752,1,5633,100,452683,-1
48737.876525734,1,5634,100,452653,1
48739.241020983,1,5635,100,453497,-1
48740.525207353,1,5636,100,454917,-1
48742.354202425,1,5637,100,454165,-1
48743.789285023,3,5633,100,452683,-1
48746.776294735,4,5634,100,452653,1
48749.076730276,5,5636,100,454917,-1
48750.078307254,4,5637,100,454165,-1
48751.860113932,5,5635,100,453497,-1
48753.463101167,1,5638,100,449944,1
48754.847262067,3,5638,100,449944,1
48756.289177672,1,5639,100,451533,1
48758.216972079,3,5639,100,451533,1
48759.431598528,1,5640,100,452725,-1
48762.568627664,3,5640,100,452725,-1
48764.183437501,1,5641,100,451320,-1
48765.017552007,4,5641,100,451320,-1
48766.845487985,1,5642,100,455110,-1
48768.052004339,1,5643,100,451608,1
48769.722886382,1,5644,100,450626,1
48771.487191238,4,5643,100,451608,1
48773.443057275,4,5642,100,455110,-1
48775.267834339,1,5645,100,452016,-1
48776.159199303,1,5646,100,450638,1
48778.032710925,3,5646,100,450638,1
48779.301721547,3,5644,100,450626,1
48781.159353375,1,5647,100,450131,1
48782.755428605,3,5647,100,450131,1
48785.129946576,4,5645,100,452016,-1
48786.346605019,1,5648,100,448877,1
48787.82173092,1,5649,100,448813,1
48790.735320714,4,5648,100,448877,1
48792.419567457,1,5650,100,448989,1
48793.357712764,3,5650,100,448989,1
48794.343487173,1,5651,100,449369,-1
48796.099336306,3,5649,100,448813,1
48797.806040702,4,5651,100,449369,-1
48798.730912811,1,5652,100,449489,1
48800.652571036,1,5653,100,451243,-1
48802.492245691,4,5652,100,449489,1
48804.748570485,1,5654,100,449579,1
48805.725030891,1,5655,100,452875,-1
48807.725611267,1,5656,100,448735,1
48809.680996968,4,5653,100,451243,-1
48810.978013676,1,5657,100,449884,1
48812.801913568,1,5658,100,451766,-1
48815.767677646,4,5658,100,451766,-1
48818.165783931,3,5656,100,448735,1
48820.431971341,1,5659,100,449598,1
48822.22132928,3,5655,100,452875,-1
48825.432367397,1,5660,100,452223,-1
48829.516562089,4,5660,100,452223,-1
48830.961205536,4,5654,100,449579,1
48832.483552527,1,5661,100,458386,-1
48835.582378259,1,5662,100,452789,1
48837.27705456,3,5657,100,449884,1
48838.345308369,4,5661,100,458386,-1
48839.698047313,5,5662,100,452789,1
48841.865324224,3,5659,100,449598,1
48842.871571846,1,5663,100,454873,-1
48845.275481456,1,5664,100,456024,-1
48846.693078096,4,5664,100,456024,-1
48848.57327678,5,5663,100,454873,-1
48849.674801269,1,5665,100,453505,1
48851.867279492,1,5666,100,451120,1
48853.203635215,1,5667,100,454230,1
48854.403881253,1,5668,100,453474,1
48855.891766323,4,5667,100,454230,1
48859.153671344,1,5669,100,459072,-1
48860.198047536,3,5668,100,453474,1
48861.591291852,4,5669,100,459072,-1
48862.529232725,3,5665,100,453505,1
48864.826032313,1,5670,100,455416,-1
48867.218861617,3,5670,100,455416,-1
48868.802219344,3,5666,100,451120,1
48869.820004093,1,5671,100,454357,1
48871.472634522,5,5671,100,454357,1
48872.970146288,1,5672,200,454721,1
48874.24933083,1,5673,100,454349,-1
48875.815255375,1,5674,100,455292,-1
48877.769371757,1,5675,100,453622,-1
48880.010761936,3,5674,100,455292,-1
48881.493426196,5,5672,100,454721,1
48883.748761536,3,5672,100,454721,1
48884.8124909,3,5675,100,453622,-1
48886.256021707,1,5676,100,455828,-1
48887.506871675,4,5673,100,454349,-1
48888.741964321,4,5676,100,455828,-1
48890.147154007,1,5677,100,456705,-1
48892.502243561,4,5677,100,456705,-1
48894.82464464,1,5678,100,454483,1
48896.882630166,3,5678,100,454483,1
48899.136683098,1,5679,100,455743,1
48900.30079157,3,5679,100,455743,1
48902.102546183,1,5680,100,453666,-1
48903.058641645,3,5680,100,453666,-1
48905.380728027,1,5681,100,452150,-1
48906.539769917,4,5681,100,452150,-1
48907.942743142,1,5682,100,456668,-1
48910.319807316,3,5682,100,456668,-1
48911.617865334,1,5683,100,453750,-1
48912.744376508,3,5683,100,453750,-1
48914.872275318,1,5684,100,455161,-1
48917.193435021,1,5685,100,454489,1
48919.183070199,1,5686,100,456906,-1
48921.517703086,3,5686,100,456906,-1
48922.652483756,3,5685,100,454489,1
48923.827293484,1,5687,100,452665,1
48925.672695807,4,5684,100,455161,-1
48927.50494239,3,5687,100,452665,1
48928.814322541,1,5688,100,456362,1
48930.492450394,3,5688,100,456362,1
48932.575250632,1,5689,100,459799,-1
48934.081304858,3,5689,100,459799,-1
48935.118333959,1,5690,100,456170,-1
48937.314422041,5,5690,100,456170,-1
48939.529255456,1,5691,100,455290,-1
48941.228198862,1,5692,100,453213,1
48943.533407667,3,5692,100,453213,1
48945.406905176,4,5691,100,455290,-1
48947.227087053,1,5693,100,454055,-1
48948.664477911,1,5694,100,455940,-1
48949.771487872,1,5695,100,455437,-1
48951.881802088,3,5693,100,454055,-1
48953.353989291,1,5696,100,453853,-1
48955.338742215,1,5697,100,455664,-1
48957.38485192,5,5696,100,453853,-1
48958.45979423,1,5698,100,449427,1
48960.092478529,4,5697,100,455664,-1
48963.348419004,5,5698,100,449427,1
48964.467500903,3,5694,100,455940,-1
48965.942982803,1,5699,100,452752,-1
48968.164708882,4,5699,100,452752,-1
48969.296592272,5,5695,100,455437,-1
48970.846545757,1,5700,100,454130,-1
48971.721354611,3,5700,100,454130,-1
48973.050492507,1,5701,100,455393,-1
48974.178233908,5,5701,100,455393,-1
48976.244062717,1,5702,100,452816,1
48977.963716542,1,5703,100,452843,1
48978.951258023,1,5704,100,452952,1
48980.491287044,3,5704,100,452952,1
48981.977686026,1,5705,100,454887,-1
48983.365575382,1,5706,100,455979,-1
48985.682912308,1,5707,100,458513,-1
48987.258306258,3,5706,100,455979,-1
48988.442331442,1,5708,100,453291,1
48990.304770607,1,5709,100,452616,1
48992.687657582,3,5705,100,454887,-1
48995.003096471,1,5710,100,453873,1
48996.066497931,5,5702,100,452816,1
48997.959370998,1,5711,100,454118,-1
49000.350634926,3,5709,100,452616,1
49001.302362311,1,5712,100,453815,-1
49002.754894119,1,5713,100,451574,1
49003.589726966,3,5708,100,453291,1
49005.75798477,3,5707,100,458513,-1
49006.59619555,3,5710,100,453873,1
49007.5109812,4,5703,100,452843,1
49008.660852136,1,5714,100,452256,-1
49011.676785586,4,5714,100,452256,-1
49012.4897933,1,5715,100,454031,-1
49014.686780212,1,5716,100,456387,-1
49015.985424857,3,5713,100,451574,1
49017.371527975,1,5717,100,453222,1
49020.333029952,4,5711,100,454118,-1
49024.668039215,1,5718,100,454048,1
49026.937222013,3,5717,100,453222,1
49029.074412164,1,5719,100,454038,-1
49030.044813358,3,5715,100,454031,-1
49031.024121328,3,5718,100,454048,1
49034.410880226,4,5712,100,453815,-1
49035.219558409,1,5720,100,453575,1
49037.100412324,3,5719,100,454038,-1
49042.634095072,1,5721,100,450544,1
49044.289116688,1,5722,100,453371,-1
49046.191263996,3,5722,100,453371,-1
49048.257341993,4,5720,100,453575,1
49050.337097239,3,5716,100,456387,-1
49052.166372327,3,5721,100,450544,1
49053.568431586,1,5723,100,451372,1
49054.520444201,4,5723,100,451372,1
49055.476324065,1,5724,100,450450,-1
49057.692431355,5,5724,100,450450,-1
49059.701312796,1,5725,100,448862,1
49061.684887978,3,5725,100,448862,1
49063.211278077,1,5726,100,449979,1
49064.540240921,1,5727,100,452410,-1
49065.622503871,3,5727,100,452410,-1
49067.585344009,1,5728,100,454385,-1
49068.813731504,4,5728,100,454385,-1
49071.456868824,3,5726,100,449979,1
49072.752621599,1,5729,100,453935,1
49073.602135793,1,5730,100,455771,-1
49076.854719936,4,5729,100,453935,1
49079.198582308,1,5731,100,452704,1
49081.109696362,3,5731,100,452704,1
49082.422437637,1,5732,100,453614,1
49083.519344044,5,5732,100,453614,1
49084.35570579,1,5733,100,454263,1
49086.129011565,1,5734,100,455658,-1
49087.201148478,4,5733,100,454263,1
49089.346598885,5,5734,100,455658,-1
49090.582672901,3,5730,100,455771,-1
49092.191068278,1,5735,100,454700,1
49094.097159167,4,5735,100,454700,1
49094.992358176,1,5736,100,454046,1
49096.012826059,3,5736,100,454046,1
49096.930081428,1,5737,100,455299,-1
49097.816301263,1,5738,100,452869,1
49099.401932173,1,5739,100,455280,-1
49100.589821427,1,5740,100,452427,1
49102.166287474,1,5741,100,455566,-1
49103.995741303,3,5741,100,455566,-1
49105.351611612,3,5740,100,452427,1
49108.34952202,4,5739,100,455280,-1
49109.338787027,3,5738,100,452869,1
49110.339015722,4,5737,100,455299,-1
49112.159886329,1,5742,100,457178,-1
49113.589470356,4,5742,100,457178,-1
49115.360465438,1,5743,100,454765,1
49116.723146496,1,5744,100,454248,-1
49118.339974627,1,5745,100,454007,-1
49119.809458447,1,5746,100,457219,-1
49121.040278188,1,5747,100,455061,1
49122.710582542,1,5748,100,456289,1
49123.622692749,1,5749,100,455459,1
49124.992113627,1,5750,100,455126,1
49125.916998993,1,5751,100,453386,1
49127.247777048,1,5752,100,454960,1
49128.123282824,3,5752,100,454960,1
49129.90985471,3,5747,100,455061,1
49131.137644902,3,5743,100,454765,1
49132.619541957,1,5753,100,457221,-1
49133.695913151,1,5754,100,456307,-1
49134.911116561,3,5748,100,456289,1
49137.608292163,1,5755,100,460029,-1
49138.986586003,3,5754,100,456307,-1
49140.744946161,1,5756,100,459313,-1
49143.029929005,3,5751,100,453386,1
49144.395948797,1,5757,100,459011,1
49146.631118878,1,5758,100,459725,-1
49147.55067247,1,5759,100,462023,-1
49151.371354831,3,5750,100,455126,1
49153.575099063,1,5760,100,461533,-1
49155.526877675,3,5753,100,457221,-1
49158.631209631,4,5745,100,454007,-1
49160.991993085,1,5761,100,461767,-1
49162.179364263,3,5749,100,455459,1
49162.98545145,1,5762,200,458994,1
49164.702648007,3,5759,100,462023,-1
49167.063855577,1,5763,100,456023,1
49168.636630558,1,5764,100,460893,-1
49169.825560689,1,5765,100,458215,1
49170.871670833,4,5744,100,454248,-1
49173.141403101,1,5766,100,457673,1
49174.20802183,1,5767,100,457769,1
49176.242656278,3,5767,100,457769,1
49177.163913127,1,5768,100,460953,-1
49179.476514436,1,5769,100,461637,-1
49180.684946324,3,5765,100,458215,1
49184.139102432,1,5770,100,459165,1
49186.296832136,1,5771,100,460865,1
49187.743015106,1,5772,100,458245,1
49189.401374956,3,5771,100,460865,1
49191.046811591,3,5772,100,458245,1
49193.073175033,4,5756,100,459313,-1
49194.762818135,4,5757,100,459011,1
49196.635548508,3,5762,200,458994,1
49198.032653799,3,5764,100,460893,-1
49199.311732733,5,5746,100,457219,-1
49201.38479294,5,5770,100,459165,1
49203.383252378,3,5769,100,461637,-1
49204.841228604,4,5766,100,457673,1
49210.556058177,4,5763,100,456023,1
49212.065292989,1,5773,100,456062,1
49213.225133329,1,5774,100,456478,1
49216.054171961,1,5775,100,457907,1
49216.929588081,3,5768,100,460953,-1
49218.538477863,4,5774,100,456478,1
49220.120028954,3,5775,100,457907,1
49221.467216834,3,5760,100,461533,-1
49222.928238061,3,5758,100,459725,-1
49224.021458974,4,5773,100,456062,1
49225.396431196,1,5776,100,455016,1
49226.79192064,4,5761,100,461767,-1
49228.5178943,3,5755,100,460029,-1
49230.743619556,5,5776,100,455016,1
49231.738743539,1,5777,100,456333,-1
49234.931438746,4,5777,100,456333,-1
49235.955851579,1,5778,100,455996,-1
49236.963161563,1,5779,100,457955,-1
49238.118943581,3,5779,100,457955,-1
49239.933156914,1,5780,100,456106,1
49243.63770993,4,5778,100,455996,-1
49244.556395115,3,5780,100,456106,1
49245.484723269,1,5781,100,457460,-1
49247.566540078,1,5782,100,456446,1
49248.502343333,1,5783,100,455325,1
49249.528301354,1,5784,100,458695,-1
49252.881499955,1,5785,100,459386,-1
49254.109765942,1,5786,100,458676,1
49256.342754226,3,5785,100,459386,-1
49258.517673042,4,5786,100,458676,1
49260.726145588,3,5782,100,456446,1
49264.493868317,3,5784,100,458695,-1
49265.318769237,1,5787,100,458114,-1
49266.382855391,1,5788,100,459801,-1
49268.452127548,5,5783,100,455325,1
49269.836296085,4,5787,100,458114,-1
49272.349901662,3,5781,100,457460,-1
49274.607972874,1,5789,100,457035,1
49276.265193067,3,5788,100,459801,-1
49278.344366773,3,5789,100,457035,1
49280.535387361,1,5790,100,458233,-1
49282.321800208,1,5791,100,458589,-1
49283.682173982,1,5792,100,455356,1
49285.815548977,3,5792,100,455356,1
49286.625537079,4,5790,100,458233,-1
49289.91445285,4,5791,100,458589,-1
49291.188093799,1,5793,100,458291,1
49293.939084705,1,5794,100,457870,-1
49296.104764391,1,5795,100,459259,-1
49298.093052401,4,5793,100,458291,1
49299.135197684,1,5796,100,456603,1
49300.866634879,1,5797,100,459764,-1
49302.480678358,3,5795,100,459259,-1
49304.634189764,1,5798,100,457198,-1
49305.790352545,1,5799,100,456445,1
49308.089888391,1,5800,100,455474,1
49309.705242909,4,5798,100,457198,-1
49310.59515188,4,5794,100,457870,-1
49312.729643653,1,5801,100,457559,-1
49314.725537793,4,5801,100,457559,-1
49315.878029576,1,5802,100,455746,1
49317.727691498,3,5800,100,455474,1
49319.801610714,5,5797,100,459764,-1
49321.605725893,3,5802,100,455746,1
49323.447390833,3,5796,100,456603,1
49324.656041007,3,5799,100,456445,1
49325.570076208,1,5803,100,456126,-1
49327.658546804,3,5803,100,456126,-1
49328.967120264,1,5804,100,454830,1
49330.805186306,1,5805,200,455467,-1
49332.607781338,1,5806,100,452146,1
49333.891243663,1,5807,100,450843,1
49334.925134229,3,5806,100,452146,1
49336.586670653,1,5808,100,453047,1
49337.572052718,4,5808,100,453047,1
49339.915929826,4,5804,100,454830,1
49340.771353261,1,5809,100,454011,1
49341.572472059,1,5810,100,454883,1
49345.410081393,4,5809,100,454011,1
49346.711076055,4,5810,100,454883,1
49348.366294383,1,5811,100,453131,-1
49349.870345142,4,5811,100,453131,-1
49351.620031317,1,5812,100,452978,1
49352.732599673,4,5812,100,452978,1
49353.770075329,1,5813,100,457101,-1
49355.97762995,2,5805,100,455467,-1
49357.827471455,3,5805,100,455467,-1
49359.669968965,1,5814,100,455464,-1
49360.970033827,3,5814,100,455464,-1
49362.303221303,3,5813,100,457101,-1
49364.254538725,4,5807,100,450843,1
49365.408627068,1,5815,100,456420,-1
49367.34489424,1,5816,100,455734,-1
49368.199993321,1,5817,100,455571,-1
49368.978501811,3,5815,100,456420,-1
49370.539148631,3,5816,100,455734,-1
49371.839324232,1,5818,100,453473,1
49372.809945681,1,5819,100,453304,-1
49374.316256555,3,5817,100,455571,-1
49375.20324872,1,5820,100,453560,-1
49377.398065245,1,5821,100,454118,-1
49380.903270374,1,5822,100,454293,-1
49382.18862934,1,5823,100,454015,-1
49383.151411834,1,5824,100,453618,-1
49389.257653729,3,5824,100,453618,-1
49391.391170228,1,5825,100,455199,-1
49392.534561532,3,5825,100,455199,-1
49394.530413639,1,5826,100,452868,1
49396.275036078,3,5818,100,453473,1
49398.491858192,1,5827,100,452076,-1
49400.713238545,1,5828,100,451542,1
49405.498748305,4,5826,100,452868,1
49406.55502233,1,5829,100,450841,-1
49410.883396485,4,5829,100,450841,-1
49411.657795373,1,5830,100,451234,1
49413.113848696,4,5828,100,451542,1
49414.177797584,1,5831,100,450338,-1
49416.406704179,1,5832,100,450469,1
49418.82750993,3,5827,100,452076,-1
49420.553135308,3,5821,100,454118,-1
49423.538025106,1,5833,100,452582,-1
49425.084309569,3,5819,100,453304,-1
49428.501634848,1,5834,100,448653,1
49429.486735591,1,5835,100,455908,-1
49430.896646097,1,5836,100,450863,1
49433.889702024,1,5837,100,458593,-1
49434.712603661,3,5837,100,458593,-1
49435.604429933,1,5838,100,450731,1
49437.28243114,1,5839,100,454031,-1
49438.362050069,4,5830,100,451234,1
49439.257638025,5,5839,100,454031,-1
49440.220296588,1,5840,100,450162,1
49442.467486338,1,5841,100,449817,1
49443.697552273,4,5841,100,449817,1
49446.587208514,1,5842,100,449925,-1
49447.540557218,1,5843,100,447853,1
49450.962836812,3,5843,100,447853,1
49452.242612192,4,5840,100,450162,1
49453.194395842,4,5836,100,450863,1
49454.505516511,3,5833,100,452582,-1
49456.212109155,1,5844,100,450225,-1
49457.875945847,1,5845,100,451863,-1
49458.643393503,5,5820,100,453560,-1
49460.079797572,1,5846,100,448011,1
49461.445280848,4,5834,100,448653,1
49462.596131759,1,5847,100,449129,1
49463.511622124,4,5832,100,450469,1
49465.635842112,1,5848,100,449221,-1
49466.908847802,3,5845,100,451863,-1
49468.008805777,3,5842,100,449925,-1
49469.066727984,1,5849,100,448654,-1
49471.151814588,5,5849,100,448654,-1
49473.629597313,3,5844,100,450225,-1
49475.703682719,3,5846,100,448011,1
49477.863223143,1,5850,100,448432,1
49479.635182688,1,5851,100,449536,1
49481.543515638,1,5852,100,448703,1
49482.867984031,3,5848,100,449221,-1
49483.944300595,3,5831,100,450338,-1
49485.018973209,1,5853,100,451493,-1
49487.062267292,4,5847,100,449129,1
49489.648699573,3,5850,100,448432,1
49491.114585423,1,5854,100,449514,-1
49491.941839002,1,5855,100,448838,1
49492.868619029,1,5856,100,449008,1
49494.528915442,3,5835,100,455908,-1
49495.998754939,3,5851,100,449536,1
49498.069840839,1,5857,100,449678,1
49499.798632407,1,5858,100,449767,1
49501.172453031,1,5859,100,452649,-1
49502.958620813,1,5860,100,449941,1
49504.154094102,1,5861,100,450905,1
49506.420720534,1,5862,100,454722,-1
49507.278764069,3,5853,100,451493,-1
49509.845170286,1,5863,100,450680,1
49511.723178722,1,5864,100,450602,1
49513.191173934,3,5838,100,450731,1
49515.141178695,1,5865,100,452388,1
49516.433176437,1,5866,100,452346,1
49517.609068992,3,5855,100,448838,1
49519.186697398,1,5867,100,454601,1
49520.49719914,3,5864,100,450602,1
49524.177751585,3,5856,100,449008,1
49525.357277047,1,5868,100,454752,-1
49526.231416021,1,5869,100,455475,-1
49528.050368567,3,5823,100,454015,-1
49528.907486225,1,5870,100,454825,1
49530.143908496,3,5869,100,455475,-1
49530.986151011,4,5867,100,454601,1
49532.289635443,1,5871,100,452576,1
49533.311409895,3,5862,100,454722,-1
49534.65693736,1,5872,100,454104,1
49535.934191546,1,5873,100,455526,1
49537.558799452,1,5874,100,455111,-1
49539.460869298,1,5875,100,456676,-1
49540.417339725,3,5866,100,452346,1
49542.654731196,1,5876,100,455864,1
49544.749029669,3,5863,100,450680,1
49546.107547816,5,5858,100,449767,1
49547.868978317,4,5874,100,455111,-1
49548.819347092,1,5877,100,454052,1
49550.539507828,3,5875,100,456676,-1
49551.652453609,1,5878,100,458695,-1
49552.700635315,3,5870,100,454825,1
49554.579746886,3,5861,100,450905,1
49556.644575581,5,5857,100,449678,1
49559.202966329,4,5822,100,454293,-1
49561.41337825,1,5879,100,456569,1
49562.207375363,3,5877,100,454052,1
49563.90202308,4,5854,100,449514,-1
49565.662377485,4,5868,100,454752,-1
49567.391217722,1,5880,100,456313,1
49568.17697608,3,5880,100,456313,1
49569.413729879,5,5865,100,452388,1
49571.375656265,4,5876,100,455864,1
49572.514787492,1,5881,100,455768,-1
49573.680496424,1,5882,100,457361,-1
49574.889064947,3,5881,100,455768,-1
49576.977371323,4,5879,100,456569,1
49578.665257189,1,5883,100,455437,1
49580.79794983,1,5884,100,457114,-1
49582.786620756,3,5859,100,452649,-1
49584.858102744,1,5885,100,460615,-1
49585.81166007,3,5873,100,455526,1
49586.696188534,5,5860,100,449941,1
49588.620535971,5,5885,100,460615,-1
49590.672947306,3,5882,100,457361,-1
49592.311721859,1,5886,100,463544,-1
49594.12961432,1,5887,100,461159,1
49595.949800919,3,5878,100,458695,-1
49600.35587746,1,5888,100,462285,-1
49602.592326492,4,5887,100,461159,1
49603.738468525,3,5886,100,463544,-1
49605.88777388,1,5889,100,460828,1
49607.262816471,4,5884,100,457114,-1
49608.30631223,3,5889,100,460828,1
49610.284149584,3,5883,100,455437,1
49611.681185447,3,5852,100,448703,1
49615.440023975,3,5888,100,462285,-1
49616.356070516,1,5890,100,461688,-1
49617.775011833,1,5891,100,464081,-1
49618.977695249,5,5872,100,454104,1
49621.651238806,1,5892,100,458939,1
49623.525615867,3,5891,100,464081,-1
49624.337584072,4,5890,100,461688,-1
49625.726998645,1,5893,100,460066,-1
49627.588755355,1,5894,100,458101,1
49629.155687283,4,5892,100,458939,1
49629.997645683,3,5893,100,460066,-1
49631.249723981,1,5895,100,459026,1
49633.264968931,5,5894,100,458101,1
49634.110981769,4,5871,100,452576,1
49634.976968543,3,5895,100,459026,1
49636.950736041,1,5896,100,458757,-1
49638.835245655,1,5897,100,459577,-1
49641.6473791,1,5898,100,460331,-1
49643.130614988,4,5896,100,458757,-1
49644.172051397,3,5898,100,460331,-1
49646.230753321,3,5897,100,459577,-1
49648.469828191,1,5899,100,457434,1
49649.897695676,4,5899,100,457434,1
49652.06865539,1,5900,100,460241,-1
49653.116761589,3,5900,100,460241,-1
49654.628468637,1,5901,100,458852,-1
49656.732201182,3,5901,100,458852,-1
49657.980381141,1,5902,100,459941,1
49660.101344984,4,5902,100,459941,1
49661.833561214,1,5903,100,462754,-1
49663.666092434,5,5903,100,462754,-1
49664.59828353,1,5904,100,461047,-1
49666.313861409,1,5905,100,457819,-1
49668.201903311,1,5906,100,457802,-1
49670.222045722,1,5907,100,458654,-1
49672.314851002,1,5908,100,458804,-1
49674.417072076,1,5909,200,457890,-1
49675.511382942,1,5910,100,458530,-1
49676.295464247,1,5911,100,459926,-1
49678.498770188,5,5907,100,458654,-1
49683.444439533,3,5911,100,459926,-1
49684.322338229,3,5906,100,457802,-1
49686.354681638,2,5909,100,457890,-1
49687.577430454,4,5909,100,457890,-1
49689.151955281,1,5912,100,452883,1
49690.057406223,1,5913,100,453525,-1
49690.931550873,1,5914,100,451901,1
49692.377993743,5,5905,100,457819,-1
49693.581584091,1,5915,100,452359,1
49695.41011396,5,5908,100,458804,-1
49697.619521093,1,5916,100,456574,-1
49698.457934993,1,5917,100,454833,-1
49699.45620635,1,5918,100,453332,1
49701.340950148,1,5919,100,453733,1
49702.31521028,3,5904,100,461047,-1
49703.465824123,1,5920,100,453775,1
49704.63895998,4,5919,100,453733,1
49705.786872152,3,5910,100,458530,-1
49708.022505724,3,5920,100,453775,1
49709.305535317,4,5917,100,454833,-1
49711.408914361,1,5921,100,456557,-1
49712.214291405,1,5922,100,456976,-1
49713.942021477,1,5923,100,455090,1
49716.030329853,4,5913,100,453525,-1
49717.810479628,1,5924,100,455089,1
49718.979839436,1,5925,100,455911,-1
49719.990542708,3,5915,100,452359,1
49725.509871716,5,5924,100,455089,1
49726.45307116,1,5926,100,456832,-1
49728.034862013,1,5927,100,454480,1
49730.215098559,1,5928,100,456997,-1
49732.199695622,1,5929,100,456342,-1
49733.572113592,3,5922,100,456976,-1
49734.624741713,1,5930,100,455563,1
49736.372217565,1,5931,100,454918,1
49738.43032324,1,5932,100,454230,1
49740.572297518,4,5930,100,455563,1
49741.509852422,5,5927,100,454480,1
49743.159936349,3,5921,100,456557,-1
49744.392622973,3,5929,100,456342,-1
49745.624652142,1,5933,100,455635,-1
49747.794557136,1,5934,200,453044,1
49751.068119942,3,5923,100,455090,1
49753.014173081,1,5935,100,455755,1
49755.023854203,3,5935,100,455755,1
49756.84001301,1,5936,100,456081,-1
49757.791649771,3,5925,100,455911,-1
49759.940658383,3,5933,100,455635,-1
49761.089990772,1,5937,100,454263,-1
49762.150784947,1,5938,100,452648,1
49764.013029398,3,5934,200,453044,1
49765.770714649,3,5926,100,456832,-1
49767.685896495,1,5939,100,455164,-1
49769.795464421,1,5940,100,455092,-1
49771.030779081,1,5941,100,449886,1
49772.774380703,5,5940,100,455092,-1
49773.927722348,1,5942,100,452404,1
49776.378921418,3,5928,100,456997,-1
49778.420331068,3,5918,100,453332,1
49779.252365016,1,5943,100,448224,1
49780.168809855,1,5944,100,454095,-1
49783.361090678,1,5945,100,452568,-1
49784.118784812,5,5939,100,455164,-1
49784.946184311,3,5937,100,454263,-1
49787.679201289,1,5946,100,452896,-1
49788.585081013,1,5947,100,450674,1
49789.941712285,3,5944,100,454095,-1
49791.378106316,1,5948,100,451378,-1
49793.191973885,3,5943,100,448224,1
49794.363829269,1,5949,100,449433,1
49795.603761329,4,5942,100,452404,1
49797.383472624,1,5950,100,455224,-1
49799.32812621,3,5948,100,451378,-1
49800.372599642,1,5951,100,453294,-1
49802.103204416,1,5952,100,448431,1
49804.673199625,3,5950,100,455224,-1
49805.897911076,1,5953,100,453617,1
49807.416193907,1,5954,100,455371,-1
49809.056927011,4,5946,100,452896,-1
49812.50018665,1,5955,100,453183,1
49814.264425017,1,5956,100,452057,1
49816.389084798,4,5931,100,454918,1
49818.013773143,1,5957,100,452858,1
49819.144543536,3,5916,100,456574,-1
49820.468516494,3,5945,100,452568,-1
49822.039251472,1,5958,100,454599,1
49823.270929018,4,5958,100,454599,1
49825.055808173,1,5959,100,455392,-1
49826.308900257,4,5936,100,456081,-1
49827.052167117,1,5960,100,454279,1
49829.021122338,1,5961,100,457799,-1
49830.435707152,1,5962,100,457769,-1
49833.006657959,5,5932,100,454230,1
49834.063821239,1,5963,100,456475,-1
49836.63389659,1,5964,100,456558,-1
49838.0059773,1,5965,100,453652,1
49839.757426697,3,5949,100,449433,1
49841.542781494,1,5966,100,455736,-1
49843.443897035,3,5941,100,449886,1
49845.042192858,3,5914,100,451901,1
49846.67850339,3,5912,100,452883,1
49848.639196454,1,5967,100,455174,1
49850.761150732,1,5968,100,456115,1
49852.565959967,4,5967,100,455174,1
49853.473593792,3,5956,100,452057,1
49855.384577828,3,5947,100,450674,1
49856.957668752,4,5965,100,453652,1
49858.176666944,3,5954,100,455371,-1
49859.533326019,3,5952,100,448431,1
49861.141381683,3,5957,100,452858,1
49862.197927678,1,5969,100,454221,1
49863.705847001,3,5963,100,456475,-1
49864.721787985,3,5962,100,457769,-1
49866.843593436,4,5968,100,456115,1
49867.605118239,1,5970,100,457300,1
49869.341632027,4,5964,100,456558,-1
49870.33971472,3,5970,100,457300,1
49871.324615997,4,5961,100,457799,-1
49872.850678131,4,5951,100,453294,-1
49873.707140631,4,5959,100,455392,-1
49874.621669578,1,5971,100,457627,1
49876.200116207,4,5966,100,455736,-1
49877.569970483,3,5938,100,452648,1
49878.585651531,1,5972,100,458574,-1
49880.074971668,3,5955,100,453183,1
49880.827812692,4,5971,100,457627,1
49882.755110479,3,5969,100,454221,1
49883.987270158,3,5953,100,453617,1
49884.797803714,1,5973,100,455115,1
49886.681872231,1,5974,100,455710,1
49887.960080473,4,5972,100,458574,-1
49888.839468838,3,5974,100,455710,1
49890.695422752,3,5960,100,454279,1
49892.785427916,3,5973,100,455115,1
49894.494367827,1,5975,100,462461,-1
49896.390322422,1,5976,100,457805,1
49898.544155933,1,5977,100,462820,-1
49899.724870032,4,5977,100,462820,-1
49901.621974189,3,5976,100,457805,1
49903.593461392,5,5975,100,462461,-1
49905.047019356,1,5978,100,459960,1
49908.256035686,1,5979,100,461546,-1
49909.77823843,3,5979,100,461546,-1
49911.891036391,1,5980,100,462069,-1
49913.18109177,5,5978,100,459960,1
49915.346187977,1,5981,100,460931,-1
49916.11502524,1,5982,100,461878,-1
49917.369540371,1,5983,100,458829,1
49918.163942554,3,5982,100,461878,-1
49919.697688442,3,5981,100,460931,-1
49921.526879151,1,5984,100,461537,-1
49923.018140229,1,5985,100,459675,-1
49925.545484205,4,5983,100,458829,1
49927.50839471,4,5984,100,461537,-1
49929.216313104,1,5986,100,458528,1
49931.192188335,1,5987,100,459839,-1
49932.356356923,3,5986,100,458528,1
49933.120674645,3,5985,100,459675,-1
49934.667542175,4,5980,100,462069,-1
49935.582335395,1,5988,100,458326,-1
49936.852479563,1,5989,100,457393,-1
49938.951976389,1,5990,100,457366,-1
49939.808060747,1,5991,100,456425,1
49941.176234149,3,5988,100,458326,-1
49942.405378612,4,5991,100,456425,1
49943.766702204,3,5989,100,457393,-1
49945.699195095,1,5992,100,455044,1
49947.469367149,1,5993,100,452266,1
49948.784943605,3,5987,100,459839,-1
49950.710078954,4,5992,100,455044,1
49952.777733191,1,5994,100,455443,1
49953.623829784,3,5990,100,457366,-1
49955.662993162,1,5995,100,456894,-1
49956.743390431,1,5996,100,454902,-1
49958.225999418,3,5996,100,454902,-1
49959.072614974,1,5997,100,456525,-1
49960.256067514,1,5998,100,453328,1
49961.921327518,1,5999,100,451111,1
49963.476142239,3,5994,100,455443,1
49964.661327637,1,6000,100,451672,1
49965.579268209,4,5998,100,453328,1
49966.867143185,4,5993,100,452266,1
49968.959220393,4,6000,100,451672,1
49970.138163798,1,6001,100,450879,1
49971.198672866,1,6002,100,449178,1
49972.444604341,1,6003,100,456289,-1
49974.106049997,3,6003,100,456289,-1
49975.272093782,4,6001,100,450879,1
49976.094146447,4,5999,100,451111,1
49978.212927578,4,6002,100,449178,1
49978.942295752,4,5997,100,456525,-1
49980.079993274,3,5995,100,456894,-1
49980.961064823,1,6004,100,449460,1
49982.340487914,1,6005,100,452013,-1
49983.559731938,3,6004,100,449460,1
49985.334390095,4,6005,100,452013,-1
49986.212005418,1,6006,100,451982,-1
49987.187147279,1,6007,100,454516,-1
49988.788607939,1,6008,100,455275,-1
49990.603879001,1,6009,100,452367,-1
49992.646942737,1,6010,100,451865,-1
49994.157055944,3,6006,100,451982,-1
49996.016094527,1,6011,100,450483,1
49996.888639984,1,6012,100,453160,-1
49998.266708323,4,6010,100,451865,-1
49999.546369993,5,6008,100,455275,-1
50001.02138649,5,6011,100,450483,1
50002.991323299,3,6012,100,453160,-1
50006.665186099,1,6013,100,447419,1
50010.597953599,3,6007,100,454516,-1
50011.381213392,4,6009,100,452367,-1
50012.10896023,3,6013,100,447419,1
50013.854517442,1,6014,100,448378,1
50015.466235729,5,6014,100,448378,1
50017.266168839,1,6015,100,448594,1
50018.253491256,1,6016,100,449622,-1
50020.354918564,4,6015,100,448594,1
50021.457588793,4,6016,100,449622,-1
50022.763333916,1,6017,100,447106,1
50023.515077433,1,6018,100,446653,1
50025.553877263,3,6017,100,447106,1
50027.135812668,3,6018,100,446653,1
50029.184439185,1,6019,100,447442,-1
50030.481145873,3,6019,100,447442,-1
50031.94415134,1,6020,100,449184,-1
50033.092923003,3,6020,100,449184,-1
50034.051333377,1,6021,100,445493,1
50036.767435059,1,6022,100,448654,-1
50038.168538053,4,6022,100,448654,-1
50040.507407161,3,6021,100,445493,1
50041.417484416,1,6023,100,449563,-1
50043.133420173,3,6023,100,449563,-1
50044.75719109,1,6024,100,449509,1
50045.843096229,1,6025,100,447914,1
50047.710710475,1,6026,100,450682,-1
50048.852923828,1,6027,100,451069,-1
50050.031614312,4,6024,100,449509,1
50052.09075294,1,6028,100,446814,1
50053.916714945,1,6029,100,449001,-1
50055.013609436,1,6030,100,447871,-1
50057.113065092,1,6031,100,449115,-1
50059.22068132,4,6025,100,447914,1
50059.986510167,1,6032,100,449772,1
50061.811761545,1,6033,100,448147,1
50062.804698082,4,6031,100,449115,-1
50066.497320962,3,6026,100,450682,-1
50067.723521698,1,6034,100,450422,-1
50069.839204817,4,6030,100,447871,-1
50071.45059803,4,6027,100,451069,-1
50073.138537339,1,6035,100,451255,1
50075.075681418,5,6032,100,449772,1
50076.761634526,5,6033,100,448147,1
50078.889382719,3,6034,100,450422,-1
50080.576760232,3,6028,100,446814,1
50082.673652289,4,6029,100,449001,-1
50083.874377723,5,6035,100,451255,1
50085.609109506,1,6036,100,457395,-1
50087.262601521,3,6036,100,457395,-1
50088.487374733,1,6037,100,453917,1
50090.130152086,4,6037,100,453917,1
50092.008335297,1,6038,100,458161,-1
50093.916727472,1,6039,100,455109,-1
50095.593071141,3,6039,100,455109,-1
50098.448572597,3,6038,100,458161,-1
50099.534861075,1,6040,100,455095,1
50101.574078632,4,6040,100,455095,1
50103.306259179,1,6041,100,454937,1
50105.192165038,1,6042,100,453866,1
50106.816592431,1,6043,100,453728,1
50108.560845864,4,6043,100,453728,1
50109.635787571,5,6041,100,454937,1
50111.003173706,3,6042,100,453866,1
50112.018321456,1,6044,100,456067,1
50113.483549544,4,6044,100,456067,1
50114.342701268,1,6045,100,457092,-1
50118.100701306,3,6045,100,457092,-1
50119.807663792,1,6046,100,455992,1
50120.792767981,1,6047,100,455147,1
50124.228337875,4,6046,100,455992,1
50126.119819562,1,6048,100,457889,-1
50127.164922367,3,6047,100,455147,1
50128.795671829,3,6048,100,457889,-1
50130.35195858,1,6049,100,459293,-1
50132.001311973,4,6049,100,459293,-1
50133.847062389,1,6050,100,457948,-1
50134.79563388,1,6051,100,455191,1
50135.998450625,1,6052,100,457576,1
50137.472238317,1,6053,100,460299,-1
50139.234119913,4,6050,100,457948,-1
50140.754792295,1,6054,100,459947,-1
50141.958887074,1,6055,100,458135,1
50143.38168367,1,6056,100,459639,1
50145.2145027,1,6057,100,460914,-1
50147.519065925,3,6051,100,455191,1
50148.410286606,3,6055,100,458135,1
50149.363990788,1,6058,100,457482,1
50150.15732904,1,6059,100,458361,-1
50151.374108172,4,6059,100,458361,-1
50154.277806855,4,6056,100,459639,1
50155.833231062,1,6060,100,454111,1
50157.323735301,3,6058,100,457482,1
50159.382501146,4,6052,100,457576,1
50161.354166968,3,6054,100,459947,-1
50162.33903724,1,6061,100,456950,-1
50164.973055713,1,6062,100,455748,-1
50165.815940596,3,6060,100,454111,1
50168.72067707,3,6057,100,460914,-1
50170.556275665,1,6063,100,453718,-1
50171.878155114,4,6063,100,453718,-1
50172.808478212,1,6064,100,451772,1
50174.366878448,5,6062,100,455748,-1
50175.099298269,1,6065,100,450837,1
50176.214933197,3,6061,100,456950,-1
50177.804168927,1,6066,100,450985,1
50179.518185718,1,6067,100,451063,-1
50181.538512575,1,6068,100,450887,-1
50183.322821854,3,6066,100,450985,1
50186.417547102,1,6069,100,452643,-1
50189.275599164,3,6068,100,450887,-1
50190.869085342,3,6064,100,451772,1
50192.285861582,5,6067,100,451063,-1
50193.009953391,1,6070,100,449967,1
50193.877171122,4,6065,100,450837,1
50197.016014819,4,6069,100,452643,-1
50200.594885395,1,6071,100,449244,1
50201.904517856,1,6072,100,449807,1
50202.708917154,3,6070,100,449967,1
50204.547753686,3,6053,100,460299,-1
50207.353027457,4,6071,100,449244,1
50210.599791343,3,6072,100,449807,1
50212.12288474,1,6073,100,454500,-1
50213.143627149,4,6073,100,454500,-1
50214.800017862,1,6074,100,451695,1
50216.51488858,3,6074,100,451695,1
50218.172215718,1,6075,100,453227,1
50219.447906161,5,6075,100,453227,1
50221.356625806,1,6076,100,454830,-1
50224.140272097,4,6076,100,454830,-1
50225.641647139,1,6077,100,454931,1
50226.972725458,1,6078,100,455057,1
50228.646661671,1,6079,100,454559,1
50230.352732744,3,6078,100,455057,1
50232.459833545,5,6077,100,454931,1
50234.535474224,3,6079,100,454559,1
50236.188691644,1,6080,100,453606,-1
50237.003163828,1,6081,100,454485,-1
50238.019449131,4,6080,100,453606,-1
50239.771181333,1,6082,100,452404,1
50241.9466557,1,6083,100,455353,-1
50243.329031647,3,6082,100,452404,1
50245.329226099,3,6083,100,455353,-1
50249.169306575,1,6084,100,457430,-1
50250.765078605,1,6085,100,456789,-1
50252.525188635,1,6086,100,456163,-1
50254.487070387,5,6085,100,456789,-1
50255.258097412,5,6084,100,457430,-1
50256.062845637,1,6087,100,457490,-1
50257.583582275,1,6088,100,453752,-1
50258.958219373,1,6089,100,453825,1
50260.375032245,1,6090,100,454205,1
50262.112126712,3,6088,100,453752,-1
50263.788648055,3,6090,100,454205,1
50265.59148028,1,6091,100,454636,1
50267.486879473,1,6092,100,451714,1
50268.561315374,1,6093,100,453131,1
50269.965961498,3,6086,100,456163,-1
50271.744349593,1,6094,100,455780,-1
50273.115784571,3,6093,100,453131,1
50274.990414269,4,6091,100,454636,1
50276.64320208,1,6095,100,455349,-1
50278.60745546,3,6095,100,455349,-1
50279.417518859,1,6096,100,454871,-1
50280.208903258,1,6097,100,455487,-1
50281.692726298,4,6094,100,455780,-1
50283.674727006,1,6098,100,457553,-1
50284.501150317,1,6099,100,454725,1
50286.033059588,4,6096,100,454871,-1
50286.820983928,1,6100,100,453532,1
50287.784340554,4,6097,100,455487,-1
50288.831133518,1,6101,100,458109,-1
50290.752191834,1,6102,100,454923,1
50291.840547575,1,6103,100,455613,1
50292.677344717,3,6100,100,453532,1
50293.972253472,1,6104,100,458105,-1
50294.815872664,1,6105,100,453932,1
50295.53662722,3,6103,100,455613,1
50297.058401446,1,6106,100,457851,-1
50299.243746041,4,6081,100,454485,-1
50302.32376298,1,6107,100,461265,-1
50304.219184671,5,6107,100,461265,-1
50306.139823183,1,6108,100,458635,-1
50306.965523681,4,6101,100,458109,-1
50309.001014649,3,6098,100,457553,-1
50310.974878857,1,6109,100,456927,-1
50314.060235035,4,6105,100,453932,1
50315.346110762,3,6099,100,454725,1
50318.349293532,5,6109,100,456927,-1
50319.220938902,4,6087,100,457490,-1
50322.302754015,5,6104,100,458105,-1
50323.714707017,1,6110,100,457591,1
50325.368870979,3,6106,100,457851,-1
50326.23741742,4,6108,100,458635,-1
50328.28313814,1,6111,100,457778,1
50329.278387541,1,6112,100,456866,1
50332.287780958,1,6113,100,455302,1
50333.93277435,1,6114,100,456535,1
50335.794814582,4,6114,100,456535,1
50337.464135995,4,6113,100,455302,1
50338.297226835,4,6110,100,457591,1
50339.439857863,1,6115,100,454721,1
50341.133867008,4,6112,100,456866,1
50343.832273216,1,6116,100,458448,-1
50344.59469459,1,6117,100,453496,1
50347.682272964,4,6111,100,457778,1
50349.637318659,1,6118,100,456554,-1
50351.25267314,3,6102,100,454923,1
50353.030699675,1,6119,100,456551,-1
50356.396819021,3,6092,100,451714,1
50357.784695442,1,6120,100,457089,-1
50358.557784396,5,6120,100,457089,-1
50361.433928446,3,6089,100,453825,1
50363.041367847,4,6118,100,456554,-1
50364.306780075,4,6116,100,458448,-1
50365.716535179,3,6117,100,453496,1
50366.740522158,1,6121,100,458510,1
50368.111955304,4,6119,100,456551,-1
50369.70712135,5,6121,100,458510,1
50371.225425153,4,6115,100,454721,1
50372.149928559,1,6122,100,457537,-1
50373.482908125,4,6122,100,457537,-1
50375.462376762,1,6123,100,456488,1
50376.313143917,4,6123,100,456488,1
50377.921542092,1,6124,100,457064,-1
50379.443921167,1,6125,100,455237,1
50380.776510503,5,6124,100,457064,-1
50381.751548457,3,6125,100,455237,1
50383.147226863,1,6126,100,454791,1
50384.495829657,1,6127,100,455784,-1
50387.24330263,3,6126,100,454791,1
50388.545531186,4,6127,100,455784,-1
50390.291356908,1,6128,100,455934,1
50391.421073318,1,6129,100,456067,1
50393.403707942,1,6130,100,457697,-1
50394.789712051,3,6130,100,457697,-1
50396.031442747,1,6131,100,458316,-1
50397.187511163,3,6128,100,455934,1
50398.089636865,1,6132,100,454145,1
50399.732287563,3,6131,100,458316,-1
50401.702857481,1,6133,100,455802,1
50403.245876477,3,6129,100,456067,1
50406.271920228,4,6133,100,455802,1
50407.977463234,4,6132,100,454145,1
50409.558996753,1,6134,100,454091,1
50410.252272947,1,6135,100,454066,1
50412.894646095,3,6135,100,454066,1
50416.422319743,1,6136,100,454024,1
50417.855065912,3,6134,100,454091,1
50418.941731603,4,6136,100,454024,1
50420.259042511,1,6137,100,453695,1
50421.302900528,3,6137,100,453695,1
50422.561187288,1,6138,100,454976,-1
50423.669776061,3,6138,100,454976,-1
50424.795304046,1,6139,100,455567,-1
50426.381510807,1,6140,100,456347,1
50428.031845079,1,6141,100,456762,-1
50429.422656131,1,6142,100,456213,1
50431.233116232,3,6140,100,456347,1
50433.201618777,5,6141,100,456762,-1
50434.503286573,1,6143,100,455615,-1
50435.792037174,1,6144,100,459216,-1
50436.961549997,5,6144,100,459216,-1
50438.259429408,1,6145,100,457880,-1
50439.248311104,1,6146,100,458286,-1
50441.169777044,3,6145,100,457880,-1
50444.235962697,5,6142,100,456213,1
50445.859243221,1,6147,100,455797,-1
50446.572581734,1,6148,100,458380,-1
50448.286927522,4,6147,100,455797,-1
50449.750077043,5,6148,100,458380,-1
50450.469769588,1,6149,100,456330,-1
50452.335215931,5,6143,100,455615,-1
50453.354648981,1,6150,100,453191,1
50455.216357096,1,6151,100,453176,1
50455.967164214,3,6149,100,456330,-1
50456.911791257,3,6150,100,453191,1
50458.194495938,1,6152,100,455256,-1
50460.007259215,1,6153,100,456725,-1
50460.696177983,3,6153,100,456725,-1
50461.647838774,1,6154,100,451053,1
50462.641811536,1,6155,100,450665,1
50464.100661959,3,6152,100,455256,-1
50464.90070668,1,6156,100,456396,-1
50466.794339561,3,6155,100,450665,1
50467.537684815,1,6157,100,454632,-1
50469.292066114,1,6158,100,448958,1
50471.245529616,4,6151,100,453176,1
50473.264673151,4,6139,100,455567,-1
50474.411295656,4,6157,100,454632,-1
50476.046274823,1,6159,100,453530,1
50477.218240853,1,6160,100,455408,-1
50478.466429733,1,6161,100,454941,-1
50479.849722783,3,6160,100,455408,-1
50480.967266372,3,6159,100,453530,1
50482.44643787,4,6161,100,454941,-1
50484.029261616,1,6162,100,454343,-1
50484.923597382,3,6162,100,454343,-1
50486.789188383,1,6163,100,453578,1
50487.572399732,3,6163,100,453578,1
50489.011068663,1,6164,200,455037,1
50489.895716961,1,6165,100,454457,1
50491.302481999,1,6166,100,453550,1
50492.150973486,1,6167,100,455871,-1
50493.327725913,1,6168,100,455302,1
50494.164000343,1,6169,100,455095,1
50495.803749301,2,6164,100,455037,1
50497.097733473,1,6170,100,455542,1
50498.882153809,4,6167,100,455871,-1
50501.638753846,4,6170,100,455542,1
50502.623846123,3,6166,100,453550,1
50504.883221358,4,6168,100,455302,1
50505.767835663,1,6171,100,456046,1
50507.651638534,1,6172,100,456156,-1
50509.546374241,1,6173,100,453895,1
50510.572577332,1,6174,100,455944,-1
50511.772014836,1,6175,100,456479,-1
50513.209232178,3,6158,100,448958,1
50516.542007124,1,6176,100,456570,1
50522.538002718,1,6177,100,456424,1
50523.526714807,4,6176,100,456570,1
50527.392238774,3,6156,100,456396,-1
50529.393867589,3,6173,100,453895,1
50530.361125424,1,6178,100,457155,-1
50532.968757971,4,6174,100,455944,-1
50534.648497079,1,6179,100,452848,1
50536.662347984,3,6179,100,452848,1
50537.8974808,1,6180,100,454372,-1
50539.821996147,4,6177,100,456424,1
50540.670644469,1,6181,100,454945,-1
50541.583981087,5,6169,100,455095,1
50542.57010212,1,6182,100,451236,1
50543.808876167,1,6183,100,456238,-1
50545.438830793,3,6183,100,456238,-1
50546.571252866,4,6164,100,455037,1
50547.306946508,4,6180,100,454372,-1
50549.094708552,3,6146,100,458286,-1
50550.733316997,3,6181,100,454945,-1
50552.217428217,5,6182,100,451236,1
50553.467786132,1,6184,100,455282,-1
50555.285807441,1,6185,100,454243,-1
50556.279189817,1,6186,100,453457,1
50557.997426009,3,6171,100,456046,1
50559.823037145,3,6185,100,454243,-1
50561.849262079,1,6187,100,456394,-1
50563.017821981,5,6187,100,456394,-1
50564.576877667,1,6188,100,454228,1
50565.811380084,4,6184,100,455282,-1
50567.267773694,3,6172,100,456156,-1
50568.471822874,4,6175,100,456479,-1
50569.749898982,4,6165,100,454457,1
50571.366006718,1,6189,100,454041,1
50572.999314858,3,6154,100,451053,1
50574.443318389,1,6190,100,454279,1
50575.315455623,1,6191,100,455072,1
50577.313910316,1,6192,100,457099,-1
50578.594457724,1,6193,100,457904,-1
50579.385727543,1,6194,100,457734,-1
50581.127398428,5,6191,100,455072,1
50582.734000539,3,6190,100,454279,1
50583.671430156,5,6189,100,454041,1
50585.555634782,1,6195,100,456134,-1
50587.216053206,1,6196,100,454599,1
50589.037390865,1,6197,200,457286,1
50589.924534826,1,6198,100,456992,1
50591.640997296,1,6199,100,456418,1
50593.387607352,5,6192,100,457099,-1
50594.568615463,4,6197,100,457286,1
50595.265795729,3,6178,100,457155,-1
50596.37108291,3,6199,100,456418,1
50597.892462007,5,6186,100,453457,1
50599.744678354,3,6198,100,456992,1
50601.720610481,3,6188,100,454228,1
50602.533941894,1,6200,100,457503,1
50604.139844125,1,6201,100,457385,1
50605.286519831,4,6195,100,456134,-1
50607.074483611,1,6202,100,456301,1
50609.051080829,4,6197,100,457286,1
50610.849232846,4,6201,100,457385,1
50612.633562137,1,6203,100,455661,1
50615.546230478,4,6200,100,457503,1
50617.565778212,3,6194,100,457734,-1
50618.509403356,4,6193,100,457904,-1
50621.115343899,3,6203,100,455661,1
50621.940204054,1,6204,100,461154,-1
50623.310313592,4,6204,100,461154,-1
50624.165738741,3,6202,100,456301,1
50625.378552184,1,6205,100,460054,-1
50627.300580268,1,6206,100,457401,1
50629.158327458,3,6196,100,454599,1
50630.74022988,5,6206,100,457401,1
50632.757433075,1,6207,100,457448,1
50633.761547477,3,6205,100,460054,-1
50634.782282019,4,6207,100,457448,1
50635.989505483,1,6208,100,458690,-1
50637.166356308,1,6209,100,461445,-1
50638.636340172,4,6208,100,458690,-1
50640.466860882,1,6210,100,457079,1
50642.141517587,1,6211,100,458435,1
50643.202565376,4,6211,100,458435,1
50645.135256143,1,6212,100,459879,-1
50647.114088269,5,6210,100,457079,1
50648.684813098,1,6213,100,456553,1
50649.956012847,3,6212,100,459879,-1
50651.328214828,1,6214,100,457928,-1
50653.96785435,5,6209,100,461445,-1
50655.508639576,1,6215,100,458052,-1
50657.386976379,5,6214,100,457928,-1
50658.340685694,1,6216,100,454906,1
50659.903543308,4,6215,100,458052,-1
50661.791770607,1,6217,100,457106,1
50663.557363607,3,6213,100,456553,1
50665.987992654,3,6217,100,457106,1
50667.715863642,3,6216,100,454906,1
50669.627836714,1,6218,100,457924,-1
50671.488384119,3,6218,100,457924,-1
50672.283759261,1,6219,100,457900,-1
50673.284203817,1,6220,100,460936,-1
50674.919545902,3,6219,100,457900,-1
50675.804654086,5,6220,100,460936,-1
50677.59732201,1,6221,100,457231,-1
50681.181894149,1,6222,100,460316,-1
50682.572305076,1,6223,100,456326,1
50683.265038601,3,6221,100,457231,-1
50684.786634555,1,6224,100,458304,-1
50687.494456486,1,6225,100,457944,-1
50688.29502258,3,6225,100,457944,-1
50689.948204674,3,6223,100,456326,1
50691.135421376,4,6224,100,458304,-1
50692.230804562,1,6226,100,453308,1
50693.66199707,1,6227,100,455339,-1
50695.439454196,3,6227,100,455339,-1
50696.728563669,3,6222,100,460316,-1
50698.078127385,1,6228,100,454050,-1
50699.695313714,1,6229,100,452672,-1
50702.044613611,5,6226,100,453308,1
50702.762657114,1,6230,100,451366,-1
50704.450283115,3,6228,100,454050,-1
50705.242762696,1,6231,100,447913,1
50706.779202892,1,6232,100,450862,1
50707.842201204,1,6233,100,453908,-1
50709.505253417,5,6232,100,450862,1
50710.364062178,1,6234,100,451745,-1
50711.710686353,4,6234,100,451745,-1
50712.756656916,4,6230,100,451366,-1
50714.542748138,1,6235,100,453611,-1
50716.652907479,3,6231,100,447913,1
50717.328748917,3,6233,100,453908,-1
50719.040442768,1,6236,100,453741,1
50720.964367299,1,6237,100,453472,-1
50722.519626116,1,6238,100,454835,-1
50724.053329219,4,6229,100,452672,-1
50725.911030332,5,6236,100,453741,1
50728.944585765,1,6239,100,452993,-1
50730.332234943,5,6239,100,452993,-1
50731.32798476,4,6237,100,453472,-1
50733.032894568,5,6238,100,454835,-1
50735.006861779,3,6235,100,453611,-1
50736.024902326,1,6240,100,451472,1
50737.855585526,1,6241,100,451185,1
50739.34588677,1,6242,100,451868,1
50740.786628164,3,6241,100,451185,1
50741.638407971,5,6240,100,451472,1
50743.370809366,1,6243,100,447463,1
50746.892175807,1,6244,100,449759,-1
50748.483422793,1,6245,100,449416,1
50749.270985303,1,6246,100,448542,1
50750.11950451,4,6242,100,451868,1
50751.949641291,1,6247,100,450083,1
50753.581363431,4,6247,100,450083,1
50755.426856531,3,6244,100,449759,-1
50756.484366747,1,6248,100,450372,1
50757.593808374,5,6243,100,447463,1
50758.806955969,4,6248,100,450372,1
50759.883289706,1,6249,100,448952,1
50760.762878481,4,6249,100,448952,1
50762.203026722,1,6250,100,450129,-1
50763.778894439,3,6245,100,449416,1
50765.690180182,1,6251,100,448548,1
50766.89212256,5,6251,100,448548,1
50767.669465355,3,6250,100,450129,-1
50768.508157108,1,6252,100,453030,-1
50769.51504309,1,6253,100,447932,1
50770.308714877,4,6246,100,448542,1
50771.374369929,4,6253,100,447932,1
50772.767773243,4,6252,100,453030,-1
50774.250660723,1,6254,100,451118,-1
50775.200526585,1,6255,100,448966,1
50776.710877452,1,6256,100,451530,-1
50777.898193922,3,6256,100,451530,-1
50779.368163442,5,6255,100,448966,1
50780.592704666,1,6257,100,455464,-1
50782.090315803,3,6257,100,455464,-1
50783.933152872,1,6258,100,452641,1
50785.146699511,1,6259,100,450777,1
50786.343492426,1,6260,100,454828,-1
50788.055030402,1,6261,100,453150,-1
50789.082605917,5,6258,100,452641,1
50790.445865689,1,6262,100,454407,-1
50793.332699731,3,6261,100,453150,-1
50794.5058611,1,6263,100,454394,-1
50795.468541247,1,6264,100,457686,-1
50797.342253444,4,6262,100,454407,-1
50798.489224647,3,6263,100,454394,-1
50799.671239206,1,6265,100,456267,-1
50800.658015313,3,6254,100,451118,-1
50802.086909052,1,6266,100,457508,-1
50802.858374768,5,6260,100,454828,-1
50804.385458779,1,6267,100,454282,1
50805.839227207,1,6268,100,455545,-1
50806.88910562,1,6269,100,452745,1
50808.569332211,3,6264,100,457686,-1
50809.759745458,3,6269,100,452745,1
50812.425330318,3,6267,100,454282,1
50813.418150328,1,6270,100,455801,-1
50814.176241874,1,6271,100,454711,1
50815.926077324,1,6272,100,453325,1
50817.840894034,3,6265,100,456267,-1
50820.098793277,1,6273,100,453713,-1
50823.322110337,5,6272,100,453325,1
50824.536847799,1,6274,100,454349,-1
50825.955019636,5,6273,100,453713,-1
50827.200996475,5,6274,100,454349,-1
50828.731112591,3,6270,100,455801,-1
50830.432037418,3,6271,100,454711,1
50832.073169488,3,6259,100,450777,1
50833.249203472,1,6275,100,453304,1
50834.048698192,3,6268,100,455545,-1
50834.958502759,1,6276,100,456279,-1
50836.563113221,3,6276,100,456279,-1
50838.423167181,3,6275,100,453304,1
50839.881201424,1,6277,100,457240,-1
50841.749027528,1,6278,100,454699,1
50842.639823749,4,6277,100,457240,-1
50843.537161006,3,6278,100,454699,1
50846.707737249,1,6279,100,457203,1
50847.403417885,4,6279,100,457203,1
50848.716392168,1,6280,100,457579,-1
50849.475847228,1,6281,100,455287,1
50850.411736838,1,6282,100,457550,1
50852.305208459,1,6283,100,456809,1
50853.925087126,1,6284,100,459833,-1
50855.001052616,1,6285,100,458221,-1
50856.738134145,1,6286,100,458698,-1
50858.212508702,5,6285,100,458221,-1
50858.916960216,1,6287,100,456329,-1
50859.950555996,4,6282,100,457550,1
50861.229819765,1,6288,100,456519,-1
50861.963176054,4,6287,100,456329,-1
50863.559925992,1,6289,200,455947,-1
50865.415922001,1,6290,100,454959,1
50866.413067324,5,6283,100,456809,1
50867.722905118,4,6289,100,455947,-1
50868.979654909,4,6280,100,457579,-1
50872.196335452,1,6291,100,457502,-1
50873.967967022,1,6292,100,458977,-1
50874.626329788,1,6293,100,455765,1
50875.723696609,3,6284,100,459833,-1
50876.691111003,1,6294,100,459699,-1
50878.609922104,3,6292,100,458977,-1
50879.729177649,1,6295,100,459003,-1
50882.042394027,4,6266,100,457508,-1
50883.504116002,1,6296,100,456932,1
50884.255958696,3,6286,100,458698,-1
50885.151465729,1,6297,100,459667,-1
50885.808234484,4,6296,100,456932,1
50886.526696827,1,6298,100,455556,1
50888.820937931,5,6297,100,459667,-1
50890.657111689,4,6289,100,455947,-1
50891.810204441,5,6291,100,457502,-1
50893.512156057,1,6299,100,457694,1
50894.357765641,1,6300,100,458858,-1
50895.745565445,3,6295,100,459003,-1
50897.239235352,1,6301,100,457532,-1
50898.036420114,1,6302,100,455608,-1
50899.549901342,1,6303,100,458569,-1
50901.274321688,4,6293,100,455765,1
50902.535976077,3,6303,100,458569,-1
50903.288213461,5,6302,100,455608,-1
50906.304249737,3,6288,100,456519,-1
50908.145493198,4,6290,100,454959,1
50909.871792321,5,6301,100,457532,-1
50911.508884067,4,6281,100,455287,1
50912.423887136,1,6304,100,454758,1
50913.729420221,3,6298,100,455556,1
50914.725143395,3,6299,100,457694,1
50916.028657004,5,6300,100,458858,-1
50917.767487905,1,6305,100,454412,1
50919.716457569,3,6294,100,459699,-1
50921.570686522,3,6305,100,454412,1
50922.807169072,1,6306,100,456528,-1
50924.099085829,3,6306,100,456528,-1
50925.66453042,3,6304,100,454758,1
50926.968516719,1,6307,100,455282,-1
50928.843270796,4,6307,100,455282,-1
50930.268495179,1,6308,100,454465,-1
50931.008825153,1,6309,100,452711,1
50932.836101303,1,6310,100,452614,1
50933.611583785,1,6311,100,454334,1
50934.530954725,3,6308,100,454465,-1
50936.16892811,3,6309,100,452711,1
50937.78159107,4,6311,100,454334,1
50938.859692591,1,6312,100,455024,1
50940.24562738,3,6310,100,452614,1
50941.746977425,5,6312,100,455024,1
50942.486544081,1,6313,100,456189,-1
50943.727684993,1,6314,100,457102,-1
50944.97908534,3,6313,100,456189,-1
50945.681995658,3,6314,100,457102,-1
50946.966427215,1,6315,100,457138,-1
50947.731161031,4,6315,100,457138,-1
50948.983907017,1,6316,100,456816,-1
50951.70683886,1,6317,100,453366,1
50952.589241933,4,6317,100,453366,1
50955.724018949,5,6316,100,456816,-1
50956.548614994,1,6318,100,453959,1
50957.660502567,5,6318,100,453959,1
50958.606619498,1,6319,100,453410,1
50960.002486651,1,6320,100,454288,1
50961.889777799,5,6320,100,454288,1
50962.759870328,1,6321,100,455420,-1
50963.760510541,1,6322,100,454076,1
50964.981826813,3,6319,100,453410,1
50966.193293461,4,6321,100,455420,-1
50967.479985566,3,6322,100,454076,1
50968.378314152,1,6323,100,458146,-1
50969.119859958,5,6323,100,458146,-1
50970.20325448,1,6324,100,454960,-1
50970.939208405,3,6324,100,454960,-1
50972.019775291,1,6325,100,456994,-1
50973.563720581,1,6326,100,457589,-1
50975.137721246,1,6327,100,455680,1
50975.868940044,3,6325,100,456994,-1
50978.338007454,4,6327,100,455680,1
50980.32968113,4,6326,100,457589,-1
50981.673842744,1,6328,100,455976,-1
50982.985466322,4,6328,100,455976,-1
50984.064689223,1,6329,100,456429,-1
50985.437818662,4,6329,100,456429,-1
50987.162738351,1,6330,100,456697,1
50988.909240434,1,6331,100,454684,1
50995.269458357,1,6332,100,456937,-1
50995.973580785,1,6333,100,454424,1
50997.035264089,1,6334,100,455724,-1
50998.465210859,5,6334,100,455724,-1
51000.161954545,1,6335,100,456241,-1
51001.851196276,3,6331,100,454684,1
51003.195732187,1,6336,100,457755,-1
51004.757883178,1,6337,100,456028,1
51005.562916377,1,6338,100,459517,-1
51006.368023305,1,6339,100,455994,1
51008.167395113,3,6339,100,455994,1
51008.962236729,1,6340,100,453598,1
51010.314640838,1,6341,100,458110,-1
51011.741853755,1,6342,100,454579,1
51013.238640721,1,6343,100,453999,1
51014.861225142,3,6336,100,457755,-1
51017.485904446,5,6337,100,456028,1
51018.677599549,1,6344,100,453954,1
51019.932864618,3,6343,100,453999,1
51021.22867757,1,6345,100,452925,1
51023.082820322,3,6332,100,456937,-1
51024.209843062,1,6346,100,451238,1
51026.101676245,1,6347,100,450460,1
51027.747138512,5,6340,100,453598,1
51031.429855549,4,6330,100,456697,1
51032.876037877,1,6348,100,453411,1
51034.403916202,1,6349,100,454573,1
51035.227973876,4,6344,100,453954,1
51036.868926479,1,6350,100,453822,-1
51039.896710973,1,6351,100,451732,1
51040.614384497,4,6342,100,454579,1
51041.722086395,5,6335,100,456241,-1
51043.370920699,3,6345,100,452925,1
51044.784490035,3,6338,100,459517,-1
51045.763807711,1,6352,100,455615,-1
51046.747120428,1,6353,100,457681,-1
51047.974666916,1,6354,100,453552,-1
51049.423634584,4,6348,100,453411,1
51050.974159554,1,6355,100,455659,-1
51052.691172263,3,6351,100,451732,1
51053.526527674,3,6354,100,453552,-1
51055.338756605,1,6356,100,454519,-1
51056.581911688,3,6346,100,451238,1
51057.453165554,4,6350,100,453822,-1
51058.649033787,1,6357,100,455834,-1
51062.129661188,5,6349,100,454573,1
51063.406668964,5,6341,100,458110,-1
51064.713143971,1,6358,100,453302,1
51066.418332829,1,6359,100,452576,1
51068.195794828,3,6333,100,454424,1
51069.305240815,1,6360,100,453843,-1
51071.18253105,1,6361,100,452821,1
51072.27230997,3,6355,100,455659,-1
51073.380823624,1,6362,100,454808,-1
51076.114125633,3,6360,100,453843,-1
51077.598645741,1,6363,100,452340,1
51078.406470267,3,6358,100,453302,1
51080.036776514,1,6364,100,454176,-1
51080.911719079,4,6362,100,454808,-1
51081.611252306,1,6365,100,458234,-1
51082.949306865,5,6361,100,452821,1
51085.129539338,1,6366,100,452862,1
51086.842651264,5,6366,100,452862,1
51088.361928974,1,6367,100,455255,-1
51089.172070329,1,6368,100,457784,-1
51090.219709914,1,6369,100,455804,1
51091.874924148,4,6357,100,455834,-1
51092.590616493,5,6369,100,455804,1
51094.448537787,1,6370,100,455587,1
51095.838181177,3,6356,100,454519,-1
51097.430415661,1,6371,100,458434,-1
51101.485148341,1,6372,100,457594,-1
51102.178174887,1,6373,100,452401,1
51104.052401596,3,6364,100,454176,-1
51105.156495123,5,6367,100,455255,-1
51106.771224669,3,6352,100,455615,-1
51107.418890572,3,6370,100,455587,1
51108.474456825,1,6374,100,456454,1
51109.1941371,3,6363,100,452340,1
51111.04590598,1,6375,100,460678,-1
51112.471799654,5,6353,100,457681,-1
51113.161146992,3,6347,100,450460,1
51114.492784985,3,6365,100,458234,-1
51115.614128069,3,6371,100,458434,-1
51117.224210656,4,6372,100,457594,-1
51118.890341247,3,6373,100,452401,1
51119.839484939,1,6376,100,459937,1
51120.773680545,3,6376,100,459937,1
51122.993168864,5,6368,100,457784,-1
51124.058192155,1,6377,100,461590,-1
51125.834821453,3,6377,100,461590,-1
51127.077032056,1,6378,100,459841,-1
51128.882694219,3,6359,100,452576,1
51131.305087441,1,6379,100,455865,1
51132.103742847,1,6380,100,457364,1
51132.861177739,4,6374,100,456454,1
51133.536761197,1,6381,100,459720,1
51134.722588122,5,6381,100,459720,1
51136.168801806,4,6375,100,460678,-1
51137.918085626,1,6382,100,459599,-1
51138.662114441,1,6383,100,460794,-1
51141.482936878,4,6378,100,459841,-1
51142.839004571,1,6384,100,458084,1
51144.687600102,5,6384,100,458084,1
51145.873298072,1,6385,100,458911,-1
51149.270668223,1,6386,100,457920,1
51150.812505117,3,6380,100,457364,1
51151.499454215,1,6387,100,457754,1
51153.011999392,4,6385,100,458911,-1
51153.969626642,1,6388,100,460914,1
51155.241835152,1,6389,100,460365,1
51156.202499704,1,6390,100,460541,-1
51157.651000083,1,6391,100,460339,-1
51158.83997673,1,6392,100,457768,1
51159.729709133,5,6382,100,459599,-1
51161.837286215,1,6393,100,460744,-1
51162.579715858,1,6394,100,458490,-1
51165.092836316,3,6379,100,455865,1
51165.749495009,4,6392,100,457768,1
51166.798233281,1,6395,100,456307,-1
51168.501407609,5,6391,100,460339,-1
51169.18319378,1,6396,100,451564,1
51171.665520597,1,6397,100,459169,1
51173.551292824,1,6398,100,460341,-1
51174.996643361,1,6399,100,460666,-1
51176.305674352,1,6400,100,463215,-1
51177.772567642,1,6401,100,460253,1
51178.854824802,1,6402,100,461416,-1
51179.877709807,5,6386,100,457920,1
51181.880370975,5,6390,100,460541,-1
51185.070188387,1,6403,100,459555,1
51187.931256636,1,6404,100,461430,1
51189.46051689,3,6401,100,460253,1
51190.547147769,1,6405,100,461110,1
51192.396959305,3,6387,100,457754,1
51193.544636666,3,6383,100,460794,-1
51194.639147048,4,6404,100,461430,1
51195.537798138,3,6405,100,461110,1
51197.306185938,1,6406,100,460171,-1
51199.052694901,3,6397,100,459169,1
51200.464509659,4,6406,100,460171,-1
51201.299369304,5,6395,100,456307,-1
51202.717611982,1,6407,100,457527,1
51204.258142937,3,6407,100,457527,1
51205.977035619,1,6408,100,455920,1
51209.364421911,3,6402,100,461416,-1
51211.796440506,3,6403,100,459555,1
51213.984215826,1,6409,100,455400,1
51214.982111698,1,6410,100,455746,1
51215.704324534,1,6411,100,457524,-1
51217.20689724,1,6412,100,457295,-1
51218.496610946,5,6394,100,458490,-1
51219.902615411,5,6412,100,457295,-1
51220.739145278,1,6413,100,454254,1
51222.49961412,1,6414,100,458101,-1
51223.637462898,1,6415,100,456414,-1
51225.300117552,1,6416,100,455840,1
51225.990144922,1,6417,100,458379,-1
51227.033293647,1,6418,100,458916,-1
51228.025430436,4,6415,100,456414,-1
51230.771119649,1,6419,100,457325,1
51232.328514714,3,6399,100,460666,-1
51233.666834633,1,6420,100,459161,-1
51235.43399471,1,6421,100,458362,1
51240.362418735,1,6422,100,455666,1
51241.352320768,1,6423,100,456144,1
51242.767577478,5,6410,100,455746,1
51243.710540884,4,6388,100,460914,1
51245.457354834,3,6396,100,451564,1
51246.897135482,3,6411,100,457524,-1
51248.391712682,4,6417,100,458379,-1
51250.072693089,1,6424,100,458389,-1
51250.909548412,1,6425,100,455610,1
51251.7383982,5,6420,100,459161,-1
51253.442843851,1,6426,100,457158,1
51254.914404724,4,6419,100,457325,1
51255.76737624,1,6427,100,456463,-1
51256.524809235,1,6428,100,457316,-1
51258.199026022,3,6424,100,458389,-1
51261.265850596,4,6425,100,455610,1
51266.337254132,4,6422,100,455666,1
51267.581903821,1,6429,100,454564,-1
51268.802493668,1,6430,100,455182,-1
51269.916341549,3,6428,100,457316,-1
51271.662822975,1,6431,100,455049,-1
51273.365563659,5,6429,100,454564,-1
51274.11208921,3,6400,100,463215,-1
51276.071939134,3,6393,100,460744,-1
51277.942293637,1,6432,100,454660,1
51279.270757081,4,6432,100,454660,1
51280.946548198,1,6433,100,451986,1
51282.008469342,1,6434,100,455613,-1
51282.95235954,3,6389,100,460365,1
51284.111150407,1,6435,100,452036,1
51285.916415771,1,6436,100,451510,1
51286.575421445,1,6437,100,451796,1
51287.861022614,1,6438,100,452967,-1
51290.99334982,1,6439,100,451169,1
51292.822029658,4,6433,100,451986,1
51293.991600154,3,6409,100,455400,1
51295.830775624,1,6440,100,450883,1
51296.787150217,1,6441,100,448766,1
51298.416168171,1,6442,100,451948,-1
51300.140904364,5,6414,100,458101,-1
51301.868719739,3,6440,100,450883,1
51303.65756643,3,6413,100,454254,1
51304.575951555,3,6435,100,452036,1
51305.557953151,3,6441,100,448766,1
51306.443649656,4,6426,100,457158,1
51308.051207831,1,6443,100,452440,-1
51309.798397943,4,6443,100,452440,-1
51311.520128512,3,6439,100,451169,1
51313.06946514,5,6423,100,456144,1
51314.376510958,1,6444,100,451856,1
51315.487394171,4,6416,100,455840,1
51316.70387674,1,6445,100,452785,-1
51318.214160529,1,6446,100,453902,-1
51319.515663344,4,6438,100,452967,-1
51320.935929381,1,6447,100,453302,1
51325.009679573,1,6448,100,452474,-1
51326.092810578,4,6421,100,458362,1
51327.236068742,3,6444,100,451856,1
51329.039251238,1,6449,100,454536,-1
51330.096706018,3,6442,100,451948,-1
51331.695360326,5,6427,100,456463,-1
51332.438911661,3,6446,100,453902,-1
51333.599390238,5,6437,100,451796,1
51334.871104314,1,6450,100,451963,1
51336.618687867,1,6451,100,453414,1
51337.431551516,1,6452,100,454682,-1
51338.607648209,1,6453,100,455020,-1
51339.951731753,3,6451,100,453414,1
51340.617352714,3,6418,100,458916,-1
51342.014027724,1,6454,100,452986,-1
51343.677740195,4,6408,100,455920,1
51344.63476495,1,6455,100,453224,-1
51345.296374109,3,6452,100,454682,-1
51346.643752025,3,6454,100,452986,-1
51348.391020762,1,6456,100,454647,-1
51349.65818129,3,6430,100,455182,-1
51350.399926016,3,6449,100,454536,-1
51352.693484424,5,6450,100,451963,1
51353.442456372,1,6457,100,449706,-1
51354.407044171,3,6456,100,454647,-1
51355.616691957,1,6458,100,450009,1
51357.113986388,3,6448,100,452474,-1
51358.633438711,1,6459,100,450937,-1
51359.814025295,1,6460,100,453568,-1
51361.528439621,1,6461,100,450607,-1
51362.62178749,1,6462,100,454441,-1
51363.689762094,3,6445,100,452785,-1
51365.077947477,1,6463,100,451212,-1
51366.74790714,4,6458,100,450009,1
51367.390494432,1,6464,100,451851,-1
51368.446314224,3,6434,100,455613,-1
51370.111216932,5,6431,100,455049,-1
51371.394839431,3,6460,100,453568,-1
51372.835493497,4,6459,100,450937,-1
51374.383510668,3,6453,100,455020,-1
51375.605890434,1,6465,100,452124,1
51376.734271892,1,6466,100,449749,1
51377.648169454,3,6398,100,460341,-1
51379.111087584,1,6467,100,456331,-1
51380.630145472,1,6468,100,454146,1
51382.649266169,4,6455,100,453224,-1
51383.83462599,3,6462,100,454441,-1
51385.573936105,1,6469,100,452216,1
51387.237276855,1,6470,100,454048,-1
51388.902275063,1,6471,100,452905,-1
51392.352641836,3,6469,100,452216,1
51394.099155809,1,6472,100,452312,1
51394.959379495,1,6473,100,451392,1
51396.01044404,1,6474,100,452145,1
51397.376714193,1,6475,100,455282,-1
51399.173008036,4,6447,100,453302,1
51399.939317668,1,6476,100,450669,1
51400.956973442,1,6477,100,454366,-1
51402.567187193,3,6463,100,451212,-1
51403.838145391,4,6473,100,451392,1
51405.207390972,3,6472,100,452312,1
51406.300920878,4,6468,100,454146,1
51409.219509875,5,6476,100,450669,1
51410.033706251,1,6478,100,453215,-1
51411.15091976,1,6479,100,449283,1
51413.571398638,3,6467,100,456331,-1
51414.469244993,3,6471,100,452905,-1
51415.594971424,1,6480,100,450271,1
51416.890013384,4,6464,100,451851,-1
51417.972437629,4,6474,100,452145,1
51418.612932186,4,6465,100,452124,1
51419.542497555,4,6457,100,449706,-1
51420.307378863,1,6481,100,454018,-1
51421.567807207,1,6482,100,451832,-1
51423.197703103,4,6480,100,450271,1
51424.288561385,3,6475,100,455282,-1
51426.112753046,1,6483,100,450409,1
51427.894637967,4,6461,100,450607,-1
51430.581086636,1,6484,100,449490,-1
51432.357643321,3,6436,100,451510,1
51433.238926193,1,6485,100,452220,-1
51434.819809289,1,6486,100,450994,-1
51436.522266176,3,6482,100,451832,-1
51437.894939699,3,6483,100,450409,1
51439.454751363,3,6481,100,454018,-1
51443.089662377,3,6484,100,449490,-1
51444.518274906,1,6487,100,449412,1
51446.035097035,1,6488,100,450892,1
51447.25265428,5,6488,100,450892,1
51448.034669467,5,6485,100,452220,-1
51449.112263685,3,6486,100,450994,-1
51450.535041995,1,6489,100,455562,-1
51451.845336012,5,6489,100,455562,-1
51453.657729375,1,6490,100,455970,-1
51454.975418807,1,6491,100,458173,-1
51456.613848058,1,6492,100,454185,1
51457.891989105,1,6493,100,452862,1
51458.603708696,1,6494,100,455291,-1
51459.502572669,3,6492,100,454185,1
51461.021310948,1,6495,100,454370,1
51462.672640059,5,6493,100,452862,1
51463.394932667,1,6496,100,457131,-1
51465.990701901,3,6490,100,455970,-1
51467.645605335,1,6497,100,457716,-1
51468.548271227,1,6498,100,456041,1
51470.241199913,3,6495,100,454370,1
51471.838971703,1,6499,100,459041,-1
51472.613110842,3,6491,100,458173,-1
51473.595384999,1,6500,100,456657,1
51474.453731634,1,6501,100,456309,-1
51475.622421944,1,6502,100,458331,-1
51477.997901355,1,6503,100,456823,1
51479.536201992,5,6466,100,449749,1
51480.692181288,3,6501,100,456309,-1
51481.586276534,1,6504,100,456101,-1
51483.282012535,1,6505,100,456964,-1
51484.122966487,1,6506,100,457994,-1
51485.417902403,1,6507,100,453550,1
51486.853771104,4,6503,100,456823,1
51488.370031337,1,6508,100,455031,1
51489.057216345,1,6509,100,457794,-1
51490.180615686,3,6496,100,457131,-1
51491.906387491,1,6510,100,458213,-1
51492.959294524,1,6511,100,456550,-1
51494.06070669,4,6477,100,454366,-1
51495.509241203,4,6498,100,456041,1
51496.45895203,1,6512,100,453899,1
51497.371985175,1,6513,100,457708,-1
51498.304855539,3,6507,100,453550,1
51500.706080546,4,6505,100,456964,-1
51502.407214535,1,6514,100,453937,1
51503.244754497,1,6515,100,457043,-1
51504.18507527,1,6516,100,454531,1
51504.881434184,4,6478,100,453215,-1
51505.765632283,1,6517,100,455878,-1
51506.875353046,4,6504,100,456101,-1
51511.271003261,3,6508,100,455031,1
51513.860006044,3,6510,100,458213,-1
51515.361481916,3,6497,100,457716,-1
51518.039708157,1,6518,100,454338,-1
51519.152224246,1,6519,100,454853,1
51520.043816344,1,6520,100,453133,1
51520.904312993,4,6494,100,455291,-1
51522.198091065,4,6512,100,453899,1
51523.276384567,4,6518,100,454338,-1
51525.046034986,1,6521,100,452407,1
51525.835641304,1,6522,100,456383,-1
51526.957465284,4,6516,100,454531,1
51530.425584035,1,6523,100,454674,-1
51531.096930255,1,6524,100,452718,1
51532.854099136,4,6470,100,454048,-1
51533.950648574,1,6525,100,455059,-1
51534.771906378,1,6526,100,453127,1
51536.140027019,1,6527,100,457954,-1
51537.810517193,3,6499,100,459041,-1
51539.431640566,4,6500,100,456657,1
51541.112515731,1,6528,100,456311,1
51542.28377221,1,6529,100,457106,-1
51543.795555952,1,6530,100,456056,1
51545.152250884,3,6522,100,456383,-1
51546.364069495,1,6531,100,455691,1
51547.551822413,1,6532,100,455821,1
51548.195979115,3,6529,100,457106,-1
51549.232029672,1,6533,100,456303,-1
51550.862043442,1,6534,100,453427,1
51552.030423984,1,6535,100,458310,-1
51554.958422472,4,6533,100,456303,-1
51556.610113562,1,6536,100,458014,1
51557.502003605,1,6537,100,457678,1
51558.987291566,4,6509,100,457794,-1
51560.179394422,1,6538,100,455474,1
51561.738140336,1,6539,100,457381,-1
51563.709015712,1,6540,100,456032,1
51565.406182959,1,6541,100,457322,1
51568.142084992,1,6542,100,456562,1
51568.918929016,4,6525,100,455059,-1
51569.848304123,1,6543,100,457148,1
51571.42777717,1,6544,100,456637,1
51572.156525548,4,6531,100,455691,1
51573.317489345,1,6545,100,457577,-1
51574.538418067,3,6506,100,457994,-1
51576.178221988,1,6546,100,454494,1
51577.300856828,4,6541,100,457322,1
51578.843960053,3,6540,100,456032,1
51579.903583006,1,6547,100,457661,-1
51580.708057972,5,6524,100,452718,1
51582.147373774,5,6528,100,456311,1
51583.193588521,1,6548,100,454949,1
51584.911390326,1,6549,100,456444,-1
51586.129143445,1,6550,100,453207,1
51587.293277516,1,6551,100,456607,-1
51588.313342729,1,6552,100,455681,-1
51589.933264286,3,6532,100,455821,1
51590.73391402,4,6542,100,456562,1
51592.224057478,1,6553,100,451609,1
51593.275912003,5,6534,100,453427,1
51594.938627059,1,6554,100,454956,1
51595.960900567,3,6523,100,454674,-1
51597.182413347,1,6555,100,454413,1
51598.949006347,1,6556,100,455393,-1
51599.648139227,1,6557,100,455696,1
51602.419466063,1,6558,100,457298,-1
51603.661006728,1,6559,100,453837,1
51605.374651438,1,6560,100,453905,-1
51606.093278386,3,6479,100,449283,1
51608.97555098,3,6547,100,457661,-1
51610.313801723,5,6487,100,449412,1
51611.555459329,1,6561,200,454464,1
51612.340964647,1,6562,100,454171,1
51613.573391313,3,6511,100,456550,-1
51614.257863398,3,6554,100,454956,1
51615.212631011,1,6563,100,455492,1
51617.96790004,1,6564,100,454899,-1
51618.603024008,3,6551,100,456607,-1
51619.93675886,4,6544,100,456637,1
51621.330066355,3,6517,100,455878,-1
51622.605365835,4,6564,100,454899,-1
51623.324817693,1,6565,100,453173,1
51624.216679162,4,6543,100,457148,1
51625.669986989,4,6530,100,456056,1
51628.642945506,3,6520,100,453133,1
51630.216112856,1,6566,100,456070,-1
51631.845876607,5,6566,100,456070,-1
51633.281100552,1,6567,100,454606,1
51634.756823122,3,6550,100,453207,1
51635.460932939,3,6537,100,457678,1
51636.761104017,4,6539,100,457381,-1
51638.495703847,1,6568,100,456482,1
51640.968908919,1,6569,100,458156,-1
51642.192441151,3,6538,100,455474,1
51642.821643196,3,6567,100,454606,1
51643.728086349,1,6570,100,458869,-1
51645.005268318,5,6555,100,454413,1
51646.0714871,5,6570,100,458869,-1
51646.955773736,3,6557,100,455696,1
51647.581307773,3,6553,100,451609,1
51648.308002764,1,6571,100,457998,-1
51649.163316628,3,6560,100,453905,-1
51652.11065544,1,6572,100,459406,-1
51653.15830178,1,6573,100,456465,1
51654.773464749,1,6574,100,456449,1
51655.578325923,4,6545,100,457577,-1
51656.721737139,5,6562,100,454171,1
51658.478477384,3,6573,100,456465,1
51659.394269885,5,6559,100,453837,1
51660.326611225,1,6575,100,459996,-1
51661.321594598,4,6513,100,457708,-1
51662.109537937,3,6574,100,456449,1
51663.798914867,4,6536,100,458014,1
51665.390029993,3,6548,100,454949,1
51667.146009773,3,6535,100,458310,-1
51668.300628946,3,6568,100,456482,1
51669.152004546,4,6549,100,456444,-1
51670.943912418,1,6576,100,458527,-1
51672.372153465,1,6577,100,455427,1
51673.388365564,1,6578,100,457471,1
51674.700919129,1,6579,100,458526,-1
51675.836578229,3,6576,100,458527,-1
51676.597882178,1,6580,100,457791,1
51678.040971747,1,6581,100,459200,-1
51679.005895982,3,6577,100,455427,1
51680.125164708,1,6582,100,459786,-1
51680.916034561,4,6569,100,458156,-1
51682.640847323,3,6514,100,453937,1
51683.450322237,1,6583,100,459095,1
51684.742418671,3,6561,200,454464,1
51685.342157262,1,6584,100,455831,1
51686.186927934,3,6581,100,459200,-1
51686.922792575,4,6515,100,457043,-1
51687.534544811,3,6572,100,459406,-1
51688.276454835,3,6558,100,457298,-1
51691.156414746,3,6546,100,454494,1
51693.457077709,5,6565,100,453173,1
51696.301597439,1,6585,100,461371,-1
51697.727770693,4,6582,100,459786,-1
51699.022753244,3,6578,100,457471,1
51700.049443594,5,6519,100,454853,1
51700.764861996,4,6527,100,457954,-1
51702.280639319,1,6586,100,463126,-1
51703.850106329,3,6585,100,461371,-1
51704.821828175,3,6571,100,457998,-1
51706.039295622,1,6587,100,459323,1
51707.127707464,1,6588,100,459715,-1
51707.734382863,1,6589,100,459491,-1
51709.307309353,1,6590,100,456445,1
51710.677046158,5,6584,100,455831,1
51712.164816877,5,6556,100,455393,-1
51713.042576542,1,6591,100,459609,1
51713.862399001,1,6592,100,462970,-1
51715.354050919,3,6575,100,459996,-1
51716.600887447,3,6588,100,459715,-1
51717.903648715,3,6563,100,455492,1
51719.031527917,3,6587,100,459323,1
51720.106324983,3,6590,100,456445,1
51721.638418471,1,6593,100,462248,1
51723.27786713,5,6521,100,452407,1
51723.943050039,1,6594,100,461195,1
51724.638726865,3,6586,100,463126,-1
51726.171182421,3,6580,100,457791,1
51726.96050819,3,6583,100,459095,1
51728.389625813,1,6595,100,460808,-1
51729.627914602,1,6596,100,461664,-1
51730.845617045,1,6597,100,463045,-1
51732.46960672,1,6598,100,460429,1
51733.347435444,3,6552,100,455681,-1
51735.48640945,1,6599,100,461304,1
51736.33185568,1,6600,100,460048,1
51737.573445072,3,6592,100,462970,-1
51739.141043243,3,6597,100,463045,-1
51740.982267009,1,6601,100,460450,-1
51741.973806077,5,6589,100,459491,-1
51743.582887152,1,6602,100,459245,1
51744.450190393,1,6603,100,461298,1
51747.345678771,5,6591,100,459609,1
51747.969295818,1,6604,100,461976,1
51748.621648437,1,6605,100,462817,-1
51749.590358113,5,6596,100,461664,-1
51750.722665668,3,6502,100,458331,-1
51752.224485492,1,6606,100,463864,1
51753.8586989,1,6607,100,465316,-1
51754.907981993,4,6601,100,460450,-1
51755.826949116,4,6605,100,462817,-1
51757.194609889,1,6608,100,466851,-1
51758.098422046,1,6609,100,465805,1
51758.77153152,3,6599,100,461304,1
51759.530327128,1,6610,100,465671,1
51761.969339324,5,6579,100,458526,-1
51762.674677171,1,6611,100,469089,-1
51763.638332919,3,6608,100,466851,-1
51766.810267354,1,6612,100,467805,1
51768.516154307,5,6526,100,453127,1
51769.563240864,3,6600,100,460048,1
51770.578437154,5,6593,100,462248,1
51771.474953924,4,6595,100,460808,-1
51773.207926398,3,6604,100,461976,1
51774.719233039,3,6607,100,465316,-1
51776.331759122,3,6598,100,460429,1
51777.397702574,1,6613,100,469291,-1
51778.370231695,5,6609,100,465805,1
51779.423874357,1,6614,100,467716,-1
51780.725139519,1,6615,100,466680,1
51782.152711081,3,6614,100,467716,-1
51783.79939956,4,6612,100,467805,1
51784.570243944,4,6611,100,469089,-1
51785.236303577,1,6616,100,467965,1
51788.003039881,4,6616,100,467965,1
51788.798458439,5,6603,100,461298,1
51789.461880827,3,6613,100,469291,-1
51790.052015012,3,6610,100,465671,1
51791.782477066,5,6602,100,459245,1
51793.534919199,4,6615,100,466680,1
51794.51935,1,6617,100,469805,1
51795.451057667,3,6606,100,463864,1
51796.342343258,3,6594,100,461195,1
51797.428929685,1,6618,100,469201,1
51798.214191154,5,6618,100,469201,1
51799.462605565,1,6619,100,469637,1
51800.804975833,4,6619,100,469637,1
51802.252712131,1,6620,100,470647,-1
51803.671778389,1,6621,100,466705,1
51804.350767307,5,6617,100,469805,1
51805.586910871,1,6622,100,472517,-1
51807.08068381,3,6621,100,466705,1
51807.866669078,4,6620,100,470647,-1
51809.552706823,1,6623,100,471349,-1
51811.02328869,1,6624,100,469106,1
51812.271631255,3,6623,100,471349,-1
51814.733924548,3,6622,100,472517,-1
51815.485488738,4,6624,100,469106,1
51817.076863098,1,6625,100,469429,-1
51818.80956802,4,6625,100,469429,-1
51820.439727645,1,6626,100,469238,1
51821.927307304,5,6626,100,469238,1
51822.968930383,1,6627,100,469575,1
51824.021487061,1,6628,100,472143,-1
51824.729573884,3,6628,100,472143,-1
51826.970969291,1,6629,100,465496,1
51828.353274889,4,6627,100,469575,1
51829.973932996,4,6629,100,465496,1
51830.720813632,1,6630,100,469161,-1
51832.215428305,3,6630,100,469161,-1
51833.816493435,1,6631,100,468361,-1
51836.355287891,1,6632,100,465343,1
51837.03453859,1,6633,100,468676,-1
51838.464389049,5,6632,100,465343,1
51839.238088708,3,6633,100,468676,-1
51840.806991572,3,6631,100,468361,-1
51841.480254533,1,6634,100,470472,-1
51844.242835498,3,6634,100,470472,-1
51845.361743061,1,6635,100,471256,-1
51846.183514673,4,6635,100,471256,-1
51847.335645618,1,6636,100,471020,1
51848.866838092,1,6637,100,469646,1
51850.43886135,4,6636,100,471020,1
51853.481637672,4,6637,100,469646,1
51854.296993603,1,6638,100,471375,1
51856.658794157,1,6639,100,471511,-1
51857.712046363,3,6638,100,471375,1
51859.006646832,1,6640,100,471300,1
51859.731781256,1,6641,100,474862,-1
51861.142831325,3,6639,100,471511,-1
51863.767059379,3,6641,100,474862,-1
51864.574284141,1,6642,100,473347,-1
51866.213490559,1,6643,100,469352,1
51867.278510782,3,6640,100,471300,1
51868.102554972,1,6644,100,473438,-1
51869.094887023,1,6645,100,471668,1
51870.367128516,1,6646,100,470662,1
51871.35341141,4,6645,100,471668,1
51874.356776053,1,6647,100,471344,-1
51875.018619226,1,6648,100,471929,-1
51876.443166819,3,6642,100,473347,-1
51877.361740145,3,6646,100,470662,1
51879.04236184,5,6648,100,471929,-1
51879.78825909,1,6649,100,469247,-1
51881.14561829,1,6650,100,469846,-1
51882.403567338,1,6651,100,470082,-1
51883.035712425,1,6652,100,468995,1
51884.514375851,5,6647,100,471344,-1
51886.216983679,1,6653,100,468575,1
51887.688333923,4,6650,100,469846,-1
51889.318197042,1,6654,100,468069,1
51890.963286051,3,6649,100,469247,-1
51893.893200703,1,6655,100,472400,-1
51894.57077707,1,6656,100,473239,-1
51895.542917588,3,6655,100,472400,-1
51896.813167364,1,6657,100,471337,-1
51897.956879158,1,6658,100,467175,1
51898.580018343,1,6659,100,468058,1
51899.487873242,5,6657,100,471337,-1
51900.657872194,1,6660,100,470842,-1
51901.665721503,1,6661,100,470635,-1
51902.769498512,5,6652,100,468995,1
51903.971878219,3,6651,100,470082,-1
51905.287271728,4,6660,100,470842,-1
51906.048170134,1,6662,100,473211,-1
51907.328176882,4,6661,100,470635,-1
51908.109517711,1,6663,100,470521,1
51909.40698588,1,6664,100,471075,1
51911.96915109,5,6659,100,468058,1
51913.212517428,1,6665,100,471890,-1
51913.893037422,3,6656,100,473239,-1
51915.329176857,1,6666,100,471316,-1
51916.434316488,3,6643,100,469352,1
51917.540365301,5,6644,100,473438,-1
51918.67066611,3,6658,100,467175,1
51919.522420342,1,6667,100,466697,1
51920.648627536,3,6667,100,466697,1
51921.33492414,3,6654,100,468069,1
51924.006359311,1,6668,100,469691,1
51924.611880435,1,6669,100,470601,1
51927.081156819,4,6669,100,470601,1
51928.501283249,3,6663,100,470521,1
51931.207960232,1,6670,100,469385,1
51932.751580948,4,6668,100,469691,1
51933.693084965,4,6670,100,469385,1
51935.171717524,1,6671,100,467420,1
51936.516131087,1,6672,100,468905,-1
51937.64950119,1,6673,100,467791,1
51939.076073768,1,6674,100,468425,1
51939.704178917,5,6671,100,467420,1
51940.918775823,1,6675,100,467660,1
51941.9763116,4,6664,100,471075,1
51944.274060968,5,6673,100,467791,1
51944.99776119,3,6662,100,473211,-1
51945.808582633,1,6676,100,466664,1
51946.834992983,4,6653,100,468575,1
51947.624831935,3,6675,100,467660,1
51948.647486911,1,6677,100,468530,-1
51949.442477002,3,6677,100,468530,-1
51950.08006055,3,6676,100,466664,1
51950.690011823,3,6665,100,471890,-1
51951.897732551,1,6678,100,467232,-1
51953.22123205,4,6678,100,467232,-1
51955.317170505,4,6674,100,468425,1
51956.231877066,3,6672,100,468905,-1
51958.516387552,4,6666,100,471316,-1
51959.640841623,1,6679,200,465618,-1
51960.824407135,1,6680,100,463161,1
51962.156900693,5,6680,100,463161,1
51963.862586975,1,6681,100,462581,1
51965.88042817,5,6681,100,462581,1
51967.491418501,3,6679,200,465618,-1
51968.659819805,1,6682,100,464531,-1
51972.528885716,4,6682,100,464531,-1
51973.708554751,1,6683,100,465405,-1
51975.198466333,3,6683,100,465405,-1
51976.072642752,1,6684,100,465244,-1
51977.121132995,3,6684,100,465244,-1
51978.433828063,1,6685,100,466250,-1
51979.962773946,3,6685,100,466250,-1
51981.214483391,1,6686,100,465886,1
51982.678118326,1,6687,100,464245,1
51983.639705413,5,6687,100,464245,1
51985.256691535,1,6688,100,466958,1
51986.319224284,4,6688,100,466958,1
51988.004092949,1,6689,100,468499,-1
51989.651792843,1,6690,100,466905,1
51992.620838102,3,6689,100,468499,-1
51993.217350888,3,6686,100,465886,1
51995.352821017,1,6691,100,468733,-1
51996.334634273,3,6691,100,468733,-1
51997.843146221,3,6690,100,466905,1
51998.605648699,1,6692,100,467558,1
51999.91268452,3,6692,100,467558,1
52000.586000654,1,6693,100,467265,-1
52001.770138507,1,6694,100,469391,-1
52002.698519804,1,6695,100,469807,-1
52003.939228599,1,6696,100,466727,1
52004.605074722,1,6697,100,471688,-1
52006.092932167,4,6693,100,467265,-1
52007.548971357,1,6698,100,467442,-1
52008.939272004,1,6699,100,467775,1
52009.751202801,1,6700,100,468102,-1
52011.088182023,1,6701,100,467558,-1
52012.297557943,1,6702,100,467832,1
52012.94370326,3,6694,100,469391,-1
52014.610484874,1,6703,100,465530,1
52016.141458923,4,6698,100,467442,-1
52016.823412291,1,6704,100,466172,1
52017.569006516,1,6705,100,468225,-1
52018.877307838,3,6704,100,466172,1
52021.892792374,1,6706,100,467574,1
52023.382364204,1,6707,100,465703,1
52024.531689825,3,6697,100,471688,-1
52025.166817435,3,6701,100,467558,-1
52026.924639384,1,6708,100,467963,1
52028.25885222,3,6699,100,467775,1
52029.283289844,1,6709,100,468710,1
52030.40681946,1,6710,100,469790,-1
52030.993384799,4,6709,100,468710,1
52031.737529614,1,6711,100,467258,1
52033.273517045,1,6712,100,470921,-1
52035.651499415,1,6713,100,465518,1
52037.250932592,1,6714,100,467136,1
52037.851623737,1,6715,100,468758,-1
52039.100018625,3,6706,100,467574,1
52040.081248608,3,6711,100,467258,1
52041.576042307,1,6716,100,465501,1
52042.872643743,3,6716,100,465501,1
52043.860270464,1,6717,100,468602,-1
52045.147180222,1,6718,100,469204,-1
52045.963502063,3,6713,100,465518,1
52047.069315794,1,6719,100,466578,1
52047.849384261,5,6719,100,466578,1
52049.291173062,1,6720,100,469434,-1
52050.25631154,1,6721,100,468003,-1
52050.879943157,3,6702,100,467832,1
52051.560461569,1,6722,100,464731,1
52053.977330929,1,6723,100,464775,1
52054.564723609,3,6708,100,467963,1
52055.60538939,3,6722,100,464731,1
52056.550386141,3,6721,100,468003,-1
52057.764224421,3,6714,100,467136,1
52059.049523028,1,6724,100,465355,-1
52060.640920206,3,6707,100,465703,1
52061.87539189,1,6725,100,464329,1
52063.028732491,5,6715,100,468758,-1
52064.257628803,5,6703,100,465530,1
52065.548445114,4,6696,100,466727,1
52067.052243931,1,6726,100,464147,1
52068.127650671,1,6727,100,464516,-1
52069.576963196,1,6728,100,465538,-1
52070.793530997,1,6729,100,461295,1
52072.37181415,1,6730,100,464475,-1
52074.039030376,1,6731,100,464396,-1
52074.72890418,1,6732,100,464435,-1
52076.061015802,4,6726,100,464147,1
52076.672003239,3,6731,100,464396,-1
52078.329036838,5,6727,100,464516,-1
52079.406986864,1,6733,100,462682,1
52080.376661068,4,6723,100,464775,1
52081.153731832,3,6700,100,468102,-1
52082.105733602,3,6733,100,462682,1
52083.492451351,4,6725,100,464329,1
52084.434699552,4,6729,100,461295,1
52085.921449317,5,6724,100,465355,-1
52086.647745918,3,6732,100,464435,-1
52087.322818873,1,6734,100,463934,-1
52087.959250156,1,6735,100,459761,1
52089.127515708,1,6736,100,461366,-1
52090.713384883,3,6728,100,465538,-1
52091.894938768,5,6695,100,469807,-1
52093.50713542,1,6737,100,459585,1
52094.606116731,3,6737,100,459585,1
52095.657930559,5,6720,100,469434,-1
52096.979785175,1,6738,100,462147,-1
52099.860718394,3,6730,100,464475,-1
52100.986112893,3,6735,100,459761,1
52101.999923223,3,6718,100,469204,-1
52104.395747632,1,6739,100,459405,1
52105.861789574,3,6710,100,469790,-1
52106.919481804,4,6739,100,459405,1
52108.369814499,4,6738,100,462147,-1
52111.139005514,3,6736,100,461366,-1
52113.569941852,1,6740,100,459972,-1
52115.215431991,3,6712,100,470921,-1
52116.55966408,1,6741,100,456257,1
52118.949104938,1,6742,100,456307,-1
52119.857586724,4,6741,100,456257,1
52122.899404053,1,6743,100,454480,1
52123.834268385,5,6734,100,463934,-1
52125.206372333,5,6743,100,454480,1
52125.79633638,1,6744,100,454353,1
52127.037171677,1,6745,100,453049,1
52127.731400654,4,6742,100,456307,-1
52128.427890109,3,6740,100,459972,-1
52129.547694564,1,6746,100,457955,-1
52130.915215272,1,6747,100,457682,-1
52132.340349689,1,6748,100,456368,1
52133.04246096,1,6749,100,456462,1
52134.6286191,3,6717,100,468602,-1
52136.051923287,1,6750,100,456585,-1
52136.719655092,1,6751,100,456047,-1
52137.345064332,3,6749,100,456462,1
52138.34540033,1,6752,100,453268,1
52139.230866612,5,6705,100,468225,-1
52139.921386683,4,6748,100,456368,1
52141.60115697,3,6751,100,456047,-1
52144.439219322,1,6753,100,456205,-1
52146.876219528,3,6752,100,453268,1
52147.538152762,3,6744,100,454353,1
52148.592905019,1,6754,100,452263,1
52149.578302912,1,6755,100,451245,1
52150.479550241,1,6756,100,454488,-1
52151.543401286,3,6753,100,456205,-1
52153.318958445,3,6750,100,456585,-1
52154.925473563,1,6757,100,454991,1
52157.00023091,5,6757,100,454991,1
52158.308772241,3,6756,100,454488,-1
52159.438949558,3,6754,100,452263,1
52160.062797992,1,6758,100,457598,-1
52160.911609245,4,6755,100,451245,1
52162.110531448,3,6746,100,457955,-1
52163.121702026,4,6747,100,457682,-1
52163.939626621,1,6759,100,454732,1
52165.062227961,1,6760,100,458154,-1
52166.746942019,3,6758,100,457598,-1
52168.565712605,1,6761,100,458047,-1
52171.764630523,4,6761,100,458047,-1
52173.419932101,1,6762,100,459465,-1
52175.154960938,4,6760,100,458154,-1
52176.82599024,4,6745,100,453049,1
52177.648477971,3,6759,100,454732,1
52178.485504307,1,6763,100,459166,-1
52179.853120845,1,6764,100,457892,-1
52181.193392182,5,6764,100,457892,-1
52182.122561727,5,6762,100,459465,-1
52182.813795393,1,6765,100,453311,1
52183.44131132,3,6765,100,453311,1
52184.435988625,1,6766,100,456903,-1
52185.507449061,3,6763,100,459166,-1
52186.84694997,3,6766,100,456903,-1
52188.002632466,1,6767,100,455933,-1
52189.512610923,1,6768,100,457773,-1
52191.610578152,1,6769,100,452937,1
52193.243402922,4,6767,100,455933,-1
52195.659577998,4,6769,100,452937,1
52196.465132237,1,6770,100,454609,-1
52198.977248297,1,6771,100,452959,1
52201.111556164,3,6770,100,454609,-1
52202.630013519,4,6771,100,452959,1
52203.947634877,3,6768,100,457773,-1
52204.559785706,1,6772,100,454187,1
52205.462319852,1,6773,100,452992,1
52206.327561993,1,6774,100,454126,1
52207.931401448,1,6775,100,454841,1
52208.878324436,1,6776,100,457408,-1
52210.237256827,3,6775,100,454841,1
52211.722204278,4,6772,100,454187,1
52213.549533052,1,6777,100,454828,1
52214.926071868,4,6776,100,457408,-1
52215.547779541,1,6778,100,456281,-1
52216.775898163,5,6773,100,452992,1
52217.457131081,1,6779,100,458070,-1
52218.792054537,4,6778,100,456281,-1
52220.419041344,1,6780,100,456258,1
52221.992813405,1,6781,100,458542,-1
52226.374876363,3,6779,100,458070,-1
52227.453704093,1,6782,100,458678,1
52229.264933354,4,6781,100,458542,-1
52230.093714758,1,6783,100,459037,-1
52230.693364083,4,6783,100,459037,-1
52232.141621816,1,6784,100,459907,1
52233.505774614,3,6777,100,454828,1
52234.608686036,1,6785,100,460625,-1
52236.864269236,1,6786,100,457671,1
52238.528642624,3,6785,100,460625,-1
52239.708071585,1,6787,100,460409,-1
52240.695162247,3,6787,100,460409,-1
52242.274295386,1,6788,100,459965,-1
52243.729300713,3,6780,100,456258,1
52246.197259913,4,6788,100,459965,-1
52247.22915498,4,6784,100,459907,1
52248.473861185,4,6782,100,458678,1
52249.900667689,5,6774,100,454126,1
52251.536418418,1,6789,100,460108,1
52252.634189142,1,6790,100,459373,1
52254.224909812,1,6791,100,458479,1
52255.169290922,1,6792,100,459342,1
52255.78048375,5,6791,100,458479,1
52256.507617061,1,6793,100,461539,1
52258.747723955,1,6794,100,462605,1
52259.336502334,4,6793,100,461539,1
52260.322625071,1,6795,100,462542,-1
52261.263269003,4,6794,100,462605,1
52261.883537544,4,6792,100,459342,1
52262.511356282,1,6796,100,459362,1
52263.863463453,4,6786,100,457671,1
52265.020144679,4,6789,100,460108,1
52266.164175746,4,6795,100,462542,-1
52267.138345098,1,6797,100,459060,1
52268.203551934,1,6798,100,460818,-1
52269.401343147,3,6798,100,460818,-1
52269.965510476,5,6790,100,459373,1
52271.356244774,4,6797,100,459060,1
52272.327950189,4,6796,100,459362,1
52273.198212861,1,6799,100,462325,-1
52274.611435851,3,6799,100,462325,-1
52275.983499343,1,6800,100,462147,1
52277.309817312,4,6800,100,462147,1
52278.674578906,1,6801,100,460676,1
52279.539730139,1,6802,100,462132,-1
52280.534376317,1,6803,100,463339,-1
52281.413199329,1,6804,100,463313,-1
52282.038344204,4,6802,100,462132,-1
52282.602718443,1,6805,100,461856,1
52283.570820221,4,6805,100,461856,1
52284.199089008,1,6806,100,460570,1
52284.983480062,4,6806,100,460570,1
52286.191614506,3,6803,100,463339,-1
52289.256317235,1,6807,100,459854,-1
52290.411967951,1,6808,100,459941,1
52292.038365142,1,6809,100,459776,1
52292.894940806,3,6808,100,459941,1
52293.515835532,1,6810,100,459338,1
52294.316223676,1,6811,100,459841,-1
52295.139903121,3,6804,100,463313,-1
52296.350039117,1,6812,100,458104,-1
52296.97310671,1,6813,100,459833,-1
52297.902715006,4,6812,100,458104,-1
52298.519089879,1,6814,100,453293,1
52299.36928715,1,6815,100,458461,-1
52300.75703819,1,6816,100,459078,-1
52302.261828206,1,6817,100,457697,-1
52303.390311749,1,6818,100,460008,-1
52304.916566462,5,6816,100,459078,-1
52306.200691449,1,6819,100,459100,1
52307.489057335,1,6820,100,458241,1
52308.426607675,3,6814,100,453293,1
52309.873382275,1,6821,100,461092,-1
52310.468840015,4,6807,100,459854,-1
52311.164971509,1,6822,100,461403,1
52312.56524695,5,6818,100,460008,-1
52313.585575718,3,6822,100,461403,1
52314.427282777,3,6815,100,458461,-1
52315.068757804,3,6813,100,459833,-1
52316.037745716,3,6820,100,458241,1
52317.241523373,1,6823,100,464462,-1
52318.405379082,1,6824,100,463008,-1
52319.641823373,1,6825,100,462211,1
52320.745991702,1,6826,100,463285,-1
52321.970454615,1,6827,100,463481,-1
52322.808721165,1,6828,100,460404,1
52324.160165254,1,6829,100,462171,1
52325.715514468,4,6829,100,462171,1
52326.657457169,1,6830,100,462358,-1
52327.282162779,1,6831,100,461893,-1
52328.007085735,1,6832,100,459450,1
52329.253400156,4,6830,100,462358,-1
52330.168740009,1,6833,100,465298,-1
52330.827597677,3,6801,100,460676,1
52332.262767744,1,6834,100,464203,-1
52332.836455716,4,6833,100,465298,-1
52334.442735837,4,6817,100,457697,-1
52335.295151886,1,6835,100,464686,1
52335.935495393,4,6831,100,461893,-1
52338.061065111,3,6810,100,459338,1
52338.743714763,1,6836,100,466776,-1
52340.071509318,1,6837,100,463872,1
52341.243288,1,6838,100,466229,-1
52342.504256659,1,6839,100,467669,-1
52343.163453177,1,6840,100,466715,1
52344.513159475,4,6823,100,464462,-1
52345.543951683,3,6827,100,463481,-1
52346.659680823,1,6841,100,467087,1
52347.462758565,1,6842,100,467131,1
52348.563913686,1,6843,100,470544,-1
52351.174427663,4,6826,100,463285,-1
52352.344396965,1,6844,100,467481,1
52353.540582229,5,6809,100,459776,1
52354.861166594,1,6845,100,466919,1
52355.759379919,1,6846,100,466250,1
52356.576864037,3,6819,100,459100,1
52358.556816439,3,6840,100,466715,1
52360.141754006,1,6847,100,469355,-1
52361.178545151,3,6837,100,463872,1
52362.469633574,4,6838,100,466229,-1
52363.251450417,3,6832,100,459450,1
52364.317883014,3,6825,100,462211,1
52365.405587399,1,6848,100,470627,-1
52366.13429713,5,6848,100,470627,-1
52367.304048578,4,6836,100,466776,-1
52368.456118806,3,6824,100,463008,-1
52369.239681714,4,6821,100,461092,-1
52370.346900365,5,6846,100,466250,1
52371.595093653,3,6844,100,467481,1
52372.432144927,3,6834,100,464203,-1
52373.920549225,3,6839,100,467669,-1
52375.42833958,3,6845,100,466919,1
52376.032651043,3,6843,100,470544,-1
52376.665511179,1,6849,100,466270,1
52377.70808248,1,6850,100,467814,1
52379.069592845,1,6851,100,468554,1
52380.096143641,4,6811,100,459841,-1
52380.881296288,1,6852,100,468605,1
52383.32219275,5,6847,100,469355,-1
52384.285193913,1,6853,100,470757,-1
52385.076567023,1,6854,100,467194,1
52386.032215343,3,6842,100,467131,1
52388.173041198,1,6855,100,469117,1
52389.547439125,4,6852,100,468605,1
52391.046918363,3,6850,100,467814,1
52391.935703623,1,6856,100,469234,-1
52392.496792446,1,6857,100,469706,-1
52393.112203112,1,6858,100,467236,1
52393.937365986,5,6828,100,460404,1
52396.552863073,3,6835,100,464686,1
52397.496249849,1,6859,100,469267,-1
52398.227606906,4,6855,100,469117,1
52399.678928671,4,6854,100,467194,1
52402.236837479,3,6859,100,469267,-1
52403.081956085,4,6858,100,467236,1
52404.163359027,1,6860,100,463264,1
52404.835656336,1,6861,100,464356,1
52405.681216039,4,6849,100,466270,1
52409.142549533,3,6857,100,469706,-1
52409.883469703,5,6856,100,469234,-1
52410.917138031,4,6841,100,467087,1
52412.315790341,3,6851,100,468554,1
52412.905730666,1,6862,100,462946,1
52414.286745081,1,6863,100,465023,-1
52415.35317398,4,6861,100,464356,1
52416.954476965,1,6864,100,463211,-1
52417.995563877,4,6860,100,463264,1
52418.946199864,3,6862,100,462946,1
52419.755969461,4,6864,100,463211,-1
52420.979018938,3,6853,100,470757,-1
52422.591802738,4,6863,100,465023,-1
52423.489958496,1,6865,100,463787,-1
52424.125514804,4,6865,100,463787,-1
52425.326469294,1,6866,100,464286,-1
52426.360561959,3,6866,100,464286,-1
52427.004678106,1,6867,100,462597,1
52428.114212769,4,6867,100,462597,1
52428.673176025,1,6868,100,464663,1
52429.613622006,3,6868,100,464663,1
52431.141968561,1,6869,100,465342,1
52432.413537796,5,6869,100,465342,1
52432.957951009,1,6870,100,464557,-1
52433.993613466,4,6870,100,464557,-1
52434.689486838,1,6871,100,463872,1
52435.906259654,4,6871,100,463872,1
52436.960188933,1,6872,100,463662,1
52438.234436908,1,6873,100,466698,-1
52439.670220486,4,6872,100,463662,1
52440.591426959,3,6873,100,466698,-1
52441.616446198,1,6874,100,463297,-1
52442.505414306,3,6874,100,463297,-1
52444.0758912,1,6875,100,464974,1
52444.727196463,1,6876,100,465787,1
52445.705813271,5,6876,100,465787,1
52447.437166883,1,6877,100,467688,-1
52449.015900572,1,6878,100,466783,1
52450.067378546,3,6878,100,466783,1
52450.63976314,1,6879,100,468735,-1
52451.808323095,3,6877,100,467688,-1
52452.439879018,5,6875,100,464974,1
52453.04103771,3,6879,100,468735,-1
52454.354668581,1,6880,100,467030,-1
52455.493143547,4,6880,100,467030,-1
52456.728493192,1,6881,100,465908,-1
52457.34558201,3,6881,100,465908,-1
52458.141430333,1,6882,100,463804,1
52459.11363463,3,6882,100,463804,1
52459.987044029,1,6883,100,466999,-1
52461.109786049,1,6884,100,461011,1
52462.647397877,3,6883,100,466999,-1
52463.274933105,1,6885,100,465820,-1
52464.449249816,3,6884,100,461011,1
52466.681410437,4,6885,100,465820,-1
52468.17620976,1,6886,100,463381,-1
52468.871833618,1,6887,100,462211,-1
52470.001125433,1,6888,100,462994,-1
52471.629555389,3,6888,100,462994,-1
52472.270423116,5,6886,100,463381,-1
52473.088478713,4,6887,100,462211,-1
52474.001402762,1,6889,100,462300,-1
52475.334638973,1,6890,100,460574,1
52476.345854408,3,6889,100,462300,-1
52477.83670942,1,6891,100,461271,1
52479.345390572,1,6892,100,461364,1
52480.198418692,4,6890,100,460574,1
52482.06091386,1,6893,100,459902,1
52482.885127515,1,6894,100,463986,-1
52483.447727583,1,6895,100,460374,1
52483.988831758,3,6895,100,460374,1
52485.250418135,1,6896,100,461243,-1
52486.165064043,3,6896,100,461243,-1
52487.614468745,4,6891,100,461271,1
52489.000778228,3,6892,100,461364,1
52490.065325709,3,6894,100,463986,-1
52491.334943691,1,6897,100,456887,1
52492.705829837,1,6898,100,461378,-1
52494.004193457,1,6899,100,458503,1
52495.14448758,1,6900,100,456641,1
52496.036925163,1,6901,100,461032,1
52498.36767705,1,6902,100,458576,1
52499.927444838,3,6893,100,459902,1
52501.172898516,1,6903,100,460826,1
52502.066174069,1,6904,100,459851,1
52504.465146702,1,6905,100,461199,1
52505.818239095,1,6906,100,462297,-1
52507.40049829,1,6907,100,463237,-1
52508.42838226,4,6898,100,461378,-1
52511.066128264,3,6907,100,463237,-1
52512.505805749,1,6908,100,460211,1
52513.107023247,3,6902,100,458576,1
52514.546975985,3,6903,100,460826,1
52516.108961364,1,6909,100,458363,1
52517.446206667,1,6910,100,459710,-1
52518.873891611,3,6899,100,458503,1
52520.415752786,3,6901,100,461032,1
52521.60658297,1,6911,100,460161,-1
52522.372271227,3,6911,100,460161,-1
52523.818977621,1,6912,100,458906,1
52524.407135165,1,6913,100,458663,1
52525.439017262,1,6914,100,459946,1
52526.43186338,1,6915,100,460865,-1
52527.03214729,3,6906,100,462297,-1
52528.456069034,3,6914,100,459946,1
52529.78934209,1,6916,100,458621,1
52531.217626411,1,6917,100,457037,1
52532.454943143,3,6909,100,458363,1
52533.266287344,1,6918,100,458961,-1
52534.511318919,1,6919,100,457692,1
52535.89747589,1,6920,100,458124,1
52536.934145025,3,6913,100,458663,1
52537.756050875,1,6921,100,458448,-1
52538.894768292,1,6922,100,454493,1
52539.78285658,1,6923,100,454251,1
52541.181097223,3,6921,100,458448,-1
52542.403315213,4,6919,100,457692,1
52544.371238774,1,6924,100,456228,1
52545.309817218,1,6925,100,457704,-1
52545.940801166,1,6926,100,456978,-1
52546.791689529,1,6927,100,457175,1
52548.28896546,5,6908,100,460211,1
52549.422937187,1,6928,100,457396,1
52550.53793647,3,6925,100,457704,-1
52552.324678484,4,6916,100,458621,1
52553.168604479,4,6928,100,457396,1
52555.600711174,1,6929,100,452894,1
52556.365220819,3,6897,100,456887,1
52556.926787637,4,6900,100,456641,1
52557.792046909,4,6922,100,454493,1
52559.205364794,1,6930,100,451758,1
52560.778818212,1,6931,100,452437,1
52561.828623278,4,6905,100,461199,1
52562.888896111,1,6932,100,450867,1
52563.841107444,3,6927,100,457175,1
52565.196321847,3,6904,100,459851,1
52566.791504241,1,6933,100,450854,1
52568.089841786,4,6931,100,452437,1
52569.475784689,1,6934,100,452018,1
52570.721166578,1,6935,100,451689,1
52572.29175408,1,6936,100,451803,1
52572.930570844,1,6937,100,455532,-1
52574.506101784,4,6912,100,458906,1
52575.155287961,5,6920,100,458124,1
52575.729058949,1,6938,100,451937,1
52576.353840832,1,6939,100,452664,1
52577.250264508,1,6940,100,452375,1
52578.806002679,4,6924,100,456228,1
52580.273557785,3,6933,100,450854,1
52581.412408849,4,6937,100,455532,-1
52582.587492062,3,6932,100,450867,1
52583.319743792,1,6941,100,454200,-1
52584.016949181,1,6942,100,456532,-1
52585.127724501,4,6923,100,454251,1
52586.575509455,1,6943,100,452117,1
52587.337276917,1,6944,100,453956,-1
52588.305760681,1,6945,100,457694,-1
52589.393518782,4,6941,100,454200,-1
52590.055476386,4,6917,100,457037,1
52591.160800002,3,6918,100,458961,-1
52592.717009626,1,6946,100,453785,1
52593.82566187,1,6947,100,455011,1
52594.360704599,1,6948,100,457726,-1
52595.196216843,4,6944,100,453956,-1
52597.031490222,5,6939,100,452664,1
52598.213556174,1,6949,100,455371,1
52598.9003665,3,6947,100,455011,1
52599.698755723,1,6950,100,456467,1
52600.302870748,3,6943,100,452117,1
52601.551151507,3,6930,100,451758,1
52602.290547808,1,6951,100,459028,-1
52603.509527543,3,6949,100,455371,1
52604.8752778,1,6952,100,456159,1
52605.963401457,1,6953,100,460577,-1
52606.54292686,3,6952,100,456159,1
52608.018301045,1,6954,100,459396,-1
52609.214591828,3,6954,100,459396,-1
52609.895863835,3,6940,100,452375,1
52612.341983005,1,6955,100,461013,-1
52613.675443949,4,6948,100,457726,-1
52614.292581868,4,6951,100,459028,-1
52615.008318451,1,6956,100,455524,1
52616.25080809,3,6953,100,460577,-1
52617.653642386,3,6955,100,461013,-1
52618.55335075,5,6926,100,456978,-1
52620.069489056,1,6957,100,455637,1
52621.03182971,3,6910,100,459710,-1
52622.116510079,1,6958,100,456029,1
52623.550406542,1,6959,100,458736,-1
52624.219813695,1,6960,100,454236,1
52625.000879857,1,6961,100,456574,1
52627.435576232,1,6962,100,456778,1
52628.693970198,4,6942,100,456532,-1
52629.545891885,5,6961,100,456574,1
52630.119409664,3,6936,100,451803,1
52630.699820558,3,6946,100,453785,1
52632.076696164,5,6945,100,457694,-1
52632.808681231,3,6962,100,456778,1
52635.593184171,4,6958,100,456029,1
52637.226928823,1,6963,100,457345,-1
52637.834168927,3,6934,100,452018,1
52638.596206899,5,6915,100,460865,-1
52641.089329946,3,6959,100,458736,-1
52642.364443685,5,6960,100,454236,1
52643.575260733,3,6963,100,457345,-1
52644.215797965,5,6957,100,455637,1
52645.303907752,5,6956,100,455524,1
52646.393655417,1,6964,100,455808,-1
52646.945309036,4,6950,100,456467,1
52647.679775355,3,6935,100,451689,1
52648.708395528,3,6964,100,455808,-1
52649.72967102,3,6938,100,451937,1
52650.837964114,1,6965,100,454483,1
52652.422327443,5,6929,100,452894,1
52653.501414869,1,6966,100,455306,1
52654.970657655,1,6967,100,455827,1
52656.246907645,3,6967,100,455827,1
52657.361936939,4,6966,100,455306,1
52658.300517136,4,6965,100,454483,1
52659.435148308,1,6968,100,457636,-1
52660.599873282,5,6968,100,457636,-1
52662.06109109,1,6969,100,458694,-1
52663.100186309,3,6969,100,458694,-1
52663.770095602,1,6970,100,459011,1
52664.999511372,1,6971,100,458746,-1
52666.401764848,4,6970,100,459011,1
52667.95089117,3,6971,100,458746,-1
52668.720214901,1,6972,100,454512,1
52670.215969618,3,6972,100,454512,1
52671.540867782,1,6973,100,459477,-1
52673.089376791,1,6974,100,460525,-1
52674.258825251,1,6975,100,458131,1
52675.57005572,1,6976,100,460483,-1
52676.30588385,3,6974,100,460525,-1
52677.719714405,4,6973,100,459477,-1
52679.186690752,3,6975,100,458131,1
52679.752540977,3,6976,100,460483,-1
52681.314388836,1,6977,100,459635,1
52682.268085167,3,6977,100,459635,1
52682.963540503,1,6978,100,458849,1
52684.545020863,3,6978,100,458849,1
52685.89074372,1,6979,100,458174,1
52686.949803418,1,6980,100,463196,-1
52687.832876886,5,6980,100,463196,-1
52688.958995403,1,6981,100,459512,1
52689.492661772,3,6981,100,459512,1
52691.065892056,3,6979,100,458174,1
52691.978078508,1,6982,100,461943,-1
52693.491540122,3,6982,100,461943,-1
52694.31605494,1,6983,100,460730,1
52695.439832361,1,6984,100,463057,-1
52697.888229601,3,6984,100,463057,-1
52699.160378982,1,6985,100,458849,1
52700.017463419,1,6986,100,461248,-1
52701.166477006,1,6987,100,461187,-1
52702.133076309,1,6988,100,460743,-1
52703.581609445,5,6983,100,460730,1
52704.487179997,1,6989,100,457189,1
52705.577822282,1,6990,100,459927,-1
52706.509928726,1,6991,100,459643,-1
52707.699719489,4,6985,100,458849,1
52708.564872213,3,6990,100,459927,-1
52709.517146568,3,6986,100,461248,-1
52710.199711751,1,6992,100,460906,1
52711.001585897,5,6991,100,459643,-1
52712.007729735,1,6993,100,459381,1
52712.61220573,5,6993,100,459381,1
52714.002269982,1,6994,100,459735,1
52714.540620344,1,6995,100,457331,1
52715.678642641,1,6996,100,460295,1
52716.493154369,1,6997,100,461658,1
52717.656451606,3,6987,100,461187,-1
52718.956117878,3,6989,100,457189,1
52720.520096095,3,6988,100,460743,-1
52721.973455611,1,6998,100,463655,-1
52723.459203082,3,6994,100,459735,1
52724.521654409,4,6997,100,461658,1
52725.952718389,4,6995,100,457331,1
52726.797115459,1,6999,100,458706,1
52728.107697224,1,7000,100,461308,1
52729.371467419,1,7001,100,462823,-1
52730.026005808,3,6992,100,460906,1
52731.037856205,4,7001,100,462823,-1
52731.830000233,1,7002,100,460113,1
52734.571914441,1,7003,100,462679,-1
52735.379318424,1,7004,100,461816,1
52736.561871436,1,7005,100,460668,1
52737.413302474,3,7004,100,461816,1
52738.849002441,1,7006,100,461538,1
52739.912286897,3,6999,100,458706,1
52740.635581512,4,7003,100,462679,-1
52741.447264992,5,7002,100,460113,1
52743.44371351,5,7000,100,461308,1
52745.542045947,4,7006,100,461538,1
52746.531149172,4,6996,100,460295,1
52747.652749902,1,7007,100,463312,-1
52748.426582431,1,7008,100,457798,1
52749.654865164,1,7009,100,463057,-1
52751.07052643,3,7008,100,457798,1
52752.333610194,3,6998,100,463655,-1
52753.234151407,4,7007,100,463312,-1
52754.443926237,4,7009,100,463057,-1
52755.748029675,3,7005,100,460668,1
52756.32395909,1,7010,100,461063,1
52757.552685261,3,7010,100,461063,1
52758.992056134,1,7011,100,461121,1
52761.698027934,3,7011,100,461121,1
52762.618813172,1,7012,100,462970,1
52763.526537217,1,7013,100,464070,-1
52764.855212666,4,7012,100,462970,1
52766.025178231,5,7013,100,464070,-1
52767.291151137,1,7014,100,460416,1
52768.357253399,1,7015,100,463657,-1
52768.922318707,1,7016,100,463074,-1
52770.260631681,1,7017,100,461923,-1
52771.407554456,4,7017,100,461923,-1
52772.311894151,4,7014,100,460416,1
52773.750138076,1,7018,100,462815,-1
52774.639970986,1,7019,100,461630,1
52775.442631128,1,7020,100,463927,-1
52776.629748664,1,7021,100,463746,1
52777.154245202,4,7016,100,463074,-1
52778.586180147,4,7020,100,463927,-1
52779.521545806,3,7015,100,463657,-1
52782.266731422,3,7021,100,463746,1
52783.564127094,1,7022,100,459277,1
52785.00107862,3,7019,100,461630,1
52786.55950665,1,7023,100,461983,1
52789.28235759,1,7024,100,462207,1
52790.010799974,3,7022,100,459277,1
52792.162103818,4,7018,100,462815,-1
52793.645396493,1,7025,100,466046,-1
52794.784057141,3,7025,100,466046,-1
52795.361979477,4,7024,100,462207,1
52796.356814953,3,7023,100,461983,1
52797.531464914,1,7026,100,466888,-1
52798.882308307,1,7027,100,467857,-1
52800.407770578,4,7026,100,466888,-1
52801.486710048,1,7028,100,464999,1
52802.394009753,1,7029,100,466861,-1
52803.259458467,3,7029,100,466861,-1
52804.354142363,4,7028,100,464999,1
52805.477224099,1,7030,100,465370,-1
52806.792042457,1,7031,100,467059,-1
52808.246151474,3,7031,100,467059,-1
52809.741614404,3,7027,100,467857,-1
52810.35092245,1,7032,100,462773,1
52810.896972316,3,7030,100,465370,-1
52811.966291636,1,7033,100,461825,1
52813.389030511,4,7033,100,461825,1
52814.820472518,4,7032,100,462773,1
52815.686021432,1,7034,100,463462,1
52816.291674607,1,7035,100,464788,-1
52817.493454301,1,7036,100,463312,1
52818.183944049,3,7034,100,463462,1
52819.410733278,4,7036,100,463312,1
52821.396944083,3,7035,100,464788,-1
52822.540970077,1,7037,100,462182,1
52823.066994586,1,7038,100,466445,-1
52824.275731102,1,7039,100,463192,-1
52825.809789558,1,7040,200,462606,-1
52827.018268902,3,7040,200,462606,-1
52828.420419646,1,7041,100,461620,1
52829.415372374,5,7038,100,466445,-1
52830.296725349,5,7041,100,461620,1
52831.537487337,1,7042,100,462617,1
52832.579356436,5,7037,100,462182,1
52833.495564273,1,7043,100,463702,-1
52834.686612398,1,7044,100,462690,-1
52835.497487084,1,7045,100,462947,-1
52836.96855388,3,7039,100,463192,-1
52837.577115708,1,7046,100,461267,1
52839.326604012,1,7047,100,465333,-1
52840.762830503,1,7048,100,463928,1
52842.248731413,3,7048,100,463928,1
52843.55811726,1,7049,100,466836,-1
52844.177900765,1,7050,100,463002,1
52846.160595809,1,7051,100,464694,1
52846.828255322,1,7052,100,464724,1
52847.759978684,1,7053,100,465101,1
52848.845898926,1,7054,100,463676,1
52850.124697997,1,7055,100,464992,-1
52850.889139157,3,7050,100,463002,1
52851.965432241,4,7053,100,465101,1
52852.882596306,3,7045,100,462947,-1
52854.006583355,1,7056,100,469415,-1
52854.582862955,4,7055,100,464992,-1
52855.853645405,3,7043,100,463702,-1
52856.404628445,4,7044,100,462690,-1
52857.385342802,1,7057,100,465456,1
52858.031572076,1,7058,100,467327,-1
52858.738253685,1,7059,100,467027,-1
52859.476155095,4,7058,100,467327,-1
52860.503368533,1,7060,100,465690,1
52861.291556767,4,7059,100,467027,-1
52863.311712508,1,7061,100,467950,-1
52864.174806273,4,7049,100,466836,-1
52865.163525116,3,7042,100,462617,1
52866.545288819,3,7047,100,465333,-1
52867.74001231,5,7046,100,461267,1
52869.129145184,1,7062,100,467370,-1
52869.663467874,3,7061,100,467950,-1
52870.560039698,3,7062,100,467370,-1
52872.34078245,1,7063,100,468308,-1
52873.686294094,1,7064,100,469653,-1
52874.996904028,1,7065,100,468782,-1
52876.227103578,1,7066,100,468000,1
52877.045921554,1,7067,100,467956,1
52877.704553782,1,7068,100,468035,1
52879.032269146,1,7069,100,469760,-1
52879.768223651,1,7070,100,469197,1
52880.541968982,4,7056,100,469415,-1
52882.625344536,3,7052,100,464724,1
52884.063850095,4,7067,100,467956,1
52885.326918111,5,7054,100,463676,1
52886.811554528,3,7070,100,469197,1
52887.700101151,3,7065,100,468782,-1
52888.838681469,1,7071,100,467059,1
52889.977122454,3,7063,100,468308,-1
52891.398360477,1,7072,100,466642,1
52892.637562979,4,7068,100,468035,1
52894.92676648,3,7060,100,465690,1
52896.041194066,5,7051,100,464694,1
52896.568328211,3,7072,100,466642,1
52897.301272778,1,7073,100,468060,-1
52898.706885319,1,7074,100,468551,-1
52899.63605054,1,7075,100,468119,-1
52900.584336435,1,7076,100,468539,1
52901.183082968,3,7071,100,467059,1
52902.465515336,1,7077,100,468351,1
52903.790781552,1,7078,100,472310,-1
52904.696645445,1,7079,100,469425,1
52906.107579762,1,7080,100,467989,1
52907.248207994,1,7081,100,469336,-1
52908.337133711,1,7082,100,468154,1
52909.066600457,1,7083,100,467221,1
52909.997249864,1,7084,100,469442,-1
52910.953290301,4,7073,100,468060,-1
52912.301650279,3,7074,100,468551,-1
52913.085209223,3,7076,100,468539,1
52914.238249162,1,7085,100,466564,1
52915.40928204,1,7086,100,467658,1
52917.383291561,1,7087,100,467230,1
52918.219323924,1,7088,100,469281,-1
52918.833661329,1,7089,100,471622,-1
52919.720760789,3,7083,100,467221,1
52921.355680234,1,7090,100,471479,-1
52922.670790081,1,7091,100,468954,1
52924.179463981,1,7092,100,470105,1
52925.592317788,1,7093,100,467894,1
52926.246673913,3,7084,100,469442,-1
52926.942912508,4,7081,100,469336,-1
52928.156905994,4,7064,100,469653,-1
52929.469462719,1,7094,100,471176,-1
52930.594567624,1,7095,200,471913,-1
52931.387125898,1,7096,100,471017,-1
52932.554842295,1,7097,100,470448,1
52933.598271184,3,7080,100,467989,1
52934.91029221,1,7098,100,468021,1
52936.138365237,3,7094,100,471176,-1
52937.628164062,1,7099,100,472999,-1
52940.016701744,1,7100,100,472125,1
52941.18718837,3,7093,100,467894,1
52942.144595453,1,7101,100,473160,1
52943.000242108,1,7102,100,470734,1
52943.824730445,3,7077,100,468351,1
52945.616112962,1,7103,100,473473,-1
52946.901631675,3,7092,100,470105,1
52948.232713215,1,7104,100,469214,1
52949.172998955,5,7085,100,466564,1
52950.626888627,5,7078,100,472310,-1
52952.106377599,3,7075,100,468119,-1
52953.412394755,4,7100,100,472125,1
52954.909609788,3,7086,100,467658,1
52956.119131069,3,7089,100,471622,-1
52957.171597241,4,7088,100,469281,-1
52958.521037203,4,7069,100,469760,-1
52959.294600514,3,7104,100,469214,1
52960.02886057,1,7105,100,473863,-1
52962.752262463,3,7097,100,470448,1
52963.282936081,1,7106,100,472386,-1
52964.455147213,4,7099,100,472999,-1
52965.878637646,4,7101,100,473160,1
52966.686019726,3,7082,100,468154,1
52967.368973149,3,7102,100,470734,1
52968.229121264,3,7105,100,473863,-1
52969.460009151,1,7107,100,475805,-1
52970.352953016,1,7108,100,471751,1
52971.334265288,1,7109,100,474298,-1
52972.09986422,1,7110,100,474875,-1
52973.124133152,5,7087,100,467230,1
52974.047056608,1,7111,100,471501,1
52975.537617582,1,7112,100,471337,1
52976.418521215,1,7113,100,471201,1
52978.120100624,1,7114,100,470699,1
52978.677605096,1,7115,100,471989,-1
52980.122818074,4,7114,100,470699,1
52981.398032626,3,7111,100,471501,1
52982.31656341,3,7112,100,471337,1
52982.975745051,1,7116,100,470166,1
52984.492936288,1,7117,100,470813,-1
52985.614634872,4,7079,100,469425,1
52986.993131401,1,7118,100,469335,1
52987.566007703,1,7119,100,471191,-1
52988.653109226,1,7120,100,472342,-1
52989.671355608,3,7117,100,470813,-1
52990.808895086,5,7120,100,472342,-1
52991.566367386,4,7066,100,468000,1
52992.213105668,3,7107,100,475805,-1
52992.870179665,3,7116,100,470166,1
52994.041790554,1,7121,100,470131,-1
52995.252538058,1,7122,100,470018,-1
52997.351690815,1,7123,100,468308,1
52998.400598262,1,7124,100,468216,1
52999.597207268,3,7113,100,471201,1
53001.005666899,1,7125,100,468421,1
53001.73270037,4,7108,100,471751,1
53003.599941385,4,7125,100,468421,1
53004.881268261,3,7103,100,473473,-1
53005.448138608,1,7126,100,470752,-1
53006.371101682,5,7109,100,474298,-1
53007.034385536,1,7127,100,467451,-1
53008.293640863,4,7091,100,468954,1
53009.66027186,1,7128,100,466544,1
53010.632391246,1,7129,100,469636,-1
53011.735429506,5,7057,100,465456,1
53012.309284248,3,7124,100,468216,1
53013.637260247,1,7130,100,468454,-1
53014.548762368,3,7129,100,469636,-1
53015.364773211,3,7096,100,471017,-1
53016.110743216,3,7106,100,472386,-1
53017.212039518,4,7127,100,467451,-1
53019.934308817,5,7123,100,468308,1
53021.097390027,5,7130,100,468454,-1
53023.267330455,1,7131,100,465357,1
53024.344715897,1,7132,100,467243,1
53025.811736406,3,7132,100,467243,1
53027.019090588,3,7122,100,470018,-1
53028.348720947,2,7095,100,471913,-1
53029.352979777,1,7133,100,466571,1
53031.539088269,1,7134,100,469849,-1
53032.319307805,4,7098,100,468021,1
53033.447754589,4,7133,100,466571,1
53034.937464685,3,7128,100,466544,1
53035.516929724,3,7119,100,471191,-1
53036.106176033,1,7135,100,468511,1
53037.00978943,5,7121,100,470131,-1
53038.544246713,3,7090,100,471479,-1
53039.662562001,1,7136,100,469376,1
53040.398423105,5,7126,100,470752,-1
53041.888636806,1,7137,100,468398,1
53043.056793525,4,7136,100,469376,1
53044.376894832,3,7118,100,469335,1
53045.213451034,3,7135,100,468511,1
53045.891270624,3,7110,100,474875,-1
53046.529440899,3,7115,100,471989,-1
53047.385226793,3,7134,100,469849,-1
53048.565175624,1,7138,100,468240,1
53049.977901847,5,7131,100,465357,1
53051.003616624,1,7139,100,467131,1
53051.926359712,1,7140,100,467888,-1
53052.537299154,5,7140,100,467888,-1
53053.436768582,5,7139,100,467131,1
53054.125004966,3,7095,100,471913,-1
53056.176189723,1,7141,100,467445,1
53058.261441213,5,7138,100,468240,1
53059.499653131,1,7142,100,468583,-1
53061.475524089,4,7141,100,467445,1
53062.744925433,1,7143,100,466543,-1
53063.473626501,1,7144,100,466888,-1
53064.407500248,1,7145,100,467656,1
53065.444313468,1,7146,100,468788,1
53066.900095692,1,7147,100,469594,-1
53069.354362409,1,7148,100,470184,-1
53070.57905633,1,7149,100,467668,-1
53071.990186397,1,7150,100,465335,1
53073.567863216,4,7142,100,468583,-1
53074.541493555,5,7148,100,470184,-1
53075.048001365,1,7151,100,470433,-1
53075.62883648,3,7150,100,465335,1
53076.258350357,1,7152,100,469704,1
53077.571978038,1,7153,100,469760,1
53079.19140849,1,7154,100,466135,1
53080.56206118,1,7155,100,468170,1
53083.257900435,1,7156,100,472432,-1
53084.19029704,4,7149,100,467668,-1
53085.010011235,5,7152,100,469704,1
53085.544401988,4,7151,100,470433,-1
53086.32224649,1,7157,100,475029,-1
53087.164494173,5,7146,100,468788,1
53089.226422199,1,7158,100,469050,1
53090.727125183,3,7145,100,467656,1
53091.324900861,3,7147,100,469594,-1
53092.437354433,3,7157,100,475029,-1
53093.675238688,1,7159,100,473359,-1
53094.804848488,1,7160,100,473386,-1
53095.844309477,1,7161,100,470727,1
53096.561112459,5,7144,100,466888,-1
53098.030393436,3,7154,100,466135,1
53099.420561191,1,7162,100,474813,-1
53100.336595642,1,7163,100,471090,1
53101.371461329,1,7164,100,474376,-1
53102.569636447,4,7143,100,466543,-1
53103.325809576,4,7161,100,470727,1
53104.731857886,1,7165,100,472103,-1
53105.863043377,1,7166,100,473465,-1
53107.815919675,1,7167,100,471676,-1
53108.860162864,3,7153,100,469760,1
53111.401799693,3,7137,100,468398,1
53111.907220268,1,7168,100,473167,1
53113.320310569,1,7169,100,472685,1
53115.816682655,4,7160,100,473386,-1
53116.605154798,1,7170,100,472598,1
53117.363071926,4,7167,100,471676,-1
53118.265568406,4,7159,100,473359,-1
53119.427168094,3,7165,100,472103,-1
53119.948647686,3,7156,100,472432,-1
53120.783308796,1,7171,100,473180,1
53121.624986693,4,7168,100,473167,1
53122.234546694,3,7170,100,472598,1
53123.062829657,1,7172,100,471292,1
53124.486867082,1,7173,100,473196,1
53125.714832647,3,7164,100,474376,-1
53126.877698428,1,7174,100,471526,1
53127.998458863,1,7175,100,472981,1
53128.839501176,1,7176,100,476738,-1
53129.970117085,1,7177,100,475886,-1
53132.031367993,5,7177,100,475886,-1
53133.459144164,1,7178,100,475474,-1
53134.948750435,1,7179,100,472450,1
53136.380094513,1,7180,100,470688,1
53137.043722916,4,7169,100,472685,1
53138.281884879,1,7181,100,470490,1
53139.624152443,1,7182,100,467660,1
53140.781024939,1,7183,100,473423,-1
53142.905594126,3,7173,100,473196,1
53144.091078918,3,7180,100,470688,1
53144.677197688,1,7184,100,473871,-1
53145.839844416,4,7175,100,472981,1
53146.689305149,5,7182,100,467660,1
53147.5480339,1,7185,100,475512,-1
53148.800818004,5,7171,100,473180,1
53149.425552974,1,7186,100,477109,-1
53150.730912036,1,7187,100,474530,-1
53151.808435621,1,7188,100,473714,-1
53152.637095077,1,7189,100,475813,-1
53153.848899532,4,7166,100,473465,-1
53155.328350128,1,7190,100,474764,-1
53158.154220265,1,7191,100,470624,1
53159.16537956,1,7192,100,473865,1
53160.434173416,5,7183,100,473423,-1
53161.305076195,3,7176,100,476738,-1
53161.892289694,3,7187,100,474530,-1
53163.100714589,1,7193,100,476555,-1
53164.209894058,1,7194,100,474778,1
53164.840589688,1,7195,100,477207,1
53165.540189764,1,7196,100,479935,-1
53166.706499004,4,7178,100,475474,-1
53167.480426626,3,7193,100,476555,-1
53168.478171323,5,7158,100,469050,1
53169.803963125,1,7197,100,477339,-1
53172.237010126,3,7184,100,473871,-1
53173.453815,1,7198,100,475616,1
53175.171644848,3,7155,100,468170,1
53178.288559015,4,7190,100,474764,-1
53179.004558019,1,7199,100,480011,-1
53179.575788145,5,7174,100,471526,1
53180.26919269,3,7192,100,473865,1
53181.470859251,1,7200,100,481921,-1
53182.704181685,1,7201,100,480845,-1
53185.046545063,5,7201,100,480845,-1
53185.587239951,1,7202,100,481409,-1
53186.370125332,4,7197,100,477339,-1
53187.270346224,1,7203,100,481901,-1
53187.996379963,1,7204,100,478234,1
53188.686144269,5,7186,100,477109,-1
53189.313771334,1,7205,100,481104,-1
53189.823078789,1,7206,100,481512,1
53191.144187897,3,7188,100,473714,-1
53192.484575992,1,7207,100,481900,-1
53193.198459681,3,7189,100,475813,-1
53194.155899925,3,7198,100,475616,1
53195.281679517,3,7195,100,477207,1
53196.238106014,5,7203,100,481901,-1
53198.351541735,1,7208,100,482168,-1
53199.760999682,1,7209,100,481029,1
53200.799904393,1,7210,100,481116,-1
53201.555366667,4,7199,100,480011,-1
53202.055702071,4,7185,100,475512,-1
53202.860381226,4,7205,100,481104,-1
53203.447406755,5,7206,100,481512,1
53204.856182538,3,7210,100,481116,-1
53206.302213325,4,7209,100,481029,1
53207.518791232,1,7211,100,481159,-1
53208.97087199,3,7162,100,474813,-1
53209.778910918,1,7212,100,476307,1
53211.011133148,1,7213,100,478458,-1
53211.571142569,1,7214,100,479466,-1
53212.775065469,1,7215,100,475287,1
53214.689919012,3,7181,100,470490,1
53215.329168847,5,7179,100,472450,1
53216.558131991,1,7216,100,476728,1
53217.530997963,1,7217,100,481900,-1
53218.787529134,1,7218,100,480807,-1
53219.290887115,1,7219,100,481947,-1
53220.075785453,1,7220,100,481204,-1
53221.479654795,3,7172,100,471292,1
53222.24756242,5,7202,100,481409,-1
53223.310771262,3,7218,100,480807,-1
53224.601682247,3,7204,100,478234,1
53225.552136486,5,7163,100,471090,1
53226.152856914,1,7221,100,480013,1
53227.371972338,5,7213,100,478458,-1
53228.240750841,3,7191,100,470624,1
53229.075220558,5,7215,100,475287,1
53229.600726236,1,7222,100,481016,-1
53230.180004991,4,7214,100,479466,-1
53230.733655877,4,7221,100,480013,1
53233.183056866,1,7223,100,479772,1
53234.326543701,4,7223,100,479772,1
53234.943982437,1,7224,100,478706,1
53236.136559,5,7216,100,476728,1
53236.845278062,5,7196,100,479935,-1
53238.841630804,1,7225,100,481135,-1
53239.783284216,1,7226,100,482118,-1
53240.614312862,3,7207,100,481900,-1
53242.046671995,5,7224,100,478706,1
53243.00499233,1,7227,100,480545,-1
53245.286514214,1,7228,100,479732,1
53246.666643849,1,7229,100,479692,1
53247.4630135,1,7230,100,479570,1
53247.968754504,1,7231,100,478645,-1
53249.402521069,1,7232,100,480330,-1
53249.999310791,1,7233,100,480989,-1
53251.466016199,1,7234,100,478884,1
53251.967015911,3,7222,100,481016,-1
53253.107770086,3,7208,100,482168,-1
53254.42538226,4,7200,100,481921,-1
53255.914110869,4,7217,100,481900,-1
53256.969319567,1,7235,100,479839,1
53258.218104984,1,7236,100,484766,-1
53259.687223566,4,7232,100,480330,-1
53261.234924645,4,7231,100,478645,-1
53262.643380819,5,7194,100,474778,1
53263.19150033,4,7220,100,481204,-1
53264.108705905,1,7237,100,482653,-1
53264.971561899,1,7238,100,481051,-1
53265.518654225,1,7239,100,479021,1
53266.578794562,4,7239,100,479021,1
53267.722727669,1,7240,100,478587,-1
53268.256498621,4,7234,100,478884,1
53269.535453551,3,7229,100,479692,1
53270.603474323,5,7230,100,479570,1
53271.55994376,1,7241,100,475744,1
53273.032812741,5,7238,100,481051,-1
53273.926503955,1,7242,100,479340,-1
53274.927600897,1,7243,100,476741,-1
53276.298393338,3,7211,100,481159,-1
53278.54305334,5,7227,100,480545,-1
53279.22854953,5,7219,100,481947,-1
53279.810192776,1,7244,100,475681,-1
53280.54479486,1,7245,100,474283,1
53281.786636344,3,7242,100,479340,-1
53282.595461273,1,7246,100,477766,-1
53284.949117196,1,7247,100,472383,1
53285.567568905,3,7235,100,479839,1
53287.03593857,1,7248,100,473159,1
53288.109778785,4,7212,100,476307,1
53289.157998127,1,7249,100,476796,-1
53289.656084703,1,7250,100,473711,1
53290.894687188,1,7251,100,473635,-1
53291.829374743,3,7225,100,481135,-1
53292.465760165,1,7252,100,472929,1
53293.881425403,1,7253,100,475689,-1
53294.913908713,3,7237,100,482653,-1
53295.572768801,3,7250,100,473711,1
53296.773055182,3,7247,100,472383,1
53299.453954169,3,7249,100,476796,-1
53301.049728158,1,7254,100,477263,-1
53301.813965191,1,7255,100,477967,-1
53302.353432184,1,7256,100,478661,-1
53303.665464072,1,7257,100,476764,1
53304.755593376,1,7258,100,475209,1
53305.621306934,4,7228,100,479732,1
53306.729322647,5,7253,100,475689,-1
53308.041477321,1,7259,100,475924,1
53309.337189884,4,7244,100,475681,-1
53310.339428643,1,7260,100,478065,-1
53311.639989461,3,7246,100,477766,-1
53312.265028299,1,7261,100,475369,1
53313.181698341,4,7257,100,476764,1
53314.335341116,3,7252,100,472929,1
53315.759455352,1,7262,100,474930,-1
53316.279883947,1,7263,100,474529,1
53317.050570917,3,7256,100,478661,-1
53318.012824258,5,7240,100,478587,-1
53318.667515695,1,7264,100,471749,1
53319.54802645,1,7265,100,476144,-1
53321.207697763,5,7245,100,474283,1
53323.378562517,3,7243,100,476741,-1
53324.232460291,4,7251,100,473635,-1
53325.252487803,1,7266,100,472930,1
53326.715935962,5,7236,100,484766,-1
53327.697602976,5,7241,100,475744,1
53328.244688238,1,7267,100,471588,1
53328.767597505,1,7268,100,473165,-1
53329.562216934,3,7265,100,476144,-1
53330.707251916,1,7269,100,470852,1
53332.595257767,4,7263,100,474529,1
53333.641121871,3,7259,100,475924,1
53334.337726909,5,7269,100,470852,1
53335.038573233,3,7262,100,474930,-1
53336.264885929,3,7260,100,478065,-1
53336.932435858,3,7268,100,473165,-1
53338.117239966,4,7258,100,475209,1
53338.792478275,1,7270,100,471264,1
53339.965835085,1,7271,100,473241,-1
53341.146519513,1,7272,100,474969,-1
53341.70871122,1,7273,100,470264,1
53342.299987175,1,7274,100,473650,-1
53343.604568842,1,7275,100,472088,1
53344.444563057,4,7248,100,473159,1
53345.787744107,4,7275,100,472088,1
53346.871836474,3,7270,100,471264,1
53348.325137806,3,7233,100,480989,-1
53349.349525519,3,7254,100,477263,-1
53350.699994104,1,7276,100,475182,-1
53351.635615455,4,7271,100,473241,-1
53353.030657073,3,7255,100,477967,-1
53353.798973961,1,7277,100,476996,-1
53354.604120668,1,7278,100,475051,-1
53356.03253856,3,7272,100,474969,-1
53357.13651214,3,7278,100,475051,-1
53357.849909873,1,7279,100,471010,1
53359.158467509,1,7280,100,472901,1
53359.674870631,3,7264,100,471749,1
53360.366580957,1,7281,100,471362,1
53361.660222324,1,7282,100,471558,1
53362.484926336,3,7276,100,475182,-1
53363.422878708,1,7283,100,472925,1
53366.003896887,1,7284,100,471091,1
53366.493173449,3,7281,100,471362,1
53367.276671758,1,7285,100,473948,1
53368.584206222,1,7286,100,472019,1
53369.918351103,1,7287,100,471986,1
53371.354014146,3,7287,100,471986,1
53371.948557066,1,7288,100,470292,1
53372.952366104,1,7289,100,472077,1
53373.861378599,1,7290,100,473746,-1
53374.97028544,1,7291,100,473411,-1
53375.962851786,1,7292,100,471300,-1
53377.60900863,1,7293,100,471210,-1
53378.847774062,1,7294,100,472563,-1
53380.083100851,3,7294,100,472563,-1
53380.96642469,1,7295,100,472408,1
53382.613530419,3,7273,100,470264,1
53383.680916533,1,7296,100,471987,1
53384.209704386,4,7274,100,473650,-1
53385.217790685,1,7297,100,470816,1
53387.536398034,3,7288,100,470292,1
53388.849919785,3,7293,100,471210,-1
53389.782248348,4,7291,100,473411,-1
53391.148369445,1,7298,100,474738,-1
53392.416739634,1,7299,100,474366,1
53393.718436918,1,7300,100,475920,1
53394.622050679,1,7301,100,476234,-1
53395.602941939,1,7302,100,474556,1
53396.953575877,1,7303,100,477329,-1
53397.611298833,4,7292,100,471300,-1
53399.941432234,1,7304,100,477455,-1
53400.446255995,3,7298,100,474738,-1
53401.873495913,4,7261,100,475369,1
53402.712600948,5,7284,100,471091,1
53404.070051761,1,7305,100,475007,1
53405.370791187,5,7280,100,472901,1
53406.205338814,1,7306,100,476374,-1
53408.046692855,4,7290,100,473746,-1
53409.403120344,1,7307,100,471076,1
53411.233806595,1,7308,100,475471,1
53412.170337191,1,7309,100,478256,-1
53413.364040199,1,7310,100,477176,-1
53414.013315527,1,7311,100,475843,-1
53415.344048107,5,7309,100,478256,-1
53415.88427482,1,7312,100,473864,1
53417.167939982,1,7313,100,472120,1
53417.694919775,3,7299,100,474366,1
53418.409550172,1,7314,100,476071,1
53419.616838908,3,7289,100,472077,1
53420.490909263,3,7311,100,475843,-1
53422.626544777,3,7277,100,476996,-1
53423.212706162,1,7315,100,474659,1
53424.132388256,4,7306,100,476374,-1
53424.695132945,1,7316,100,477800,-1
53425.356649644,4,7301,100,476234,-1
53426.102094941,1,7317,100,474793,-1
53426.651462291,1,7318,100,475697,1
53427.344354475,5,7310,100,477176,-1
53428.373498065,1,7319,100,477544,-1
53429.594697081,1,7320,100,473492,1
53430.440904097,3,7305,100,475007,1
53431.015906054,1,7321,100,474122,1
53432.237125415,4,7317,100,474793,-1
53433.420229691,4,7308,100,475471,1
53434.819029163,1,7322,100,473007,1
53435.532559073,4,7321,100,474122,1
53436.53649135,3,7285,100,473948,1
53437.336158408,3,7300,100,475920,1
53438.199127867,3,7312,100,473864,1
53439.046040305,5,7319,100,477544,-1
53439.932172148,5,7318,100,475697,1
53440.721872104,3,7226,100,482118,-1
53441.375101166,1,7323,100,474420,-1
53442.680052706,1,7324,100,476658,-1
53443.175798181,3,7313,100,472120,1
53443.955118491,4,7283,100,472925,1
53445.164955913,3,7266,100,472930,1
53446.189238342,4,7286,100,472019,1
53447.874457025,3,7279,100,471010,1
53449.143393041,5,7323,100,474420,-1
53449.813636915,3,7267,100,471588,1
53451.128252417,3,7316,100,477800,-1
53452.393559324,4,7296,100,471987,1
53453.742177714,1,7325,100,470135,1
53456.374278959,5,7325,100,470135,1
53457.300885594,4,7297,100,470816,1
53457.965116658,1,7326,100,472154,-1
53459.192808204,1,7327,100,471815,-1
53459.947015954,1,7328,100,471489,1
53461.304555265,1,7329,100,473922,-1
53463.323778582,1,7330,100,475661,-1
53463.857859106,1,7331,100,475195,-1
53464.889319443,1,7332,100,475312,-1
53465.863077723,1,7333,100,473565,-1
53467.087760792,1,7334,100,473717,-1
53468.224189431,1,7335,100,474819,-1
53469.021032374,4,7320,100,473492,1
53469.901239999,5,7330,100,475661,-1
53470.396165388,3,7282,100,471558,1
53471.31470208,4,7307,100,471076,1
53472.473981527,3,7314,100,476071,1
53473.543301847,1,7336,100,469741,-1
53474.288863821,1,7337,200,468740,1
53475.535639233,3,7303,100,477329,-1
53476.237672508,3,7327,100,471815,-1
53477.010832137,3,7336,100,469741,-1
53477.558354521,1,7338,100,467162,1
53478.925681206,1,7339,100,466871,-1
53479.663092665,1,7340,100,467376,-1
53481.166925634,4,7315,100,474659,1
53482.006811887,1,7341,100,466894,-1
53482.541234175,5,7329,100,473922,-1
53483.15519021,1,7342,100,464156,1
53483.980521925,3,7302,100,474556,1
53484.524990661,1,7343,100,466174,-1
53485.28790562,1,7344,100,464482,1
53486.628881195,3,7326,100,472154,-1
53487.985811949,3,7324,100,476658,-1
53490.853831243,1,7345,200,464720,1
53492.172508635,3,7322,100,473007,1
53493.017675335,3,7304,100,477455,-1
53493.96130131,4,7338,100,467162,1
53494.62980049,1,7346,100,466643,-1
53496.040293231,4,7295,100,472408,1
53496.969536094,4,7328,100,471489,1
53499.992621746,1,7347,100,463606,1
53501.322119881,3,7341,100,466894,-1
53502.62131996,1,7348,100,462848,1
53503.660443821,1,7349,100,462038,1
53504.572827127,1,7350,100,462054,1
53505.419661001,1,7351,100,464462,-1
53506.656952505,1,7352,100,466497,-1
53507.757411232,1,7353,100,462501,1
53508.715000605,3,7353,100,462501,1
53509.527401477,3,7340,100,467376,-1
53510.382849364,1,7354,100,462847,1
53511.149287645,1,7355,100,463836,1
53512.142760978,3,7333,100,473565,-1
53513.251245918,5,7355,100,463836,1
53515.344470978,1,7356,100,463028,1
53516.003249872,3,7337,200,468740,1
53516.918354685,3,7350,100,462054,1
53517.543010441,1,7357,100,464202,1
53518.806311112,3,7331,100,475195,-1
53520.182671851,3,7339,100,466871,-1
53521.53043232,1,7358,100,463803,1
53522.189946386,4,7351,100,464462,-1
53522.6920633,1,7359,100,462960,1
53523.608125768,1,7360,100,465325,1
53524.898028791,4,7352,100,466497,-1
53525.506344236,1,7361,100,468198,-1
53526.743989781,5,7356,100,463028,1
53527.535044484,1,7362,100,467371,1
53528.392776452,3,7362,100,467371,1
53529.596741695,3,7347,100,463606,1
53530.268084831,3,7354,100,462847,1
53530.901150906,3,7332,100,475312,-1
53531.51357015,1,7363,100,466099,1
53532.498706805,4,7361,100,468198,-1
53533.741730902,3,7359,100,462960,1
53535.669216672,3,7335,100,474819,-1
53536.37237189,1,7364,100,466954,-1
53538.287345947,3,7360,100,465325,1
53538.804823083,2,7345,100,464720,1
53540.165597016,3,7364,100,466954,-1
53541.36345965,1,7365,100,468548,-1
53542.400485509,3,7344,100,464482,1
53543.73935106,3,7348,100,462848,1
53544.219147653,3,7349,100,462038,1
53544.894170682,1,7366,100,463915,1
53546.007814773,3,7345,100,464720,1
53547.395570264,4,7343,100,466174,-1
53548.524444435,1,7367,100,468008,-1
53549.664001993,4,7363,100,466099,1
53550.643615616,1,7368,100,466772,-1
53551.78566372,1,7369,100,466113,1
53552.268862441,3,7366,100,463915,1
53553.105593218,1,7370,100,464570,1
53554.001958423,3,7342,100,464156,1
53556.389032934,4,7346,100,466643,-1
53557.509791723,1,7371,100,463341,1
53558.844005972,5,7367,100,468008,-1
53560.635004384,1,7372,100,467517,-1
53561.565686862,3,7357,100,464202,1
53562.554038202,1,7373,100,463042,1
53563.36065783,3,7370,100,464570,1
53564.305384543,1,7374,100,461778,1
53565.016417078,1,7375,100,467838,-1
53565.764908269,4,7369,100,466113,1
53566.427496327,1,7376,100,465989,1
53567.195916973,5,7375,100,467838,-1
53568.172702107,3,7372,100,467517,-1
53568.661761813,3,7358,100,463803,1
53569.564199636,1,7377,100,466549,-1
53570.052566114,1,7378,100,465110,1
53570.737591038,4,7378,100,465110,1
53571.21684732,5,7374,100,461778,1
53571.808061877,1,7379,100,467097,-1
53573.117185521,4,7376,100,465989,1
53574.007045125,3,7368,100,466772,-1
53574.816359549,4,7377,100,466549,-1
53576.006900806,3,7373,100,463042,1
53577.334080946,3,7379,100,467097,-1
53578.542135663,1,7380,100,465810,1
53579.199871936,4,7380,100,465810,1
53580.073090973,1,7381,100,466213,1
53580.633949826,1,7382,100,466192,1
53581.301199187,1,7383,100,464955,1
53582.109855289,1,7384,100,464973,1
53582.629616758,1,7385,100,462003,1
53583.755383005,1,7386,100,461976,1
53584.739309795,4,7383,100,464955,1
53587.145718672,1,7387,100,466878,-1
53588.316564313,5,7382,100,466192,1
53589.372280591,5,7386,100,461976,1
53590.607306506,1,7388,100,461026,1
53591.2472193,4,7381,100,466213,1
53592.143866971,1,7389,100,466187,-1
53592.648176745,1,7390,100,466589,-1
53593.180520644,4,7384,100,464973,1
53594.032638446,3,7389,100,466187,-1
53595.316345447,3,7371,100,463341,1
53596.066149862,4,7365,100,468548,-1
53598.063742541,1,7391,100,466719,-1
53598.997508251,3,7387,100,466878,-1
53599.905202226,5,7391,100,466719,-1
53600.697695152,4,7390,100,466589,-1
53602.760645129,3,7388,100,461026,1
53603.798894158,1,7392,100,468940,-1
53604.566020513,1,7393,100,468710,-1
53605.380369245,1,7394,100,468260,-1
53606.388316892,4,7385,100,462003,1
53607.404021831,3,7393,100,468710,-1
53608.048548917,4,7334,100,473717,-1
53608.87226402,4,7394,100,468260,-1
53610.623229548,3,7392,100,468940,-1
53611.992249402,1,7395,100,463853,1
53613.210053289,1,7396,100,468160,-1
53614.595473639,1,7397,100,464620,1
53615.116261061,1,7398,100,466468,1
53615.910172799,1,7399,100,464084,1
53616.63129972,1,7400,100,463741,1
53617.337141669,5,7399,100,464084,1
53617.958616682,4,7400,100,463741,1
53618.755585983,1,7401,100,462226,1
53619.907313205,4,7395,100,463853,1
53620.638000197,1,7402,100,462883,-1
53621.907447682,3,7401,100,462226,1
53623.107569105,1,7403,100,462386,1
53623.974184191,1,7404,100,463574,-1
53624.533289298,3,7398,100,466468,1
53625.027825791,3,7404,100,463574,-1
53626.042639178,1,7405,100,463363,-1
53627.002785477,1,7406,100,461456,-1
53627.530846387,4,7406,100,461456,-1
53628.10025453,3,7405,100,463363,-1
53630.083968956,1,7407,100,460919,1
53631.033035316,3,7397,100,464620,1
53631.937359199,1,7408,100,460924,1
53632.951541881,3,7402,100,462883,-1
53633.435612563,4,7403,100,462386,1
53634.395508472,1,7409,100,461230,-1
53635.450958612,5,7409,100,461230,-1
53636.330632531,3,7396,100,468160,-1
53637.028645746,4,7407,100,460919,1
53637.865020573,3,7408,100,460924,1
53638.48398957,1,7410,100,463228,-1
53639.812781098,1,7411,100,462088,-1
53641.20267673,1,7412,100,462411,-1
53642.379999784,1,7413,100,461275,1
53643.39275188,4,7413,100,461275,1
53644.119993522,3,7410,100,463228,-1
53645.341447799,3,7411,100,462088,-1
53646.170416752,3,7412,100,462411,-1
53647.148666008,1,7414,100,462482,1
53648.110963013,1,7415,100,462460,-1
53648.927398144,4,7414,100,462482,1
53649.82352297,1,7416,100,464378,-1
53650.982964159,1,7417,100,462723,1
53651.783345455,1,7418,100,463835,1
53653.071248442,4,7416,100,464378,-1
53654.400313583,1,7419,100,469292,-1
53655.634608965,4,7415,100,462460,-1
53656.35678475,3,7419,100,469292,-1
53657.359798548,1,7420,100,466196,-1
53657.865086875,1,7421,100,464690,1
53659.070787465,5,7421,100,464690,1
53659.593868288,4,7420,100,466196,-1
53660.108137987,1,7422,100,466143,-1
53660.785921664,1,7423,100,468007,-1
53661.569250048,4,7423,100,468007,-1
53662.632143046,1,7424,100,464533,1
53663.769296224,1,7425,100,465092,1
53664.30863537,4,7422,100,466143,-1
53665.186156155,1,7426,100,464033,1
53666.111391398,1,7427,100,462755,1
53667.006883251,3,7424,100,464533,1
53667.876737082,1,7428,100,465745,-1
53668.678249382,3,7425,100,465092,1
53669.921539977,1,7429,100,466193,-1
53671.002567241,3,7417,100,462723,1
53671.814603867,1,7430,100,464942,1
53672.602292704,4,7418,100,463835,1
53673.805134734,3,7429,100,466193,-1
53674.311973187,3,7430,100,464942,1
53674.94620606,1,7431,100,465035,1
53675.493307235,5,7426,100,464033,1
53675.962800586,3,7428,100,465745,-1
53676.824447008,1,7432,100,464630,-1
53677.387677131,1,7433,100,461855,1
53678.518630533,3,7433,100,461855,1
53679.708628389,1,7434,100,466702,-1
53680.962104913,4,7432,100,464630,-1
53682.182003691,4,7431,100,465035,1
53682.672073048,3,7434,100,466702,-1
53683.873262395,1,7435,100,461808,1
53684.75924394,5,7435,100,461808,1
53685.913529268,3,7427,100,462755,1
53686.477897958,1,7436,100,464148,-1
53687.344570567,3,7436,100,464148,-1
53688.707431988,1,7437,100,462398,-1
53689.249385673,1,7438,100,463034,-1
53690.631771878,3,7438,100,463034,-1
53691.152976686,4,7437,100,462398,-1
53692.175922016,1,7439,100,461643,-1
53693.019393225,3,7439,100,461643,-1
53694.329045657,1,7440,100,461980,1
53694.901795996,1,7441,100,464776,-1
53696.176202254,4,7440,100,461980,1
53697.328230687,1,7442,100,462166,1
53698.520663679,1,7443,100,462265,1
53699.329116978,1,7444,100,461747,1
53700.030844194,3,7441,100,464776,-1
53701.242880969,4,7444,100,461747,1
53702.351646854,3,7442,100,462166,1
53703.193222449,3,7443,100,462265,1
53704.265223898,1,7445,100,465017,-1
53705.152243253,1,7446,100,465143,-1
53706.513138633,3,7445,100,465017,-1
53707.381573259,1,7447,100,462281,1
53708.61802033,3,7447,100,462281,1
53709.762377031,1,7448,100,463447,-1
53710.308661435,1,7449,100,461623,1
53710.980637619,3,7446,100,465143,-1
53712.03345644,5,7449,100,461623,1
53712.516136318,1,7450,100,463376,-1
53713.299104967,1,7451,100,459986,1
53714.344628922,1,7452,100,463000,1
53715.551399793,1,7453,100,460934,1
53716.814789166,5,7451,100,459986,1
53717.794928096,3,7448,100,463447,-1
53718.867040333,4,7452,100,463000,1
53719.935326889,3,7453,100,460934,1
53720.770894755,4,7450,100,463376,-1
53721.632314571,1,7454,100,465791,-1
53722.553932962,4,7454,100,465791,-1
53723.884256027,1,7455,100,461654,-1
53724.546082716,1,7456,100,461782,-1
53725.069300504,1,7457,100,460962,1
53726.307319111,3,7455,100,461654,-1
53726.913471335,4,7456,100,461782,-1
53727.65401686,1,7458,100,462032,1
53728.342674759,1,7459,100,460271,1
53728.826761289,1,7460,100,462115,-1
53730.811974907,1,7461,100,463834,-1
53731.930782478,3,7459,100,460271,1
53733.06900054,3,7458,100,462032,1
53733.884068733,1,7462,100,465869,-1
53735.194608279,3,7457,100,460962,1
53736.15555517,3,7460,100,462115,-1
53738.086884166,5,7462,100,465869,-1
53738.696019733,3,7461,100,463834,-1
53739.90893313,1,7463,100,463328,1
53741.306053303,1,7464,100,463604,1
53742.609023972,5,7464,100,463604,1
53743.992228525,3,7463,100,463328,1
53744.803806108,1,7465,100,463376,-1
53745.987759098,3,7465,100,463376,-1
53747.250670567,1,7466,100,463262,1
53749.09500727,1,7467,100,464284,1
53749.723399736,1,7468,100,464466,-1
53750.597410695,3,7467,100,464284,1
53751.636495439,3,7468,100,464466,-1
53752.35200052,1,7469,100,465612,-1
53753.450999949,4,7466,100,463262,1
53754.028807037,1,7470,100,461657,1
53754.582863525,3,7469,100,465612,-1
53755.651770255,4,7470,100,461657,1
53756.93432047,1,7471,100,464724,1
53757.562625995,5,7471,100,464724,1
53758.198698012,1,7472,100,466250,-1
53760.396545398,1,7473,100,464900,1
53761.401668114,1,7474,100,467766,-1
53762.513767199,3,7473,100,464900,1
53763.119878792,4,7474,100,467766,-1
53763.896117066,5,7472,100,466250,-1
53765.130940178,1,7475,100,467234,1
53766.199304701,3,7475,100,467234,1
53767.169584962,1,7476,100,465947,1
53768.371079564,3,7476,100,465947,1
53769.670375285,1,7477,100,466782,1
53770.854545998,1,7478,100,464521,1
53771.612987521,3,7478,100,464521,1
53772.136175916,4,7477,100,466782,1
53772.748352308,1,7479,100,463207,1
53773.303837388,4,7479,100,463207,1
53774.555842572,1,7480,100,468207,-1
53775.261245991,3,7480,100,468207,-1
53776.204646685,1,7481,100,468675,1
53776.913547657,3,7481,100,468675,1
53777.79705408,1,7482,100,467154,1
53778.785289349,1,7483,100,468154,1
53780.107943853,1,7484,100,467636,-1
53781.416566165,1,7485,100,468591,-1
53781.909770997,4,7483,100,468154,1
53782.377558435,1,7486,100,468009,-1
53783.168875773,3,7485,100,468591,-1
53784.49303978,5,7482,100,467154,1
53785.291356486,1,7487,100,465829,1
53786.475075973,1,7488,100,468771,-1
53787.815874466,4,7487,100,465829,1
53788.737224228,4,7488,100,468771,-1
53789.538034042,1,7489,100,467385,-1
53790.443951562,1,7490,100,464001,1
53791.351415208,1,7491,100,462653,1
53792.153569052,1,7492,100,467980,-1
53792.949315344,3,7489,100,467385,-1
53793.927089945,3,7492,100,467980,-1
53795.14456487,5,7491,100,462653,1
53795.710911982,3,7490,100,464001,1
53796.418702057,3,7484,100,467636,-1
53797.640615839,1,7493,100,464321,1
53798.616019343,1,7494,100,467129,-1
53799.615613791,1,7495,100,465792,-1
53800.799218656,1,7496,100,463905,1
53801.342347009,4,7496,100,463905,1
53801.808865505,3,7494,100,467129,-1
53802.413002897,1,7497,100,464897,1
53805.381194255,3,7495,100,465792,-1
53806.112482698,4,7486,100,468009,-1
53807.297344393,5,7493,100,464321,1
53808.406750946,3,7497,100,464897,1
53808.871069038,1,7498,100,466517,1
53809.855284889,1,7499,100,466390,-1
53811.162449928,3,7499,100,466390,-1
53812.014068252,4,7498,100,466517,1
53812.930186269,1,7500,100,465701,1
53813.681117644,1,7501,100,462228,1
53814.269750398,3,7501,100,462228,1
53815.127794537,1,7502,100,465560,-1
53816.504006055,1,7503,100,465483,-1
53817.375079306,1,7504,100,467908,-1
53818.041342967,3,7504,100,467908,-1
53818.856197635,3,7500,100,465701,1
53819.823259071,3,7502,100,465560,-1
53821.201580044,3,7503,100,465483,-1
53821.869630812,1,7505,100,466594,-1
53822.456912398,3,7505,100,466594,-1
53823.813210631,1,7506,100,467144,-1
53824.82673782,3,7506,100,467144,-1
53825.380651457,1,7507,100,464811,1
53826.019175357,1,7508,100,464919,-1
53826.499006224,3,7507,100,464811,1
53827.599515831,4,7508,100,464919,-1
53828.603979666,1,7509,100,462722,-1
53829.202903166,4,7509,100,462722,-1
53829.896160852,1,7510,100,462191,-1
53830.941460253,5,7510,100,462191,-1
53832.132600375,1,7511,100,461748,-1
53833.306089446,4,7511,100,461748,-1
53834.450276525,1,7512,100,462243,-1
53835.693161444,3,7512,100,462243,-1
53837.009383167,1,7513,100,463193,1
53840.037895048,4,7513,100,463193,1
53840.563537091,1,7514,100,462937,1
53841.073509811,1,7515,100,463465,-1
53841.626427728,1,7516,100,463877,1
53842.240847349,5,7515,100,463465,-1
53842.884946884,4,7516,100,463877,1
53843.6721584,3,7514,100,462937,1
53844.836125755,1,7517,100,465104,-1
53845.467617142,1,7518,100,466215,-1
53846.270244344,1,7519,100,462924,1
53847.044733985,1,7520,100,463481,1
53847.69158474,4,7520,100,463481,1
53848.242857007,3,7517,100,465104,-1
53848.996784105,1,7521,100,467755,-1
53849.680679199,3,7521,100,467755,-1
53850.994443242,1,7522,100,460629,1
53852.346674571,1,7523,100,462118,1
53853.172047581,4,7519,100,462924,1
53854.369935754,5,7522,100,460629,1
53855.314238701,4,7523,100,462118,1
53856.350936271,4,7518,100,466215,-1
53856.894830789,1,7524,100,461773,1
53857.775464667,1,7525,100,462669,1
53860.164690303,1,7526,100,464196,1
53861.178220601,1,7527,100,463692,-1
53862.412868735,3,7524,100,461773,1
53864.1414018,3,7525,100,462669,1
53865.257134136,1,7528,100,464572,1
53866.19059753,1,7529,100,465156,1
53867.273152075,5,7526,100,464196,1
53869.006983243,1,7530,100,468651,-1
53869.85659119,1,7531,100,466774,-1
53870.427458039,3,7528,100,464572,1
53871.771509562,1,7532,100,466332,-1
53872.495259537,4,7527,100,463692,-1
53873.455383082,3,7532,100,466332,-1
53874.563770314,1,7533,100,462898,1
53875.720532032,1,7534,100,462316,1
53877.053993625,3,7530,100,468651,-1
53878.226717449,1,7535,100,461232,1
53879.061944021,1,7536,100,461166,1
53880.023081817,5,7535,100,461232,1
53881.260556726,3,7529,100,465156,1
53881.809484293,4,7533,100,462898,1
53883.035046349,4,7534,100,462316,1
53883.884672215,4,7531,100,466774,-1
53884.439553068,3,7536,100,461166,1
53885.067207605,1,7537,100,462503,1
53886.439559075,1,7538,100,466274,-1
53887.478134584,1,7539,100,463656,-1
53889.363392737,4,7539,100,463656,-1
53889.89973298,1,7540,100,464891,-1
53890.884418518,1,7541,100,462770,1
53891.853019546,4,7541,100,462770,1
53893.166053297,1,7542,100,463819,-1
53894.061631661,1,7543,100,464132,-1
53894.597194053,1,7544,100,463216,-1
53895.640384059,1,7545,100,462469,1
53898.106166805,3,7538,100,466274,-1
53899.397352711,1,7546,100,463424,-1
53899.998666638,1,7547,100,463060,-1
53900.827470683,1,7548,100,464333,-1
53901.530875188,1,7549,100,464615,-1
53902.881494336,3,7548,100,464333,-1
53903.863042179,3,7543,100,464132,-1
53905.445787637,1,7550,100,460737,-1
53906.254412764,4,7545,100,462469,1
53907.120855857,1,7551,100,461906,-1
53908.416476796,1,7552,100,463407,-1
53909.21059314,3,7550,100,460737,-1
53910.2992231,1,7553,100,464433,-1
53911.366847468,5,7549,100,464615,-1
53912.596852147,1,7554,100,463985,-1
53913.888479515,5,7547,100,463060,-1
53914.381160072,3,7542,100,463819,-1
53915.329787599,1,7555,100,462361,-1
53917.123892502,1,7556,100,464229,-1
53918.078508497,1,7557,100,462918,1
53919.133806698,1,7558,100,460308,1
53919.844419398,3,7540,100,464891,-1
53920.905240931,1,7559,100,463145,-1
53921.424993509,1,7560,100,465700,-1
53922.324606,1,7561,100,465321,-1
53923.459862286,1,7562,100,465610,-1
53924.627867435,1,7563,100,467916,-1
53925.516892935,1,7564,100,468590,-1
53926.498627172,1,7565,100,464858,1
53927.12092497,1,7566,100,466609,-1
53928.486503895,4,7544,100,463216,-1
53930.055860503,1,7567,100,464745,1
53931.289433801,3,7558,100,460308,1
53932.26943922,1,7568,100,467334,-1
53933.037258237,3,7561,100,465321,-1
53934.121523626,1,7569,100,466750,-1
53935.11650476,3,7559,100,463145,-1
53935.572512478,3,7546,100,463424,-1
53936.907421095,4,7551,100,461906,-1
53937.387937511,1,7570,100,465818,1
53938.2169523,1,7571,100,467283,-1
53938.699752616,1,7572,100,466383,1
53939.754529055,3,7565,100,464858,1
53940.793062319,1,7573,100,463493,1
53941.557683785,1,7574,100,466562,-1
53942.243759893,3,7569,100,466750,-1
53943.238996393,3,7537,100,462503,1
53944.333936739,3,7560,100,465700,-1
53945.319098476,3,7557,100,462918,1
53946.134315228,4,7570,100,465818,1
53946.606723166,4,7556,100,464229,-1
53947.798988318,3,7563,100,467916,-1
53948.81887931,1,7575,100,464530,-1
53950.144309508,5,7567,100,464745,1
53950.828287043,1,7576,100,463791,-1
53951.946908621,1,7577,100,463012,-1
53953.158893769,3,7552,100,463407,-1
53954.363760233,1,7578,100,460339,1
53955.040364431,1,7579,100,463278,-1
53955.786606823,4,7555,100,462361,-1
53957.048409218,4,7573,100,463493,1
53959.203543946,1,7580,100,462385,1
53960.346550015,3,7577,100,463012,-1
53961.673422397,1,7581,100,463179,-1
53962.500096027,3,7578,100,460339,1
53963.483175523,1,7582,100,464754,-1
53963.98897226,4,7580,100,462385,1
53964.714655236,1,7583,100,458496,1
53965.659449237,3,7581,100,463179,-1
53966.798934389,1,7584,100,460199,1
53968.01920338,3,7571,100,467283,-1
53968.527358568,1,7585,100,461041,-1
53970.221957852,3,7562,100,465610,-1
53970.717889462,3,7572,100,466383,1
53971.402922191,1,7586,100,461581,-1
53972.15966739,3,7566,100,466609,-1
53973.087304531,4,7584,100,460199,1
53973.580692056,3,7554,100,463985,-1
53974.615282406,1,7587,100,458739,1
53976.34975347,4,7585,100,461041,-1
53977.202904616,3,7582,100,464754,-1
53978.170719847,3,7587,100,458739,1
53978.826137319,1,7588,100,463500,-1
53979.498613497,3,7568,100,467334,-1
53979.982624588,5,7575,100,464530,-1
53980.795489464,3,7588,100,463500,-1
53982.103884663,4,7586,100,461581,-1
53983.383584782,4,7564,100,468590,-1
53984.356775607,5,7553,100,464433,-1
53985.686827529,3,7583,100,458496,1
53986.98209635,5,7574,100,466562,-1
53987.493599274,3,7579,100,463278,-1
53988.457258603,4,7576,100,463791,-1
53989.07440292,1,7589,100,460435,1
53990.111511719,1,7590,100,457428,1
53990.746004772,1,7591,100,461928,-1
53991.457063994,1,7592,100,458887,1
53992.79168283,5,7590,100,457428,1
53993.277746955,3,7591,100,461928,-1
53993.854430193,3,7592,100,458887,1
53994.689440854,4,7589,100,460435,1
53995.200180702,1,7593,100,458207,1
53995.965092945,1,7594,100,460738,-1
53996.67902744,1,7595,100,461160,-1
53997.275912271,3,7595,100,461160,-1
53997.846249019,3,7594,100,460738,-1
53999.778090782,1,7596,100,457012,1
54000.261060913,1,7597,100,452808,1
54001.49742537,4,7593,100,458207,1
54002.167650971,1,7598,100,456674,1
54002.788238271,3,7598,100,456674,1
54004.602301082,1,7599,100,456793,1
54005.839696794,4,7599,100,456793,1
54006.967316168,4,7596,100,457012,1
54008.198967391,4,7597,100,452808,1
54008.781406765,1,7600,100,456290,1
54009.831116061,4,7600,100,456290,1
54010.755925029,1,7601,100,458143,1
54012.043967419,4,7601,100,458143,1
54013.166541898,1,7602,100,458350,1
54014.304237263,1,7603,100,456132,1
54015.305275318,1,7604,100,458382,-1
54016.028210009,3,7603,100,456132,1
54016.899901025,4,7602,100,458350,1
54018.069520226,1,7605,100,453633,1
54019.369977399,5,7605,100,453633,1
54020.161375159,1,7606,100,459485,1
54020.983180915,3,7604,100,458382,-1
54022.091745122,5,7606,100,459485,1
54022.758730425,1,7607,100,459173,-1
54023.348514726,4,7607,100,459173,-1
54024.465485584,1,7608,100,460828,-1
54025.238855761,5,7608,100,460828,-1
54026.068424913,1,7609,100,456085,1
54027.231378551,1,7610,100,457926,1
54028.028817495,3,7609,100,456085,1
54028.879619195,3,7610,100,457926,1
54029.661910979,1,7611,100,459003,-1
54030.817665885,3,7611,100,459003,-1
54031.443994874,1,7612,100,457798,1
54031.988691068,1,7613,100,460590,-1
54033.973140576,1,7614,100,458926,-1
54034.507132035,1,7615,100,457270,-1
54035.409227995,3,7612,100,457798,1
54035.939582673,3,7615,100,457270,-1
54036.597662891,3,7613,100,460590,-1
54037.914935672,1,7616,100,454393,1
54039.179214236,4,7614,100,458926,-1
54040.367127586,1,7617,100,453599,1
54041.953297944,3,7616,100,454393,1
54042.594464614,4,7617,100,453599,1
54043.213543243,1,7618,100,456764,1
54043.99304484,1,7619,100,454114,1
54045.275933059,1,7620,100,455427,1
54045.929247442,1,7621,100,454638,1
54046.532538129,1,7622,100,457559,-1
54047.114621431,3,7620,100,455427,1
54049.403409575,1,7623,100,457775,-1
54050.051972825,3,7622,100,457559,-1
54050.947046644,1,7624,100,454458,1
54051.665568693,3,7619,100,454114,1
54054.319679771,1,7625,100,455567,1
54055.029159406,1,7626,100,458798,1
54055.810648615,3,7623,100,457775,-1
54056.803329905,1,7627,100,460930,-1
54057.777677996,1,7628,100,458715,1
54058.898235985,4,7628,100,458715,1
54059.955237889,1,7629,100,460877,-1
54061.016948458,3,7625,100,455567,1
54061.58039217,1,7630,100,461570,-1
54062.345050424,3,7624,100,454458,1
54063.052230505,3,7627,100,460930,-1
54064.177488886,5,7621,100,454638,1
54065.106165845,4,7629,100,460877,-1
54066.069896923,4,7626,100,458798,1
54066.825172433,4,7618,100,456764,1
54067.524568628,1,7631,100,458513,-1
54068.316106757,4,7631,100,458513,-1
54068.913520753,1,7632,100,463396,-1
54069.673878419,1,7633,100,459168,-1
54070.845545551,1,7634,100,459431,1
54071.916803875,1,7635,100,460377,-1
54072.983400766,1,7636,100,458231,1
54074.222992084,1,7637,100,455945,1
54074.977428256,1,7638,100,456647,1
54075.571129092,1,7639,100,459519,-1
54076.484921508,1,7640,100,458549,-1
54077.328104769,3,7639,100,459519,-1
54077.779264826,3,7636,100,458231,1
54078.417651072,1,7641,100,458382,1
54079.164356092,1,7642,100,461275,-1
54080.010043818,3,7638,100,456647,1
54082.002771636,1,7643,100,459705,-1
54082.462835885,3,7640,100,458549,-1
54083.537946493,3,7641,100,458382,1
54084.362380306,1,7644,100,458483,-1
54085.03112624,1,7645,100,457059,-1
54085.652229799,3,7633,100,459168,-1
54086.75609831,1,7646,100,455462,1
54087.439529595,3,7646,100,455462,1
54088.167160053,1,7647,100,456834,1
54088.829027589,3,7635,100,460377,-1
54089.991584946,1,7648,100,460621,-1
54091.020966731,3,7644,100,458483,-1
54092.106319008,3,7648,100,460621,-1
54092.740881477,1,7649,100,460210,1
54093.65945436,4,7630,100,461570,-1
54094.464560685,3,7632,100,463396,-1
54095.772588059,3,7643,100,459705,-1
54097.822684235,1,7650,100,458833,1
54098.855779274,1,7651,100,460118,1
54099.842498018,3,7645,100,457059,-1
54100.89723381,4,7650,100,458833,1
54101.469848962,3,7634,100,459431,1
54102.530333299,1,7652,100,457083,1
54103.756311548,3,7647,100,456834,1
54105.060641139,1,7653,100,462045,-1
54106.190790576,1,7654,100,461523,-1
54107.014271758,3,7642,100,461275,-1
54108.335160835,5,7653,100,462045,-1
54109.58785073,4,7649,100,460210,1
54110.387325778,3,7651,100,460118,1
54111.610405656,3,7654,100,461523,-1
54112.529571272,1,7655,100,459286,-1
54113.087478187,4,7652,100,457083,1
54113.802007265,3,7637,100,455945,1
54115.086866981,1,7656,100,461174,-1
54117.633757024,3,7655,100,459286,-1
54118.922568629,3,7656,100,461174,-1
54119.529200673,1,7657,100,457199,1
54120.259913161,1,7658,100,455841,1
54121.48594985,4,7657,100,457199,1
54122.026503366,1,7659,100,458730,-1
54123.795158563,1,7660,100,458227,-1
54124.98802297,1,7661,100,457967,-1
54126.271896661,3,7658,100,455841,1
54126.936026214,4,7661,100,457967,-1
54128.264677083,3,7659,100,458730,-1
54128.761554009,1,7662,100,458547,-1
54129.856013614,4,7662,100,458547,-1
54130.396810529,1,7663,100,456422,1
54132.40580264,3,7660,100,458227,-1
54133.11064479,1,7664,100,454832,1
54134.213618575,1,7665,100,456938,1
54135.126930668,3,7665,100,456938,1
54136.23299219,1,7666,100,454283,1
54137.474157801,1,7667,100,454183,1
54138.075285725,4,7664,100,454832,1
54138.708651037,3,7667,100,454183,1
54139.982585992,4,7666,100,454283,1
54140.429721366,1,7668,100,453849,1
54141.010033969,3,7663,100,456422,1
54142.271135408,3,7668,100,453849,1
54143.172535488,1,7669,100,451579,1
54144.083486742,4,7669,100,451579,1
54144.572056504,1,7670,100,453457,1
54145.902343975,1,7671,100,451679,1
54146.659985333,1,7672,100,452378,1
54147.656515251,5,7671,100,451679,1
54149.772969732,3,7672,100,452378,1
54150.947026136,1,7673,100,455689,-1
54151.856994563,1,7674,100,451355,1
54152.501539189,5,7673,100,455689,-1
54153.298984722,3,7674,100,451355,1
54154.364097697,1,7675,100,449935,1
54155.25315588,1,7676,100,449700,1
54156.0029992,3,7670,100,453457,1
54157.729091683,1,7677,100,447594,1
54158.987936247,1,7678,100,449752,1
54160.310553635,3,7677,100,447594,1
54161.258980876,3,7678,100,449752,1
54161.892252705,1,7679,100,455049,-1
54163.098238614,1,7680,100,451237,1
54164.250715829,1,7681,100,453011,1
54165.219826934,5,7679,100,455049,-1
54165.830750958,5,7681,100,453011,1
54166.898355125,3,7680,100,451237,1
54167.489316457,1,7682,100,451174,1
54168.766172795,3,7682,100,451174,1
54169.995720534,1,7683,100,453352,-1
54170.8243418,3,7676,100,449700,1
54172.103611529,3,7675,100,449935,1
54172.723945341,1,7684,100,454030,-1
54174.583211383,1,7685,100,451268,1
54175.349130461,4,7685,100,451268,1
54176.453016807,1,7686,100,453429,-1
54177.740936166,3,7684,100,454030,-1
54179.033980827,1,7687,100,453621,-1
54180.166950562,5,7683,100,453352,-1
54181.072067228,1,7688,100,452448,1
54182.2783318,4,7688,100,452448,1
54183.000091019,1,7689,100,455813,-1
54184.192684433,1,7690,100,451801,1
54185.882504538,1,7691,100,454675,-1
54186.60775,1,7692,100,453225,-1
54187.300806848,1,7693,100,451733,-1
54188.296450014,3,7691,100,454675,-1
54189.100851748,3,7692,100,453225,-1
54189.805408563,4,7690,100,451801,1
54190.883571337,1,7694,100,450547,-1
54192.025666219,1,7695,100,450459,1
54192.571935467,1,7696,100,452591,-1
54193.213012091,3,7694,100,450547,-1
54194.470510055,1,7697,100,451365,1
54196.001565581,1,7698,100,449046,1
54197.049266955,1,7699,100,447965,1
54197.62240278,4,7697,100,451365,1
54198.762983233,5,7693,100,451733,-1
54199.722410307,1,7700,100,449784,-1
54201.637024386,1,7701,100,448581,-1
54202.506656806,3,7700,100,449784,-1
54203.004692498,1,7702,100,454601,-1
54204.161146137,1,7703,100,450866,1
54205.221539293,3,7689,100,455813,-1
54205.793580253,4,7701,100,448581,-1
54208.107974394,3,7698,100,449046,1
54209.676690459,1,7704,100,452555,1
54210.11979342,4,7696,100,452591,-1
54212.237642007,4,7686,100,453429,-1
54212.773769265,3,7704,100,452555,1
54214.09422206,4,7702,100,454601,-1
54215.585659437,1,7705,100,451764,1
54216.410847744,1,7706,100,453471,1
54218.631908007,3,7699,100,447965,1
54219.751517561,3,7703,100,450866,1
54220.912858009,3,7695,100,450459,1
54221.417972766,3,7705,100,451764,1
54222.289318291,4,7687,100,453621,-1
54223.571359586,5,7706,100,453471,1
54224.450770053,1,7707,100,455379,-1
54225.28507544,1,7708,100,455299,-1
54226.363157654,1,7709,100,455543,-1
54227.408215133,1,7710,100,456483,-1
54228.03975001,1,7711,100,458762,-1
54229.240475507,3,7709,100,455543,-1
54230.224626071,3,7711,100,458762,-1
54232.074763859,3,7707,100,455379,-1
54233.054544285,1,7712,100,457469,1
54234.021857291,1,7713,100,454910,1
54234.608267857,1,7714,100,456479,1
54235.509656705,5,7713,100,454910,1
54236.660473605,1,7715,100,460369,-1
54237.832372026,1,7716,100,457383,-1
54238.936109771,4,7712,100,457469,1
54240.215548566,4,7710,100,456483,-1
54240.881750506,1,7717,100,457563,1
54242.290462332,1,7718,100,460206,-1
54242.960226078,3,7717,100,457563,1
54243.454117478,1,7719,100,459471,-1
54245.047848704,1,7720,100,457159,1
54246.087632401,3,7718,100,460206,-1
54247.230258407,3,7715,100,460369,-1
54248.44368797,3,7720,100,457159,1
54249.442226971,3,7714,100,456479,1
54250.668571661,1,7721,100,460197,1
54251.778404294,3,7719,100,459471,-1
54253.708530847,1,7722,100,463868,-1
54254.714295311,3,7721,100,460197,1
54255.621729577,1,7723,100,462585,-1
54256.722879011,1,7724,100,463382,-1
54257.514137728,1,7725,100,461634,-1
54258.736421387,3,7725,100,461634,-1
54259.543069611,3,7708,100,455299,-1
54260.849920554,1,7726,100,457466,1
54261.70808855,5,7724,100,463382,-1
54262.251073675,3,7726,100,457466,1
54263.242568576,1,7727,100,454780,1
54264.385662156,5,7722,100,463868,-1
54265.507972185,4,7716,100,457383,-1
54266.434577193,1,7728,100,456272,1
54266.896026696,3,7727,100,454780,1
54267.894799915,3,7728,100,456272,1
54268.42630809,1,7729,100,453233,1
54269.136580139,4,7729,100,453233,1
54269.699682508,1,7730,100,452922,1
54270.917846085,1,7731,100,454520,1
54272.011088986,3,7730,100,452922,1
54272.895037054,1,7732,100,455656,1
54273.56057359,3,7732,100,455656,1
54274.603191254,3,7723,100,462585,-1
54275.245266316,3,7731,100,454520,1
54276.342465558,1,7733,100,455311,-1
54277.250882593,1,7734,100,454416,1
54278.284741583,4,7733,100,455311,-1
54279.009446459,1,7735,100,457789,-1
54279.633259612,1,7736,100,454211,1
54280.649042723,4,7734,100,454416,1
54281.618298434,3,7736,100,454211,1
54282.572882759,4,7735,100,457789,-1
54283.190791704,1,7737,100,457342,1
54283.894945995,4,7737,100,457342,1
54284.736457169,1,7738,100,458869,-1
54285.916272694,4,7738,100,458869,-1
54287.149908904,1,7739,100,457737,1
54288.150076781,1,7740,100,458043,-1
54288.716497803,1,7741,100,455894,1
54290.86611484,3,7741,100,455894,1
54292.638918039,5,7740,100,458043,-1
54294.771616494,1,7742,100,459731,-1
54295.961016795,1,7743,100,461118,-1
54296.417723375,5,7743,100,461118,-1
54297.605928443,4,7742,100,459731,-1
54298.398323341,1,7744,100,461160,-1
54299.465676593,3,7739,100,457737,1
54299.967992415,1,7745,100,458448,1
54300.971380226,4,7745,100,458448,1
54301.749189211,3,7744,100,461160,-1
54302.749592199,1,7746,100,458588,1
54303.585648729,1,7747,100,458962,1
54304.452519217,5,7747,100,458962,1
54305.279379799,1,7748,100,459178,-1
54305.956463182,3,7748,100,459178,-1
54306.869430397,1,7749,100,454983,1
54307.89677154,1,7750,100,458083,-1
54309.003090593,3,7750,100,458083,-1
54309.776756687,3,7749,100,454983,1
54310.503914806,3,7746,100,458588,1
54311.557667354,1,7751,100,453600,1
54312.276123316,1,7752,100,455108,1
54313.01654677,1,7753,100,454455,-1
54313.816715302,5,7752,100,455108,1
54315.767758895,1,7754,100,452926,1
54316.565043022,1,7755,100,453736,-1
54318.258285383,3,7751,100,453600,1
54318.747448031,3,7755,100,453736,-1
54319.513501992,3,7754,100,452926,1
54320.029678685,3,7753,100,454455,-1
54321.138303918,1,7756,100,455332,-1
54322.211262711,1,7757,100,453738,-1
54322.954281434,3,7757,100,453738,-1
54323.611751782,1,7758,100,453844,-1
54324.775572184,1,7759,100,453916,1
54325.295619786,5,7759,100,453916,1
54326.086508117,1,7760,100,452816,-1
54328.009406295,3,7760,100,452816,-1
54329.281767608,5,7758,100,453844,-1
54330.110801758,5,7756,100,455332,-1
54330.886957047,1,7761,100,451718,-1
54332.068901852,5,7761,100,451718,-1
54333.210385648,1,7762,100,453155,-1
54334.228393007,1,7763,100,452721,-1
54334.79779736,1,7764,100,453238,-1
54335.368124593,1,7765,100,450933,1
54336.420577162,1,7766,100,451264,1
54337.667776763,5,7766,100,451264,1
54338.701727219,1,7767,100,454136,-1
54339.265796626,3,7764,100,453238,-1
54340.552171275,1,7768,100,449870,1
54341.123400804,3,7763,100,452721,-1
54341.94061172,5,7762,100,453155,-1
54342.795189909,4,7768,100,449870,1
54343.382530333,1,7769,100,452593,-1
54343.969120028,4,7765,100,450933,1
54345.577235357,5,7767,100,454136,-1
54346.401061303,1,7770,100,454263,-1
54347.157528962,1,7771,100,454169,-1
54348.415044642,3,7770,100,454263,-1
54348.967686229,1,7772,100,450775,1
54349.639337288,3,7771,100,454169,-1
54350.313859185,1,7773,100,448245,1
54351.081909006,1,7774,100,451087,-1
54351.579625907,1,7775,100,446968,1
54352.539849186,1,7776,100,451082,-1
54355.670004445,3,7776,100,451082,-1
54356.821595656,1,7777,100,451897,-1
54357.847025672,1,7778,100,450737,1
54358.452298884,1,7779,100,450985,-1
54360.239849739,3,7773,100,448245,1
54361.337146632,1,7780,100,448639,1
54361.931934914,1,7781,100,451927,-1
54362.770381715,5,7769,100,452593,-1
54363.83335755,1,7782,100,450751,1
54364.664798865,1,7783,100,451551,1
54365.833880495,3,7782,100,450751,1
54366.994844833,1,7784,100,454473,-1
54367.443644289,1,7785,100,450844,1
54368.334987462,1,7786,100,450915,1
54369.330848178,1,7787,100,454424,-1
54369.82745757,1,7788,100,452643,1
54372.175647029,3,7777,100,451897,-1
54373.222565039,3,7784,100,454473,-1
54374.263202545,4,7787,100,454424,-1
54374.948653152,3,7781,100,451927,-1
54376.037320829,3,7783,100,451551,1
54376.966314662,3,7780,100,448639,1
54378.151620262,1,7789,100,454743,-1
54379.121293796,1,7790,100,452700,1
54379.648329791,3,7774,100,451087,-1
54380.087075396,3,7778,100,450737,1
54381.219519166,1,7791,100,454527,-1
54382.476268655,3,7785,100,450844,1
54383.287638255,3,7772,100,450775,1
54385.80211566,4,7779,100,450985,-1
54386.40270017,1,7792,100,452621,-1
54387.668956274,1,7793,100,452634,1
54388.721270155,3,7791,100,454527,-1
54389.965370902,4,7793,100,452634,1
54390.434529866,1,7794,100,453862,1
54391.639213481,1,7795,100,453300,-1
54392.237448652,1,7796,100,450196,1
54393.178137994,3,7795,100,453300,-1
54394.337135638,3,7790,100,452700,1
54395.135449578,3,7794,100,453862,1
54396.53060653,4,7788,100,452643,1
54397.454620479,3,7796,100,450196,1
54398.224106152,3,7775,100,446968,1
54399.875121977,1,7797,100,456166,-1
54400.964626034,3,7789,100,454743,-1
54401.898156672,1,7798,100,451872,1
54402.54271369,4,7792,100,452621,-1
54403.451387454,1,7799,100,448233,1
54404.734588056,1,7800,100,451711,1
54405.641379194,3,7799,100,448233,1
54406.213958711,3,7800,100,451711,1
54406.769429271,3,7797,100,456166,-1
54407.605759892,3,7798,100,451872,1
54408.714958958,4,7786,100,450915,1
54409.15120076,1,7801,100,452350,1
54410.655790438,3,7801,100,452350,1
54411.848451835,1,7802,100,453291,-1
54412.39702676,4,7802,100,453291,-1
54413.20500468,1,7803,100,452248,-1
54414.985040181,3,7803,100,452248,-1
54415.495504597,1,7804,100,451294,-1
54416.536938616,4,7804,100,451294,-1
54417.159956305,1,7805,100,450384,-1
54417.713916554,1,7806,100,447565,1
54418.476906418,3,7806,100,447565,1
54419.447033053,3,7805,100,450384,-1
54420.390023479,1,7807,100,449673,1
54421.129517487,1,7808,100,449749,-1
54422.848725961,1,7809,100,449858,-1
54424.057343132,4,7809,100,449858,-1
54424.731857138,4,7808,100,449749,-1
54425.890863256,3,7807,100,449673,1
54426.369538877,1,7810,100,450302,-1
54426.838446806,4,7810,100,450302,-1
54427.707815583,1,7811,100,449449,1
54428.842341568,3,7811,100,449449,1
54429.572995405,1,7812,100,449292,1
54430.521816422,1,7813,100,447186,1
54431.583005644,4,7812,100,449292,1
54432.637242289,5,7813,100,447186,1
54433.399484546,1,7814,100,451176,-1
54434.319763726,3,7814,100,451176,-1
54434.821068759,1,7815,100,453675,-1
54436.053864742,4,7815,100,453675,-1
54436.643953705,1,7816,100,450301,-1
54437.485985579,3,7816,100,450301,-1
54438.688412705,1,7817,100,449518,1
54439.91756307,5,7817,100,449518,1
54440.844366649,1,7818,100,450746,-1
54442.02867267,3,7818,100,450746,-1
54442.942747053,1,7819,100,450793,-1
54443.544769784,1,7820,100,450985,-1
54444.765172783,1,7821,100,449131,1
54445.778763202,1,7822,100,449955,1
54446.967989444,1,7823,100,451587,1
54448.508018315,3,7819,100,450793,-1
54449.396344162,4,7820,100,450985,-1
54450.398373994,4,7823,100,451587,1
54451.569526494,1,7824,100,453370,1
54452.279377938,4,7824,100,453370,1
54453.044067483,4,7821,100,449131,1
54453.944072743,1,7825,100,457424,-1
54455.217988695,3,7825,100,457424,-1
54456.481002366,1,7826,100,455257,1
54457.62069983,4,7826,100,455257,1
54458.198850013,3,7822,100,449955,1
54458.823472463,1,7827,100,456193,1
54459.485096467,1,7828,100,455257,1
54460.090259733,1,7829,100,453233,1
54460.913825453,1,7830,100,452957,1
54461.607498925,1,7831,100,456986,-1
54462.719932979,1,7832,100,455296,-1
54463.959230456,1,7833,100,454974,-1
54465.187299546,4,7827,100,456193,1
54466.46548444,4,7832,100,455296,-1
54468.991026944,3,7828,100,455257,1
54469.610612273,5,7829,100,453233,1
54470.378621468,3,7833,100,454974,-1
54471.446019109,4,7830,100,452957,1
54472.071704736,3,7831,100,456986,-1
54473.074221292,1,7834,100,454770,1
54473.760772746,4,7834,100,454770,1
54474.551587826,1,7835,100,451615,1
54475.794482569,1,7836,100,456140,-1
54476.577910162,5,7836,100,456140,-1
54477.179618415,1,7837,100,455020,1
54478.119038587,3,7837,100,455020,1
54479.33599298,1,7838,100,454421,1
54480.58314984,3,7838,100,454421,1
54481.590658595,1,7839,100,454677,1
54482.611691343,4,7839,100,454677,1
54483.388113218,1,7840,100,453439,1
54484.640607168,1,7841,100,453405,1
54485.210065907,4,7835,100,451615,1
54486.68731788,1,7842,100,456844,1
54487.239926542,3,7840,100,453439,1
54487.834480292,1,7843,100,458193,1
54491.180301527,3,7842,100,456844,1
54492.027947382,1,7844,100,456449,-1
54492.74334923,3,7843,100,458193,1
54493.97584371,1,7845,100,457062,1
54495.012676102,3,7845,100,457062,1
54496.012133505,3,7841,100,453405,1
54497.165533629,1,7846,100,457165,-1
54498.001689805,1,7847,100,454342,1
54499.2593791,3,7846,100,457165,-1
54500.310128329,1,7848,100,454694,-1
54501.403281001,1,7849,100,458103,-1
54502.342291057,5,7848,100,454694,-1
54503.117114727,4,7847,100,454342,1
54504.066145011,1,7850,100,455563,-1
54504.545256302,4,7849,100,458103,-1
54505.494119361,3,7844,100,456449,-1
54506.726319784,1,7851,100,453842,-1
54507.824932281,1,7852,100,450733,1
54508.338261693,3,7850,100,455563,-1
54509.517204979,3,7852,100,450733,1
54510.388592453,1,7853,100,452371,1
54511.968363319,4,7853,100,452371,1
54512.524818219,4,7851,100,453842,-1
54513.754805378,1,7854,100,452955,-1
54514.32093736,1,7855,100,452901,-1
54515.218411929,4,7854,100,452955,-1
54516.294777977,1,7856,100,453189,-1
54517.4799509,1,7857,100,451522,1
54518.493214165,1,7858,100,452605,1
54519.6515696,1,7859,100,453876,-1
54520.627058086,4,7855,100,452901,-1
54521.656169851,1,7860,100,453022,-1
54522.753353738,3,7859,100,453876,-1
54523.750883514,3,7860,100,453022,-1
54524.904294302,3,7856,100,453189,-1
54525.431568476,1,7861,100,449616,1
54526.509149984,1,7862,100,449420,1
54527.592656414,5,7858,100,452605,1
54528.169994195,4,7861,100,449616,1
54528.907270074,1,7863,100,449346,-1
54530.687093401,4,7862,100,449420,1
54531.132080602,1,7864,100,450964,1
54531.806792914,1,7865,100,453389,-1
54532.994310633,1,7866,100,449591,1
54533.611784929,3,7863,100,449346,-1
54534.221359007,1,7867,100,448193,1
54535.397567717,4,7864,100,450964,1
54535.828791588,1,7868,100,452652,-1
54536.843672981,1,7869,100,448420,1
54538.022670707,4,7857,100,451522,1
54539.138341339,4,7868,100,452652,-1
54539.973325877,3,7867,100,448193,1
54540.683221166,3,7865,100,453389,-1
54542.839631393,4,7869,100,448420,1
54543.847351998,1,7870,100,450265,1
54545.858900202,3,7870,100,450265,1
54546.431570464,1,7871,100,452375,-1
54547.183187007,1,7872,100,451943,-1
54547.713952515,1,7873,100,452916,-1
54550.343419215,1,7874,100,452306,1
54551.105762086,3,7872,100,451943,-1
54551.723450328,1,7875,100,453057,1
54552.52343081,3,7866,100,449591,1
54553.166970877,4,7874,100,452306,1
54553.676950694,1,7876,100,451762,-1
54554.444842159,5,7875,100,453057,1
54555.502668315,1,7877,100,453342,-1
54556.106029719,3,7871,100,452375,-1
54556.876285234,4,7876,100,451762,-1
54557.521300708,3,7873,100,452916,-1
54558.288786029,1,7878,100,452632,1
54559.303767464,4,7878,100,452632,1
54560.087579026,3,7877,100,453342,-1
54560.67782828,1,7879,100,451502,1
54561.96069077,3,7879,100,451502,1
54562.409010113,1,7880,100,450917,-1
54562.834636727,1,7881,100,451870,-1
54563.859833765,1,7882,100,451666,1
54564.711138252,4,7880,100,450917,-1
54565.146889774,1,7883,100,452199,-1
54566.09018798,1,7884,100,450811,-1
54566.855912107,3,7882,100,451666,1
54567.746265968,1,7885,100,450436,-1
54569.551487775,1,7886,100,449536,-1
54570.05166489,5,7884,100,450811,-1
54571.244051614,1,7887,100,449257,1
54572.205723028,5,7883,100,452199,-1
54572.840109409,1,7888,100,450227,1
54573.304770291,3,7886,100,449536,-1
54574.548900511,3,7888,100,450227,1
54575.68917806,1,7889,100,447882,1
54576.740197294,1,7890,100,447533,1
54577.252453616,3,7889,100,447882,1
54578.436637773,3,7881,100,451870,-1
54580.729482645,5,7885,100,450436,-1
54582.944621662,1,7891,100,447817,1
54583.63368463,1,7892,100,444979,1
54584.270864701,3,7892,100,444979,1
54584.88334612,1,7893,100,446890,-1
54585.493139452,3,7887,100,449257,1
54587.687494138,1,7894,100,445996,1
54588.815461632,1,7895,100,443286,1
54589.270121815,3,7893,100,446890,-1
54590.373594201,3,7891,100,447817,1
54592.214267581,4,7895,100,443286,1
54592.874575087,5,7890,100,447533,1
54593.452992376,1,7896,100,446525,1
54594.379412064,1,7897,100,444505,1
54595.604172494,5,7894,100,445996,1
54596.590143623,1,7898,100,447195,-1
54597.045017481,1,7899,100,446710,-1
54598.209706696,3,7899,100,446710,-1
54598.849822024,3,7896,100,446525,1
54599.691314431,3,7897,100,444505,1
54600.873985743,4,7898,100,447195,-1
54601.562551934,1,7900,100,443428,1
54602.338311631,1,7901,100,445853,-1
54603.315261976,5,7900,100,443428,1
54604.028257543,5,7901,100,445853,-1
54605.155778372,1,7902,100,444447,-1
54605.988959872,1,7903,100,444535,-1
54606.972985838,1,7904,100,447793,-1
54607.683891004,4,7902,100,444447,-1
54608.721530468,4,7903,100,444535,-1
54610.825656656,1,7905,100,449143,-1
54611.70862709,1,7906,100,443073,1
54612.701743594,1,7907,100,445038,1
54616.100545302,5,7905,100,449143,-1
54616.664218923,4,7907,100,445038,1
54617.332431824,1,7908,100,444019,1
54618.242515328,5,7906,100,443073,1
54619.201519521,1,7909,100,447175,-1
54620.677511256,3,7904,100,447793,-1
54621.544464014,3,7909,100,447175,-1
54622.720050641,3,7908,100,444019,1
54623.161042616,1,7910,100,447187,-1
54624.169850357,1,7911,100,446919,1
54625.119226223,1,7912,100,447130,-1
54626.300829755,1,7913,100,445214,-1
54627.041553372,3,7912,100,447130,-1
54628.255562799,1,7914,100,445779,-1
54628.809625884,1,7915,100,446171,-1
54629.269832419,3,7910,100,447187,-1
54630.130974238,1,7916,100,443933,1
54631.107169046,4,7916,100,443933,1
54631.84546022,3,7915,100,446171,-1
54632.31475427,3,7911,100,446919,1
54633.267109203,3,7914,100,445779,-1
54634.376706016,4,7913,100,445214,-1
54635.301846077,1,7917,100,443704,1
54635.928601852,4,7917,100,443704,1
54636.666630597,1,7918,100,446847,-1
54637.462663987,1,7919,100,446484,-1
54638.25824158,1,7920,100,443426,1
54638.682310032,3,7918,100,446847,-1
54639.355419029,1,7921,100,444394,1
54640.110765953,3,7921,100,444394,1
54640.887670531,1,7922,100,448118,-1
54642.041866531,3,7922,100,448118,-1
54642.639460989,1,7923,100,447010,-1
54643.250339052,3,7919,100,446484,-1
54643.89681849,4,7920,100,443426,1
54644.864711923,3,7923,100,447010,-1
54646.048595769,1,7924,100,446371,1
54647.062021679,1,7925,100,449486,-1
54647.537326461,3,7924,100,446371,1
54648.350357682,1,7926,100,447151,-1
54649.492806292,1,7927,100,447217,-1
54650.54623251,1,7928,100,443991,1
54650.975076453,4,7928,100,443991,1
54651.433155812,4,7926,100,447151,-1
54652.454139261,3,7927,100,447217,-1
54652.925058213,1,7929,100,445035,1
54654.076048888,1,7930,100,445443,1
54654.616481006,3,7930,100,445443,1
54655.682565684,1,7931,100,445571,-1
54656.210833008,4,7929,100,445035,1
54656.65471212,1,7932,100,443043,1
54657.767727817,1,7933,100,441887,1
54658.667283303,1,7934,100,443603,-1
54659.60176701,1,7935,100,445467,-1
54660.607615138,4,7934,100,443603,-1
54661.608673494,1,7936,100,445981,-1
54662.839009826,3,7935,100,445467,-1
54663.848911687,3,7925,100,449486,-1
54664.798523778,1,7937,100,444925,-1
54665.309571142,1,7938,100,444247,1
54666.372681485,1,7939,100,445660,-1
54667.179488889,4,7938,100,444247,1
54667.854115036,1,7940,100,446466,-1
54668.385756123,3,7939,100,445660,-1
54669.082992588,1,7941,100,446239,-1
54670.24095161,3,7937,100,444925,-1
54671.074849661,4,7936,100,445981,-1
54671.894382829,1,7942,100,443113,1
54672.534013436,1,7943,100,447617,-1
54673.56044757,3,7943,100,447617,-1
54674.18353154,1,7944,100,447200,-1
54675.195172145,1,7945,100,445965,-1
54676.259440785,5,7945,100,445965,-1
54676.966849046,4,7931,100,445571,-1
54677.816376527,5,7932,100,443043,1
54678.666274706,3,7933,100,441887,1
54679.122743953,1,7946,100,447606,-1
54680.236947651,1,7947,100,443620,1
54681.089253097,3,7946,100,447606,-1
54682.197022078,3,7941,100,446239,-1
54682.934885729,1,7948,100,446176,-1
54683.987773988,3,7948,100,446176,-1
54685.075492688,1,7949,100,445500,-1
54685.915961757,3,7940,100,446466,-1
54686.833911717,3,7942,100,443113,1
54687.424494446,1,7950,100,444847,-1
54688.63436664,1,7951,100,445476,-1
54689.295679173,3,7951,100,445476,-1
54691.300480744,5,7949,100,445500,-1
54692.22657042,1,7952,100,446380,-1
54692.814566537,1,7953,100,446875,-1
54694.920139754,1,7954,100,444712,1
54695.551418944,1,7955,100,444875,-1
54696.151333155,1,7956,100,443857,1
54696.97479511,1,7957,100,445107,-1
54697.57419077,3,7953,100,446875,-1
54698.644698581,5,7957,100,445107,-1
54699.560930902,3,7950,100,444847,-1
54700.819498564,1,7958,100,445433,-1
54702.420453959,1,7959,100,442879,1
54703.155096259,1,7960,100,448543,-1
54704.157794657,4,7954,100,444712,1
54705.029925594,1,7961,100,444182,1
54705.642708572,1,7962,100,444773,1
54706.462457309,3,7962,100,444773,1
54707.093677641,3,7947,100,443620,1
54708.017610103,1,7963,100,445585,-1
54708.910865621,1,7964,100,444504,-1
54709.552429907,1,7965,100,443428,-1
54710.410737454,1,7966,100,441597,1
54711.158783694,1,7967,100,442348,-1
54711.673395042,1,7968,100,442376,1
54712.360349709,1,7969,100,443150,-1
54713.467106463,4,7956,100,443857,1
54715.346046462,5,7969,100,443150,-1
54716.44827655,1,7970,100,444040,-1
54717.358972838,1,7971,100,446397,-1
54718.277847614,1,7972,100,445124,-1
54719.298513573,3,7970,100,444040,-1
54720.217214864,1,7973,100,445744,-1
54720.97133449,3,7959,100,442879,1
54721.989573246,3,7955,100,444875,-1
54723.060928166,1,7974,100,442876,1
54724.248858364,1,7975,100,444116,1
54724.757052403,3,7974,100,442876,1
54725.269312608,1,7976,100,443788,1
54725.702804871,3,7966,100,441597,1
54726.149140393,1,7977,100,444195,1
54726.662816748,1,7978,100,449258,-1
54727.77047534,1,7979,100,449818,-1
54728.94648456,1,7980,100,444951,1
54729.656997532,1,7981,100,447286,-1
54730.293978741,3,7958,100,445433,-1
54731.224862548,3,7971,100,446397,-1
54732.370449566,1,7982,100,443998,1
54732.883476726,3,7977,100,444195,1
54734.722897308,3,7961,100,444182,1
54735.613553254,1,7983,100,443128,1
54736.622947152,3,7981,100,447286,-1
54737.053998371,1,7984,100,444353,1
54737.855964922,1,7985,100,447092,-1
54740.926694375,1,7986,100,444350,1
54741.818161106,1,7987,100,446968,-1
54742.501807019,1,7988,100,445803,1
54743.131997514,1,7989,100,447818,-1
54744.103220981,1,7990,100,446744,1
54744.751949923,1,7991,100,446392,1
54745.405208197,3,7964,100,444504,-1
54746.265319014,5,7990,100,446744,1
54747.412260772,5,7960,100,448543,-1
54747.980021688,1,7992,100,447871,-1
54749.508997305,3,7952,100,446380,-1
54750.090124832,4,7985,100,447092,-1
54750.721066698,3,7967,100,442348,-1
54751.880234621,1,7993,100,448748,-1
54752.550082242,4,7973,100,445744,-1
54753.330688341,3,7984,100,444353,1
54754.225214708,1,7994,100,447438,1
54754.781209979,3,7944,100,447200,-1
54755.304697522,1,7995,100,448234,1
54756.03341323,1,7996,100,449438,-1
54756.824230745,3,7982,100,443998,1
54758.020910317,3,7978,100,449258,-1
54759.019240045,3,7980,100,444951,1
54759.527765627,3,7968,100,442376,1
54760.406816739,3,7992,100,447871,-1
54761.023375334,1,7997,100,450975,-1
54763.212737156,4,7979,100,449818,-1
54764.014958485,3,7963,100,445585,-1
54765.1585817,3,7996,100,449438,-1
54765.912905745,3,7993,100,448748,-1
54766.522250492,3,7995,100,448234,1
54767.186033452,3,7997,100,450975,-1
54768.268406126,3,7976,100,443788,1
54769.313362178,3,7987,100,446968,-1
54769.906115053,4,7989,100,447818,-1
54770.873714693,3,7972,100,445124,-1
54772.093583476,1,7998,100,452516,-1
54772.946054084,3,7988,100,445803,1
54774.01797089,3,7983,100,443128,1
54774.664483413,1,7999,100,452198,-1
54775.644449311,4,7965,100,443428,-1
54776.865216168,1,8000,100,450006,-1
54777.47883195,3,7998,100,452516,-1
54777.91740606,1,8001,100,450211,1
54778.604527946,5,8001,100,450211,1
54779.602911123,5,7975,100,444116,1
54780.106491291,1,8002,100,451011,-1
54781.183218657,3,7999,100,452198,-1
54782.100492061,4,8000,100,450006,-1
54783.295777998,3,7994,100,447438,1
54784.009121647,3,7991,100,446392,1
54785.107099947,5,7986,100,444350,1
54786.308717844,1,8003,100,450822,1
54787.381307162,1,8004,100,449200,1
54788.308322366,1,8005,100,448232,1
54789.256170172,5,8002,100,451011,-1
54789.997937738,1,8006,100,449922,1
54790.769737064,4,8003,100,450822,1
54791.257297438,1,8007,100,452213,-1
54792.31371131,1,8008,100,448528,1
54793.202165786,3,8006,100,449922,1
54794.096674103,1,8009,100,453105,-1
54795.283366513,4,8007,100,452213,-1
54796.956843254,1,8010,100,451312,1
54797.992898687,3,8010,100,451312,1
54798.526676007,1,8011,100,452657,1
54799.204278581,1,8012,100,452023,1
54799.840607719,3,8008,100,448528,1
54800.955215508,1,8013,100,454812,-1
54802.017810943,1,8014,100,455388,-1
54803.192205064,3,8012,100,452023,1
54803.987014942,3,8011,100,452657,1
54805.097290735,1,8015,100,453183,1
54805.849055803,1,8016,100,455684,-1
54806.791815429,3,8005,100,448232,1
54807.775319547,1,8017,100,452129,1
54808.898050903,4,8017,100,452129,1
54809.871183338,4,8009,100,453105,-1
54810.719704308,1,8018,100,452930,-1
54811.162361565,1,8019,100,450850,1
54812.138977789,5,8018,100,452930,-1
54813.158505645,1,8020,100,453098,-1
54813.652096408,3,8019,100,450850,1
54814.881731381,5,8013,100,454812,-1
54815.843262502,4,8015,100,453183,1
54816.752415159,1,8021,100,451469,-1
54817.378076998,5,8014,100,455388,-1
54818.203304972,1,8022,100,452390,-1
54819.084749296,3,8004,100,449200,1
54820.104041952,3,8022,100,452390,-1
54820.979492646,4,8021,100,451469,-1
54821.956433588,1,8023,100,451933,1
54823.630597406,1,8024,100,454427,-1
54824.048771602,1,8025,100,456086,-1
54824.480603734,1,8026,100,455774,-1
54824.979974992,1,8027,100,452473,1
54825.926678332,1,8028,100,456848,-1
54826.576463466,1,8029,100,456463,-1
54827.272353395,3,8029,100,456463,-1
54828.07284062,3,8016,100,455684,-1
54828.750704617,1,8030,100,456269,-1
54829.816045959,3,8024,100,454427,-1
54830.552472604,1,8031,100,456173,-1
54831.590335859,3,8020,100,453098,-1
54832.259824117,3,8031,100,456173,-1
54833.381856062,1,8032,100,456303,1
54834.07377434,5,8026,100,455774,-1
54835.582082585,1,8033,100,455373,1
54836.2087319,5,8023,100,451933,1
54837.725602593,1,8034,100,456904,-1
54838.938959391,5,8028,100,456848,-1
54839.929444757,1,8035,100,457543,-1
54840.643969411,3,8032,100,456303,1
54841.241352582,4,8025,100,456086,-1
54842.251185065,1,8036,100,457775,-1
54843.437945187,3,8036,100,457775,-1
54844.38057866,3,8027,100,452473,1
54845.30138691,5,8030,100,456269,-1
54846.455246234,1,8037,100,455272,1
54847.241158731,4,8037,100,455272,1
54849.573743322,4,8033,100,455373,1
54850.556023587,1,8038,100,455356,-1
54852.457314434,3,8035,100,457543,-1
54853.405701759,4,8034,100,456904,-1
54853.979919839,1,8039,100,456238,1
54854.863474354,1,8040,100,457410,1
54855.512852691,3,8039,100,456238,1
54856.49461751,1,8041,100,454799,1
54857.178525144,1,8042,100,457157,1
54857.812941615,4,8042,100,457157,1
54858.381098015,3,8038,100,455356,-1
54859.083685339,1,8043,100,456236,1
54859.597653598,3,8040,100,457410,1
54860.463370356,1,8044,100,457673,-1
54860.931388818,1,8045,100,455802,1
54862.613383992,3,8044,100,457673,-1
54863.212466047,1,8046,100,454217,1
54863.711631638,1,8047,100,456337,-1
54864.468593298,4,8041,100,454799,1
54864.927094671,1,8048,100,456831,-1
54865.562498865,1,8049,100,459471,-1
54866.257240359,4,8045,100,455802,1
54867.832444209,1,8050,100,452447,1
54868.489573777,3,8048,100,456831,-1
54869.328966346,3,8049,100,459471,-1
54869.835248142,1,8051,100,452559,1
54870.420345698,4,8046,100,454217,1
54871.938915256,1,8052,100,454117,-1
54873.078098356,3,8047,100,456337,-1
54873.985490478,1,8053,100,453773,1
54874.866377287,3,8053,100,453773,1
54875.634831131,4,8052,100,454117,-1
54876.469834688,1,8054,100,453857,1
54877.485299745,5,8043,100,456236,1
54880.0434607,5,8054,100,453857,1
54880.67658244,1,8055,100,454583,-1
54881.903261563,3,8055,100,454583,-1
54882.315995547,3,8050,100,452447,1
54883.192451785,1,8056,100,456063,-1
54883.975049801,5,8056,100,456063,-1
54885.079281947,4,8051,100,452559,1
54886.001491853,1,8057,100,454829,-1
54887.129594838,3,8057,100,454829,-1
54887.852579916,1,8058,100,454271,1
54889.282545556,1,8059,100,456380,-1
54890.724802674,3,8059,100,456380,-1
54891.964177601,1,8060,100,451896,1
54893.122196573,1,8061,100,453191,1
54893.810711014,3,8058,100,454271,1
54894.818812844,1,8062,100,452349,1
54895.477624354,1,8063,100,454243,1
54895.908134434,1,8064,100,453137,1
54897.077955908,4,8064,100,453137,1
54897.53749072,5,8062,100,452349,1
54898.710382201,4,8061,100,453191,1
54899.858640374,3,8060,100,451896,1
54901.101363481,4,8063,100,454243,1
54902.202933578,1,8065,100,456403,-1
54902.800562957,5,8065,100,456403,-1
54903.814444971,1,8066,100,456777,1
54904.361820228,4,8066,100,456777,1
54905.01559701,1,8067,100,457171,1
54906.08653163,1,8068,100,458358,-1
54908.180874605,5,8068,100,458358,-1
54909.356554538,1,8069,100,459293,-1
54910.363151119,3,8067,100,457171,1
54910.94465508,3,8069,100,459293,-1
54911.470955989,1,8070,100,456710,1
54912.086112659,3,8070,100,456710,1
54913.090631337,1,8071,100,458511,-1
54914.185958394,1,8072,100,458345,-1
54915.398012877,3,8072,100,458345,-1
54916.210290152,3,8071,100,458511,-1
54916.622273944,1,8073,100,459703,-1
54917.09465642,3,8073,100,459703,-1
54917.906711782,1,8074,100,458002,1
54918.724251369,1,8075,100,457577,1
54919.759543478,1,8076,100,458331,1
54920.639886764,3,8074,100,458002,1
54921.798588384,3,8076,100,458331,1
54922.927830365,4,8075,100,457577,1
54924.002830264,1,8077,100,459332,-1
54926.092586199,4,8077,100,459332,-1
54926.848579153,1,8078,100,458498,1
54927.790525057,4,8078,100,458498,1
54929.001749739,1,8079,100,459170,-1
54929.859746782,3,8079,100,459170,-1
54930.694467125,1,8080,100,459483,1
54931.842426584,3,8080,100,459483,1
54932.543635848,1,8081,100,459889,1
54933.688496135,1,8082,100,457839,1
54934.628214648,1,8083,100,457284,1
54935.110206911,1,8084,100,459071,1
54936.050368826,1,8085,100,459336,1
54936.694187061,3,8085,100,459336,1
54937.902388712,4,8084,100,459071,1
54938.917929192,1,8086,100,460225,1
54939.967693967,3,8083,100,457284,1
54941.177115504,4,8086,100,460225,1
54941.785155762,1,8087,100,460476,1
54942.721790645,1,8088,100,457957,1
54943.434997813,1,8089,100,459536,1
54944.553510268,5,8089,100,459536,1
54945.157619661,4,8088,100,457957,1
54946.277891707,3,8081,100,459889,1
54946.72130343,1,8090,100,460412,1
54947.324693466,5,8087,100,460476,1
54947.775568391,3,8090,100,460412,1
54948.955949062,3,8082,100,457839,1
54949.519775001,1,8091,100,459134,-1
54950.532981471,5,8091,100,459134,-1
54951.582217405,1,8092,100,459127,1
54952.68358036,3,8092,100,459127,1
54953.180814059,1,8093,100,457000,1
54954.132620224,5,8093,100,457000,1
54954.878859101,1,8094,100,458437,1
54955.534029111,4,8094,100,458437,1
54956.541681782,1,8095,100,460296,1
54956.990682823,5,8095,100,460296,1
54958.175374966,1,8096,100,459994,-1
54958.830225817,3,8096,100,459994,-1
54959.383590193,1,8097,100,460900,-1
54960.380235216,3,8097,100,460900,-1
54961.226181568,1,8098,100,460269,1
54961.681361944,5,8098,100,460269,1
54962.285535841,1,8099,100,460782,-1
54963.190492938,3,8099,100,460782,-1
54964.301694864,1,8100,100,462515,-1
54965.070957805,3,8100,100,462515,-1
54965.681106617,1,8101,100,462477,-1
54966.630803503,1,8102,100,463001,-1
54967.402725865,1,8103,100,461496,-1
54968.166918384,3,8103,100,461496,-1
54968.578029397,3,8102,100,463001,-1
54969.656200039,1,8104,100,460171,-1
54970.797407842,4,8104,100,460171,-1
54971.742410071,3,8101,100,462477,-1
54972.481081346,1,8105,100,458180,1
54973.207207828,3,8105,100,458180,1
54974.369351801,1,8106,100,461210,-1
54975.388536193,1,8107,100,462863,-1
54976.971750133,1,8108,100,461203,-1
54977.630181252,1,8109,100,460026,1
54979.820174361,4,8109,100,460026,1
54980.580569697,1,8110,100,456858,1
54981.441586635,1,8111,100,457723,1
54982.603186323,4,8110,100,456858,1
54983.172067382,4,8111,100,457723,1
54984.109763325,3,8107,100,462863,-1
54985.98857537,3,8108,100,461203,-1
54987.052350022,4,8106,100,461210,-1
54988.077541445,1,8112,100,456299,-1
54988.529338595,1,8113,100,457894,-1
54989.177718816,4,8112,100,456299,-1
54989.798674322,5,8113,100,457894,-1
54990.325538739,1,8114,100,455098,1
54991.355817732,1,8115,100,455164,1
54992.118628561,4,8115,100,455164,1
54993.073267281,3,8114,100,455098,1
54993.721213771,1,8116,100,455905,1
54994.192830708,1,8117,100,453826,1
54995.210676801,1,8118,100,454521,1
54995.900857782,1,8119,100,456685,-1
54996.524060253,1,8120,100,454594,1
54997.708733665,3,8119,100,456685,-1
54998.148515577,1,8121,100,454308,-1
54998.832869196,1,8122,100,452245,1
54999.319195407,1,8123,100,456684,-1
54999.730793492,1,8124,100,450728,1
55000.790763875,3,8116,100,455905,1
55001.876722955,3,8123,100,456684,-1
55002.950307264,1,8125,100,453728,1
55004.007611374,1,8126,100,452495,1
55004.440965371,1,8127,100,451380,1
55004.944403188,5,8122,100,452245,1
55005.752831166,1,8128,100,452423,1
55007.149099781,1,8129,100,454837,-1
55008.221625293,4,8117,100,453826,1
55009.270055559,3,8127,100,451380,1
55010.011611327,1,8130,100,454354,1
55010.598062736,1,8131,100,456867,-1
55011.575694042,1,8132,100,453589,1
55013.369925277,5,8120,100,454594,1
55013.799426251,3,8128,100,452423,1
55014.277758533,3,8130,100,454354,1
55015.456420051,4,8118,100,454521,1
55016.479270397,1,8133,100,456267,-1
55016.932478729,3,8126,100,452495,1
55017.930296816,1,8134,100,452094,1
55018.567141855,4,8129,100,454837,-1
55019.165813525,3,8131,100,456867,-1
55019.827659308,1,8135,100,457078,-1
55020.712879912,4,8121,100,454308,-1
55021.43976112,3,8133,100,456267,-1
55022.113973484,5,8135,100,457078,-1
55023.232752081,1,8136,100,452339,1
55024.439996306,4,8132,100,453589,1
55025.011920276,3,8134,100,452094,1
55025.49606885,4,8125,100,453728,1
55026.518957309,1,8137,100,453038,-1
55027.667938178,5,8137,100,453038,-1
55028.76647436,5,8124,100,450728,1
55029.372881935,1,8138,100,450573,1
55030.242156422,5,8136,100,452339,1
55031.006863791,3,8138,100,450573,1
55032.06426672,1,8139,100,453567,1
55032.578621839,1,8140,100,454090,1
55033.177570798,3,8139,100,453567,1
55034.089193988,5,8140,100,454090,1
55035.233473329,1,8141,100,453382,1
55036.030797512,3,8141,100,453382,1
55037.19830514,1,8142,100,454176,-1
55037.727365343,4,8142,100,454176,-1
55038.792725163,1,8143,100,452897,-1
55039.584924205,1,8144,100,453998,-1
55041.247844453,1,8145,100,453141,1
55042.107423164,5,8144,100,453998,-1
55042.874122213,3,8143,100,452897,-1
55043.524201431,4,8145,100,453141,1
55044.718954012,1,8146,100,451911,1
55045.133234731,1,8147,100,453807,-1
55045.644675363,4,8146,100,451911,1
55046.494199983,1,8148,100,452581,1
55047.557635435,1,8149,100,453111,-1
55048.541525494,3,8147,100,453807,-1
55049.453334732,1,8150,100,455217,-1
55050.583227644,5,8150,100,455217,-1
55051.04266894,3,8148,100,452581,1
55052.032458472,3,8149,100,453111,-1
55052.474946639,1,8151,100,452420,1
55053.509956914,3,8151,100,452420,1
55054.04188272,1,8152,100,453001,1
55054.572497356,1,8153,100,454155,-1
55055.003506353,3,8152,100,453001,1
55055.663026114,3,8153,100,454155,-1
55056.584556281,1,8154,100,454092,1
55057.410640821,3,8154,100,454092,1
55057.862843241,1,8155,100,454947,-1
55058.693473373,3,8155,100,454947,-1
55059.113522316,1,8156,100,457258,-1
55061.156853755,3,8156,100,457258,-1
55062.315418715,1,8157,100,455671,-1
55062.869140197,1,8158,100,454314,1
55063.443124277,1,8159,100,456338,-1
55064.396536666,4,8157,100,455671,-1
55065.296782953,1,8160,100,453521,1
55066.187433001,3,8159,100,456338,-1
55066.703677003,1,8161,100,454743,1
55067.281955298,3,8160,100,453521,1
55069.096223023,3,8161,100,454743,1
55069.852976433,4,8158,100,454314,1
55070.488391221,1,8162,100,455855,-1
55071.469870338,3,8162,100,455855,-1
55072.566644574,1,8163,100,455663,-1
55074.70393696,3,8163,100,455663,-1
55075.366777672,1,8164,100,457923,-1
55076.002446179,1,8165,100,456848,1
55076.998798228,1,8166,100,453872,1
55077.737162553,3,8166,100,453872,1
55078.721569437,4,8165,100,456848,1
55079.763715747,4,8164,100,457923,-1
55080.68076643,1,8167,100,456886,1
55081.648322435,1,8168,100,459755,-1
55082.371214102,4,8168,100,459755,-1
55083.441061991,5,8167,100,456886,1
55084.596230407,1,8169,100,460663,-1
55085.525917617,5,8169,100,460663,-1
55086.384811272,1,8170,100,459150,-1
55086.805112918,5,8170,100,459150,-1
55087.764364689,1,8171,100,456369,1
55088.399074303,4,8171,100,456369,1
55089.053461711,1,8172,100,455607,1
55090.942437945,1,8173,100,456517,1
55091.956151685,1,8174,100,455118,1
55093.437758858,1,8175,100,456909,-1
55094.031006454,3,8175,100,456909,-1
55094.722453959,3,8172,100,455607,1
55095.363588807,4,8173,100,456517,1
55096.541752774,3,8174,100,455118,1
55096.967510337,1,8176,100,458041,-1
55098.008035679,1,8177,100,450510,1
55099.106243923,4,8177,100,450510,1
55099.66603861,3,8176,100,458041,-1
55100.177389349,1,8178,100,454057,1
55100.664496678,1,8179,100,455472,-1
55101.151482767,5,8178,100,454057,1
55102.178329429,1,8180,100,457001,-1
55103.351546825,4,8180,100,457001,-1
55104.179071305,1,8181,100,454544,1
55105.160880917,3,8181,100,454544,1
55106.264985417,1,8182,100,454596,1
55107.141436592,1,8183,100,455635,-1
55108.723576833,3,8182,100,454596,1
55109.236142167,1,8184,100,457093,-1
55110.003585725,4,8179,100,455472,-1
55110.938699382,3,8184,100,457093,-1
55111.875203109,1,8185,100,450831,1
55112.632670209,3,8185,100,450831,1
55113.331979657,4,8183,100,455635,-1
55114.094990631,1,8186,100,455967,-1
55115.216777703,4,8186,100,455967,-1
55116.262330746,1,8187,100,455410,-1
55117.2546495,1,8188,100,453781,1
55118.384352541,1,8189,100,452765,1
55119.309006433,1,8190,100,455168,-1
55119.863172435,3,8187,100,455410,-1
55120.57542105,3,8190,100,455168,-1
55121.652637178,1,8191,100,454994,1
55122.391340442,1,8192,100,454564,1
55122.839501297,1,8193,100,458465,-1
55123.826630409,3,8193,100,458465,-1
55124.235557736,3,8192,100,454564,1
55125.233639069,4,8191,100,454994,1
55126.248664841,1,8194,100,455137,1
55127.164188383,3,8194,100,455137,1
55128.020030733,1,8195,100,454284,1
55128.850805743,4,8195,100,454284,1
55129.903991038,5,8189,100,452765,1
55130.336994244,4,8188,100,453781,1
55131.305378988,1,8196,100,454764,1
55133.953498144,3,8196,100,454764,1
55134.934388427,1,8197,100,457447,-1
55135.386349796,3,8197,100,457447,-1
55136.504229842,1,8198,100,454723,1
55137.624466108,1,8199,100,455626,-1
55138.710518242,1,8200,100,455648,-1
55139.230897966,4,8198,100,454723,1
55140.702172724,1,8201,100,452813,1
55141.304227755,5,8199,100,455626,-1
55142.07998595,1,8202,100,456513,-1
55142.668714537,1,8203,100,454386,1
55144.480136613,3,8201,100,452813,1
55145.037804818,1,8204,100,455874,1
55145.999207719,5,8200,100,455648,-1
55146.868218679,3,8202,100,456513,-1
55147.289839772,3,8204,100,455874,1
55147.989127913,3,8203,100,454386,1
55148.917848655,1,8205,100,455559,-1
55149.724132189,4,8205,100,455559,-1
55150.902693227,1,8206,100,455017,-1
55151.625708925,3,8206,100,455017,-1
55152.288455084,1,8207,100,454544,1
55153.16780975,1,8208,100,452676,1
55154.148265773,4,8208,100,452676,1
55154.94345459,1,8209,100,455299,-1
55156.00447744,1,8210,100,452003,1
55157.000600102,1,8211,100,452906,1
55157.495873997,3,8211,100,452906,1
55158.639698945,3,8209,100,455299,-1
55159.42938191,1,8212,100,449285,1
55160.509402703,5,8210,100,452003,1
55161.766710167,1,8213,100,451737,1
55162.763103873,1,8214,100,456053,-1
55163.253145673,1,8215,100,452162,1
55164.33896189,5,8213,100,451737,1
55165.050868107,1,8216,100,450717,1
55165.739134364,1,8217,100,453074,1
55167.182920023,5,8215,100,452162,1
55168.165838618,1,8218,100,452421,1
55169.256842721,1,8219,100,453239,-1
55169.771161238,1,8220,100,452319,-1
55170.529277684,4,8220,100,452319,-1
55171.383844096,3,8216,100,450717,1
55171.986592349,1,8221,100,453653,-1
55172.403282106,3,8212,100,449285,1
55173.10571044,5,8221,100,453653,-1
55173.714857841,1,8222,100,454739,-1
55174.8962084,4,8207,100,454544,1
55175.77794843,1,8223,100,453107,-1
55177.865125721,1,8224,100,450539,1
55178.831661421,1,8225,100,452076,-1
55179.616861021,1,8226,100,451886,1
55180.555081774,1,8227,100,455393,-1
55181.631748223,1,8228,100,453845,-1
55182.605845315,1,8229,100,455352,-1
55183.544394996,1,8230,100,454504,-1
55183.983296266,4,8219,100,453239,-1
55184.907754069,1,8231,100,452979,-1
55186.061403354,3,8230,100,454504,-1
55187.140521876,4,8225,100,452076,-1
55187.832523389,3,8222,100,454739,-1
55188.69524579,3,8231,100,452979,-1
55189.968729125,1,8232,100,454668,1
55190.8628589,1,8233,100,453628,-1
55191.583983675,1,8234,100,449791,1
55192.653807975,1,8235,100,451322,1
55194.453473516,1,8236,100,454916,-1
55195.129594907,3,8235,100,451322,1
55195.980975793,1,8237,100,451996,1
55196.850721453,4,8224,100,450539,1
55197.524907543,4,8218,100,452421,1
55198.0343883,3,8227,100,455393,-1
55199.047478026,3,8237,100,451996,1
55200.142783079,3,8234,100,449791,1
55200.738426057,1,8238,100,452415,-1
55201.888479074,3,8232,100,454668,1
55202.344151667,3,8233,100,453628,-1
55203.208036395,1,8239,100,451403,1
55204.095418446,3,8238,100,452415,-1
55205.268727809,4,8217,100,453074,1
55205.870822106,1,8240,100,452420,-1
55206.538423296,4,8239,100,451403,1
55207.548334458,1,8241,100,450976,-1
55207.98719327,1,8242,100,451950,-1
55209.112581691,1,8243,100,448658,1
55209.833276519,1,8244,100,449580,1
55210.939010319,3,8243,100,448658,1
55211.50305985,1,8245,100,452541,-1
55211.989850393,3,8242,100,451950,-1
55212.458093046,1,8246,100,452080,-1
55213.409219257,4,8226,100,451886,1
55214.448403642,1,8247,100,448643,1
55215.199813603,4,8247,100,448643,1
55216.319439312,3,8245,100,452541,-1
55217.218108854,3,8214,100,456053,-1
55217.899145472,4,8244,100,449580,1
55219.007955509,3,8223,100,453107,-1
55219.975689429,1,8248,100,450771,-1
55220.746876401,3,8246,100,452080,-1
55221.504096326,1,8249,100,448347,-1
55221.999541245,4,8249,100,448347,-1
55222.930445657,3,8240,100,452420,-1
55225.076259635,4,8228,100,453845,-1
55225.767616158,3,8241,100,450976,-1
55226.668928476,1,8250,100,445059,1
55227.189707452,3,8229,100,455352,-1
55227.69191127,3,8236,100,454916,-1
55228.542213013,1,8251,100,445801,1
55229.117562795,4,8248,100,450771,-1
55229.630271305,3,8250,100,445059,1
55230.599201811,1,8252,100,446967,1
55231.581777786,4,8252,100,446967,1
55232.00138955,3,8251,100,445801,1
55233.073193431,1,8253,100,448290,-1
55234.244279149,1,8254,100,447627,1
55234.863100616,3,8253,100,448290,-1
55235.626009526,1,8255,100,445874,1
55236.733631912,1,8256,100,447299,1
55237.864027672,4,8256,100,447299,1
55238.830129399,1,8257,100,447174,1
55239.286211635,5,8255,100,445874,1
55240.310171074,4,8254,100,447627,1
55241.412166518,4,8257,100,447174,1
55242.262877215,1,8258,100,446641,1
55242.993768039,1,8259,100,447779,-1
55244.779626171,5,8258,100,446641,1
55245.583538199,1,8260,100,446933,-1
55246.317769443,5,8260,100,446933,-1
55247.316819169,3,8259,100,447779,-1
55247.96325454,1,8261,100,445542,-1
55248.789499264,1,8262,100,448262,-1
55250.729720298,3,8261,100,445542,-1
55251.885615506,3,8262,100,448262,-1
55252.580220154,1,8263,100,446634,-1
55252.97368353,1,8264,100,446802,-1
55254.643077217,4,8263,100,446634,-1
55255.39566161,1,8265,100,448723,-1
55255.871068673,1,8266,100,448603,1
55256.534279886,4,8264,100,446802,-1
55257.121514264,3,8266,100,448603,1
55258.280307347,1,8267,100,449201,-1
55258.897946866,1,8268,100,444840,1
55259.515815064,3,8267,100,449201,-1
55260.285490942,3,8265,100,448723,-1
55262.074018792,1,8269,100,447687,-1
55262.995181724,3,8268,100,444840,1
55263.51109761,1,8270,100,446301,1
55264.423001555,1,8271,100,447261,-1
55265.17514295,1,8272,100,446467,1
55265.834440067,4,8272,100,446467,1
55266.28887245,1,8273,100,447392,-1
55266.868411428,1,8274,100,449277,-1
55267.385120556,1,8275,100,443835,1
55268.63268211,3,8273,100,447392,-1
55269.117202714,5,8275,100,443835,1
55270.051369278,5,8270,100,446301,1
55270.907840096,1,8276,100,445941,1
55271.666665194,3,8271,100,447261,-1
55272.715595584,3,8276,100,445941,1
55273.585378459,1,8277,100,445725,1
55274.203650063,5,8274,100,449277,-1
55274.747312003,1,8278,100,444036,1
55275.648972445,1,8279,100,447233,-1
55277.746410569,1,8280,100,444300,1
55278.747356689,4,8269,100,447687,-1
55279.338694765,1,8281,100,449153,-1
55279.985459013,1,8282,100,447158,1
55280.814848098,1,8283,100,447086,1
55281.905079147,1,8284,100,445643,1
55282.706021566,4,8282,100,447158,1
55283.221896278,1,8285,100,447361,1
55283.705334617,1,8286,100,446556,-1
55284.606676185,5,8277,100,445725,1
55285.49082869,1,8287,100,446943,-1
55286.281835558,3,8287,100,446943,-1
55286.904526534,1,8288,100,450517,-1
55287.859568503,1,8289,100,448781,-1
55288.96886897,1,8290,100,446204,1
55289.90374038,4,8283,100,447086,1
55290.629548806,1,8291,100,446851,-1
55291.049865483,3,8279,100,447233,-1
55291.633094202,5,8284,100,445643,1
55292.6785808,1,8292,100,446750,1
55293.188436508,1,8293,100,447057,1
55294.305632168,4,8291,100,446851,-1
55295.185258255,3,8286,100,446556,-1
55295.890044745,3,8285,100,447361,1
55296.944032575,1,8294,100,447832,1
55297.693595903,1,8295,100,448441,-1
55298.295808672,1,8296,100,444909,1
55299.171746568,5,8289,100,448781,-1
55300.426058231,1,8297,100,450226,-1
55300.904944866,1,8298,100,448268,1
55301.486651616,3,8278,100,444036,1
55302.455919333,5,8298,100,448268,1
55302.861220731,1,8299,200,447189,1
55303.537579734,1,8300,100,451752,-1
55304.313133471,4,8295,100,448441,-1
55305.092576301,3,8296,100,444909,1
55305.754098869,1,8301,100,450734,-1
55306.778595906,1,8302,100,447595,1
55307.866071327,3,8281,100,449153,-1
55308.317349593,3,8302,100,447595,1
55309.217656659,4,8294,100,447832,1
55310.375161324,1,8303,100,451874,-1
55311.286064644,1,8304,100,449095,1
55312.043904179,3,8280,100,444300,1
55312.958386699,5,8304,100,449095,1
55313.99980142,4,8300,100,451752,-1
55315.141670498,3,8301,100,450734,-1
55316.19416546,3,8299,200,447189,1
55317.003031976,1,8305,100,446477,1
55317.684385147,1,8306,300,447650,1
55318.256213101,1,8307,100,445259,1
55319.337679729,1,8308,100,445388,1
55319.84974894,1,8309,100,446963,-1
55320.901358289,1,8310,100,447545,-1
55322.138573043,4,8308,100,445388,1
55322.863479606,3,8307,100,445259,1
55323.722984073,1,8311,100,445199,1
55324.176742771,1,8312,100,448073,-1
55326.226441466,3,8292,100,446750,1
55326.671280053,3,8311,100,445199,1
55327.575872414,3,8310,100,447545,-1
55328.570798886,3,8290,100,446204,1
55330.333766434,3,8305,100,446477,1
55330.803135332,2,8306,100,447650,1
55331.241441514,1,8313,100,446412,1
55333.209548325,1,8314,100,445371,1
55334.788719198,3,8303,100,451874,-1
55335.379438224,5,8297,100,450226,-1
55336.212377954,3,8312,100,448073,-1
55337.251121881,1,8315,100,448861,1
55338.050547511,1,8316,100,447756,1
55338.455010838,5,8315,100,448861,1
55338.849739568,4,8309,100,446963,-1
55339.61263466,3,8313,100,446412,1
55340.313257855,3,8288,100,450517,-1
55341.223078076,1,8317,100,448855,1
55342.119520987,1,8318,100,449858,-1
55343.113318007,1,8319,100,449251,1
55343.707506876,5,8316,100,447756,1
55344.782304134,5,8293,100,447057,1
55345.823125186,3,8319,100,449251,1
55346.847832221,3,8306,200,447650,1
55347.600806946,3,8317,100,448855,1
55348.523481918,1,8320,100,448522,1
55349.065213062,1,8321,100,451825,-1
55349.477457387,1,8322,100,449564,1
55350.061617966,3,8318,100,449858,-1
55351.180113548,5,8314,100,445371,1
55352.223099824,1,8323,100,446750,1
55353.008896625,4,8320,100,448522,1
55353.741779209,1,8324,100,450077,-1
55354.709580924,3,8323,100,446750,1
55356.749557586,3,8321,100,451825,-1
55357.288886373,3,8324,100,450077,-1
55358.377494929,4,8322,100,449564,1
55358.914946533,1,8325,100,444333,1
55359.631082315,1,8326,100,446788,-1
55360.096810286,4,8326,100,446788,-1
55360.703220762,5,8325,100,444333,1
55361.322310771,1,8327,100,447487,-1
55362.459544308,4,8327,100,447487,-1
55363.156117425,1,8328,100,446707,1
55365.075460735,3,8328,100,446707,1
55365.610912703,1,8329,100,448818,-1
55366.681820447,4,8329,100,448818,-1
55367.822030745,1,8330,100,446196,1
55368.500906377,4,8330,100,446196,1
55369.229373357,1,8331,100,445660,1
55369.759392244,1,8332,100,446359,-1
55370.549870572,1,8333,100,444697,1
55371.113085036,1,8334,100,447324,-1
55372.000047903,5,8334,100,447324,-1
55373.566055956,4,8333,100,444697,1
55374.589292739,3,8332,100,446359,-1
55375.468023299,4,8331,100,445660,1
55376.470277938,1,8335,100,446885,-1
55377.165125632,1,8336,100,445451,1
55377.705216277,4,8336,100,445451,1
55378.375806734,1,8337,100,445828,1
55379.812398108,1,8338,100,447595,-1
55380.87109149,1,8339,100,442694,1
55381.687569417,3,8335,100,446885,-1
55382.827306292,4,8337,100,445828,1
55383.969836779,3,8339,100,442694,1
55384.507224353,5,8338,100,447595,-1
55385.127803672,1,8340,100,443600,1
55386.532717763,4,8340,100,443600,1
55387.207877514,1,8341,100,443694,1
55387.957469929,1,8342,100,443341,-1
55388.607311516,1,8343,100,441700,1
55389.11527888,5,8343,100,441700,1
55389.640896262,3,8341,100,443694,1
55390.195000876,1,8344,100,447464,-1
55391.347378071,1,8345,100,443054,1
55392.392920737,5,8342,100,443341,-1
55392.908723472,1,8346,100,443695,-1
55393.344935084,1,8347,100,441283,1
55393.990151751,1,8348,100,440438,1
55394.878552258,3,8345,100,443054,1
55396.00902564,1,8349,100,443432,-1
55396.496062203,1,8350,100,442435,1
55397.527323637,4,8346,100,443695,-1
55398.612790221,1,8351,100,441809,1
55399.572224736,3,8351,100,441809,1
55400.321268085,4,8349,100,443432,-1
55401.303920359,4,8350,100,442435,1
55402.119730007,1,8352,100,446507,-1
55403.165530857,1,8353,100,442608,1
55404.376892192,1,8354,100,445040,-1
55405.156409285,1,8355,100,444143,1
55405.999650488,1,8356,100,445247,1
55406.982971608,3,8348,100,440438,1
55407.596237356,3,8354,100,445040,-1
55408.393581563,1,8357,100,445102,-1
55409.525065129,1,8358,100,446855,-1
55410.427749331,1,8359,100,443065,1
55411.288473776,1,8360,100,447305,-1
55412.232330805,3,8344,100,447464,-1
55413.162431889,1,8361,100,443529,1
55414.074881882,1,8362,100,444203,1
55414.786991709,1,8363,100,444476,1
55417.006840402,1,8364,100,445274,1
55418.0131525,3,8358,100,446855,-1
55418.47511136,1,8365,100,443029,1
55418.992301284,3,8359,100,443065,1
55420.06605725,3,8347,100,441283,1
55421.659650944,1,8366,100,444856,1
55422.655471975,3,8360,100,447305,-1
55423.054995852,1,8367,100,443546,1
55424.043406654,1,8368,100,444888,-1
55425.75504594,1,8369,100,443387,1
55426.406474223,4,8366,100,444856,1
55427.186906727,5,8367,100,443546,1
55427.586177349,5,8356,100,445247,1
55428.742864867,3,8353,100,442608,1
55429.529234685,4,8364,100,445274,1
55430.219396043,3,8368,100,444888,-1
55430.632828448,3,8365,100,443029,1
55432.252723383,4,8357,100,445102,-1
55433.250854247,1,8370,100,445756,-1
55434.03901698,1,8371,100,448438,-1
55434.892614432,1,8372,100,450425,-1
55435.711684688,1,8373,100,450779,-1
55436.514920087,1,8374,100,448888,1
55436.946260549,1,8375,100,448647,1
55437.489957284,1,8376,100,446029,1
55438.11599884,1,8377,100,449353,-1
55439.103954442,1,8378,100,443736,1
55440.201877762,1,8379,100,447284,1
55440.729770312,5,8362,100,444203,1
55441.358598985,3,8371,100,448438,-1
55443.594356317,3,8376,100,446029,1
55444.732326804,5,8373,100,450779,-1
55445.4402199,4,8377,100,449353,-1
55446.553630295,3,8374,100,448888,1
55447.457876954,3,8370,100,445756,-1
55448.026337473,1,8380,100,450535,-1
55449.64797276,5,8375,100,448647,1
55450.665170566,5,8380,100,450535,-1
55452.430998522,5,8355,100,444143,1
55453.293252996,1,8381,100,448955,-1
55453.901760012,1,8382,100,451001,-1
55454.496083832,3,8372,100,450425,-1
55455.417955004,3,8352,100,446507,-1
55456.993284693,3,8363,100,444476,1
55457.601082288,3,8379,100,447284,1
55458.380028696,1,8383,100,445310,1
55459.256378166,1,8384,100,444845,1
55459.910968434,3,8383,100,445310,1
55461.019411505,1,8385,100,445500,1
55462.031317942,1,8386,100,444720,1
55462.808509638,4,8378,100,443736,1
55463.631258496,4,8381,100,448955,-1
55464.579222913,1,8387,100,446240,-1
55465.481931367,5,8385,100,445500,1
55465.934744102,4,8387,100,446240,-1
55466.664961782,4,8382,100,451001,-1
55467.772051496,1,8388,100,447628,1
55468.389615686,3,8361,100,443529,1
55468.828539223,1,8389,100,448974,-1
55469.480116559,3,8369,100,443387,1
55470.778821483,1,8390,100,449619,-1
55471.575425874,3,8389,100,448974,-1
55472.545408851,5,8390,100,449619,-1
55473.17006495,4,8384,100,444845,1
55474.131467515,1,8391,100,450602,-1
55474.67171807,3,8388,100,447628,1
55475.8038098,3,8391,100,450602,-1
55476.489749517,4,8386,100,444720,1
55477.478734329,1,8392,100,449533,1
55478.183505552,1,8393,100,449865,1
55479.980456876,4,8392,100,449533,1
55480.382845282,1,8394,100,452345,-1
55481.008544372,4,8394,100,452345,-1
55481.65968836,1,8395,100,452716,-1
55482.996039144,4,8393,100,449865,1
55483.561501599,4,8395,100,452716,-1
55484.465970206,1,8396,200,451377,-1
55485.492250622,4,8396,100,451377,-1
55485.954490739,4,8396,100,451377,-1
55486.689711613,1,8397,100,450567,1
55487.265165873,1,8398,100,452077,-1
55487.718905963,3,8397,100,450567,1
55488.737328888,4,8398,100,452077,-1
55489.520118469,1,8399,100,450991,1
55490.023269084,3,8399,100,450991,1
55490.846517889,1,8400,100,451643,1
55491.556858334,3,8400,100,451643,1
55492.072559652,1,8401,100,451509,-1
55492.892834914,1,8402,100,451823,-1
55493.790886432,1,8403,100,452310,-1
55494.323190185,3,8402,100,451823,-1
55494.998550716,5,8403,100,452310,-1
55495.422811115,1,8404,100,449562,1
55495.895760636,5,8404,100,449562,1
55496.831543072,5,8401,100,451509,-1
55497.889915237,1,8405,100,450661,1
55498.495742871,1,8406,100,450531,-1
55499.0125475,3,8406,100,450531,-1
55500.109587926,1,8407,100,453893,-1
55501.156745912,5,8405,100,450661,1
55502.245741076,3,8407,100,453893,-1
55503.063579536,1,8408,100,449762,-1
55504.122124668,3,8408,100,449762,-1
55505.177451121,1,8409,100,448973,-1
55506.067328387,1,8410,100,448337,1
55506.776294368,3,8409,100,448973,-1
55507.193775822,3,8410,100,448337,1
55508.273639588,1,8411,100,446835,1
55508.877096946,1,8412,100,448049,-1
55509.457802242,3,8412,100,448049,-1
55509.928253463,1,8413,100,445946,1
55510.830481314,4,8413,100,445946,1
55511.227545298,1,8414,100,448188,-1
55511.737895707,3,8411,100,446835,1
55512.77712012,1,8415,100,445952,1
55513.771520706,1,8416,100,447196,-1
55514.705581745,1,8417,100,447642,-1
55515.511438544,1,8418,100,449980,-1
55516.161948544,1,8419,100,446905,1
55517.145753086,1,8420,100,448908,-1
55517.782799114,3,8419,100,446905,1
55519.342346206,1,8421,100,450281,-1
55520.060067074,1,8422,100,448344,1
55520.451374863,1,8423,100,446179,1
55521.035545884,3,8416,100,447196,-1
55521.638702425,3,8418,100,449980,-1
55522.669599152,3,8421,100,450281,-1
55523.746995521,3,8414,100,448188,-1
55524.337876678,5,8420,100,448908,-1
55524.976345161,1,8424,100,445937,1
55525.747406272,4,8417,100,447642,-1
55526.700510378,3,8423,100,446179,1
55527.526932723,1,8425,100,446553,1
55528.331793964,3,8415,100,445952,1
55529.092060471,4,8422,100,448344,1
55530.214473543,1,8426,100,446909,-1
55530.886733529,3,8426,100,446909,-1
55531.775828155,3,8424,100,445937,1
55532.626228521,3,8425,100,446553,1
55533.300035427,1,8427,100,444043,-1
55534.024887256,3,8427,100,444043,-1
55534.57623764,1,8428,100,443455,1
55535.14027352,4,8428,100,443455,1
55535.936311142,1,8429,100,443001,1
55537.019005444,1,8430,100,440988,1
55537.984633844,1,8431,100,445708,-1
55538.51232292,1,8432,100,441012,1
55539.810440599,5,8429,100,443001,1
55540.506226801,5,8431,100,445708,-1
55541.278361456,3,8430,100,440988,1
55541.659965178,3,8432,100,441012,1
55542.774417544,1,8433,100,444510,-1
55543.213039912,3,8433,100,444510,-1
55544.181839804,1,8434,100,442904,-1
55545.311534254,4,8434,100,442904,-1
55545.78290751,1,8435,100,443253,1
55546.702261615,1,8436,100,444598,-1
55547.612038947,3,8435,100,443253,1
55548.69855567,5,8436,100,444598,-1
55549.337752093,1,8437,100,438645,1
55549.928142327,3,8437,100,438645,1
55550.960853368,1,8438,100,439210,1
55551.640666883,1,8439,100,441061,-1
55552.381255123,4,8438,100,439210,1
55552.997927346,1,8440,100,435999,1
55553.821576874,5,8439,100,441061,-1
55554.497121832,3,8440,100,435999,1
55555.083631564,1,8441,100,439998,-1
55556.212733388,5,8441,100,439998,-1
55556.632669012,1,8442,100,438982,1
55557.653033341,3,8442,100,438982,1
55558.052280897,1,8443,100,439417,1
55558.655891248,1,8444,100,438572,1
55559.439111459,3,8444,100,438572,1
55560.472114808,1,8445,100,440514,-1
55561.387523929,1,8446,100,443273,-1
55561.77532084,1,8447,100,440818,-1
55562.541655449,1,8448,100,442477,-1
55563.475858985,1,8449,100,442079,-1
55564.608102001,1,8450,100,442165,-1
55565.520409121,1,8451,100,437232,1
55567.537544454,5,8451,100,437232,1
55568.23165498,3,8446,100,443273,-1
55568.702935878,3,8450,100,442165,-1
55569.493202935,1,8452,100,439382,-1
55570.136659128,1,8453,100,436445,1
55571.218773991,4,8443,100,439417,1
55572.148546365,1,8454,100,438504,1
55573.122181737,1,8455,100,436569,1
55574.040914119,3,8455,100,436569,1
55574.434088217,4,8445,100,440514,-1
55574.991776378,1,8456,100,439427,1
55575.500096846,1,8457,100,439893,1
55577.434265743,5,8447,100,440818,-1
55578.541333645,4,8457,100,439893,1
55579.535951282,3,8449,100,442079,-1
55580.605748976,1,8458,100,437080,1
55581.34940938,1,8459,100,437908,1
55581.98392131,1,8460,100,440632,-1
55582.44118439,1,8461,100,438975,1
55583.19374249,3,8458,100,437080,1
55584.216999967,3,8459,100,437908,1
55584.704074349,1,8462,100,439039,1
55585.76583613,1,8463,100,438207,1
55586.229925647,4,8456,100,439427,1
55587.007441873,5,8460,100,440632,-1
55588.129728255,1,8464,100,439102,1
55589.135570104,1,8465,100,436687,1
55589.862829184,1,8466,100,437901,1
55591.546178824,3,8454,100,438504,1
55592.275019395,1,8467,100,439889,-1
55593.994611607,1,8468,100,442327,-1
55595.030322282,5,8468,100,442327,-1
55596.091135948,1,8469,100,440993,-1
55596.516142033,5,8465,100,436687,1
55597.513350218,1,8470,100,440346,1
55598.257243935,4,8452,100,439382,-1
55598.757092884,4,8467,100,439889,-1
55599.638467815,1,8471,100,441751,-1
55600.371910634,1,8472,100,443523,-1
55600.954977884,1,8473,100,443351,1
55601.797535939,3,8471,100,441751,-1
55602.613983384,3,8472,100,443523,-1
55603.427169081,3,8463,100,438207,1
55604.276345941,1,8474,100,440917,1
55605.219428237,4,8473,100,443351,1
55606.114040894,1,8475,100,441882,1
55606.613059109,1,8476,100,443609,-1
55607.645113265,4,8469,100,440993,-1
55608.632180632,3,8461,100,438975,1
55609.384645185,3,8462,100,439039,1
55610.237795279,3,8453,100,436445,1
55610.834944125,1,8477,100,444845,-1
55612.381206682,1,8478,100,443568,-1
55612.986116832,3,8448,100,442477,-1
55613.928237094,1,8479,100,443298,-1
55614.617856136,3,8476,100,443609,-1
55615.62903913,3,8464,100,439102,1
55616.417936513,4,8478,100,443568,-1
55617.075994667,3,8466,100,437901,1
55618.145955178,1,8480,100,443156,1
55618.670658168,1,8481,100,444900,-1
55619.655284157,3,8481,100,444900,-1
55620.586185035,3,8474,100,440917,1
55621.522640531,1,8482,100,446708,-1
55622.18435974,1,8483,100,442303,1
55622.685593277,4,8479,100,443298,-1
55623.161813072,3,8480,100,443156,1
55623.683146547,1,8484,100,441761,1
55624.120360218,1,8485,100,445166,-1
55624.634391048,1,8486,100,443399,-1
55625.756485757,3,8484,100,441761,1
55626.197089993,4,8486,100,443399,-1
55626.722827607,4,8485,100,445166,-1
55627.659268737,3,8475,100,441882,1
55630.082080774,3,8477,100,444845,-1
55631.192924404,5,8482,100,446708,-1
55632.206346008,3,8483,100,442303,1
55633.266097522,1,8487,100,446316,-1
55634.286638779,5,8487,100,446316,-1
55635.117706413,1,8488,100,449240,-1
55635.521482877,4,8470,100,440346,1
55636.062772548,1,8489,100,448917,-1
55636.78292442,1,8490,100,448996,-1
55637.390387881,1,8491,100,447692,-1
55637.837185752,3,8490,100,448996,-1
55639.536328823,1,8492,100,448043,-1
55640.496708443,4,8488,100,449240,-1
55641.108741585,1,8493,100,443548,1
55641.567871491,1,8494,100,445093,1
55642.661216569,1,8495,100,447902,-1
55643.375951307,1,8496,100,448362,-1
55644.444575107,4,8492,100,448043,-1
55645.001017518,3,8495,100,447902,-1
55645.427187264,1,8497,100,443454,1
55646.09178454,5,8493,100,443548,1
55647.055649766,1,8498,100,446737,-1
55647.450095222,3,8494,100,445093,1
55649.276099931,5,8491,100,447692,-1
55651.213488933,1,8499,100,444427,1
55652.274295253,1,8500,100,446140,1
55653.098554122,3,8489,100,448917,-1
55654.461905293,3,8496,100,448362,-1
55655.101489944,3,8498,100,446737,-1
55656.13096804,1,8501,100,441738,1
55657.982831776,1,8502,100,444877,1
55658.449204723,3,8497,100,443454,1
55660.455665655,1,8503,100,447661,-1
55660.837586236,3,8500,100,446140,1
55661.833548887,1,8504,100,446553,1
55664.156483686,1,8505,100,445693,-1
55664.566219759,3,8501,100,441738,1
55665.592799533,1,8506,100,445299,1
55666.168751402,5,8499,100,444427,1
55666.57634253,1,8507,100,443235,1
55667.640520514,4,8507,100,443235,1
55668.023021707,3,8502,100,444877,1
55668.441153284,3,8504,100,446553,1
55669.31299599,4,8506,100,445299,1
55670.336994719,1,8508,100,443551,1
55671.311008809,1,8509,100,442252,1
55672.164818597,1,8510,100,443860,1
55673.481698539,1,8511,100,442732,1
55673.880855616,1,8512,100,442841,1
55674.402718912,1,8513,100,445839,-1
55675.476979557,4,8510,100,443860,1
55676.300188219,3,8509,100,442252,1
55676.823653919,3,8503,100,447661,-1
55677.513700328,1,8514,100,445495,1
55678.028337996,3,8505,100,445693,-1
55679.121633593,5,8514,100,445495,1
55679.938065309,4,8512,100,442841,1
55680.44356881,3,8508,100,443551,1
55681.02562564,1,8515,100,444208,-1
55681.810196489,5,8513,100,445839,-1
55682.599889432,1,8516,100,441718,1
55683.074650696,1,8517,100,445986,-1
55684.185180954,1,8518,100,442214,1
55685.160239754,4,8518,100,442214,1
55685.924276933,5,8517,100,445986,-1
55686.784705349,3,8511,100,442732,1
55687.331472963,1,8519,100,442044,-1
55687.852552449,3,8515,100,444208,-1
55688.853090327,1,8520,100,445433,-1
55689.69521343,1,8521,100,440735,1
55690.719976592,5,8521,100,440735,1
55691.204712505,1,8522,100,440678,1
55692.203481705,3,8520,100,445433,-1
55692.694591978,5,8516,100,441718,1
55693.387708545,3,8522,100,440678,1
55694.18188846,3,8519,100,442044,-1
55694.871070603,1,8523,100,441628,1
55695.971651186,1,8524,100,442567,-1
55696.513013076,1,8525,100,441720,1
55697.156334852,3,8523,100,441628,1
55698.218369621,1,8526,100,441800,1
55699.187959877,1,8527,100,441551,1
55699.657148652,1,8528,100,440773,1
55700.641147084,3,8525,100,441720,1
55701.230987728,1,8529,100,442461,-1
55701.951926582,1,8530,100,440863,1
55703.061058834,1,8531,100,441060,1
55704.117701068,1,8532,100,442124,1
55705.390524595,3,8532,100,442124,1
55706.304796721,3,8528,100,440773,1
55707.175486737,1,8533,100,446871,-1
55707.91832681,4,8529,100,442461,-1
55708.325819655,3,8533,100,446871,-1
55708.843443985,3,8526,100,441800,1
55709.308515045,1,8534,100,444274,-1
55710.013285201,4,8524,100,442567,-1
55710.840492618,1,8535,100,440001,1
55711.917273789,1,8536,100,444322,-1
55712.454513576,5,8527,100,441551,1
55713.215212674,1,8537,100,442490,-1
55713.728830441,3,8537,100,442490,-1
55714.738865408,1,8538,100,441429,-1
55715.359451806,4,8535,100,440001,1
55715.765259496,1,8539,100,442020,-1
55716.256635664,1,8540,100,439233,1
55716.828287026,3,8539,100,442020,-1
55718.628889079,3,8531,100,441060,1
55720.006583936,3,8536,100,444322,-1
55721.098400634,5,8538,100,441429,-1
55721.585201872,1,8541,100,441879,-1
55722.232075225,1,8542,100,437533,1
55723.342929332,1,8543,100,441853,-1
55724.025268486,1,8544,100,438946,1
55724.881852396,1,8545,100,436806,1
55725.938343415,1,8546,100,435493,1
55726.315909249,1,8547,100,435360,1
55726.784163502,1,8548,100,437423,-1
55727.760352244,3,8544,100,438946,1
55728.380010301,1,8549,100,434292,1
55728.88120524,1,8550,100,436556,1
55729.396329243,3,8548,100,437423,-1
55729.914934673,1,8551,100,436618,1
55730.939846469,1,8552,100,439297,-1
55731.470627473,1,8553,100,439496,-1
55732.140548693,3,8547,100,435360,1
55732.681110043,1,8554,100,436834,1
55733.253403095,3,8546,100,435493,1
55734.129079178,1,8555,100,435675,1
55735.543716529,3,8551,100,436618,1
55736.35634474,1,8556,100,437750,-1
55737.206549715,3,8553,100,439496,-1
55738.012106293,3,8540,100,439233,1
55738.698456199,3,8552,100,439297,-1
55739.203609029,4,8550,100,436556,1
55739.703128092,1,8557,100,438227,-1
55740.594218652,4,8545,100,436806,1
55742.049100502,1,8558,100,439070,-1
55742.893006158,4,8542,100,437533,1
55743.620801068,3,8543,100,441853,-1
55744.44027925,1,8559,100,441821,-1
55744.932355271,1,8560,100,439917,-1
55745.454129063,4,8530,100,440863,1
55746.358302921,1,8561,100,440651,-1
55746.987362165,3,8555,100,435675,1
55747.408355158,1,8562,100,438109,1
55748.03038666,1,8563,100,437352,1
55748.915466,1,8564,100,437565,1
55749.934725799,3,8554,100,436834,1
55750.719903725,3,8534,100,444274,-1
55751.418569435,3,8563,100,437352,1
55752.081935036,1,8565,100,436292,1
55752.83170129,1,8566,100,437057,1
55753.812758218,3,8557,100,438227,-1
55754.79071152,5,8559,100,441821,-1
55755.238015172,5,8556,100,437750,-1
55756.309279444,4,8558,100,439070,-1
55757.297574291,1,8567,100,438491,-1
55757.84594907,1,8568,100,437799,-1
55758.710715679,1,8569,100,439488,-1
55759.724368061,4,8562,100,438109,1
55761.88669675,3,8567,100,438491,-1
55762.917005902,1,8570,100,439415,-1
55763.85021523,3,8541,100,441879,-1
55764.466356978,3,8566,100,437057,1
55764.988799176,4,8568,100,437799,-1
55766.41915408,4,8560,100,439917,-1
55767.387218495,1,8571,100,440767,1
55768.054728951,1,8572,100,441665,-1
55768.751731412,1,8573,100,441027,-1
55769.153049503,1,8574,100,438630,1
55770.164662657,1,8575,100,438303,1
55770.746333849,3,8561,100,440651,-1
55771.821638092,3,8571,100,440767,1
55772.767800186,1,8576,100,437368,1
55773.429856696,5,8549,100,434292,1
55774.115820339,3,8576,100,437368,1
55775.092682718,3,8575,100,438303,1
55776.80880014,1,8577,100,439261,1
55778.018336507,1,8578,100,437700,1
55778.994982707,4,8574,100,438630,1
55779.709000813,3,8573,100,441027,-1
55780.675299452,1,8579,100,437827,1
55781.559698576,1,8580,100,440687,1
55782.64847219,5,8569,100,439488,-1
55783.369356874,1,8581,100,437040,1
55783.819039074,1,8582,100,441143,-1
55784.467521454,1,8583,100,436058,1
55785.540664178,1,8584,100,439337,1
55786.141356969,3,8582,100,441143,-1
55786.785627821,1,8585,100,439967,1
55788.086465789,1,8586,100,441953,1
55789.182115273,1,8587,100,442233,1
55789.623272898,3,8570,100,439415,-1
55790.12481509,3,8587,100,442233,1
55790.77730762,1,8588,100,441932,-1
55791.848343976,1,8589,100,441797,1
55792.586058634,1,8590,100,440054,1
55793.574575093,3,8588,100,441932,-1
55794.201197173,1,8591,100,440133,1
55794.635906517,3,8577,100,439261,1
55795.094053516,1,8592,100,442399,-1
55796.081088798,1,8593,100,443693,-1
55796.785940459,1,8594,100,441619,1
55797.899154295,1,8595,100,443292,-1
55799.007035504,3,8584,100,439337,1
55800.870023667,1,8596,100,443099,-1
55801.49150126,5,8591,100,440133,1
55801.901663403,1,8597,100,441901,1
55802.584979038,5,8579,100,437827,1
55803.549506025,1,8598,100,445015,-1
55804.124700245,1,8599,100,445437,-1
55804.770380706,1,8600,100,444397,-1
55805.174990955,1,8601,100,442629,1
55806.026684483,5,8599,100,445437,-1
55806.546597352,1,8602,100,444779,-1
55806.923508695,4,8572,100,441665,-1
55807.828874733,5,8592,100,442399,-1
55808.93239572,4,8593,100,443693,-1
55809.501811113,1,8603,100,440961,1
55810.32889921,1,8604,100,442729,1
55810.971067359,3,8596,100,443099,-1
55811.348305568,4,8600,100,444397,-1
55811.758886115,3,8594,100,441619,1
55812.422584727,1,8605,100,444358,1
55812.879861069,1,8606,100,444157,1
55813.989080739,5,8583,100,436058,1
55814.893091356,1,8607,100,443042,1
55815.292574089,4,8598,100,445015,-1
55816.494271367,3,8607,100,443042,1
55817.426649739,5,8586,100,441953,1
55818.272353833,1,8608,100,445726,-1
55819.038636219,3,8608,100,445726,-1
55819.461050987,1,8609,100,444289,1
55819.856780868,1,8610,100,444438,-1
55820.302119109,1,8611,100,441935,1
55822.055972585,5,8595,100,443292,-1
55823.493968303,3,8580,100,440687,1
55824.230838455,4,8609,100,444289,1
55825.228843973,3,8590,100,440054,1
55827.24963642,3,8581,100,437040,1
55828.1266205,3,8604,100,442729,1
55828.890154106,1,8612,100,446432,-1
55829.822621998,4,8610,100,444438,-1
55830.930037167,4,8602,100,444779,-1
55831.807658302,4,8606,100,444157,1
55832.326076174,3,8605,100,444358,1
55833.407603127,4,8611,100,441935,1
55834.103972742,1,8613,100,442585,1
55834.971836164,1,8614,100,441308,1
55835.884799378,4,8614,100,441308,1
55836.507914719,1,8615,100,443177,1
55837.41759713,1,8616,100,444581,-1
55838.05992082,1,8617,100,445755,-1
55838.694580128,1,8618,100,445348,1
55839.122899154,3,8603,100,440961,1
55839.530827754,1,8619,100,445031,1
55840.611807676,1,8620,100,444781,1
55841.078411178,4,8618,100,445348,1
55842.32323411,3,8613,100,442585,1
55843.015734883,3,8620,100,444781,1
55844.237853067,4,8616,100,444581,-1
55844.79245402,3,8601,100,442629,1
55845.254563737,1,8621,100,443426,1
55846.308675173,1,8622,100,445560,-1
55847.034147337,1,8623,100,445835,-1
55848.113952616,1,8624,100,444744,-1
55849.611914574,4,8621,100,443426,1
55850.105618172,1,8625,100,443754,1
55850.873059018,1,8626,100,444535,1
55851.280936612,3,8615,100,443177,1
55851.849965426,1,8627,100,442866,-1
55852.530019318,1,8628,100,440683,1
55852.961584035,5,8612,100,446432,-1
55853.723580497,1,8629,100,441012,1
55854.808782891,1,8630,100,443205,-1
55855.268925641,1,8631,100,443625,-1
55855.744837891,3,8589,100,441797,1
55856.753577575,1,8632,100,442921,-1
55857.534473015,3,8624,100,444744,-1
55858.50216213,1,8633,100,443784,-1
55858.875064664,1,8634,100,443623,-1
55859.257585464,1,8635,100,441218,1
55860.055107118,1,8636,100,445414,-1
55860.503989596,1,8637,100,441667,1
55861.189904712,1,8638,100,442716,-1
55861.699392329,4,8633,100,443784,-1
55863.542311139,1,8639,100,441345,1
55864.211910191,1,8640,100,443635,1
55864.647854763,5,8635,100,441218,1
55865.586576345,1,8641,100,445508,-1
55866.175041788,4,8627,100,442866,-1
55866.873496492,3,8636,100,445414,-1
55867.502923747,1,8642,100,441450,1
55868.398301818,5,8623,100,445835,-1
55868.958370871,1,8643,100,443778,1
55869.948449436,1,8644,100,444945,-1
55870.652019106,5,8617,100,445755,-1
55871.735271656,3,8642,100,441450,1
55872.374344345,1,8645,100,442544,1
55872.74793578,1,8646,100,445268,1
55873.827280733,3,8597,100,441901,1
55874.743026203,1,8647,100,446293,1
55875.27049526,1,8648,100,443017,1
55876.152545824,1,8649,100,446536,-1
55877.041754828,1,8650,100,446629,-1
55877.716400455,3,8565,100,436292,1
55878.298415036,3,8646,100,445268,1
55879.713316033,3,8632,100,442921,-1
55880.708384282,4,8619,100,445031,1
55881.741564405,3,8626,100,444535,1
55882.294658084,3,8645,100,442544,1
55883.187431343,1,8651,100,443222,-1
55883.661048872,5,8649,100,446536,-1
55884.132664548,1,8652,100,441839,1
55884.658466983,3,8629,100,441012,1
55885.399771232,3,8639,100,441345,1
55886.272817021,1,8653,100,443616,-1
55886.686012805,1,8654,100,438765,1
55887.36431778,1,8655,100,442031,-1
55888.252392947,1,8656,200,444618,-1
55888.741270258,5,8654,100,438765,1
55890.067031626,1,8657,100,439409,1
55890.772984984,4,8625,100,443754,1
55891.485625216,3,8640,100,443635,1
55892.483626993,1,8658,100,440455,1
55893.083948158,1,8659,100,439219,1
55893.463424448,5,8644,100,444945,-1
55894.368315305,3,8648,100,443017,1
55895.460981807,1,8660,100,439918,1
55896.057234835,4,8658,100,440455,1
55896.889889227,4,8659,100,439219,1
55897.678425806,5,8634,100,443623,-1
55898.385523614,4,8628,100,440683,1
55899.12296441,1,8661,100,441118,1
55899.766290824,3,8661,100,441118,1
55900.771065509,3,8651,100,443222,-1
55901.30051804,1,8662,100,441142,1
55901.962724379,1,8663,100,439266,1
55902.468446387,1,8664,100,441232,-1
55902.883185299,1,8665,100,440577,1
55903.487743986,3,8641,100,445508,-1
55904.230547838,1,8666,100,441377,1
55905.152913325,4,8655,100,442031,-1
55906.849868159,4,8666,100,441377,1
55907.626015235,1,8667,100,440371,1
55908.453558472,3,8643,100,443778,1
55909.389592721,3,8662,100,441142,1
55910.365481326,1,8668,100,440152,1
55910.841503011,3,8656,200,444618,-1
55911.664224969,1,8669,100,441549,-1
55912.188630193,1,8670,100,437576,1
55913.183677631,4,8637,100,441667,1
55913.667065989,1,8671,100,440421,1
55914.73977679,1,8672,100,442056,-1
55915.45254928,1,8673,100,438283,1
55916.448948366,1,8674,100,440644,1
55917.229737665,4,8674,100,440644,1
55918.161253197,5,8650,100,446629,-1
55919.111747702,5,8665,100,440577,1
55919.843485618,5,8638,100,442716,-1
55920.291119218,4,8652,100,441839,1
55921.222368508,3,8672,100,442056,-1
55921.622731559,3,8647,100,446293,1
55922.085574674,1,8675,100,442925,-1
55923.128906066,3,8664,100,441232,-1
55924.668299836,4,8669,100,441549,-1
55925.383484597,1,8676,100,440366,-1
55926.26456302,3,8663,100,439266,1
55927.303381717,3,8622,100,445560,-1
55929.23130866,1,8677,100,438333,1
55930.176166874,3,8657,100,439409,1
55930.635437094,5,8676,100,440366,-1
55931.351786584,1,8678,100,439607,1
55933.234900598,1,8679,100,440650,1
55933.638745189,3,8670,100,437576,1
55934.399952146,1,8680,100,440791,-1
55934.895422237,4,8667,100,440371,1
55935.589931457,1,8681,100,441640,-1
55936.642598449,1,8682,100,440931,-1
55937.562693855,3,8671,100,440421,1
55938.360825477,3,8630,100,443205,-1
55938.818404276,3,8675,100,442925,-1
55939.74868742,1,8683,100,438132,1
55941.061529829,1,8684,100,442758,-1
55942.603284564,5,8660,100,439918,1
55943.046722125,1,8685,100,439919,1
55943.757575489,3,8631,100,443625,-1
55944.782207626,4,8681,100,441640,-1
55946.288681726,1,8686,100,441329,-1
55946.912472966,1,8687,100,440493,-1
55947.322748998,1,8688,100,435943,1
55948.024832413,3,8684,100,442758,-1
55948.433830827,1,8689,100,443103,-1
55949.002138607,1,8690,100,441294,-1
55949.510217231,1,8691,100,438846,1
55950.267096122,3,8653,100,443616,-1
55950.91045483,3,8677,100,438333,1
55951.869210174,3,8683,100,438132,1
55952.686471499,4,8691,100,438846,1
55953.054598496,4,8668,100,440152,1
55953.899789821,4,8678,100,439607,1
55954.923613743,4,8685,100,439919,1
55955.726039457,1,8692,100,436899,1
55956.787722109,1,8693,100,438328,1
55957.287975797,1,8694,100,438065,1
55958.104036802,4,8687,100,440493,-1
55958.866249294,1,8695,100,440109,1
55959.636829267,1,8696,100,439339,1
55960.697773861,3,8679,100,440650,1
55961.193056932,1,8697,100,438752,1
55962.009627658,3,8688,100,435943,1
55962.881600278,4,8695,100,440109,1
55963.792370382,1,8698,100,440442,-1
55964.805591717,4,8680,100,440791,-1
55965.835297539,3,8698,100,440442,-1
55966.76462256,1,8699,100,438982,-1
55967.494116022,1,8700,100,439323,-1
55968.14312469,1,8701,100,434607,1
55968.617298736,1,8702,100,434008,1
55969.187059499,4,8696,100,439339,1
55970.213455751,3,8682,100,440931,-1
55971.212186917,3,8578,100,437700,1
55972.148145855,1,8703,100,434475,1
55972.890575957,3,8697,100,438752,1
55973.472099572,5,8693,100,438328,1
55975.011242517,5,8585,100,439967,1
55975.638309753,1,8704,100,437029,-1
55976.283088538,1,8705,100,436383,-1
55976.700379253,1,8706,100,438852,-1
55977.668138881,3,8703,100,434475,1
55978.600413533,1,8707,100,437488,-1
55979.138822302,1,8708,100,436363,1
55979.688194194,5,8707,100,437488,-1
55980.734602401,5,8689,100,443103,-1
55981.472087993,3,8564,100,437565,1
55981.992641713,3,8690,100,441294,-1
55982.604878391,4,8673,100,438283,1
55984.260325972,1,8709,100,433214,1
55985.178997442,3,8700,100,439323,-1
55985.582092735,1,8710,100,437141,-1
55986.208758624,1,8711,100,432264,1
55986.974336812,4,8701,100,434607,1
55987.393403458,1,8712,100,430858,1
55988.168741104,1,8713,100,434746,1
55990.264792828,5,8708,100,436363,1
55990.741953435,1,8714,100,439809,-1
55991.796860301,3,8692,100,436899,1
55992.435714408,3,8694,100,438065,1
55993.061545794,1,8715,100,437218,-1
55993.613333238,5,8705,100,436383,-1
55994.636802796,1,8716,100,435135,-1
55995.014348721,4,8716,100,435135,-1
55995.748613177,3,8715,100,437218,-1
55996.281253619,4,8713,100,434746,1
55996.819463557,5,8702,100,434008,1
55997.783024714,3,8704,100,437029,-1
55998.278582233,1,8717,100,437151,-1
55998.954165453,5,8712,100,430858,1
55999.803519953,4,8710,100,437141,-1
56000.593561891,1,8718,100,436847,-1
56001.541872118,1,8719,100,434973,1
56002.165230878,1,8720,100,435912,1
56002.978444299,1,8721,400,438039,1
56003.468693619,4,8717,100,437151,-1
56004.258818571,3,8721,400,438039,1
56004.680612705,4,8718,100,436847,-1
56005.239408915,1,8722,100,438055,1
56006.213781995,3,8706,100,438852,-1
56006.956890017,1,8723,100,437761,1
56007.452663963,1,8724,100,438104,1
56007.974029594,1,8725,100,437340,1
56008.428431968,1,8726,100,438844,-1
56009.324423265,3,8709,100,433214,1
56010.2107178,4,8720,100,435912,1
56011.255856688,3,8686,100,441329,-1
56012.094172519,1,8727,100,435269,1
56012.998296878,1,8728,100,437494,1
56013.781416378,1,8729,100,438359,-1
56014.577243568,1,8730,100,436261,-1
56015.357994298,4,8723,100,437761,1
56016.21727367,4,8722,100,438055,1
56016.684973996,1,8731,100,437515,-1
56017.204322039,5,8729,100,438359,-1
56018.111156201,1,8732,100,437821,-1
56018.733721016,3,8714,100,439809,-1
56019.206205277,3,8699,100,438982,-1
56019.979023694,1,8733,100,434234,1
56021.053789958,1,8734,100,436694,1
56021.960860031,1,8735,100,437346,-1
56022.387348349,1,8736,100,433924,1
56023.316926195,1,8737,100,436526,-1
56023.890151483,1,8738,100,437138,-1
56024.517526358,3,8733,100,434234,1
56025.400850821,1,8739,100,436010,-1
56026.088964029,1,8740,100,432483,1
56026.58451167,1,8741,100,435377,-1
56027.067321184,1,8742,100,438203,-1
56027.94457605,5,8728,100,437494,1
56028.820241964,5,8734,100,436694,1
56029.310779811,1,8743,100,436416,-1
56030.076218782,3,8711,100,432264,1
56030.795506,4,8719,100,434973,1
56031.526242194,1,8744,100,432862,1
56033.089803735,1,8745,100,432590,1
56034.066647908,4,8724,100,438104,1
56034.961672951,4,8725,100,437340,1
56036.108069887,1,8746,100,434260,-1
56036.569855238,1,8747,100,430958,1
56037.38340726,1,8748,100,432506,1
56038.288715267,3,8742,100,438203,-1
56038.933479863,1,8749,100,433151,-1
56039.866485606,1,8750,100,433084,1
56040.634896414,5,8737,100,436526,-1
56041.436061832,1,8751,100,429980,1
56042.115357533,4,8740,100,432483,1
56043.016633118,1,8752,100,433692,-1
56043.826409409,4,8736,100,433924,1
56044.619513449,1,8753,100,431485,1
56045.3205851,3,8745,100,432590,1
56046.87466979,3,8748,100,432506,1
56047.792636757,3,8726,100,438844,-1
56048.723187728,3,8732,100,437821,-1
56051.097699462,4,8750,100,433084,1
56051.922778421,1,8754,100,432693,1
56052.518919629,1,8755,100,431608,1
56052.980298461,3,8744,100,432862,1
56053.455766631,4,8754,100,432693,1
56054.133977213,4,8749,100,433151,-1
56055.048296639,3,8743,100,436416,-1
56055.959047891,1,8756,100,434762,-1
56056.836173758,4,8727,100,435269,1
56058.153619634,3,8756,100,434762,-1
56058.564482095,1,8757,100,429209,1
56059.770628868,1,8758,100,428764,1
56060.537746842,5,8739,100,436010,-1
56062.07722312,4,8753,100,431485,1
56062.626239798,3,8747,100,430958,1
56063.474338672,1,8759,100,430888,1
56064.15340498,1,8760,100,431715,1
56064.847960723,5,8755,100,431608,1
56065.609369871,4,8752,100,433692,-1
56066.434772157,3,8746,100,434260,-1
56067.369879051,4,8760,100,431715,1
56067.87360238,1,8761,100,432861,-1
56068.633963479,4,8761,100,432861,-1
56069.823736009,3,8758,100,428764,1
56070.237995933,1,8762,100,431626,-1
56070.666106807,1,8763,100,430442,1
56071.155383033,1,8764,100,435345,-1
56071.68601298,1,8765,100,431410,-1
56073.283381121,5,8759,100,430888,1
56074.056437561,3,8731,100,437515,-1
56075.020495251,1,8766,100,430319,-1
56075.506166122,1,8767,100,431225,-1
56076.202210626,3,8735,100,437346,-1
56076.822489063,4,8763,100,430442,1
56077.349614542,3,8757,100,429209,1
56078.35091655,1,8768,100,429809,-1
56079.146170283,1,8769,100,430885,-1
56079.739231171,3,8764,100,435345,-1
56080.276763602,1,8770,100,432520,-1
56080.650287027,3,8768,100,429809,-1
56081.093304236,1,8771,100,430512,-1
56081.962146889,3,8766,100,430319,-1
56082.931249511,3,8770,100,432520,-1
56083.407590179,3,8762,100,431626,-1
56084.229419514,5,8751,100,429980,1
56085.018050353,4,8730,100,436261,-1
56085.988131053,3,8738,100,437138,-1
56086.965926995,4,8769,100,430885,-1
56087.863057305,4,8771,100,430512,-1
56088.583531453,4,8767,100,431225,-1
56089.266693008,4,8765,100,431410,-1
56090.188555813,1,8772,100,429161,1
56091.077992463,4,8741,100,435377,-1
56091.919419474,3,8772,100,429161,1
56092.929502535,1,8773,100,428666,1
56093.626775638,3,8773,100,428666,1
56094.655121003,1,8774,100,430389,1
56095.327508604,1,8775,100,427997,1
56095.713176009,1,8776,100,431147,-1
56096.62865991,3,8775,100,427997,1
56097.393194129,1,8777,100,431342,-1
56098.284232366,1,8778,100,429894,1
56099.131824048,1,8779,100,430410,1
56100.52054268,3,8777,100,431342,-1
56100.926499895,1,8780,200,427537,1
56101.622993971,4,8776,100,431147,-1
56103.509119959,3,8778,100,429894,1
56104.531369318,1,8781,100,432280,-1
56105.446110654,1,8782,100,427922,1
56106.628147762,3,8774,100,430389,1
56107.431314218,4,8780,100,427537,1
56108.045846521,1,8783,100,430055,1
56109.114094355,4,8782,100,427922,1
56109.742982721,3,8779,100,430410,1
56110.638006547,1,8784,100,431524,1
56111.465052674,1,8785,100,432140,-1
56111.998768,3,8780,100,427537,1
56113.062461566,4,8784,100,431524,1
56113.823814274,4,8781,100,432280,-1
56114.682419455,1,8786,100,432434,-1
56115.4890328,1,8787,100,432109,-1
56116.103762972,3,8787,100,432109,-1
56116.904261811,1,8788,100,430982,1
56117.588542019,3,8786,100,432434,-1
56118.501900038,1,8789,100,433125,-1
56119.331132212,1,8790,100,430684,1
56120.07150189,3,8783,100,430055,1
56120.646295537,1,8791,100,429804,1
56121.454096393,1,8792,100,432219,-1
56121.972115646,1,8793,100,434256,-1
56122.607325935,1,8794,100,430958,1
56123.531005117,3,8790,100,430684,1
56124.578462961,3,8785,100,432140,-1
56125.161759389,5,8788,100,430982,1
56126.237320829,1,8795,100,436003,-1
56126.658123058,1,8796,100,434245,-1
56127.222710286,1,8797,100,436036,-1
56128.190788495,3,8791,100,429804,1
56129.029711059,1,8798,100,432888,1
56129.703280536,1,8799,100,436807,-1
56130.099014578,3,8797,100,436036,-1
56130.584171275,1,8800,100,433655,1
56131.338662057,1,8801,100,437493,-1
56131.973265576,5,8801,100,437493,-1
56132.89923301,1,8802,100,436036,-1
56133.687111375,4,8793,100,434256,-1
56134.480424628,5,8798,100,432888,1
56135.229602588,3,8795,100,436003,-1
56135.838418282,3,8796,100,434245,-1
56136.587587466,5,8802,100,436036,-1
56137.308513612,1,8803,100,437229,-1
56139.004251501,1,8804,100,431284,1
56139.871429007,3,8789,100,433125,-1
56141.661348466,1,8805,100,434114,-1
56143.225664447,1,8806,100,432698,1
56144.612033537,1,8807,100,435697,-1
56145.613514277,3,8794,100,430958,1
56145.975132452,4,8800,100,433655,1
56146.341986706,5,8805,100,434114,-1
56147.349303295,3,8803,100,437229,-1
56147.934122641,5,8792,100,432219,-1
56148.769108098,3,8804,100,431284,1
56149.357385535,4,8807,100,435697,-1
56150.037183687,1,8808,100,435855,-1
56151.044744139,4,8808,100,435855,-1
56151.778925058,3,8806,100,432698,1
56152.3009115,1,8809,100,434723,1
56153.147706374,3,8809,100,434723,1
56154.115492729,3,8799,100,436807,-1
56154.915739165,1,8810,100,436060,-1
56155.793496477,3,8810,100,436060,-1
56156.586560833,1,8811,100,435145,1
56157.235144928,3,8811,100,435145,1
56157.704820267,1,8812,100,434924,-1
56158.235878227,1,8813,100,435688,-1
56159.253132471,1,8814,100,432649,1
56159.633864517,5,8813,100,435688,-1
56160.690905711,1,8815,100,434142,1
56161.426742384,1,8816,100,435211,-1
56162.184012366,3,8815,100,434142,1
56162.654037354,3,8814,100,432649,1
56163.106252012,1,8817,100,434845,1
56164.176813997,3,8812,100,434924,-1
56164.860692417,1,8818,100,436879,-1
56165.560233485,3,8816,100,435211,-1
56165.987946067,1,8819,100,438086,-1
56166.791665223,1,8820,100,438329,-1
56167.691873207,3,8819,100,438086,-1
56168.664892752,1,8821,100,439283,1
56169.946413208,1,8822,100,439806,-1
56170.830891711,3,8820,100,438329,-1
56171.202610942,5,8818,100,436879,-1
56171.598309252,1,8823,100,439028,1
56172.307755289,1,8824,100,438264,1
56172.838719778,3,8821,100,439283,1
56173.897526004,1,8825,100,441143,-1
56175.512208358,1,8826,100,437922,1
56176.359832038,1,8827,100,437451,1
56177.276000925,1,8828,100,436575,1
56177.79496322,5,8828,100,436575,1
56178.476962492,3,8826,100,437922,1
56179.171833368,1,8829,100,439434,1
56179.6158908,1,8830,100,441221,-1
56180.358333631,1,8831,100,441632,-1
56180.799554574,3,8831,100,441632,-1
56181.676302302,3,8830,100,441221,-1
56182.552120209,5,8823,100,439028,1
56183.058202449,4,8829,100,439434,1
56184.017218394,1,8832,100,439041,1
56184.666984367,5,8825,100,441143,-1
56185.361788195,1,8833,100,438861,1
56186.328162667,3,8822,100,439806,-1
56186.84207619,1,8834,100,438676,1
56187.539625808,1,8835,100,439269,1
56188.210279225,1,8836,100,442074,-1
56188.995992947,4,8832,100,439041,1
56190.06484192,3,8827,100,437451,1
56191.020721847,4,8835,100,439269,1
56192.059135395,5,8834,100,438676,1
56192.933130595,1,8837,100,439595,-1
56193.877628845,1,8838,100,436661,1
56194.839261899,5,8833,100,438861,1
56195.81441072,1,8839,100,438144,1
56196.588110908,1,8840,100,438368,-1
56197.191118992,1,8841,100,438420,-1
56197.740293559,1,8842,100,438399,-1
56198.269673275,3,8839,100,438144,1
56199.024260832,1,8843,100,437439,1
56199.972661021,1,8844,100,434298,1
56200.895118955,3,8843,100,437439,1
56201.406334912,1,8845,100,437436,1
56201.997478512,1,8846,100,441608,-1
56202.517787027,1,8847,100,438100,-1
56203.147392255,1,8848,100,437393,1
56203.575360941,4,8840,100,438368,-1
56204.010656286,1,8849,100,438721,-1
56204.936604564,1,8850,100,436913,1
56205.567363484,1,8851,100,441735,-1
56206.003958649,5,8851,100,441735,-1
56206.766365543,1,8852,100,440210,-1
56207.425605025,3,8842,100,438399,-1
56208.270553328,1,8853,100,439081,1
56208.859438336,3,8841,100,438420,-1
56209.517616502,3,8824,100,438264,1
56210.334438711,1,8854,100,439710,1
56210.737718706,1,8855,100,438403,1
56211.16855569,1,8856,100,437759,1
56211.670735105,3,8847,100,438100,-1
56212.489069825,1,8857,100,440135,-1
56212.957947801,5,8853,100,439081,1
56213.91145294,1,8858,100,441487,-1
56214.637667996,4,8852,100,440210,-1
56215.160508168,5,8849,100,438721,-1
56216.127180649,1,8859,100,440262,1
56217.166789199,5,8838,100,436661,1
56217.88450793,1,8860,100,440376,1
56218.709502009,4,8846,100,441608,-1
56219.615016664,1,8861,100,440460,1
56220.100281905,1,8862,100,439540,1
56220.865161797,1,8863,100,441496,-1
56221.855401411,1,8864,100,438887,1
56223.683268627,3,8848,100,437393,1
56224.439950307,4,8863,100,441496,-1
56225.368884475,4,8837,100,439595,-1
56226.239830271,3,8836,100,442074,-1
56227.088977214,4,8857,100,440135,-1
56228.041355381,3,8854,100,439710,1
56229.097126361,3,8862,100,439540,1
56229.747821817,1,8865,100,441677,1
56230.724828913,1,8866,100,441719,1
56231.092551216,3,8856,100,437759,1
56232.057767631,3,8859,100,440262,1
56233.094305638,3,8817,100,434845,1
56234.017502178,3,8861,100,440460,1
56234.980179896,1,8867,100,443087,-1
56235.526216629,1,8868,100,436587,1
56236.452661239,3,8844,100,434298,1
56236.999333576,3,8866,100,441719,1
56237.455555688,1,8869,100,443152,-1
56238.447433181,1,8870,100,438640,1
56238.888689759,1,8871,100,438965,1
56239.507414875,3,8871,100,438965,1
56240.253959014,1,8872,100,441369,-1
56241.129102403,4,8860,100,440376,1
56241.953946723,1,8873,100,440740,-1
56243.014330408,1,8874,100,440947,1
56243.668277899,3,8873,100,440740,-1
56244.343537064,3,8869,100,443152,-1
56244.865538801,1,8875,100,439386,1
56245.288786984,3,8872,100,441369,-1
56246.124202006,1,8876,100,443762,-1
56246.480006814,1,8877,100,443844,-1
56247.113537982,4,8867,100,443087,-1
56247.530964607,3,8875,100,439386,1
56248.180452527,4,8858,100,441487,-1
56249.014774572,1,8878,100,442040,1
56249.801678617,3,8877,100,443844,-1
56250.309320305,4,8865,100,441677,1
56250.937091954,4,8878,100,442040,1
56251.538099303,1,8879,100,440450,1
56252.466650441,3,8874,100,440947,1
56253.287691783,4,8879,100,440450,1
56254.86325245,3,8845,100,437436,1
56255.291687864,1,8880,100,439280,1
56256.370477979,4,8880,100,439280,1
56256.832218582,1,8881,100,439592,-1
56257.822554933,1,8882,100,439113,1
56259.168309162,1,8883,100,442145,-1
56259.955093189,1,8884,100,440822,1
56260.979971659,1,8885,100,440800,1
56261.482540762,1,8886,100,439393,1
56262.54242924,3,8883,100,442145,-1
56263.456743246,3,8868,100,436587,1
56263.989772192,5,8870,100,438640,1
56264.343993891,3,8855,100,438403,1
56266.362018307,4,8885,100,440800,1
56267.337522786,3,8882,100,439113,1
56267.898577115,3,8884,100,440822,1
56268.693625838,3,8850,100,436913,1
56269.560416795,1,8887,100,441766,-1
56270.46902656,3,8864,100,438887,1
56270.869611349,3,8881,100,439592,-1
56271.251322523,4,8887,100,441766,-1
56272.23277663,1,8888,100,439879,1
56272.746825305,3,8876,100,443762,-1
56273.552239522,5,8888,100,439879,1
56275.288009982,1,8889,100,443444,-1
56276.094502378,3,8886,100,439393,1
56277.67901134,4,8889,100,443444,-1
56278.077538593,1,8890,100,442113,-1
56278.96216465,5,8890,100,442113,-1
56279.332919186,1,8891,100,441379,1
56279.937492224,1,8892,100,441651,1
56280.445117835,1,8893,100,443765,-1
56280.830802733,3,8892,100,441651,1
56281.859580718,1,8894,100,437988,1
56282.694730975,4,8891,100,441379,1
56283.426248571,5,8894,100,437988,1
56284.350875581,5,8893,100,443765,-1
56285.28671046,1,8895,100,443330,-1
56286.28149946,3,8895,100,443330,-1
56287.108903914,1,8896,100,441341,1
56287.470513213,1,8897,100,440890,1
56288.362465322,1,8898,100,443080,-1
56289.63467969,4,8898,100,443080,-1
56291.606147588,1,8899,100,443872,1
56292.45137913,3,8899,100,443872,1
56293.434084755,1,8900,100,443905,-1
56294.354752798,1,8901,100,446231,-1
56295.345309621,1,8902,100,442998,-1
56297.193390628,3,8902,100,442998,-1
56298.165967377,1,8903,100,439998,1
56298.574425147,1,8904,100,446804,-1
56299.511798524,3,8904,100,446804,-1
56300.008047978,1,8905,100,448286,-1
56300.63434478,3,8897,100,440890,1
56301.399431039,5,8900,100,443905,-1
56301.755180074,4,8901,100,446231,-1
56302.259125604,1,8906,100,447297,1
56303.118033997,5,8896,100,441341,1
56303.519022663,4,8906,100,447297,1
56304.013575785,1,8907,100,447737,1
56304.69466374,5,8905,100,448286,-1
56306.15668707,4,8907,100,447737,1
56306.56160314,1,8908,100,445806,1
56307.909675093,4,8908,100,445806,1
56308.820447012,1,8909,100,447560,1
56309.71564403,4,8909,100,447560,1
56310.181266151,4,8903,100,439998,1
56311.150970835,1,8910,100,448138,-1
56311.64621272,3,8910,100,448138,-1
56312.353112355,1,8911,100,449985,-1
56313.693368441,4,8911,100,449985,-1
56314.360753227,1,8912,100,449678,1
56315.233200218,1,8913,100,448503,1
56316.004857821,3,8912,100,449678,1
56316.432774804,3,8913,100,448503,1
56316.989433646,1,8914,100,449184,1
56317.835649052,3,8914,100,449184,1
56318.419806022,1,8915,100,448969,1
56319.597640699,1,8916,100,449342,1
56320.496647039,1,8917,100,450661,1
56321.388884318,3,8916,100,449342,1
56322.115110812,1,8918,100,449643,1
56322.651968782,1,8919,100,448822,1
56323.180473577,3,8918,100,449643,1
56323.971161375,3,8917,100,450661,1
56324.784027458,1,8920,100,448787,-1
56325.159319171,1,8921,100,447951,1
56325.680324823,1,8922,100,446877,1
56326.362239981,1,8923,100,448651,1
56326.983369985,1,8924,100,447302,1
56327.344659832,3,8923,100,448651,1
56328.316692248,1,8925,100,448162,-1
56329.370348523,1,8926,100,448500,-1
56329.898071521,5,8920,100,448787,-1
56330.786115893,1,8927,100,449355,-1
56331.276726078,1,8928,100,448572,-1
56331.953423433,5,8922,100,446877,1
56332.501014212,3,8928,100,448572,-1
56333.470307298,3,8927,100,449355,-1
56334.255444125,5,8915,100,448969,1
56335.179153353,1,8929,100,449850,-1
56336.013321257,3,8925,100,448162,-1
56337.050584503,1,8930,100,448757,1
56337.846746173,1,8931,100,448394,1
56338.870509737,1,8932,100,452646,-1
56339.242286499,1,8933,100,447386,1
56339.690978882,1,8934,100,449767,-1
56340.659188355,5,8931,100,448394,1
56341.197765538,1,8935,100,448743,-1
56341.57988525,1,8936,100,447640,1
56342.55497211,1,8937,100,451391,-1
56343.481497919,1,8938,100,452837,-1
56344.326907176,3,8934,100,449767,-1
56345.172733976,4,8926,100,448500,-1
56346.051030607,3,8938,100,452837,-1
56346.596101175,1,8939,100,449698,-1
56346.962309821,1,8940,100,449211,-1
56347.794319761,1,8941,100,447475,1
56348.614827181,1,8942,100,447779,-1
56349.241585241,3,8933,100,447386,1
56350.087116917,3,8935,100,448743,-1
56350.970569448,1,8943,100,446613,-1
56351.60858861,1,8944,100,447807,-1
56352.209159231,3,8930,100,448757,1
56352.749626487,1,8945,100,446895,-1
56353.670820771,4,8941,100,447475,1
56354.511824619,1,8946,100,445642,1
56355.767993421,1,8947,100,445272,1
56356.430218754,3,8924,100,447302,1
56356.859741324,3,8944,100,447807,-1
56357.654472565,1,8948,100,444164,1
56358.323093938,4,8936,100,447640,1
56358.955271506,1,8949,100,444088,-1
56359.555675307,5,8919,100,448822,1
56360.057469614,1,8950,100,442243,1
56360.474450688,1,8951,100,444616,1
56361.305766552,1,8952,100,441382,1
56361.990641537,4,8949,100,444088,-1
56362.640955801,4,8947,100,445272,1
56363.418489679,4,8946,100,445642,1
56365.178425566,1,8953,100,448161,-1
56365.555004856,1,8954,100,445210,-1
56365.981682313,1,8955,100,443884,1
56366.37174578,1,8956,100,445810,-1
56367.785858284,3,8921,100,447951,1
56368.447404457,1,8957,100,445011,1
56369.005723381,3,8953,100,448161,-1
56369.611957694,1,8958,100,445004,1
56370.128025407,3,8950,100,442243,1
56371.887106107,4,8957,100,445011,1
56372.886661499,3,8951,100,444616,1
56373.619157332,5,8929,100,449850,-1
56374.195135477,1,8959,100,444713,-1
56374.638403938,1,8960,100,442358,1
56375.562590675,3,8956,100,445810,-1
56376.478519847,3,8945,100,446895,-1
56377.002035245,3,8959,100,444713,-1
56377.786341121,1,8961,100,444527,1
56378.518992349,1,8962,100,446383,-1
56379.995401514,3,8937,100,451391,-1
56380.919608526,3,8952,100,441382,1
56381.528454793,1,8963,100,446558,1
56381.907785839,1,8964,100,445252,1
56382.953654773,3,8960,100,442358,1
56383.883794061,1,8965,100,446572,-1
56384.699374535,1,8966,100,442922,1
56385.062920965,1,8967,100,443033,1
56386.30031411,4,8963,100,446558,1
56386.883315911,1,8968,100,447765,-1
56387.852913731,4,8948,100,444164,1
56388.82860325,4,8964,100,445252,1
56390.152014034,1,8969,100,445693,-1
56391.101006461,5,8966,100,442922,1
56392.243858745,3,8962,100,446383,-1
56393.04636118,4,8961,100,444527,1
56393.751331794,3,8940,100,449211,-1
56394.439472494,1,8970,100,444051,-1
56395.017221008,1,8971,100,445324,-1
56395.837073651,5,8955,100,443884,1
56396.86902915,5,8954,100,445210,-1
56397.763277263,5,8943,100,446613,-1
56398.630677924,1,8972,100,441098,1
56399.316159488,3,8972,100,441098,1
56400.26877281,4,8970,100,444051,-1
56400.797407767,3,8968,100,447765,-1
56401.336973278,1,8973,100,445543,1
56401.9634617,1,8974,100,444462,1
56402.395681736,1,8975,100,442690,1
56403.092257773,3,8969,100,445693,-1
56403.993942754,1,8976,100,447177,-1
56405.037948484,3,8932,100,452646,-1
56406.455366102,1,8977,100,446585,1
56407.232282825,1,8978,100,445763,-1
56407.729680974,1,8979,100,444875,1
56408.771663375,3,8971,100,445324,-1
56409.780952642,1,8980,100,447230,-1
56410.248539183,4,8977,100,446585,1
56411.023315262,1,8981,100,444625,1
56411.448369809,1,8982,100,444570,1
56412.057631583,4,8958,100,445004,1
56412.953488396,3,8982,100,444570,1
56413.68782615,3,8981,100,444625,1
56414.347082826,1,8983,100,443763,1
56415.109184955,1,8984,100,442522,1
56416.068954799,3,8984,100,442522,1
56416.707674061,1,8985,100,444114,-1
56417.708424894,1,8986,100,441430,1
56418.268235416,3,8978,100,445763,-1
56418.802922733,4,8967,100,443033,1
56419.718316176,1,8987,100,442334,-1
56420.155194463,5,8976,100,447177,-1
56420.777660138,3,8985,100,444114,-1
56421.244995404,4,8975,100,442690,1
56421.849702,1,8988,100,441284,1
56424.296215277,3,8973,100,445543,1
56425.333261334,1,8989,100,442054,-1
56426.802290947,1,8990,100,441774,1
56427.454122939,5,8989,100,442054,-1
56428.583008223,3,8983,100,443763,1
56429.199064628,1,8991,100,440479,1
56429.913306023,4,8979,100,444875,1
56430.311975425,1,8992,100,444452,-1
56431.107135799,3,8974,100,444462,1
56432.984324775,1,8993,100,444628,-1
56433.393569044,3,8986,100,441430,1
56434.199314955,3,8987,100,442334,-1
56435.08037509,1,8994,100,445135,1
56435.907693056,3,8992,100,444452,-1
56436.54751182,1,8995,100,444889,1
56437.25883032,4,8980,100,447230,-1
56437.985509738,4,8965,100,446572,-1
56438.842368002,3,8994,100,445135,1
56439.676101639,1,8996,100,443619,1
56440.039016908,1,8997,100,443714,1
56440.950743815,4,8993,100,444628,-1
56441.435394687,1,8998,100,442439,1
56442.115465521,1,8999,100,445053,1
56442.953102558,1,9000,100,447208,1
56443.795822299,3,9000,100,447208,1
56444.589302088,1,9001,100,450506,-1
56445.207139271,4,8942,100,447779,-1
56446.124519472,4,8939,100,449698,-1
56446.933895298,4,8991,100,440479,1
56447.382250065,1,9002,100,446867,-1
56447.803842074,1,9003,100,450011,-1
56448.596373235,3,9003,100,450011,-1
56449.60223287,4,9002,100,446867,-1
56450.534923713,4,8997,100,443714,1
56450.947618937,1,9004,100,447802,-1
56451.712220073,4,8995,100,444889,1
56452.515910571,5,9001,100,450506,-1
56453.407524741,4,8998,100,442439,1
56454.016299727,1,9005,100,448783,-1
56454.951221407,3,9004,100,447802,-1
56455.535789319,3,8988,100,441284,1
56456.102254486,1,9006,100,445362,1
56456.695138242,4,9006,100,445362,1
56457.37836122,1,9007,100,443295,1
56457.825133969,5,9005,100,448783,-1
56458.459618218,1,9008,100,446741,-1
56459.295012977,1,9009,100,445874,1
56460.315795249,5,8999,100,445053,1
56461.260247935,5,8996,100,443619,1
56461.868200725,4,9008,100,446741,-1
56462.726393297,1,9010,100,449116,-1
56463.491855877,1,9011,100,448266,-1
56464.515443234,3,9011,100,448266,-1
56465.089500509,1,9012,100,444589,1
56466.097259172,1,9013,100,446153,1
56467.032129393,1,9014,100,447573,-1
56468.010519702,1,9015,100,446683,1
56469.240910296,1,9016,100,444639,1
56470.077278397,4,9014,100,447573,-1
56471.018182059,3,9015,100,446683,1
56471.843982207,1,9017,100,447165,1
56472.530197768,4,9017,100,447165,1
56473.031587521,1,9018,100,446054,1
56473.81448054,4,9007,100,443295,1
56474.410873856,3,9012,100,444589,1
56475.210801686,3,9009,100,445874,1
56476.360383682,3,9016,100,444639,1
56476.932085713,3,9010,100,449116,-1
56477.600199528,1,9019,100,448787,1
56478.056516253,4,9019,100,448787,1
56478.965129389,1,9020,100,447380,1
56479.432423805,3,8990,100,441774,1
56479.944825872,1,9021,100,448542,1
56480.55725615,1,9022,100,450362,-1
56481.504869001,4,9021,100,448542,1
56482.001752856,1,9023,100,448393,-1
56482.468294413,1,9024,100,448279,-1
56483.293170582,3,9023,100,448393,-1
56483.813113071,4,9020,100,447380,1
56484.202509074,1,9025,100,444956,1
56484.735745052,3,9013,100,446153,1
56485.768053382,1,9026,100,447654,-1
56486.651284099,4,9018,100,446054,1
56487.194961,1,9027,100,445984,1
56488.087656692,5,9026,100,447654,-1
56488.645988938,4,9027,100,445984,1
56489.506116554,1,9028,100,446812,1
56489.966780614,3,9028,100,446812,1
56490.322685005,3,9025,100,444956,1
56491.25975125,1,9029,100,450219,-1
56491.821262667,1,9030,100,450701,-1
56492.294750702,3,9024,100,448279,-1
56493.138873011,4,9022,100,450362,-1
56493.853213728,4,9029,100,450219,-1
56494.754792734,1,9031,100,446200,1
56495.71666517,3,9031,100,446200,1
56497.025941377,3,9030,100,450701,-1
56497.630496263,1,9032,100,448423,1
56498.217641594,1,9033,100,446048,1
56499.02098668,1,9034,100,450157,-1
56499.881287609,1,9035,100,444680,1
56500.372428049,1,9036,100,447147,1
56500.948902514,3,9032,100,448423,1
56501.450669203,3,9035,100,444680,1
56502.330606553,3,9036,100,447147,1
56503.306747867,3,9034,100,450157,-1
56504.193866875,4,9033,100,446048,1
56505.123600353,1,9037,100,451599,-1
56505.959817456,4,9037,100,451599,-1
56506.776512102,1,9038,100,447448,1
56507.582120113,1,9039,100,446162,1
56508.147389345,3,9038,100,447448,1
56508.874759294,4,9039,100,446162,1
56509.883527653,1,9040,100,450125,1
56510.775720428,1,9041,100,450287,-1
56511.333997944,3,9041,100,450287,-1
56512.30743715,1,9042,100,451499,-1
56513.060484433,3,9040,100,450125,1
56513.507590888,1,9043,100,450859,-1
56514.008275601,1,9044,100,448186,1
56514.700091855,4,9042,100,451499,-1
56515.117541299,1,9045,100,450774,-1
56516.053157397,1,9046,100,449282,1
56516.974924874,4,9046,100,449282,1
56517.984044798,1,9047,100,448871,1
56518.474155865,4,9047,100,448871,1
56519.47929633,3,9045,100,450774,-1
56521.246598872,4,9044,100,448186,1
56522.209192108,1,9048,100,449570,-1
56523.026122146,1,9049,100,444039,1
56523.552293122,1,9050,100,447881,-1
56523.947881609,3,9049,100,444039,1
56524.657492543,3,9048,100,449570,-1
56525.576994967,4,9050,100,447881,-1
56525.922662164,3,9043,100,450859,-1
56526.29962402,1,9051,100,447473,-1
56526.758421155,1,9052,100,446809,1
56527.78388001,4,9051,100,447473,-1
56528.576634177,4,9052,100,446809,1
56528.971198079,1,9053,100,448737,-1
56529.440412997,1,9054,100,446893,1
56530.448642265,1,9055,100,446341,1
56531.075080217,4,9054,100,446893,1
56531.941401714,1,9056,100,447621,-1
56532.48936392,1,9057,100,445674,1
56533.262137729,3,9056,100,447621,-1
56534.125611707,1,9058,100,449263,-1
56534.952072325,1,9059,100,446481,-1
56535.423870818,1,9060,100,445497,1
56536.232883289,3,9053,100,448737,-1
56537.053612359,5,9059,100,446481,-1
56537.798065142,1,9061,100,445116,1
56538.163061022,3,9057,100,445674,1
56538.698676821,3,9061,100,445116,1
56539.822511308,3,9060,100,445497,1
56540.480291553,1,9062,100,445454,1
56541.332616025,1,9063,100,444856,1
56542.08952564,1,9064,100,445461,1
56542.791631879,4,9055,100,446341,1
56543.504750755,3,9058,100,449263,-1
56543.924136178,3,9063,100,444856,1
56544.831093712,3,9064,100,445461,1
56545.254660812,3,9062,100,445454,1
56545.762246107,1,9065,100,445478,1
56547.45820037,1,9066,100,442500,1
56548.938802978,1,9067,100,446002,-1
56549.347704014,1,9068,100,442868,1
56550.280511618,3,9066,100,442500,1
56551.297294176,1,9069,100,446381,1
56552.194238082,1,9070,100,445407,1
56553.293592345,1,9071,100,447706,-1
56553.693937214,1,9072,100,446252,1
56554.587875772,1,9073,100,445137,1
56555.474415927,3,9067,100,446002,-1
56556.006293357,3,9068,100,442868,1
56556.483700257,1,9074,100,445964,-1
56556.958757118,3,9065,100,445478,1
56557.868999167,5,9069,100,446381,1
56558.820120638,1,9075,100,446938,-1
56559.354099027,3,9071,100,447706,-1
56560.00822501,1,9076,100,445717,1
56561.181533309,1,9077,100,444104,1
56561.857718084,1,9078,100,446893,-1
56562.844222642,1,9079,100,448585,-1
56563.814125121,4,9074,100,445964,-1
56564.215782397,3,9070,100,445407,1
56564.845062018,1,9080,100,446046,1
56565.318410139,1,9081,100,443573,1
56565.927629164,1,9082,100,442632,1
56566.78598713,1,9083,100,446562,-1
56567.145132726,5,9079,100,448585,-1
56567.64164806,5,9078,100,446893,-1
56568.466693584,3,9075,100,446938,-1
56568.947039539,3,9083,100,446562,-1
56569.590004886,1,9084,100,443770,1
56570.48618809,1,9085,100,442246,1
56571.305215002,5,9072,100,446252,1
56572.207498389,3,9082,100,442632,1
56572.954159581,1,9086,100,442965,-1
56573.610362038,5,9076,100,445717,1
56574.332982039,1,9087,100,445148,-1
56574.985242123,3,9077,100,444104,1
56575.70029629,1,9088,100,442841,1
56576.339463347,3,9086,100,442965,-1
56576.86470877,3,9080,100,446046,1
56577.487636335,1,9089,100,442902,-1
56578.245317873,1,9090,100,443870,-1
56578.751207428,1,9091,100,445226,-1
56579.450651289,1,9092,100,444950,-1
56580.107456361,4,9081,100,443573,1
56580.833544977,5,9089,100,442902,-1
56581.324227631,1,9093,100,446950,-1
56582.331220441,4,9090,100,443870,-1
56583.278973448,5,9088,100,442841,1
56583.634904054,1,9094,100,444078,-1
56584.383623595,5,9091,100,445226,-1
56585.093434407,1,9095,100,444227,-1
56587.17941793,1,9096,100,443193,-1
56587.714511518,3,9084,100,443770,1
56588.351587051,1,9097,100,445351,-1
56589.116819464,3,9087,100,445148,-1
56589.747974459,4,9073,100,445137,1
56590.17286287,3,9093,100,446950,-1
56591.71382019,5,9094,100,444078,-1
56592.110552863,1,9098,100,442313,1
56592.519501211,3,9092,100,444950,-1
56593.44776029,3,9098,100,442313,1
56593.986643446,4,9096,100,443193,-1
56594.896844822,4,9095,100,444227,-1
56595.543133018,1,9099,100,443849,1
56596.911585651,4,9099,100,443849,1
56597.739539195,1,9100,100,443170,1
56598.685992408,1,9101,100,442963,1
56599.629933582,1,9102,100,445357,-1
56601.453388312,4,9097,100,445351,-1
56602.602985848,1,9103,100,442554,1
56603.335940213,1,9104,100,446834,-1
56604.109764775,3,9104,100,446834,-1
56604.611794198,4,9100,100,443170,1
56605.008347702,1,9105,100,442595,1
56605.765150309,1,9106,100,442264,-1
56606.731808385,1,9107,100,440276,1
56607.343240368,4,9106,100,442264,-1
56607.791538723,4,9101,100,442963,1
56608.775682047,4,9105,100,442595,1
56609.766513525,1,9108,100,441811,1
56610.171563226,1,9109,100,441260,1
56610.638800636,1,9110,100,443469,-1
56611.621108327,3,9109,100,441260,1
56612.044403444,3,9110,100,443469,-1
56612.955942477,3,9108,100,441811,1
56613.41117364,1,9111,100,444771,-1
56614.261117233,4,9103,100,442554,1
56615.060283916,1,9112,100,443673,1
56615.85829486,1,9113,100,444177,-1
56617.948673026,1,9114,100,441515,-1
56618.970677029,1,9115,100,441036,1
56619.982451897,4,9112,100,443673,1
56620.749739433,1,9116,100,442389,-1
56621.379706332,4,9115,100,441036,1
56622.216429552,3,9102,100,445357,-1
56623.107750394,4,9085,100,442246,1
56624.095603592,1,9117,100,438983,-1
56625.063081291,4,9117,100,438983,-1
56625.452516269,1,9118,100,440994,-1
56626.243800052,1,9119,100,442352,-1
56627.027768849,1,9120,100,440636,1
56627.680785005,1,9121,100,443021,-1
56628.653609145,3,9118,100,440994,-1
56629.052018884,5,9120,100,440636,1
56629.69092382,3,9111,100,444771,-1
56630.61335524,1,9122,100,442249,1
56631.156424424,4,9116,100,442389,-1
56631.912511853,1,9123,100,444561,-1
56632.627149191,3,9122,100,442249,1
56633.019937828,1,9124,100,442282,1
56633.954645182,1,9125,100,442344,1
56634.529076113,3,9114,100,441515,-1
56634.969062516,3,9113,100,444177,-1
56635.988073592,3,9125,100,442344,1
56636.536421765,1,9126,100,442042,1
56637.541834712,1,9127,100,444930,-1
56638.314652565,1,9128,100,446637,-1
56638.923387872,3,9123,100,444561,-1
56639.559451418,3,9124,100,442282,1
56640.255165449,1,9129,100,443781,1
56640.807807772,3,9119,100,442352,-1
56641.819931037,4,9127,100,444930,-1
56642.787812623,1,9130,100,446159,-1
56643.397141689,3,9107,100,440276,1
56644.314642326,1,9131,100,445693,-1
56645.053782278,1,9132,100,444629,1
56647.141741204,3,9132,100,444629,1
56647.978257009,1,9133,100,445866,1
56648.391472488,5,9121,100,443021,-1
56648.974106728,1,9134,100,447310,-1
56649.769734898,1,9135,100,445599,1
56650.277632829,1,9136,100,448515,-1
56651.131326649,5,9134,100,447310,-1
56651.896319572,3,9133,100,445866,1
56652.27615041,1,9137,100,447472,-1
56653.292671456,4,9130,100,446159,-1
56654.247006261,3,9131,100,445693,-1
56654.816482264,4,9135,100,445599,1
56656.473671451,3,9128,100,446637,-1
56659.583281729,5,9129,100,443781,1
56660.256444698,1,9138,100,443657,1
56661.258397444,1,9139,100,443087,1
56662.235226196,1,9140,100,444680,-1
56662.780230119,1,9141,100,440742,1
56663.707378897,1,9142,100,444054,-1
56664.175459653,1,9143,100,443348,-1
56664.7204087,3,9141,100,440742,1
56665.11133949,1,9144,100,442320,1
56665.919130201,5,9137,100,447472,-1
56666.538987083,4,9143,100,443348,-1
56667.439609997,3,9140,100,444680,-1
56668.305941386,1,9145,100,443614,1
56669.042334025,5,9136,100,448515,-1
56669.435597516,3,9139,100,443087,1
56670.087208793,4,9142,100,444054,-1
56670.466991127,5,9126,100,442042,1
56670.868009638,1,9146,100,444235,1
56671.53317045,4,9144,100,442320,1
56672.213662546,4,9145,100,443614,1
56674.568388451,3,9146,100,444235,1
56675.312080246,1,9147,100,445739,1
56675.872463528,3,9147,100,445739,1
56676.791700213,3,9138,100,443657,1
56677.591479117,1,9148,100,447410,-1
56678.025002374,5,9148,100,447410,-1
56678.582181474,1,9149,100,445210,1
56679.132525081,5,9149,100,445210,1
56680.01627688,1,9150,100,446001,1
56680.576472941,3,9150,100,446001,1
56681.466577789,1,9151,100,446538,-1
56681.926911339,5,9151,100,446538,-1
56682.789159251,1,9152,100,446743,-1
56683.461386422,3,9152,100,446743,-1
56684.317053326,1,9153,100,444956,-1
56684.743863964,1,9154,100,441552,1
56685.283596993,3,9154,100,441552,1
56685.939285989,3,9153,100,444956,-1
56686.384029837,1,9155,100,444238,-1
56687.296301501,1,9156,100,441456,1
56687.639876811,1,9157,100,446574,-1
56688.566917536,1,9158,100,444341,1
56689.271836048,4,9155,100,444238,-1
56690.067644273,1,9159,100,443396,1
56690.746099956,3,9158,100,444341,1
56691.693182257,1,9160,100,443584,-1
56692.32407034,3,9159,100,443396,1
56694.029638982,5,9157,100,446574,-1
56694.604301876,1,9161,100,443803,1
56695.477621018,1,9162,100,443761,1
56695.897154851,4,9160,100,443584,-1
56696.280145666,3,9162,100,443761,1
56697.124726149,1,9163,100,445726,-1
56698.37998009,1,9164,100,446811,-1
56699.315721191,4,9163,100,445726,-1
56699.724959731,3,9164,100,446811,-1
56700.334295289,5,9161,100,443803,1
56701.083243701,3,9156,100,441456,1
56701.65540704,1,9165,100,444510,-1
56702.3771465,3,9165,100,444510,-1
56702.74124907,1,9166,100,445761,-1
56703.170857881,4,9166,100,445761,-1
56703.538001049,1,9167,100,444625,-1
56704.732664199,4,9167,100,444625,-1
56705.132547247,1,9168,100,444486,-1
56705.909457651,3,9168,100,444486,-1
56706.498196048,1,9169,100,442715,1
56706.853994304,1,9170,100,442878,-1
56707.477111768,4,9169,100,442715,1
56708.330621086,4,9170,100,442878,-1
56709.205079982,1,9171,100,443318,-1
56710.019400915,3,9171,100,443318,-1
56710.652887997,1,9172,200,442283,1
56711.015806556,3,9172,200,442283,1
56711.62108559,1,9173,100,443066,1
56712.163267832,3,9173,100,443066,1
56712.666874348,1,9174,100,443366,-1
56713.962375189,1,9175,100,443098,1
56714.966554304,1,9176,100,443413,1
56715.683470059,5,9174,100,443366,-1
56716.464426283,1,9177,100,443142,-1
56717.368387374,1,9178,100,441978,-1
56717.765981159,3,9177,100,443142,-1
56718.251463302,1,9179,100,442512,-1
56718.682533067,5,9175,100,443098,1
56719.080598706,1,9180,100,440713,-1
56719.461960857,1,9181,100,440196,1
56720.226498396,1,9182,100,439123,1
56720.703957855,1,9183,100,443357,-1
56721.576569855,1,9184,100,442586,-1
56722.088770267,4,9176,100,443413,1
56722.878935856,1,9185,100,443670,-1
56723.518665048,4,9184,100,442586,-1
56724.222208103,1,9186,100,442381,1
56724.836571779,3,9179,100,442512,-1
56725.638890781,1,9187,100,441371,1
56726.156958078,1,9188,100,444848,-1
56726.604027218,1,9189,100,443502,1
56727.150309548,3,9185,100,443670,-1
56728.156681676,3,9183,100,443357,-1
56728.894067748,3,9187,100,441371,1
56729.682125396,1,9190,100,442006,1
56730.626769548,1,9191,100,442042,1
56731.20784983,1,9192,200,446016,-1
56731.595970577,1,9193,100,441032,1
56732.36350514,3,9180,100,440713,-1
56733.057731134,1,9194,100,444486,-1
56733.480479414,4,9178,100,441978,-1
56734.640721605,3,9188,100,444848,-1
56735.343402967,1,9195,100,441587,1
56735.986131065,4,9191,100,442042,1
56736.767874538,3,9182,100,439123,1
56737.516788365,3,9192,200,446016,-1
56738.279037177,3,9194,100,444486,-1
56739.043506486,4,9195,100,441587,1
56740.342418733,1,9196,100,444003,-1
56740.787846405,1,9197,100,442136,1
56741.250776367,1,9198,100,440159,1
56741.593573298,3,9196,100,444003,-1
56742.259080079,3,9198,100,440159,1
56742.976928274,3,9190,100,442006,1
56743.904026467,3,9197,100,442136,1
56744.913573567,4,9189,100,443502,1
56745.570512398,3,9193,100,441032,1
56746.553810495,3,9186,100,442381,1
56747.196325342,3,9181,100,440196,1
56747.690138503,1,9199,100,444413,-1
56748.180951138,1,9200,100,446051,-1
56749.146208927,1,9201,100,443332,1
56749.877033851,3,9200,100,446051,-1
56750.728730423,1,9202,100,441748,1
56751.123084451,1,9203,100,442397,-1
56752.318310603,1,9204,100,439591,-1
56752.694803877,3,9201,100,443332,1
56753.533132867,1,9205,100,441995,-1
56754.212046314,3,9204,100,439591,-1
56754.616232671,3,9205,100,441995,-1
56755.605395605,3,9202,100,441748,1
56756.002637083,1,9206,100,442552,-1
56756.45959621,1,9207,100,440895,-1
56756.92513311,3,9206,100,442552,-1
56757.378879004,3,9203,100,442397,-1
56757.988480436,1,9208,100,440362,-1
56758.648687279,3,9199,100,444413,-1
56759.814326381,1,9209,100,439782,1
56761.324379965,3,9208,100,440362,-1
56761.74688814,1,9210,100,441624,-1
56762.347729475,4,9210,100,441624,-1
56763.106620481,4,9207,100,440895,-1
56763.542489645,1,9211,100,438298,1
56764.367817778,3,9209,100,439782,1
56765.028624767,5,9211,100,438298,1
56765.615339819,1,9212,100,439509,-1
56766.614261479,4,9212,100,439509,-1
56767.203181296,1,9213,100,440030,-1
56767.977601595,1,9214,100,438827,1
56768.805823462,5,9213,100,440030,-1
56769.605311125,3,9214,100,438827,1
56770.084452164,1,9215,100,436621,-1
56770.549182642,1,9216,100,436700,-1
56771.383465936,3,9215,100,436621,-1
56771.929583479,1,9217,100,434608,1
56772.620911822,3,9216,100,436700,-1
56773.462428014,3,9217,100,434608,1
56774.44692402,1,9218,100,434978,1
56775.83440129,3,9218,100,434978,1
56776.645204827,1,9219,100,436720,-1
56777.246276796,1,9220,100,436685,1
56777.994645812,1,9221,100,437721,-1
56778.803685044,4,9220,100,436685,1
56779.144329376,1,9222,100,436960,-1
56779.700957198,1,9223,100,435648,1
56780.680952817,1,9224,100,436969,1
56781.179078275,4,9221,100,437721,-1
56781.91941343,1,9225,100,436963,-1
56782.823565499,1,9226,100,436994,-1
56783.707635157,3,9222,100,436960,-1
56784.373120811,3,9223,100,435648,1
56785.35736037,1,9227,100,433522,1
56785.7115793,4,9224,100,436969,1
56786.717586661,4,9227,100,433522,1
56787.659969711,3,9226,100,436994,-1
56788.57227287,1,9228,100,433391,-1
56789.054827392,1,9229,100,432931,1
56789.60517195,4,9228,100,433391,-1
56790.048071432,3,9229,100,432931,1
56790.776971285,3,9225,100,436963,-1
56791.174645445,1,9230,100,434038,1
56792.091510511,3,9219,100,436720,-1
56792.890176953,3,9230,100,434038,1
56793.470404791,1,9231,100,434855,1
56795.017125154,4,9231,100,434855,1
56795.639602553,1,9232,100,435477,-1
56796.013574078,1,9233,100,435487,-1
56796.668880782,1,9234,100,431653,1
56797.046727432,3,9233,100,435487,-1
56797.592372318,3,9232,100,435477,-1
56798.994552491,1,9235,100,436955,-1
56799.636205279,3,9235,100,436955,-1
56800.424584785,1,9236,100,436620,-1
56800.878926496,4,9234,100,431653,1
56801.764721066,1,9237,100,436517,1
56802.221839639,1,9238,100,437095,-1
56802.793779414,1,9239,100,437766,-1
56803.746671015,3,9239,100,437766,-1
56804.555488079,1,9240,100,436707,-1
56805.133546225,1,9241,100,436123,1
56805.521879445,3,9238,100,437095,-1
56806.148721337,1,9242,100,439999,-1
56806.81578474,4,9236,100,436620,-1
56807.362941969,1,9243,100,436168,1
56808.36908689,1,9244,100,435346,1
56809.099985467,1,9245,100,437421,1
56810.065412546,1,9246,100,437031,-1
56810.989264579,1,9247,100,437537,-1
56811.769539165,4,9246,100,437031,-1
56812.511685307,1,9248,100,438238,-1
56812.897972059,3,9247,100,437537,-1
56813.726171243,1,9249,400,437429,-1
56814.206990803,1,9250,100,436833,-1
56814.809583763,3,9242,100,439999,-1
56815.265213684,1,9251,100,435835,-1
56815.853117257,1,9252,100,432578,1
56816.193039915,3,9237,100,436517,1
56816.658209202,3,9252,100,432578,1
56817.566706967,5,9249,100,437429,-1
56818.04892585,4,9244,100,435346,1
56818.600046814,1,9253,100,434438,1
56819.120956436,3,9251,100,435835,-1
56819.518671011,3,9240,100,436707,-1
56819.894715985,2,9249,100,437429,-1
56820.661265613,1,9254,100,437938,-1
56821.078369674,1,9255,100,436682,1
56822.199633611,3,9255,100,436682,1
56823.147545502,4,9254,100,437938,-1
56823.594739884,3,9241,100,436123,1
56824.091236319,5,9245,100,437421,1
56824.680637562,1,9256,100,437822,-1
56825.282301417,5,9248,100,438238,-1
56826.24715478,1,9257,100,438776,-1
56827.230103355,1,9258,100,438433,-1
56827.752700241,1,9259,100,433969,1
56828.131348446,3,9243,100,436168,1
56828.71451367,1,9260,100,438515,-1
56829.682867346,3,9259,100,433969,1
56830.088149944,1,9261,100,436822,-1
56830.744684796,4,9250,100,436833,-1
56831.642334792,3,9249,200,437429,-1
56832.355342528,1,9262,100,433093,1
56832.703448242,1,9263,100,435169,-1
56833.095237176,4,9263,100,435169,-1
56833.527155096,1,9264,100,437211,1
56834.451342567,3,9256,100,437822,-1
56835.071834801,1,9265,100,439104,-1
56835.420122257,3,9264,100,437211,1
56835.804427994,1,9266,100,436562,1
56836.726061418,1,9267,100,436107,1
56837.62743267,4,9261,100,436822,-1
56838.624806288,1,9268,100,439078,-1
56839.304040252,3,9265,100,439104,-1
56840.66943036,5,9268,100,439078,-1
56841.668361089,3,9266,100,436562,1
56842.499027533,4,9258,100,438433,-1
56842.912423322,4,9257,100,438776,-1
56843.354645247,3,9267,100,436107,1
56844.335452169,1,9269,100,438178,1
56844.964967531,1,9270,100,439557,1
56845.617641828,1,9271,100,440314,1
56846.561031344,1,9272,100,442510,-1
56849.266937167,4,9260,100,438515,-1
56850.097588138,3,9269,100,438178,1
56850.675465095,1,9273,100,440749,1
56851.422407772,4,9272,100,442510,-1
56852.110920266,5,9273,100,440749,1
56852.828986837,1,9274,100,447641,-1
56853.340420257,5,9271,100,440314,1
56853.731957405,3,9262,100,433093,1
56854.33403226,5,9274,100,447641,-1
56855.844779947,3,9253,100,434438,1
56856.181561115,1,9275,100,446170,1
56856.935147985,4,9270,100,439557,1
56857.910240985,3,9275,100,446170,1
56858.700498888,1,9276,100,446799,-1
56859.23331271,1,9277,100,447228,-1
56859.779187311,4,9276,100,446799,-1
56860.295329582,1,9278,100,443981,1
56861.004675499,3,9277,100,447228,-1
56861.991517542,4,9278,100,443981,1
56862.630706154,1,9279,100,445804,-1
56863.012526591,3,9279,100,445804,-1
56863.768683402,1,9280,100,446790,-1
56864.206896508,4,9280,100,446790,-1
56865.023947134,1,9281,100,445726,-1
56865.47999626,4,9281,100,445726,-1
56866.296028637,1,9282,100,444585,1
56867.167349549,1,9283,100,444930,1
56867.863052928,3,9282,100,444585,1
56868.416122074,4,9283,100,444930,1
56869.313567737,1,9284,100,441070,1
56869.993506771,4,9284,100,441070,1
56870.900108675,1,9285,100,445010,1
56871.820473818,1,9286,100,446280,1
56872.279549434,3,9286,100,446280,1
56872.625084569,4,9285,100,445010,1
56873.598050587,1,9287,100,445475,-1
56874.485202077,3,9287,100,445475,-1
56874.867076895,1,9288,100,447622,-1
56875.526732625,5,9288,100,447622,-1
56875.860951105,1,9289,100,445680,1
56876.504728958,4,9289,100,445680,1
56876.940089862,1,9290,100,445309,-1
56877.727135176,1,9291,100,449813,-1
56878.464116886,5,9291,100,449813,-1
56879.12645634,5,9290,100,445309,-1
56879.954470151,1,9292,100,446974,1
56880.612952148,1,9293,100,444834,1
56881.517720386,3,9292,100,446974,1
56882.220905071,3,9293,100,444834,1
56882.606779138,1,9294,100,447166,1
56883.529959326,1,9295,100,448764,-1
56884.205605738,3,9295,100,448764,-1
56885.061158517,5,9294,100,447166,1
56885.660763103,1,9296,100,447811,1
56886.316093755,5,9296,100,447811,1
56887.057006074,1,9297,100,448781,-1
56887.913127598,1,9298,100,449702,-1
56888.279358342,4,9297,100,448781,-1
56888.661258384,3,9298,100,449702,-1
56889.344725956,1,9299,100,449153,-1
56890.1513826,4,9299,100,449153,-1
56890.985804789,1,9300,100,449756,1
56891.396307757,1,9301,100,451321,-1
56892.333575864,5,9300,100,449756,1
56892.930518823,1,9302,100,449099,-1
56893.455764779,3,9301,100,451321,-1
56894.126371649,1,9303,100,446128,1
56894.926203885,1,9304,100,446248,1
56895.619981961,1,9305,100,447259,1
56895.967368205,3,9305,100,447259,1
56896.357436119,1,9306,100,446121,1
56896.810663945,3,9303,100,446128,1
56897.522867887,4,9306,100,446121,1
56897.860218367,3,9302,100,449099,-1
56898.536883174,4,9304,100,446248,1
56899.316468366,1,9307,100,449829,-1
56900.195427623,3,9307,100,449829,-1
56900.941324444,1,9308,100,450625,1
56901.837479618,1,9309,100,454360,-1
56902.769142683,4,9309,100,454360,-1
56904.301431041,1,9310,100,454979,-1
56904.924353177,3,9308,100,450625,1
56905.643343263,1,9311,100,455100,-1
56906.242285918,1,9312,100,456234,-1
56906.657109478,1,9313,100,450906,1
56907.425766453,3,9311,100,455100,-1
56908.400216756,3,9313,100,450906,1
56909.911417986,4,9310,100,454979,-1
56910.458061022,1,9314,100,454811,1
56910.818731934,1,9315,100,454515,1
56911.702641594,5,9314,100,454811,1
56912.207426834,4,9315,100,454515,1
56913.14849337,4,9312,100,456234,-1
56913.573025965,1,9316,100,459439,-1
56914.43779506,1,9317,100,456415,-1
56915.399534953,3,9316,100,459439,-1
56916.396218798,1,9318,100,454990,1
56916.903543555,1,9319,100,456841,1
56917.805685613,1,9320,100,454136,1
56918.32377029,1,9321,100,458296,-1
56919.170132347,4,9319,100,456841,1
56921.251379564,3,9321,100,458296,-1
56921.785726511,1,9322,100,456007,-1
56922.726491865,1,9323,100,453546,1
56923.171565704,1,9324,100,455803,-1
56923.633230296,1,9325,100,457374,-1
56924.224321333,4,9322,100,456007,-1
56925.050607913,4,9324,100,455803,-1
56925.47362747,3,9317,100,456415,-1
56926.447975383,4,9320,100,454136,1
56926.94166539,1,9326,100,454811,-1
56927.414990593,3,9323,100,453546,1
56927.984704153,4,9318,100,454990,1
56929.328719555,4,9326,100,454811,-1
56929.932879987,1,9327,100,454599,-1
56930.305336803,1,9328,100,453403,-1
56930.777535611,4,9328,100,453403,-1
56931.585482232,1,9329,100,455838,1
56932.36651435,1,9330,100,454861,1
56932.840844777,5,9325,100,457374,-1
56933.691551015,1,9331,100,454720,1
56934.440032197,4,9331,100,454720,1
56934.8710524,3,9329,100,455838,1
56935.714720494,1,9332,100,454113,-1
56936.598446812,1,9333,100,454506,-1
56937.002737937,4,9330,100,454861,1
56937.371297739,1,9334,100,450240,1
56937.761683983,1,9335,100,448931,1
56938.167886369,1,9336,100,449702,1
56938.720080328,3,9334,100,450240,1
56939.425803802,3,9327,100,454599,-1
56940.033890035,4,9335,100,448931,1
56940.841750661,5,9332,100,454113,-1
56941.980816854,1,9337,100,448968,1
56942.937233413,3,9336,100,449702,1
56943.351785402,3,9333,100,454506,-1
56944.844532379,1,9338,100,452615,-1
56945.718845158,5,9338,100,452615,-1
56946.606721735,1,9339,100,451542,1
56947.531815274,3,9339,100,451542,1
56948.349829168,3,9337,100,448968,1
56949.22575491,1,9340,100,450763,1
56950.155942794,4,9340,100,450763,1
56951.00935392,1,9341,100,452280,-1
56951.778386539,5,9341,100,452280,-1
56952.389893236,1,9342,100,453507,-1
56952.926431942,3,9342,100,453507,-1
56953.737806498,1,9343,100,454062,1
56954.606327368,4,9343,100,454062,1
56955.407718671,1,9344,100,453879,1
56956.541723394,5,9344,100,453879,1
56957.156558955,1,9345,100,452647,1
56957.710928901,1,9346,100,453738,1
56958.117533714,4,9346,100,453738,1
56959.013269193,5,9345,100,452647,1
56959.977350318,1,9347,100,451869,1
56961.035021083,3,9347,100,451869,1
56961.497237852,1,9348,100,451022,1
56962.070950637,1,9349,100,453277,-1
56962.591725749,3,9348,100,451022,1
56963.006879531,4,9349,100,453277,-1
56963.935948128,1,9350,100,452885,-1
56964.915080466,5,9350,100,452885,-1
56965.483318091,1,9351,100,452386,-1
56966.745493027,3,9351,100,452386,-1
56967.141154855,1,9352,100,453245,1
56967.598940028,4,9352,100,453245,1
56968.431089572,1,9353,100,451026,1
56969.00563669,1,9354,100,454173,-1
56969.558038535,3,9353,100,451026,1
56970.509802565,3,9354,100,454173,-1
56970.971760188,1,9355,100,452957,-1
56971.569914547,1,9356,100,449694,1
56972.025669502,1,9357,100,450855,-1
56972.550636805,4,9357,100,450855,-1
56973.196838084,1,9358,100,453020,-1
56973.991489294,3,9355,100,452957,-1
56974.79340218,1,9359,100,446855,1
56975.671245787,1,9360,100,446609,1
56976.144157325,3,9356,100,449694,1
56976.818144378,1,9361,100,450076,1
56977.187985527,4,9359,100,446855,1
56978.12327827,3,9358,100,453020,-1
56979.047476245,1,9362,100,449457,-1
56979.873350907,1,9363,100,449649,1
56980.306531965,1,9364,100,449280,1
56980.987078343,3,9361,100,450076,1
56981.642417469,3,9363,100,449649,1
56982.409154096,3,9360,100,446609,1
56983.28372223,3,9362,100,449457,-1
56983.644447504,5,9364,100,449280,1
56984.330516977,1,9365,100,450084,1
56984.893440961,3,9365,100,450084,1
56985.64619286,1,9366,100,451099,1
56986.281846548,1,9367,100,450898,1
56986.828261775,4,9367,100,450898,1
56987.598071735,3,9366,100,451099,1
56988.424877904,1,9368,100,449897,-1
56989.204623889,4,9368,100,449897,-1
56989.539094448,1,9369,100,455640,-1
56990.338453153,3,9369,100,455640,-1
56991.239733927,1,9370,100,450192,-1
56992.212389771,4,9370,100,450192,-1
56992.588908952,1,9371,100,450785,-1
56993.574332429,1,9372,100,450676,-1
56994.524557929,1,9373,100,450747,1
56995.10394829,3,9373,100,450747,1
56996.932513157,4,9372,100,450676,-1
56997.751086037,3,9371,100,450785,-1
56998.128685352,1,9374,100,449358,1
56998.982264368,3,9374,100,449358,1
56999.715211662,1,9375,100,450352,-1
57000.110216635,1,9376,100,451765,-1
57001.037590232,3,9375,100,450352,-1
57002.646793602,4,9376,100,451765,-1
57003.37532046,1,9377,100,449445,1
57004.232273907,1,9378,100,449697,1
57004.951555612,3,9377,100,449445,1
57005.902839831,5,9378,100,449697,1
57006.405631616,1,9379,100,449281,1
57007.815750675,1,9380,100,450971,-1
57008.62148,1,9381,100,450056,1
57009.549351515,1,9382,100,451510,-1
57010.471613387,1,9383,100,454147,-1
57010.913341518,1,9384,100,448489,1
57011.582400971,3,9382,100,451510,-1
57012.285394941,3,9379,100,449281,1
57012.889421647,1,9385,100,452214,-1
57013.30540458,3,9381,100,450056,1
57013.748393249,3,9385,100,452214,-1
57014.20491213,4,9380,100,450971,-1
57014.599932799,3,9383,100,454147,-1
57015.551511367,1,9386,100,453003,-1
57016.468971225,1,9387,100,452251,-1
57017.225105828,3,9384,100,448489,1
57017.629103698,5,9386,100,453003,-1
57018.195857673,4,9387,100,452251,-1
57019.043799659,1,9388,100,450595,-1
57019.989236603,5,9388,100,450595,-1
57020.371782126,1,9389,100,452973,-1
57020.836906788,5,9389,100,452973,-1
57021.551507334,1,9390,100,453795,-1
57021.909269821,1,9391,100,449260,1
57022.856653834,5,9390,100,453795,-1
57023.343410185,4,9391,100,449260,1
57023.99589094,1,9392,100,450695,1
57025.110859355,3,9392,100,450695,1
57025.606751845,1,9393,100,450030,-1
57026.255170975,4,9393,100,450030,-1
57026.952584876,1,9394,100,449896,1
57027.617462849,4,9394,100,449896,1
57028.097468442,1,9395,100,450366,1
57028.806413367,1,9396,100,448632,1
57029.779732765,1,9397,100,449182,1
57030.549911142,1,9398,100,449447,1
57030.944185618,1,9399,100,451512,-1
57031.663814449,3,9395,100,450366,1
57032.12677142,1,9400,100,449363,1
57032.674696476,3,9398,100,449447,1
57033.595611326,1,9401,100,454089,-1
57033.981255637,1,9402,100,454199,-1
57034.474497365,1,9403,100,450911,-1
57035.298847801,1,9404,100,449384,1
57036.179762259,4,9399,100,451512,-1
57036.628777556,3,9400,100,449363,1
57037.517223372,1,9405,100,449840,1
57037.981550601,5,9397,100,449182,1
57038.947235,1,9406,100,450917,1
57039.742835906,1,9407,100,451632,-1
57040.706090677,1,9408,100,450254,1
57041.677744382,3,9403,100,450911,-1
57042.595259515,5,9402,100,454199,-1
57043.207734965,1,9409,100,450820,1
57043.883224538,3,9396,100,448632,1
57044.680171856,1,9410,100,453230,-1
57045.804937714,4,9407,100,451632,-1
57046.688809947,5,9405,100,449840,1
57047.125129167,3,9410,100,453230,-1
57047.851777232,4,9401,100,454089,-1
57049.190849216,1,9411,100,456587,-1
57049.807364339,1,9412,100,455092,-1
57050.440283341,1,9413,100,458844,-1
57052.327528528,3,9404,100,449384,1
57053.189321438,3,9406,100,450917,1
57054.043276418,3,9408,100,450254,1
57054.734985749,3,9412,100,455092,-1
57055.144570059,1,9414,100,455370,1
57056.020204685,3,9414,100,455370,1
57057.331427594,3,9409,100,450820,1
57058.198279439,1,9415,100,460531,-1
57058.836954794,5,9413,100,458844,-1
57059.517817473,3,9415,100,460531,-1
57061.091660256,3,9411,100,456587,-1
57061.986209306,1,9416,100,456439,1
57062.519430653,1,9417,100,455741,1
57062.922241064,1,9418,100,456039,-1
57063.397571555,5,9416,100,456439,1
57064.337880502,1,9419,100,453482,1
57065.034983464,3,9419,100,453482,1
57065.685106402,5,9417,100,455741,1
57066.459547187,1,9420,100,456591,-1
57067.21428825,1,9421,100,454980,-1
57067.670530855,1,9422,100,454764,-1
57068.098219685,1,9423,100,453224,1
57068.441278889,3,9420,100,456591,-1
57068.801878536,1,9424,100,454050,-1
57069.226355937,4,9424,100,454050,-1
57069.863491038,1,9425,100,454120,-1
57070.658979334,4,9423,100,453224,1
57071.500898313,1,9426,100,450918,1
57071.8465006,1,9427,100,453009,-1
57072.428004248,3,9427,100,453009,-1
57073.750623843,5,9421,100,454980,-1
57074.479853264,3,9425,100,454120,-1
57075.040747091,5,9418,100,456039,-1
57075.761871624,1,9428,100,449351,1
57076.605549693,1,9429,100,451903,1
57077.586401513,3,9426,100,450918,1
57078.091521014,1,9430,100,449210,1
57078.782604485,1,9431,100,450007,1
57079.684597805,5,9429,100,451903,1
57081.423112096,1,9432,100,450920,1
57082.217692411,1,9433,100,452072,1
57082.962444096,1,9434,100,452089,-1
57084.72235633,1,9435,100,451286,1
57085.652062838,1,9436,100,456217,-1
57086.111995294,3,9428,100,449351,1
57086.842915046,1,9437,100,453043,1
57088.668256246,3,9437,100,453043,1
57089.413474378,1,9438,100,455483,-1
57090.208359252,3,9434,100,452089,-1
57090.569937738,1,9439,100,451870,1
57091.496914789,1,9440,100,454058,-1
57092.23633727,1,9441,100,454111,-1
57093.92472142,1,9442,200,453764,-1
57094.468641165,1,9443,100,453384,1
57095.239481884,1,9444,100,454744,-1
57095.987416007,1,9445,100,452588,1
57096.338952407,4,9441,100,454111,-1
57097.319012728,1,9446,100,458879,-1
57097.861420573,3,9436,100,456217,-1
57098.667540565,4,9422,100,454764,-1
57099.605542823,4,9442,200,453764,-1
57100.251942531,1,9447,100,455817,1
57100.647981995,4,9447,100,455817,1
57101.230313368,1,9448,100,456632,-1
57103.002693961,5,9443,100,453384,1
57103.434765381,1,9449,100,456129,1
57103.907132043,1,9450,100,453751,1
57104.432755011,3,9433,100,452072,1
57105.277380663,4,9449,100,456129,1
57106.125157655,4,9440,100,454058,-1
57106.796580534,1,9451,100,456213,-1
57107.544226054,4,9444,100,454744,-1
57107.90264649,1,9452,100,455177,-1
57108.33669901,3,9452,100,455177,-1
57109.792530718,1,9453,100,454212,-1
57110.139109778,3,9453,100,454212,-1
57110.640127466,1,9454,100,454204,-1
57111.368008773,4,9450,100,453751,1
57112.242235627,1,9455,100,452669,-1
57113.061380812,1,9456,100,452348,1
57113.592140488,3,9430,100,449210,1
57114.498730161,1,9457,100,454151,1
57115.076687204,3,9432,100,450920,1
57115.895287113,1,9458,100,454402,-1
57116.367269074,3,9454,100,454204,-1
57116.695777341,1,9459,100,452859,1
57117.135408253,1,9460,100,454447,-1
57117.581475183,1,9461,100,450184,1
57118.137407293,3,9456,100,452348,1
57118.940795051,4,9459,100,452859,1
57119.356106672,1,9462,100,449562,1
57119.983519277,1,9463,100,451448,-1
57120.572400551,4,9463,100,451448,-1
57121.196011359,4,9445,100,452588,1
57121.700124883,1,9464,100,450315,1
57122.060328983,1,9465,100,449341,1
57122.480040462,4,9457,100,454151,1
57123.135005553,4,9439,100,451870,1
57124.970681962,1,9466,100,455781,-1
57125.588962383,1,9467,100,449989,1
57126.353028868,4,9467,100,449989,1
57127.089070792,1,9468,100,451689,-1
57128.065375011,3,9431,100,450007,1
57128.956970539,3,9466,100,455781,-1
57129.709958078,1,9469,100,449063,1
57130.423949866,4,9461,100,450184,1
57132.27075794,3,9455,100,452669,-1
57133.713271066,1,9470,100,449600,-1
57134.309511473,1,9471,100,452784,-1
57135.128090196,3,9448,100,456632,-1
57135.988468766,3,9446,100,458879,-1
57136.988329618,1,9472,100,451353,1
57137.801345406,5,9451,100,456213,-1
57138.773435961,4,9468,100,451689,-1
57139.750336562,1,9473,100,452145,-1
57140.667303756,3,9464,100,450315,1
57141.467497005,1,9474,100,450778,1
57142.261216321,4,9474,100,450778,1
57143.709543025,1,9475,100,450478,1
57144.164238168,4,9435,100,451286,1
57144.64644001,3,9458,100,454402,-1
57145.606626638,1,9476,100,452445,-1
57146.238182775,3,9462,100,449562,1
57146.849243983,1,9477,100,450109,1
57147.619771608,1,9478,100,452368,1
57147.98519339,4,9471,100,452784,-1
57148.76581454,1,9479,100,451926,-1
57149.739945962,1,9480,100,450504,1
57150.649672112,5,9478,100,452368,1
57151.138146752,1,9481,100,447514,1
57151.727820675,3,9476,100,452445,-1
57153.080474498,3,9472,100,451353,1
57153.666069311,1,9482,100,453762,-1
57154.259794524,1,9483,100,453320,1
57154.932987723,3,9460,100,454447,-1
57155.585895637,3,9482,100,453762,-1
57156.289258875,5,9477,100,450109,1
57156.689829755,3,9479,100,451926,-1
57157.398717941,3,9480,100,450504,1
57158.05372784,4,9470,100,449600,-1
57158.616611058,1,9484,100,453853,-1
57159.547895953,1,9485,200,453168,-1
57160.363708172,3,9469,100,449063,1
57161.31692005,4,9473,100,452145,-1
57161.962474662,3,9484,100,453853,-1
57162.561199138,1,9486,100,453927,1
57163.095897031,3,9438,100,455483,-1
57164.036508242,1,9487,100,456717,-1
57164.570954048,3,9487,100,456717,-1
57165.383711791,1,9488,100,455393,-1
57166.02547574,3,9475,100,450478,1
57166.61997291,3,9486,100,453927,1
57167.458352216,4,9485,100,453168,-1
57167.904857218,4,9485,100,453168,-1
57168.458569313,1,9489,100,455350,-1
57169.39372062,1,9490,100,454775,-1
57169.753640985,4,9483,100,453320,1
57170.620630119,3,9488,100,455393,-1
57171.252942341,1,9491,100,453549,-1
57171.984135226,1,9492,100,450818,1
57172.533399898,1,9493,100,453053,-1
57173.225635012,4,9493,100,453053,-1
57173.75170207,5,9491,100,453549,-1
57174.176728893,1,9494,100,452214,1
57174.884082094,1,9495,100,450696,1
57175.805275832,3,9481,100,447514,1
57176.385498057,4,9494,100,452214,1
57176.809478422,5,9465,100,449341,1
57177.321997228,4,9495,100,450696,1
57178.392218808,5,9490,100,454775,-1
57179.136581537,3,9489,100,455350,-1
57179.781558619,4,9492,100,450818,1
57180.746278972,1,9496,100,454206,1
57181.659530709,1,9497,100,454266,-1
57182.540759956,5,9496,100,454206,1
57183.472852713,4,9497,100,454266,-1
57184.191962829,1,9498,100,451418,1
57185.108195867,1,9499,100,452370,-1
57185.56948018,1,9500,100,453646,-1
57185.97250817,1,9501,100,452589,-1
57186.468156362,1,9502,100,452965,1
57186.852062591,4,9502,100,452965,1
57188.017105823,1,9503,100,451870,-1
57188.819016169,1,9504,100,452400,-1
57189.447385133,4,9498,100,451418,1
57190.388412683,1,9505,100,450276,1
57190.927885106,1,9506,100,450619,1
57191.312486046,1,9507,100,452048,-1
57191.964893499,1,9508,100,449914,1
57192.46381852,4,9506,100,450619,1
57193.69054712,1,9509,100,451959,-1
57194.228722968,1,9510,100,451347,1
57195.021900331,3,9508,100,449914,1
57195.75535055,3,9503,100,451870,-1
57196.340919745,1,9511,100,451189,-1
57197.148097622,1,9512,100,451240,-1
57197.821864509,5,9500,100,453646,-1
57198.745426516,1,9513,100,453124,-1
57200.034485073,1,9514,100,452460,1
57200.72657794,1,9515,100,456421,-1
57201.271174017,3,9507,100,452048,-1
57202.790472205,3,9513,100,453124,-1
57204.207573142,1,9516,100,453527,1
57204.851909176,4,9501,100,452589,-1
57205.367187023,4,9512,100,451240,-1
57206.222273889,3,9504,100,452400,-1
57207.626871875,1,9517,100,454536,1
57208.44541213,1,9518,100,455677,-1
57209.316727974,4,9518,100,455677,-1
57209.691761076,4,9509,100,451959,-1
57210.385012047,5,9516,100,453527,1
57210.749942276,3,9499,100,452370,-1
57211.117142782,3,9510,100,451347,1
57212.448452062,1,9519,100,456110,-1
57213.122806571,1,9520,100,456098,1
57213.852080615,1,9521,100,455685,-1
57214.401462035,3,9505,100,450276,1
57215.024073602,5,9520,100,456098,1
57215.445836464,1,9522,100,452595,1
57216.20853705,4,9519,100,456110,-1
57216.999387199,3,9522,100,452595,1
57217.810459304,1,9523,100,456218,-1
57218.301629072,5,9514,100,452460,1
57219.12925569,1,9524,100,457784,-1
57219.953757526,1,9525,100,453842,1
57221.378812325,3,9511,100,451189,-1
57222.00719101,3,9523,100,456218,-1
57223.476803994,3,9524,100,457784,-1
57224.807389132,4,9521,100,455685,-1
57225.346866504,1,9526,100,456509,-1
57225.970400796,4,9517,100,454536,1
57226.409985963,3,9526,100,456509,-1
57227.166115378,4,9515,100,456421,-1
57227.664491532,4,9525,100,453842,1
57228.40501213,1,9527,100,456942,-1
57228.837656543,1,9528,100,458210,-1
57229.735864708,1,9529,100,458028,1
57230.742442475,1,9530,100,458791,-1
57231.571629269,3,9529,100,458028,1
57232.108658412,4,9528,100,458210,-1
57232.798451955,1,9531,100,458186,-1
57233.418512874,1,9532,100,453608,1
57234.232968522,3,9532,100,453608,1
57235.170716068,1,9533,100,455480,-1
57235.666595744,1,9534,100,454163,-1
57236.131189955,1,9535,100,455506,-1
57236.479272661,3,9531,100,458186,-1
57237.585954433,3,9534,100,454163,-1
57238.071109546,1,9536,100,455474,1
57238.783731557,1,9537,100,455657,-1
57239.205005228,3,9527,100,456942,-1
57239.974742645,4,9536,100,455474,1
57240.775757867,3,9537,100,455657,-1
57241.288896884,3,9530,100,458791,-1
57241.829275042,4,9535,100,455506,-1
57242.629701331,3,9533,100,455480,-1
57243.391117715,1,9538,100,453590,-1
57244.245980833,4,9538,100,453590,-1
57244.789644313,1,9539,100,453627,1
57245.65796964,1,9540,100,454178,-1
57246.47270627,4,9539,100,453627,1
57247.073694338,5,9540,100,454178,-1
57247.476517928,1,9541,100,454265,1
57247.982729742,1,9542,100,456187,-1
57248.933887096,4,9541,100,454265,1
57249.587063852,1,9543,100,454042,-1
57250.379202271,3,9542,100,456187,-1
57251.031448156,4,9543,100,454042,-1
57251.73388462,1,9544,100,455215,-1
57252.391869017,3,9544,100,455215,-1
57252.800235232,1,9545,100,455880,-1
57253.487372297,5,9545,100,455880,-1
57254.202250095,1,9546,100,454231,-1
57255.135100277,4,9546,100,454231,-1
57256.001333323,1,9547,100,453801,-1
57256.593504249,3,9547,100,453801,-1
57256.931657128,1,9548,100,452492,1
57257.446785778,1,9549,100,452527,-1
57259.140394016,1,9550,100,453838,-1
57259.52692248,4,9548,100,452492,1
57259.868128496,1,9551,100,451330,1
57260.406213116,1,9552,100,451871,1
57261.335024277,1,9553,100,453662,-1
57262.238403381,5,9551,100,451330,1
57263.13842299,1,9554,100,450750,1
57263.687288325,1,9555,100,454312,-1
57264.242387273,3,9549,100,452527,-1
57264.841547719,1,9556,100,452873,-1
57265.758760161,1,9557,100,452685,-1
57266.528445278,3,9555,100,454312,-1
57267.178416206,4,9557,100,452685,-1
57267.587926343,3,9552,100,451871,1
57268.180768261,5,9554,100,450750,1
57268.76082981,1,9558,100,451986,1
57269.752403878,1,9559,100,450420,1
57270.579758667,1,9560,100,454675,-1
57270.965677069,1,9561,100,451669,1
57271.359152212,1,9562,100,451284,1
57271.926030731,1,9563,100,452913,-1
57273.501246297,3,9556,100,452873,-1
57274.169295592,1,9564,100,452564,1
57275.028410759,1,9565,100,456403,-1
57275.485965766,1,9566,100,457282,-1
57276.042479623,1,9567,100,457610,-1
57276.980170288,3,9559,100,450420,1
57277.355389954,3,9561,100,451669,1
57278.31593238,1,9568,100,454269,1
57278.861534525,1,9569,100,456013,1
57279.406589864,1,9570,100,456697,1
57280.479206936,4,9550,100,453838,-1
57281.121798985,4,9553,100,453662,-1
57282.439101949,1,9571,100,460340,-1
57282.769035836,3,9568,100,454269,1
57283.132060649,1,9572,100,458314,-1
57283.571997495,3,9558,100,451986,1
57284.33079908,1,9573,100,458377,1
57285.10844452,1,9574,100,457824,1
57285.727401497,3,9567,100,457610,-1
57286.543663775,3,9574,100,457824,1
57287.181081127,1,9575,100,459856,-1
57288.429247168,1,9576,100,459784,-1
57289.226313518,1,9577,100,460578,-1
57289.619747137,4,9560,100,454675,-1
57290.326521432,5,9564,100,452564,1
57290.895794666,1,9578,100,458981,-1
57292.175662563,1,9579,100,460936,-1
57292.629574236,5,9572,100,458314,-1
57293.23749022,3,9575,100,459856,-1
57293.766619554,3,9566,100,457282,-1
57294.536833728,3,9578,100,458981,-1
57295.069614739,1,9580,100,455977,1
57295.858532573,3,9569,100,456013,1
57296.235813923,1,9581,100,453009,1
57296.726806106,4,9570,100,456697,1
57297.948801061,3,9573,100,458377,1
57298.841981795,3,9562,100,451284,1
57300.1562023,3,9576,100,459784,-1
57300.883240525,1,9582,100,455519,1
57302.889953479,1,9583,100,452788,1
57303.615079198,1,9584,100,451654,1
57303.943962064,4,9563,100,452913,-1
57304.503949049,4,9580,100,455977,1
57305.86093817,1,9585,100,456288,-1
57306.188369221,1,9586,100,453387,1
57306.725357541,4,9582,100,455519,1
57307.32215086,3,9577,100,460578,-1
57308.142124556,3,9583,100,452788,1
57308.741687232,1,9587,100,454614,1
57309.58841668,3,9585,100,456288,-1
57310.417082197,1,9588,100,450669,1
57311.863617224,4,9581,100,453009,1
57312.72629415,4,9587,100,454614,1
57313.540245358,1,9589,100,449504,1
57314.485573975,3,9588,100,450669,1
57315.089297457,1,9590,100,453376,1
57315.680610527,1,9591,100,451983,1
57316.151208593,1,9592,100,456422,-1
57316.946186728,5,9571,100,460340,-1
57317.699243999,1,9593,100,453946,-1
57318.104473698,1,9594,100,448707,1
57318.464323902,1,9595,100,452221,-1
57319.102298734,3,9589,100,449504,1
57320.377388676,3,9592,100,456422,-1
57321.021512413,5,9594,100,448707,1
57321.562014957,3,9591,100,451983,1
57322.119021176,3,9565,100,456403,-1
57323.400198042,1,9596,100,447977,1
57323.817219801,1,9597,100,451355,-1
57324.504469241,1,9598,100,453146,-1
57325.021252585,3,9590,100,453376,1
57325.969035922,1,9599,100,451299,1
57326.347681241,1,9600,100,451123,1
57326.878623444,1,9601,100,452233,-1
57327.208265732,5,9586,100,453387,1
57328.055431332,1,9602,100,446816,1
57328.519500973,3,9599,100,451299,1
57329.367480921,1,9603,100,447003,1
57330.745775915,3,9602,100,446816,1
57331.595526902,3,9595,100,452221,-1
57333.002200839,1,9604,100,445906,1
57333.934185502,3,9596,100,447977,1
57334.801618492,1,9605,100,451736,-1
57335.722528386,1,9606,100,453548,-1
57336.540164802,4,9597,100,451355,-1
57336.861719916,5,9601,100,452233,-1
57338.162478996,1,9607,100,450216,1
57339.018375087,5,9604,100,445906,1
57339.376013733,3,9607,100,450216,1
57339.918055968,1,9608,100,449465,1
57340.733141278,1,9609,100,449000,1
57341.670954248,3,9598,100,453146,-1
57342.35693092,5,9603,100,447003,1
57343.845836791,3,9579,100,460936,-1
57344.397432359,3,9605,100,451736,-1
57344.721911266,3,9600,100,451123,1
57345.609310353,1,9610,100,452647,-1
57347.103100525,1,9611,100,451320,-1
57347.773474203,3,9584,100,451654,1
57348.291696543,3,9608,100,449465,1
57349.387907373,5,9610,100,452647,-1
57350.051480409,1,9612,100,451370,1
57350.544074983,3,9609,100,449000,1
57351.430953185,3,9611,100,451320,-1
57351.894644547,3,9606,100,453548,-1
57352.227930089,5,9593,100,453946,-1
57352.829602228,1,9613,100,451772,1
57353.163159981,1,9614,100,451856,-1
57353.536631868,3,9613,100,451772,1
57354.385591549,5,9614,100,451856,-1
57354.745151319,1,9615,100,451415,1
57355.163812701,3,9615,100,451415,1
57355.77604243,1,9616,100,452525,-1
57356.150421953,1,9617,100,452937,-1
57357.533849292,3,9617,100,452937,-1
57358.203159537,4,9616,100,452525,-1
57358.582261158,4,9612,100,451370,1
57359.406933149,1,9618,100,452970,-1
57360.581708344,1,9619,100,456221,-1
57361.311885869,1,9620,100,454328,-1
57361.973510964,3,9618,100,452970,-1
57362.485684644,1,9621,100,455141,-1
57363.253181939,1,9622,100,451270,1
57363.693875411,5,9620,100,454328,-1
57364.445767123,4,9622,100,451270,1
57365.23067687,5,9619,100,456221,-1
57365.621769288,1,9623,100,448511,1
57366.175881222,5,9621,100,455141,-1
57366.618285169,4,9623,100,448511,1
57367.480638888,1,9624,100,453443,-1
57368.389752355,3,9624,100,453443,-1
57369.208163177,1,9625,100,452998,-1
57370.043535982,1,9626,100,453505,1
57370.683982969,1,9627,100,452895,-1
57371.547241875,1,9628,100,451859,1
57372.331601275,4,9628,100,451859,1
57373.217022737,3,9625,100,452998,-1
57374.883052783,1,9629,100,453393,1
57375.325364746,5,9627,100,452895,-1
57375.912635439,3,9626,100,453505,1
57376.326752114,1,9630,100,450319,1
57377.030278734,4,9629,100,453393,1
57377.415263922,1,9631,100,454691,-1
57378.145152535,1,9632,100,451749,1
57378.794170559,1,9633,100,452968,-1
57379.496493916,5,9632,100,451749,1
57380.633325506,1,9634,100,450407,-1
57381.30090734,1,9635,100,452017,-1
57381.884975662,1,9636,100,453122,-1
57382.836078937,3,9631,100,454691,-1
57383.599942703,3,9635,100,452017,-1
57384.000930388,3,9636,100,453122,-1
57384.878344176,1,9637,100,450277,1
57385.502774983,1,9638,100,449971,1
57386.461471819,4,9634,100,450407,-1
57386.813667871,1,9639,100,450393,-1
57388.138371059,1,9640,100,448694,1
57388.827189716,4,9637,100,450277,1
57389.867904542,1,9641,100,449574,-1
57390.384474299,5,9630,100,450319,1
57391.307246186,5,9641,100,449574,-1
57391.864989224,4,9640,100,448694,1
57392.203718148,3,9638,100,449971,1
57392.789179431,1,9642,100,451873,-1
57393.242269775,3,9633,100,452968,-1
57393.949533779,4,9639,100,450393,-1
57394.386208694,4,9642,100,451873,-1
57394.855905537,1,9643,100,449631,1
57395.414152385,1,9644,100,448608,1
57396.294715591,5,9643,100,449631,1
57396.868364364,1,9645,100,448551,1
57397.827492841,3,9645,100,448551,1
57398.673230311,1,9646,100,449202,1
57399.324126231,3,9646,100,449202,1
57399.699158532,1,9647,100,447417,1
57400.149886373,1,9648,100,450687,-1
57402.332819298,1,9649,100,448684,1
57402.980319928,1,9650,100,449066,-1
57403.315636385,3,9644,100,448608,1
57403.798385626,1,9651,100,449936,1
57404.15334846,4,9650,100,449066,-1
57404.481685796,5,9647,100,447417,1
57405.381535992,4,9651,100,449936,1
57406.093256961,1,9652,100,447246,1
57406.735136507,1,9653,100,448081,-1
57407.452713044,1,9654,100,446021,-1
57408.64868682,3,9652,100,447246,1
57409.129284413,5,9653,100,448081,-1
57410.316031374,4,9649,100,448684,1
57411.228963357,3,9654,100,446021,-1
57412.010593545,3,9648,100,450687,-1
57412.561726021,1,9655,100,446112,-1
57412.892166238,1,9656,100,445103,1
57413.59235416,1,9657,100,444383,1
57414.349250473,3,9655,100,446112,-1
57415.155264882,1,9658,100,446784,-1
57415.69645998,1,9659,100,447494,-1
57416.140964676,3,9658,100,446784,-1
57416.856456297,1,9660,100,447437,1
57417.259642557,3,9659,100,447494,-1
57417.925295283,1,9661,100,446922,-1
57418.457233451,1,9662,100,446795,-1
57418.998396389,5,9661,100,446922,-1
57419.843918068,3,9657,100,444383,1
57420.624083917,3,9656,100,445103,1
57421.298483133,5,9662,100,446795,-1
57421.895541306,5,9660,100,447437,1
57422.56541567,1,9663,100,445466,1
57422.905220392,1,9664,100,445264,-1
57423.525962933,5,9664,100,445264,-1
57424.096428973,1,9665,100,443619,-1
57424.985469461,4,9663,100,445466,1
57425.80096147,1,9666,100,442916,-1
57426.226864581,3,9665,100,443619,-1
57427.092767225,3,9666,100,442916,-1
57427.433416928,1,9667,100,441716,-1
57428.251302518,1,9668,100,444725,-1
57428.882217186,3,9667,100,441716,-1
57430.318937191,3,9668,100,444725,-1
57431.06910159,1,9669,100,442112,-1
57431.595145716,4,9669,100,442112,-1
57432.120472977,1,9670,100,442746,-1
57432.764963081,3,9670,100,442746,-1
57433.238752316,1,9671,100,442094,1
57433.605206912,5,9671,100,442094,1
57434.014196448,1,9672,100,444376,-1
57434.765286545,1,9673,100,442254,1
57435.396468884,4,9673,100,442254,1
57435.759745396,3,9672,100,444376,-1
57436.520728663,1,9674,100,443527,-1
57437.225275224,4,9674,100,443527,-1
57437.885269517,1,9675,100,444262,-1
57438.805508721,3,9675,100,444262,-1
57439.369464431,1,9676,100,441910,1
57439.928615101,4,9676,100,441910,1
57440.748303973,1,9677,100,444965,1
57441.237655229,1,9678,100,444556,-1
57441.606044946,1,9679,100,445708,-1
57442.527026206,5,9678,100,444556,-1
57442.993283804,5,9677,100,444965,1
57443.500013851,1,9680,100,442781,1
57444.344867623,5,9680,100,442781,1
57445.134537106,4,9679,100,445708,-1
57445.757484222,1,9681,100,442775,-1
57446.223638666,1,9682,100,443974,-1
57446.585342591,4,9681,100,442775,-1
57447.315807006,5,9682,100,443974,-1
57448.151812761,1,9683,100,441862,-1
57448.550188222,4,9683,100,441862,-1
57449.081968742,1,9684,100,439163,1
57449.510676105,3,9684,100,439163,1
57450.398790043,1,9685,100,440887,-1
57450.865873738,1,9686,100,438704,1
57451.70781237,1,9687,100,439037,1
57452.683026343,1,9688,100,437161,1
57453.110321931,1,9689,100,438382,1
57453.879551,1,9690,100,437895,1
57454.813333981,1,9691,100,440277,-1
57455.565074122,3,9685,100,440887,-1
57456.329631732,5,9689,100,438382,1
57456.757306278,1,9692,100,441233,-1
57457.21550675,5,9686,100,438704,1
57457.705003547,3,9692,100,441233,-1
57458.022470433,4,9691,100,440277,-1
57458.673591781,3,9687,100,439037,1
57459.074631989,1,9693,100,441040,1
57459.851614753,1,9694,100,440921,1
57460.330768112,3,9688,100,437161,1
57460.790493772,1,9695,100,441307,-1
57461.381842516,3,9695,100,441307,-1
57462.19798199,4,9694,100,440921,1
57462.833599967,3,9693,100,441040,1
57463.20036023,3,9690,100,437895,1
57463.607493457,1,9696,100,441691,-1
57464.344549177,1,9697,100,442824,1
57464.985289837,1,9698,100,438956,1
57466.488995265,1,9699,100,438738,1
57467.091841101,3,9698,100,438956,1
57467.95825997,4,9696,100,441691,-1
57468.77459304,1,9700,100,441567,1
57469.200192561,1,9701,100,442377,-1
57470.063336385,1,9702,100,441574,-1
57470.879907628,4,9697,100,442824,1
57471.300745589,1,9703,100,439655,1
57471.62647494,4,9700,100,441567,1
57472.230359137,1,9704,100,440756,1
57472.669915736,4,9704,100,440756,1
57473.042910093,3,9701,100,442377,-1
57474.760606744,4,9703,100,439655,1
57475.409002044,1,9705,100,441270,-1
57475.990504163,3,9699,100,438738,1
57476.706891831,3,9702,100,441574,-1
57477.528791826,1,9706,100,442043,-1
57478.209781474,1,9707,100,438928,1
57478.961322241,1,9708,100,442861,-1
57479.879162626,4,9705,100,441270,-1
57480.539762345,1,9709,100,437147,1
57481.125215133,1,9710,100,439787,-1
57482.007882756,1,9711,100,443347,-1
57482.369215651,4,9710,100,439787,-1
57483.313095501,3,9709,100,437147,1
57483.817235511,1,9712,100,440758,1
57484.645848027,1,9713,100,440343,1
57485.357088149,3,9712,100,440758,1
57485.786912143,5,9708,100,442861,-1
57486.19178898,3,9707,100,438928,1
57487.087668445,1,9714,100,439131,1
57487.755870029,3,9706,100,442043,-1
57488.564671068,3,9711,100,443347,-1
57489.489261194,3,9713,100,440343,1
57491.039368976,3,9714,100,439131,1
57491.793508911,1,9715,100,438765,1
57492.308873955,1,9716,100,438006,-1
57493.092023364,5,9716,100,438006,-1
57493.818855284,4,9715,100,438765,1
57494.543446362,1,9717,100,438266,-1
57495.441245355,3,9717,100,438266,-1
57495.82387902,1,9718,100,437824,1
57496.733694745,4,9718,100,437824,1
57497.178065239,1,9719,100,440768,-1
57497.651505226,3,9719,100,440768,-1
57498.433063861,1,9720,100,439437,1
57498.928327994,4,9720,100,439437,1
57499.29958121,1,9721,100,439567,-1
57500.230920871,5,9721,100,439567,-1
57501.14499734,1,9722,100,440060,1
57502.031172222,4,9722,100,440060,1
57502.561198113,1,9723,100,439955,-1
57502.877218834,1,9724,100,443988,-1
57503.762836245,3,9724,100,443988,-1
57504.938009591,3,9723,100,439955,-1
57505.328454247,1,9725,100,439778,-1
57506.051914575,1,9726,100,441066,-1
57506.471638094,4,9726,100,441066,-1
57506.815098472,3,9725,100,439778,-1
57507.427930685,1,9727,100,440097,1
57507.894230987,5,9727,100,440097,1
57508.533256081,1,9728,100,443310,-1
57509.278260078,5,9728,100,443310,-1
57510.014215178,1,9729,100,442103,1
57511.292050196,1,9730,100,445895,-1
57512.340950726,1,9731,100,443403,-1
57513.931261901,5,9729,100,442103,1
57514.281753352,1,9732,100,443419,-1
57514.823822646,4,9732,100,443419,-1
57515.609459544,3,9731,100,443403,-1
57516.524108148,1,9733,100,443819,1
57517.408717704,1,9734,100,444863,1
57517.869851523,1,9735,100,444529,1
57518.800532368,1,9736,100,445286,1
57519.500999022,3,9730,100,445895,-1
57519.899993481,1,9737,100,444655,-1
57520.426517133,1,9738,100,445321,1
57521.26023976,4,9735,100,444529,1
57521.914498001,1,9739,100,444499,-1
57522.500150762,1,9740,100,444507,-1
57522.870293036,3,9736,100,445286,1
57523.423736218,3,9738,100,445321,1
57524.215766654,1,9741,100,446819,-1
57524.591157131,1,9742,100,443042,1
57525.266514846,1,9743,100,442626,1
57526.002784516,1,9744,100,442350,1
57527.50636402,5,9734,100,444863,1
57528.429484515,3,9744,100,442350,1
57528.808378947,1,9745,100,443790,1
57529.279188326,1,9746,100,444383,-1
57530.184705615,3,9737,100,444655,-1
57530.927681548,1,9747,100,444249,-1
57531.499272231,4,9742,100,443042,1
57532.349961025,3,9740,100,444507,-1
57532.744041654,3,9746,100,444383,-1
57533.064487496,1,9748,100,445274,-1
57533.902943945,1,9749,100,441541,-1
57534.674118906,3,9741,100,446819,-1
57535.121230359,5,9743,100,442626,1
57535.491044026,3,9733,100,443819,1
57535.856398743,1,9750,100,442996,-1
57536.774830319,4,9749,100,441541,-1
57537.459808455,1,9751,100,440571,1
57537.84443552,3,9748,100,445274,-1
57538.354612554,1,9752,100,439840,1
57540.081736779,3,9752,100,439840,1
57540.88923495,1,9753,100,440672,1
57541.748537936,3,9745,100,443790,1
57542.489047352,3,9747,100,444249,-1
57543.35911702,3,9739,100,444499,-1
57544.074490078,4,9751,100,440571,1
57544.880786274,1,9754,100,439858,-1
57545.525937387,1,9755,100,441101,-1
57545.877678816,4,9754,100,439858,-1
57546.581952248,4,9753,100,440672,1
57547.332050131,1,9756,100,440544,1
57548.538180258,4,9756,100,440544,1
57549.122572681,1,9757,100,440488,1
57549.551860652,5,9757,100,440488,1
57550.829246199,3,9755,100,441101,-1
57551.484509536,1,9758,100,438225,1
57552.378674824,3,9750,100,442996,-1
57552.723618912,4,9758,100,438225,1
57553.567223694,1,9759,100,440473,-1
57554.711049158,3,9759,100,440473,-1
57555.041574913,1,9760,100,438603,1
57555.580735896,5,9760,100,438603,1
57556.113995784,1,9761,100,437127,1
57556.725088557,1,9762,100,438229,-1
57557.488603189,3,9762,100,438229,-1
57558.381787423,1,9763,100,437561,1
57559.679223195,3,9761,100,437127,1
57560.329191483,4,9763,100,437561,1
57560.927312843,1,9764,100,440476,-1
57561.783011972,3,9764,100,440476,-1
57562.316808139,1,9765,100,439110,1
57562.702216614,3,9765,100,439110,1
57563.318445322,1,9766,100,439115,1
57564.247112044,1,9767,100,433671,1
57564.619591014,4,9766,100,439115,1
57564.992789018,1,9768,100,440227,-1
57565.504872046,1,9769,100,436858,-1
57566.280694063,3,9767,100,433671,1
57566.831923908,1,9770,100,439005,-1
57567.467696006,4,9769,100,436858,-1
57568.327727485,1,9771,100,436206,-1
57568.947580882,3,9771,100,436206,-1
57569.558491336,4,9770,100,439005,-1
57570.347334143,3,9768,100,440227,-1
57571.072900553,1,9772,100,434371,-1
57571.848703112,1,9773,100,434124,1
57572.321050077,1,9774,100,435361,-1
57573.014651056,4,9774,100,435361,-1
57574.400178471,1,9775,100,432811,1
57575.159606049,1,9776,100,432480,1
57575.79255618,1,9777,100,436241,-1
57576.615915853,3,9776,100,432480,1
57576.983297483,5,9777,100,436241,-1
57578.29098229,4,9772,100,434371,-1
57578.814601577,1,9778,100,437124,-1
57579.60458594,1,9779,100,433250,1
57580.507823625,4,9773,100,434124,1
57581.142080699,1,9780,100,433512,1
57583.051884993,4,9778,100,437124,-1
57583.882311342,5,9775,100,432811,1
57584.426240244,4,9779,100,433250,1
57585.201062281,1,9781,100,438711,-1
57585.856467096,4,9780,100,433512,1
57586.711675963,1,9782,100,437900,1
57587.280623343,3,9782,100,437900,1
57587.619241135,5,9781,100,438711,-1
57588.536479508,1,9783,100,436901,-1
57589.071719793,1,9784,100,436668,1
57591.408572679,1,9785,100,437055,-1
57591.73335878,1,9786,100,435557,1
57592.592344718,4,9784,100,436668,1
57593.921229441,4,9786,100,435557,1
57594.672270922,3,9785,100,437055,-1
57595.188388995,3,9783,100,436901,-1
57595.99129104,1,9787,100,434345,-1
57596.518024357,5,9787,100,434345,-1
57597.167154567,1,9788,100,437056,1
57597.519715345,3,9788,100,437056,1
57598.164237868,1,9789,100,438479,-1
57598.684682038,1,9790,100,439112,-1
57599.356378858,1,9791,100,438755,-1
57599.749243217,3,9790,100,439112,-1
