34200.66161495,1,1,100,3896450,1
34201.11576026,1,2,100,3901471,-1
34201.700583674,3,1,100,3896450,1
34202.282100668,3,2,100,3901471,-1
34202.616415356,1,3,100,3912425,-1
34202.897529397,1,4,100,3911451,1
34203.428888375,1,5,100,3920948,-1
34204.630292266,1,6,100,3918149,-1
34205.346256069,1,7,100,3921560,1
34205.749512755,1,8,100,3921368,1
34206.910712655,1,9,100,3924620,1
34207.55896552,3,4,100,3911451,1
34207.842907597,1,10,100,3931235,-1
34208.524439977,1,11,100,3928985,-1
34209.530552347,3,7,100,3921560,1
34209.874955108,3,3,100,3912425,-1
34210.184146305,1,12,100,3921341,1
34210.748481439,1,13,100,3923307,-1
34211.202152767,3,5,100,3920948,-1
34211.765259727,4,6,100,3918149,-1
34212.470499883,1,14,100,3921423,1
34212.752104108,4,13,100,3923307,-1
34213.319809015,5,8,100,3921368,1
34213.736054178,1,15,100,3908786,-1
34214.837992822,3,14,100,3921423,1
34215.505696013,1,16,100,3902779,1
34216.013233612,1,17,100,3907776,-1
34216.508551687,1,18,100,3905590,1
34217.074163015,1,19,100,3904451,1
34217.406193051,4,9,100,3924620,1
34217.696526187,3,19,100,3904451,1
34218.095817853,3,11,100,3928985,-1
34218.457293297,3,15,100,3908786,-1
34218.934543697,1,20,100,3911133,1
34219.18727685,4,12,100,3921341,1
34219.506084873,3,16,100,3902779,1
34220.729839644,3,17,100,3907776,-1
34221.363696149,3,18,100,3905590,1
34223.166064851,4,20,100,3911133,1
34223.72289187,1,21,100,3924574,1
34224.271698876,4,21,100,3924574,1
34224.72287577,3,10,100,3931235,-1
34225.112112006,1,22,100,3923251,1
34225.627069235,1,23,100,3930099,-1
34226.222208582,1,24,100,3929900,-1
34226.634291169,3,23,100,3930099,-1
34227.042353088,5,24,100,3929900,-1
34227.769850541,4,22,100,3923251,1
34228.336174611,1,25,100,3929908,-1
34228.632063021,1,26,100,3926559,1
34228.994491033,1,27,100,3925194,-1
34229.334370081,4,26,100,3926559,1
34229.889872154,1,28,100,3920873,1
34230.192612084,1,29,100,3918553,1
34230.588876543,4,29,100,3918553,1
34230.937166588,3,27,100,3925194,-1
34231.960403805,1,30,100,3911428,1
34232.54634994,1,31,100,3915804,1
34233.122425613,5,31,100,3915804,1
34233.677095511,1,32,100,3904678,1
34234.077548608,4,28,100,3920873,1
34234.702378197,1,33,100,3912773,1
34235.264514853,4,30,100,3911428,1
34235.724986451,3,33,100,3912773,1
34236.177548147,5,25,100,3929908,-1
34236.769665398,3,32,100,3904678,1
34237.219157034,1,34,100,3910673,1
34237.522262516,1,35,100,3909378,1
34238.159293603,3,35,100,3909378,1
34238.447137459,1,36,100,3923880,-1
34239.020202513,3,34,100,3910673,1
34239.555545516,1,37,100,3917853,1
34240.216650361,3,37,100,3917853,1
34241.148828121,3,36,100,3923880,-1
34241.586907463,1,38,100,3916006,-1
34242.108527791,1,39,100,3915754,-1
34242.399435143,5,39,100,3915754,-1
34242.734990915,1,40,100,3912980,-1
34243.321196873,3,38,100,3916006,-1
34243.978142655,1,41,100,3909531,-1
34244.514709729,4,41,100,3909531,-1
34244.834211534,3,40,100,3912980,-1
34245.163140605,1,42,100,3909968,-1
34245.575768818,1,43,100,3908536,1
34246.053271649,3,43,100,3908536,1
34246.343508132,3,42,100,3909968,-1
34246.91050047,1,44,100,3910840,1
34247.524801303,1,45,100,3916023,-1
34248.037508317,3,44,100,3910840,1
34248.717745328,3,45,100,3916023,-1
34249.318716939,1,46,100,3910667,-1
34249.860647393,3,46,100,3910667,-1
34250.348500318,1,47,100,3906829,-1
34250.684763223,5,47,100,3906829,-1
34251.197110668,1,48,100,3914217,-1
34251.696003143,1,49,100,3915661,-1
34252.396662787,1,50,100,3913108,1
34252.817732986,3,49,100,3915661,-1
34253.470818859,1,51,100,3923422,-1
34254.137855367,3,50,100,3913108,1
34254.813364998,3,48,100,3914217,-1
34255.247568814,1,52,100,3922024,1
34255.618160994,1,53,100,3920562,1
34256.264500286,1,54,100,3917977,-1
34256.607637878,1,55,100,3922159,-1
34256.939706807,4,52,100,3922024,1
34257.371299627,1,56,100,3920447,1
34257.695199087,1,57,100,3924048,1
34257.956855264,1,58,100,3916401,1
34258.482983683,3,53,100,3920562,1
34258.894356123,3,51,100,3923422,-1
34259.268862435,3,55,100,3922159,-1
34259.793685847,4,57,100,3924048,1
34260.8733944,4,54,100,3917977,-1
34261.393684163,4,56,100,3920447,1
34261.946677799,3,58,100,3916401,1
34262.599083889,1,59,100,3922660,1
34263.094969076,1,60,100,3919621,-1
34263.381041507,1,61,100,3911551,1
34263.99665978,1,62,100,3919030,-1
34264.501076051,3,60,100,3919621,-1
34264.914111593,3,62,100,3919030,-1
34265.659122987,4,59,100,3922660,1
34266.05113117,1,63,100,3921980,-1
34266.302679212,5,61,100,3911551,1
34267.411121847,3,63,100,3921980,-1
34268.053868101,1,64,100,3924567,-1
34268.674223557,3,64,100,3924567,-1
34269.366863398,1,65,100,3929860,-1
34269.812894119,4,65,100,3929860,-1
34270.070252318,1,66,100,3925539,1
34270.746892447,5,66,100,3925539,1
34271.147834112,1,67,100,3942452,-1
34271.706033875,3,67,100,3942452,-1
34272.315161717,1,68,100,3937452,-1
34272.735950541,1,69,100,3940204,1
34273.175500613,1,70,100,3936166,-1
34273.479016531,1,71,100,3928939,1
34273.794941172,4,69,100,3940204,1
34274.34826535,3,71,100,3928939,1
34274.730089944,4,68,100,3937452,-1
34275.070465944,3,70,100,3936166,-1
34275.768264185,1,72,100,3925411,-1
34276.250615384,4,72,100,3925411,-1
34276.687235389,1,73,100,3924775,-1
34277.057765008,3,73,100,3924775,-1
34277.36539407,1,74,100,3924235,1
34277.940454891,3,74,100,3924235,1
34278.315835793,1,75,100,3928414,1
34280.057004489,4,75,100,3928414,1
34280.783757849,1,76,100,3930160,-1
34281.412458936,1,77,100,3931422,1
34282.148778203,1,78,100,3930458,-1
34282.637297531,1,79,100,3930964,-1
34283.22339116,1,80,100,3936152,-1
34283.681374299,1,81,100,3931335,-1
34284.028119443,1,82,100,3930646,-1
34285.273119777,5,79,100,3930964,-1
34285.679119104,1,83,100,3927035,-1
34286.145325837,1,84,100,3925472,1
34286.811241052,3,82,100,3930646,-1
34287.637490949,1,85,100,3921349,1
34288.01102962,3,81,100,3931335,-1
34288.522619733,5,84,100,3925472,1
34288.935020154,1,86,100,3916810,-1
34289.205880029,4,77,100,3931422,1
34289.901562029,3,78,100,3930458,-1
34290.960367076,4,85,100,3921349,1
34291.56089233,1,87,100,3911119,1
34292.174016658,3,83,100,3927035,-1
34292.769370079,3,76,100,3930160,-1
34293.483919846,1,88,100,3925107,1
34293.899611638,4,86,100,3916810,-1
34294.412275414,3,87,100,3911119,1
34295.091902864,3,88,100,3925107,1
34295.640791298,1,89,100,3937027,1
34296.315987749,1,90,100,3940371,1
34296.66965251,3,80,100,3936152,-1
34297.191337201,1,91,100,3943702,-1
34297.563326973,3,89,100,3937027,1
34298.213926341,5,90,100,3940371,1
34298.723950843,1,92,100,3948702,1
34299.766524412,1,93,100,3946770,-1
34300.16821593,3,91,100,3943702,-1
34300.802422348,1,94,100,3943539,1
34301.108133024,4,93,100,3946770,-1
34301.513307845,1,95,100,3942478,1
34301.769098324,1,96,100,3950038,-1
34302.348440594,4,96,100,3950038,-1
34302.74149485,1,97,100,3948876,1
34303.400439049,1,98,100,3954280,-1
34304.683578918,5,97,100,3948876,1
34305.335176511,3,92,100,3948702,1
34305.597017482,3,94,100,3943539,1
34306.170892875,3,98,100,3954280,-1
34306.650770863,1,99,100,3957933,1
34307.365664502,1,100,100,3957103,1
34308.064886935,1,101,100,3957314,-1
34308.552683068,1,102,100,3957215,-1
34309.247243616,1,103,100,3955552,1
34309.59796303,3,99,100,3957933,1
34310.130508155,4,100,100,3957103,1
34310.845369963,1,104,100,3949849,-1
34311.580732411,4,104,100,3949849,-1
34312.095293239,1,105,100,3948834,1
34312.807120739,1,106,100,3947359,-1
34313.347685683,1,107,100,3944615,-1
34313.801988585,1,108,100,3946755,-1
34314.179855328,1,109,100,3943155,-1
34314.693357516,4,95,100,3942478,1
34315.250479391,1,110,100,3938935,-1
34316.20037054,1,111,100,3936532,1
34316.878270869,1,112,100,3929027,1
34317.134182104,1,113,100,3929521,1
34317.603909877,1,114,100,3933501,1
34318.371522247,4,105,100,3948834,1
34318.978977881,1,115,100,3928488,-1
34319.427425493,1,116,100,3934063,-1
34320.161993213,1,117,100,3933575,1
34320.702344589,1,118,100,3928677,1
34321.390332649,3,103,100,3955552,1
34323.153132882,1,119,100,3941037,1
34323.736165439,1,120,100,3937648,-1
34324.357550209,1,121,100,3945747,-1
34325.005841429,3,119,100,3941037,1
34325.603836486,3,116,100,3934063,-1
34326.475116187,3,120,100,3937648,-1
34326.93352354,1,122,100,3950496,-1
34327.601347029,1,123,100,3947985,1
34328.078739668,3,108,100,3946755,-1
34328.530646796,3,117,100,3933575,1
34328.96850777,1,124,100,3952490,1
34329.306879199,3,124,100,3952490,1
34329.623241126,4,122,100,3950496,-1
34330.283726803,5,106,100,3947359,-1
34330.631486617,4,102,100,3957215,-1
34330.923598892,3,109,100,3943155,-1
34331.336227314,3,121,100,3945747,-1
34331.773082798,1,125,100,3964519,-1
34332.231177041,5,101,100,3957314,-1
34333.433207196,3,123,100,3947985,1
34334.059527135,4,107,100,3944615,-1
34334.400061836,3,115,100,3928488,-1
34335.000338799,1,126,100,3973921,-1
34335.271355803,1,127,100,3970183,1
34336.272965297,1,128,100,3975609,-1
34336.955839872,1,129,100,3977504,-1
34338.351194108,1,130,100,3980480,-1
34338.668523545,3,114,100,3933501,1
34338.962145799,5,110,100,3938935,-1
34339.866716251,3,129,100,3977504,-1
34340.395939811,1,131,100,3987505,-1
34340.644746596,4,125,100,3964519,-1
34341.137476134,3,118,100,3928677,1
34341.482495133,5,126,100,3973921,-1
34341.934986171,3,130,100,3980480,-1
34342.240599667,4,131,100,3987505,-1
34342.791353348,4,128,100,3975609,-1
34343.498603807,1,132,100,3998130,-1
34344.119386593,3,111,100,3936532,1
34344.667192024,1,133,100,4004328,-1
34345.079093152,4,132,100,3998130,-1
34346.176958444,5,127,100,3970183,1
34346.433436562,1,134,100,4002122,-1
34346.829908576,1,135,100,3996823,1
34347.410976983,1,136,100,4001893,1
34347.80921829,1,137,100,4002765,1
34348.278553882,3,137,100,4002765,1
34349.115220274,1,138,100,3999455,-1
34349.458604904,5,113,100,3929521,1
34349.970198022,1,139,100,3998875,-1
34350.488742901,1,140,100,3996366,1
34350.896915167,1,141,100,3991796,1
34351.244858871,1,142,100,3992926,1
34351.529060898,1,143,100,3994868,-1
34351.903961988,1,144,100,3992738,1
34352.600446537,3,134,100,4002122,-1
34353.300781662,1,145,100,3993717,1
34353.94112405,5,144,100,3992738,1
34354.319406512,1,146,100,3991050,1
34355.050794793,1,147,100,3993490,1
34355.558263219,5,145,100,3993717,1
34355.849276895,4,147,100,3993490,1
34356.246755454,4,143,100,3994868,-1
34356.973476511,3,142,100,3992926,1
34357.347020327,4,139,100,3998875,-1
34358.032128273,3,138,100,3999455,-1
34358.612602308,1,148,100,4010486,-1
34359.211741473,1,149,100,4010642,-1
34359.751872968,1,150,100,4016656,-1
34360.329770871,1,151,100,4011447,1
34360.928088282,3,133,100,4004328,-1
34361.281554248,1,152,100,4019071,1
34361.628180369,1,153,100,4018408,-1
34362.144947059,3,152,100,4019071,1
34362.48304072,3,136,100,4001893,1
34363.110904629,4,150,100,4016656,-1
34363.776044933,1,154,100,4019364,1
34364.243095458,3,146,100,3991050,1
34364.924583426,3,149,100,4010642,-1
34365.324617859,1,155,100,4019196,1
34365.992399268,1,156,100,4021037,-1
34366.508092526,1,157,100,4004826,1
34367.240290368,1,158,100,4010690,1
34367.686130454,1,159,100,4013293,-1
34368.330657566,4,155,100,4019196,1
34369.275725242,1,160,100,4015052,-1
34369.746697441,3,153,100,4018408,-1
34370.063561925,1,161,100,4009502,1
34370.506509105,4,160,100,4015052,-1
34370.922461101,3,135,100,3996823,1
34371.353249406,4,159,100,4013293,-1
34371.965317403,1,162,100,4014774,1
34372.554105351,3,158,100,4010690,1
34373.121376445,1,163,100,4018721,-1
34373.397849475,3,148,100,4010486,-1
34375.190188971,1,164,100,4009941,1
34375.574791549,1,165,100,4002797,1
34376.30288388,3,140,100,3996366,1
34376.594026759,1,166,100,4017653,-1
34377.156086696,1,167,100,4013481,-1
34377.569361123,4,157,100,4004826,1
34378.213467608,3,151,100,4011447,1
34378.701253757,4,161,100,4009502,1
34379.431915152,3,162,100,4014774,1
34380.122868577,1,168,100,4003948,1
34380.703301113,5,168,100,4003948,1
34381.217958824,3,154,100,4019364,1
34381.489000239,4,167,100,4013481,-1
34382.002640462,3,156,100,4021037,-1
34382.530033718,4,164,100,4009941,1
34383.066841214,1,169,100,4008265,1
34383.379793561,1,170,100,4014101,-1
34383.934108538,3,141,100,3991796,1
34384.546934757,3,169,100,4008265,1
34385.556100129,3,166,100,4017653,-1
34386.204216905,5,112,100,3929027,1
34386.785891588,3,165,100,4002797,1
34387.339912423,3,163,100,4018721,-1
34388.415513998,1,171,100,4013561,-1
34389.016544176,4,171,100,4013561,-1
34389.641352391,3,170,100,4014101,-1
34390.343961148,1,172,100,4010124,-1
34390.628952291,5,172,100,4010124,-1
34391.124797242,1,173,100,4011685,1
34391.837903504,1,174,100,4011230,-1
34392.467809098,3,173,100,4011685,1
34392.927000777,1,175,100,4007786,1
34393.844026648,1,176,100,4028714,1
34394.167677609,1,177,100,4025320,-1
34394.46361722,1,178,100,4027114,-1
34395.423020419,1,179,100,4028550,-1
34396.081938162,3,178,100,4027114,-1
34396.532546709,3,176,100,4028714,1
34396.816220232,1,180,100,4037737,-1
34398.02633482,1,181,100,4039437,1
34398.382847914,3,181,100,4039437,1
34398.914047677,4,177,100,4025320,-1
34399.434354236,4,174,100,4011230,-1
34399.810300971,1,182,100,4035795,-1
34400.541528395,4,179,100,4028550,-1
34401.266820228,1,183,100,4026883,1
34401.61968099,4,183,100,4026883,1
34402.041291775,1,184,100,4019178,-1
34402.306779871,5,180,100,4037737,-1
34402.85325249,1,185,100,4017598,-1
34403.412098773,3,175,100,4007786,1
34403.984601033,5,182,100,4035795,-1
34404.692371055,1,186,100,4014287,1
34405.384824045,1,187,100,4011348,1
34406.122557672,1,188,100,4004581,1
34406.458734085,5,186,100,4014287,1
34406.71604304,3,185,100,4017598,-1
34407.064385477,3,188,100,4004581,1
34407.639067307,3,187,100,4011348,1
34408.260021272,1,189,100,4005875,-1
34408.756411346,1,190,100,4006785,-1
34409.40346252,5,189,100,4005875,-1
34409.961404856,5,190,100,4006785,-1
34410.528097055,1,191,100,4000506,-1
34410.821173248,1,192,100,3999357,1
34411.097348668,1,193,100,4008082,-1
34411.48410789,3,192,100,3999357,1
34411.87631397,4,191,100,4000506,-1
34412.125759106,1,194,100,4001094,1
34412.70724777,1,195,100,4006950,-1
34413.662140755,1,196,100,4012737,1
34414.205750681,1,197,100,4009556,1
34414.587779242,3,193,100,4008082,-1
34415.121278746,3,197,100,4009556,1
34415.719222883,3,196,100,4012737,1
34416.704867431,3,194,100,4001094,1
34417.134011247,5,195,100,4006950,-1
34417.64592387,3,184,100,4019178,-1
34418.295898446,1,198,100,4005544,-1
34418.888089255,3,198,100,4005544,-1
34419.389807198,1,199,100,3994880,1
34419.908021514,3,199,100,3994880,1
34420.403475919,1,200,100,4003400,1
34420.784728673,1,201,100,4010191,-1
34421.383823429,3,201,100,4010191,-1
34421.811644352,4,200,100,4003400,1
34422.414752226,1,202,100,4014394,1
34422.676297981,4,202,100,4014394,1
34423.28726794,1,203,100,4016747,1
34423.757891936,3,203,100,4016747,1
34424.173470225,1,204,100,4022345,1
34424.615671993,1,205,100,4023128,-1
34425.277768168,1,206,100,4025125,1
34425.747461725,3,204,100,4022345,1
34426.355367322,1,207,100,4027661,-1
34427.297929547,4,206,100,4025125,1
34427.581049368,1,208,100,4027857,-1
34428.262211759,4,208,100,4027857,-1
34428.658890599,3,207,100,4027661,-1
34429.03676106,1,209,100,4033702,1
34429.619145287,1,210,100,4028307,1
34430.184500615,4,209,100,4033702,1
34430.895224371,1,211,100,4026985,-1
34431.146030624,1,212,100,4024184,1
34431.748900737,1,213,100,4021620,-1
34432.247643856,4,212,100,4024184,1
34432.544891961,5,210,100,4028307,1
34432.937687322,3,205,100,4023128,-1
34434.020571655,1,214,100,4006422,-1
34434.451424014,3,211,100,4026985,-1
34435.150781569,3,213,100,4021620,-1
34435.641372676,1,215,100,3993723,1
34435.951413399,5,215,100,3993723,1
34436.544903277,3,214,100,4006422,-1
34437.258282478,1,216,100,4002727,1
34437.832195482,1,217,100,4005265,-1
34438.191761586,3,217,100,4005265,-1
34438.892075351,1,218,100,4002191,-1
34439.316367782,3,218,100,4002191,-1
34439.826355971,1,219,100,3996091,-1
34440.122784314,3,219,100,3996091,-1
34440.509900608,1,220,100,3979622,1
34441.084605376,1,221,100,3983820,-1
34441.50939353,1,222,100,3978541,1
34442.100354031,3,216,100,4002727,1
34442.686174894,3,220,100,3979622,1
34443.079250814,5,221,100,3983820,-1
34443.573026695,1,223,100,3976236,1
34444.079522612,4,222,100,3978541,1
34444.337950487,1,224,100,3978111,1
34444.750213886,5,224,100,3978111,1
34445.241660468,5,223,100,3976236,1
34445.817328644,1,225,100,3984993,-1
34446.139754272,1,226,100,3980315,1
34446.534005325,1,227,100,3981317,1
34446.99486458,1,228,100,3984957,-1
34447.704772401,3,225,100,3984993,-1
34448.147474327,1,229,100,3985901,1
34448.737124762,3,229,100,3985901,1
34449.336943699,1,230,100,3983545,1
34449.806907784,1,231,100,3981995,-1
34450.188864584,1,232,100,3987229,1
34450.796093424,1,233,100,3980111,1
34451.452514196,1,234,100,3980758,1
34451.823361161,3,231,100,3981995,-1
34452.365942811,1,235,100,3984661,-1
34452.888688485,4,235,100,3984661,-1
34453.155749768,1,236,100,3992132,-1
34453.457156083,1,237,100,3980427,-1
34453.829831993,4,226,100,3980315,1
34454.174866835,4,237,100,3980427,-1
34454.8348605,5,233,100,3980111,1
34455.11134387,1,238,100,3981158,1
34455.797934023,1,239,100,3982122,1
34456.532516147,4,228,100,3984957,-1
34457.241568912,5,232,100,3987229,1
34457.593319587,3,230,100,3983545,1
34458.242657353,1,240,100,3979568,-1
34458.766118907,3,238,100,3981158,1
34460.284104676,1,241,100,3976937,-1
34461.557492026,1,242,100,3979943,-1
34462.019365569,1,243,100,3981789,-1
34462.319973133,5,227,100,3981317,1
34462.820278075,1,244,100,3986777,-1
34463.171142394,5,241,100,3976937,-1
34463.896147035,5,243,100,3981789,-1
34464.393082162,4,242,100,3979943,-1
34464.812737998,1,245,100,3986457,-1
34465.135199151,1,246,100,3989806,1
34465.643453929,4,240,100,3979568,-1
34465.906147656,1,247,100,3989983,-1
34466.34388515,1,248,100,4000414,-1
34466.646229636,3,245,100,3986457,-1
34467.238140108,1,249,100,4004013,-1
34467.982944676,4,236,100,3992132,-1
34468.451779194,3,248,100,4000414,-1
34468.811727319,4,247,100,3989983,-1
34469.428635752,5,234,100,3980758,1
34469.998214829,1,250,100,4000502,1
34470.611018235,1,251,100,3995911,1
34470.970654276,3,250,100,4000502,1
34471.22087255,3,244,100,3986777,-1
34471.536591623,4,251,100,3995911,1
34472.228144864,1,252,100,3991668,-1
34472.948124105,4,246,100,3989806,1
34473.347568113,1,253,100,3993836,-1
34473.685960794,3,239,100,3982122,1
34474.34568654,5,249,100,4004013,-1
34474.976962744,1,254,100,3982833,-1
34475.567575998,1,255,100,3990507,-1
34475.927620043,3,255,100,3990507,-1
34476.286643057,5,252,100,3991668,-1
34476.588605097,4,254,100,3982833,-1
34477.276397511,1,256,100,3979256,1
34477.891569624,3,256,100,3979256,1
34478.393925188,1,257,100,3978229,-1
34480.253614676,3,257,100,3978229,-1
34480.888153434,4,253,100,3993836,-1
34481.189669913,1,258,100,3975078,1
34481.568731779,1,259,100,3977113,1
34482.009299065,4,259,100,3977113,1
34482.48997999,4,258,100,3975078,1
34482.85110384,1,260,100,3979961,1
34483.411666225,3,260,100,3979961,1
34484.009483178,1,261,100,3993313,-1
34484.557335551,1,262,100,3996117,-1
34485.189906935,1,263,100,3993462,-1
34485.744632557,1,264,100,3990524,-1
34486.28041699,1,265,100,3984835,1
34486.649834395,3,263,100,3993462,-1
34487.375600382,3,265,100,3984835,1
34487.919715843,1,266,100,3977895,-1
34488.888013639,5,262,100,3996117,-1
34489.441146318,3,266,100,3977895,-1
34489.736053269,3,264,100,3990524,-1
34490.127258749,1,267,100,3971296,1
34490.602300943,3,267,100,3971296,1
34491.63824698,1,268,100,3972111,-1
34492.42430842,1,269,100,3975828,-1
34493.69520848,1,270,100,3979824,-1
34494.224434892,1,271,100,3978424,-1
34494.759707862,1,272,100,3976224,-1
34495.226267172,3,261,100,3993313,-1
34496.218704135,1,273,100,3955094,1
34496.806737565,5,269,100,3975828,-1
34497.285950444,5,273,100,3955094,1
34497.565356633,4,271,100,3978424,-1
34498.522165181,1,274,100,3947139,-1
34498.991967135,1,275,100,3951218,-1
34499.387561078,3,275,100,3951218,-1
34499.773818705,5,272,100,3976224,-1
34500.227238224,3,274,100,3947139,-1
34500.7768157,3,268,100,3972111,-1
34501.362335296,3,270,100,3979824,-1
34501.65939305,1,276,100,3950847,-1
34501.930490225,4,276,100,3950847,-1
34502.326723624,1,277,100,3937602,1
34502.673800781,5,277,100,3937602,1
34503.39800369,1,278,100,3937448,-1
34503.814206047,3,278,100,3937448,-1
34504.350985269,1,279,100,3930831,-1
34504.777216837,4,279,100,3930831,-1
34505.246665914,1,280,100,3926165,1
34505.590885991,3,280,100,3926165,1
34506.024772664,1,281,100,3920139,1
34506.311774035,5,281,100,3920139,1
34506.846181358,1,282,100,3927007,-1
34507.130566335,1,283,100,3927111,-1
34507.431309588,1,284,100,3922089,1
34508.130939499,5,283,100,3927111,-1
34508.559722665,5,282,100,3927007,-1
34509.218559807,3,284,100,3922089,1
34509.814110601,1,285,100,3915283,-1
34510.261407496,4,285,100,3915283,-1
34511.010604742,1,286,100,3902792,1
34511.424739263,1,287,100,3914319,-1
34511.977969348,4,286,100,3902792,1
34512.677094715,3,287,100,3914319,-1
34513.342690389,1,288,100,3925451,-1
34514.127752929,3,288,100,3925451,-1
34514.680769671,1,289,100,3929912,-1
34515.042242429,3,289,100,3929912,-1
34515.70343053,1,290,100,3919012,1
34515.958656532,1,291,100,3926473,-1
34516.70071922,3,291,100,3926473,-1
34517.073762719,3,290,100,3919012,1
34517.48944226,1,292,100,3918494,-1
34518.487735882,4,292,100,3918494,-1
34519.112715271,1,293,100,3913809,1
34519.731311435,3,293,100,3913809,1
34520.339926609,1,294,100,3920234,-1
34521.0831155,5,294,100,3920234,-1
34521.334666251,1,295,100,3924911,-1
34521.759579562,4,295,100,3924911,-1
34522.2171334,1,296,100,3924655,1
34522.672530307,4,296,100,3924655,1
34523.178978904,1,297,100,3927075,1
34524.110496628,3,297,100,3927075,1
34524.530472164,1,298,100,3913365,-1
34524.830559001,5,298,100,3913365,-1
34525.26438737,1,299,100,3916058,1
34525.544039933,1,300,100,3917123,-1
34526.161330763,1,301,100,3911052,1
34527.053183552,1,302,100,3928747,1
34527.672153717,1,303,100,3933302,1
34528.405004929,1,304,100,3926859,1
34528.841631642,4,300,100,3917123,-1
34530.70720617,5,299,100,3916058,1
34531.35973188,5,303,100,3933302,1
34531.620176689,1,305,100,3929316,1
34531.93570791,3,301,100,3911052,1
34532.623441674,3,304,100,3926859,1
34533.024735479,1,306,100,3932797,1
34533.282718593,1,307,100,3935656,-1
34533.65927557,3,305,100,3929316,1
34534.069153081,3,307,100,3935656,-1
34534.525177844,1,308,100,3928794,1
34535.601260608,3,306,100,3932797,1
34536.22773266,3,308,100,3928794,1
34536.629766767,1,309,100,3934864,-1
34537.054477307,1,310,100,3938397,-1
34537.747903413,3,310,100,3938397,-1
34538.27638962,4,309,100,3934864,-1
34538.846790842,3,302,100,3928747,1
34539.462571421,1,311,100,3937102,-1
34539.764670979,1,312,100,3937199,-1
34542.049947602,3,312,100,3937199,-1
34542.43926621,1,313,100,3940738,1
34543.957739919,1,314,100,3942907,-1
34544.587845108,3,311,100,3937102,-1
34544.922256292,3,314,100,3942907,-1
34545.331550051,1,315,100,3935418,-1
34545.943746183,3,315,100,3935418,-1
34546.560388148,1,316,100,3938599,1
34547.045708963,3,316,100,3938599,1
34547.619348349,1,317,100,3947006,-1
34548.346148364,1,318,100,3945024,1
34548.906413957,4,317,100,3947006,-1
34549.366010528,1,319,100,3950851,-1
34549.697137109,1,320,100,3941095,1
34550.40434595,1,321,100,3949146,-1
34550.782768632,1,322,100,3948102,-1
34551.335750038,1,323,100,3950918,-1
34551.609311732,1,324,100,3942740,1
34552.823644163,1,325,100,3951218,-1
34553.369162203,1,326,100,3947197,-1
34553.884669283,4,322,100,3948102,-1
34554.206164399,3,326,100,3947197,-1
34554.793612751,1,327,100,3940699,-1
34555.201931116,5,324,100,3942740,1
34555.842227283,1,328,100,3946284,-1
34556.310316606,1,329,100,3943013,-1
34556.740055692,3,325,100,3951218,-1
34557.382376172,1,330,100,3950378,-1
34558.742235316,3,313,100,3940738,1
34559.055732828,4,330,100,3950378,-1
34559.568873625,5,328,100,3946284,-1
34560.175037605,4,321,100,3949146,-1
34560.752477758,4,327,100,3940699,-1
34561.141210262,3,318,100,3945024,1
34562.258196412,1,331,100,3938067,1
34563.36136965,3,331,100,3938067,1
34563.667873506,1,332,100,3937658,1
34564.232916443,1,333,100,3940531,1
34564.81280221,4,320,100,3941095,1
34565.108324326,3,333,100,3940531,1
34565.42318978,4,332,100,3937658,1
34565.873868001,5,319,100,3950851,-1
34566.28931261,1,334,100,3942256,1
34566.591424343,1,335,100,3944338,-1
34567.319116638,1,336,100,3937555,1
34567.745526599,4,329,100,3943013,-1
34568.180886146,1,337,100,3946466,-1
34568.680991347,1,338,100,3945321,-1
34569.353896846,1,339,100,3944414,-1
34569.931725353,1,340,100,3946709,-1
34570.265598353,3,340,100,3946709,-1
34570.90730047,1,341,100,3940373,1
34571.407796356,1,342,100,3939589,-1
34571.82023993,1,343,100,3929886,-1
34572.319930677,3,323,100,3950918,-1
34572.586423125,3,334,100,3942256,1
34573.316649573,1,344,100,3937378,1
34573.852501505,1,345,100,3937561,1
34574.686860122,3,345,100,3937561,1
34575.147225449,4,338,100,3945321,-1
34575.644073475,3,335,100,3944338,-1
34576.112143107,5,342,100,3939589,-1
34576.797389981,1,346,100,3938392,1
34577.478589512,4,343,100,3929886,-1
34577.996461102,1,347,100,3943305,-1
34578.377700604,1,348,100,3944328,-1
34578.841894522,3,348,100,3944328,-1
34579.201472235,1,349,100,3952416,1
34579.459903648,3,339,100,3944414,-1
34580.157796499,1,350,100,3951023,-1
34580.460768868,3,350,100,3951023,-1
34580.740383207,3,337,100,3946466,-1
34581.354037986,1,351,100,3939418,1
34581.705050087,1,352,100,3937734,1
34582.028325779,1,353,100,3941167,1
34582.281736631,3,351,100,3939418,1
34582.614359762,1,354,100,3939224,1
34582.991741383,1,355,100,3940323,-1
34583.613537425,1,356,100,3933389,1
34584.062118447,1,357,100,3941503,-1
34584.604507197,4,355,100,3940323,-1
34584.996145095,3,336,100,3937555,1
34585.7013387,3,344,100,3937378,1
34586.220396271,1,358,100,3945948,-1
34586.660669855,3,347,100,3943305,-1
34587.20079109,1,359,100,3936732,1
34587.8084426,5,341,100,3940373,1
34588.408559373,3,356,100,3933389,1
34588.833891476,1,360,100,3944070,1
34589.568439365,1,361,100,3951760,-1
34589.910141428,4,349,100,3952416,1
34590.389472117,3,353,100,3941167,1
34590.799733572,3,358,100,3945948,-1
34591.378069026,4,360,100,3944070,1
34592.069012048,1,362,100,3937016,1
34592.779537639,1,363,100,3942739,-1
34593.063878066,4,357,100,3941503,-1
34594.065189466,1,364,100,3953954,-1
34594.77031134,3,354,100,3939224,1
34595.240536088,5,346,100,3938392,1
34595.946001022,4,361,100,3951760,-1
34596.503572209,1,365,100,3954312,1
34596.894419634,1,366,100,3953433,1
34597.394257932,3,359,100,3936732,1
34597.718891982,3,364,100,3953954,-1
34598.07352663,1,367,100,3956453,1
34598.384210532,1,368,100,3959951,-1
34599.074804244,4,363,100,3942739,-1
34599.450812061,3,365,100,3954312,1
34599.965544698,1,369,100,3957315,1
34600.393768198,5,367,100,3956453,1
34601.11141959,1,370,100,3967283,1
34601.416577874,1,371,100,3966850,1
34601.736675051,3,369,100,3957315,1
34602.357134166,3,366,100,3953433,1
34603.064548477,1,372,100,3949666,1
34603.410349624,5,362,100,3937016,1
34603.954540469,1,373,100,3951175,1
34604.679958313,3,373,100,3951175,1
34605.124053949,5,371,100,3966850,1
34605.658405704,1,374,100,3951358,-1
34606.244826279,4,370,100,3967283,1
34606.761331691,1,375,100,3944360,1
34607.353874227,3,374,100,3951358,-1
34607.774256174,1,376,100,3943631,1
34608.818344876,3,372,100,3949666,1
34609.529987713,1,377,100,3946363,1
34610.088389096,3,377,100,3946363,1
34610.792658589,1,378,100,3948276,1
34611.225426717,3,378,100,3948276,1
34611.85676607,1,379,100,3956094,-1
34612.382857693,4,379,100,3956094,-1
34613.566179046,3,352,100,3937734,1
34614.324826868,1,380,100,3947708,-1
34614.935174281,1,381,100,3942261,-1
34615.493149145,3,368,100,3959951,-1
34616.009541649,1,382,100,3940310,1
34616.768791163,1,383,100,3932161,1
34617.038420107,3,381,100,3942261,-1
34617.333201137,1,384,100,3937858,-1
34618.086021652,3,384,100,3937858,-1
34618.76471908,1,385,100,3936934,-1
34619.503503229,1,386,100,3931091,1
34620.17871651,3,385,100,3936934,-1
34620.669582375,3,375,100,3944360,1
34620.939762678,5,382,100,3940310,1
34621.204532505,1,387,100,3937123,-1
34621.77108345,3,383,100,3932161,1
34622.046843558,3,387,100,3937123,-1
34622.764992842,1,388,100,3933213,-1
34623.079627236,1,389,100,3926605,1
34623.656452199,5,386,100,3931091,1
34624.257009916,1,390,100,3928266,1
34624.932192134,3,376,100,3943631,1
34625.241284963,1,391,100,3922953,1
34625.735242668,1,392,100,3934410,-1
34626.703860682,1,393,100,3925722,1
34627.06042081,1,394,100,3926981,-1
34627.963028375,1,395,100,3927038,1
34628.319668018,1,396,100,3927677,-1
34629.01666139,3,388,100,3933213,-1
34629.384136025,4,394,100,3926981,-1
34629.721642415,5,393,100,3925722,1
34630.016812098,3,389,100,3926605,1
34631.132391467,5,396,100,3927677,-1
34631.820294133,5,392,100,3934410,-1
34632.523210323,1,397,100,3935182,-1
34633.046677029,4,397,100,3935182,-1
34633.723170629,3,380,100,3947708,-1
34634.201804293,1,398,100,3939450,-1
34634.92671631,1,399,100,3933666,1
34635.84944354,1,400,100,3936061,-1
34636.195259851,1,401,100,3936403,-1
34636.64716483,4,399,100,3933666,1
34637.304391812,4,395,100,3927038,1
34637.605466956,1,402,100,3928171,-1
34638.269341673,5,401,100,3936403,-1
34639.44469656,3,402,100,3928171,-1
34640.169961773,1,403,100,3912304,1
34640.696672951,3,390,100,3928266,1
34641.25030406,1,404,100,3918728,-1
34641.590359503,1,405,100,3917862,-1
34642.25875072,1,406,100,3923542,-1
34642.626403734,1,407,100,3920762,1
34642.903904717,5,407,100,3920762,1
34643.191690596,1,408,100,3921281,-1
34643.481933932,1,409,100,3921599,-1
34643.755498101,3,404,100,3918728,-1
34644.059874851,3,391,100,3922953,1
34644.384975395,1,410,100,3932002,-1
34645.084111323,4,409,100,3921599,-1
34645.401376014,4,406,100,3923542,-1
34645.850308079,3,403,100,3912304,1
34646.425815109,1,411,100,3926048,-1
34646.759121619,3,398,100,3939450,-1
34647.237536486,1,412,100,3921321,1
34647.822903362,1,413,100,3920198,1
34648.454725438,1,414,100,3915260,1
34648.889251918,3,413,100,3920198,1
34649.588635886,1,415,100,3918373,-1
34650.172336277,4,405,100,3917862,-1
34650.737764901,1,416,100,3907312,-1
34651.374337175,1,417,100,3913737,-1
34651.935151643,5,408,100,3921281,-1
34652.253579611,1,418,100,3912633,-1
34652.909846933,3,418,100,3912633,-1
34653.24718471,1,419,100,3917227,-1
34653.534923317,1,420,100,3918678,-1
34653.99365594,3,416,100,3907312,-1
34654.736319186,1,421,100,3908660,1
34655.03174827,1,422,100,3918058,-1
34655.591515238,1,423,100,3912762,1
34656.271393319,4,415,100,3918373,-1
34656.560144104,4,419,100,3917227,-1
34656.88350491,1,424,100,3916923,-1
34657.195880866,4,424,100,3916923,-1
34658.589750499,1,425,100,3914975,1
34658.91365367,1,426,100,3917465,-1
34659.390314222,3,410,100,3932002,-1
34659.74680048,3,425,100,3914975,1
34660.221422029,1,427,100,3923576,1
34660.857992716,1,428,100,3937950,-1
34661.125365551,4,428,100,3937950,-1
34661.830818042,3,414,100,3915260,1
34662.270787922,1,429,100,3942784,-1
34662.557415312,1,430,100,3943363,-1
34663.811863717,1,431,100,3935970,-1
34664.338370597,4,411,100,3926048,-1
34664.657436914,1,432,100,3932191,1
34665.332629453,3,412,100,3921321,1
34665.723208765,3,422,100,3918058,-1
34666.004831081,1,433,100,3936755,1
34666.496785402,1,434,100,3934854,1
34666.880192704,4,420,100,3918678,-1
34667.335464639,1,435,100,3943847,1
34667.712931222,5,430,100,3943363,-1
34667.981186474,1,436,100,3940464,-1
34668.656556172,4,436,100,3940464,-1
34669.366125948,1,437,100,3941682,1
34669.990160349,4,400,100,3936061,-1
34670.424670985,1,438,100,3941361,-1
34671.030939431,1,439,100,3937284,-1
34671.56784237,1,440,100,3933433,1
34671.885646274,1,441,100,3936202,-1
34672.52691073,1,442,100,3934118,1
34673.626693629,1,443,100,3930058,-1
34674.025791052,3,440,100,3933433,1
34674.533446684,3,433,100,3936755,1
34675.546254976,1,444,100,3921106,1
34676.192870768,4,442,100,3934118,1
34676.905322343,1,445,100,3914077,1
34678.659822612,1,446,100,3912030,-1
34679.392837621,3,434,100,3934854,1
34680.076536637,5,446,100,3912030,-1
34681.389521948,1,447,200,3918791,-1
34682.081110679,1,448,100,3915377,1
34682.628263995,3,445,100,3914077,1
34683.193746943,3,443,100,3930058,-1
34683.543612601,3,431,100,3935970,-1
34684.039155404,2,447,100,3918791,-1
34684.990353622,4,435,100,3943847,1
34685.352789582,1,449,100,3931448,1
34685.697459565,1,450,100,3933583,-1
34686.046273875,3,450,100,3933583,-1
34686.534790176,1,451,100,3926829,-1
34686.880424501,1,452,100,3930266,1
34687.53502027,1,453,100,3928491,1
34688.231402615,1,454,100,3928448,-1
34688.875326131,1,455,100,3932631,-1
34689.391351274,1,456,100,3927935,1
34690.52568115,1,457,100,3930890,1
34690.877018022,3,437,100,3941682,1
34691.52670395,1,458,100,3937734,1
34692.265939912,4,455,100,3932631,-1
34692.754650096,1,459,100,3946222,-1
34693.80804781,1,460,100,3938995,1
34694.269156616,4,458,100,3937734,1
34695.031888519,3,456,100,3927935,1
34695.43116772,5,457,100,3930890,1
34696.600293492,5,444,100,3921106,1
34698.293215644,3,448,100,3915377,1
34698.640701717,1,461,100,3978831,-1
34699.210834619,3,438,100,3941361,-1
34699.578377033,1,462,100,3979226,-1
34699.865511695,1,463,100,3982131,-1
34700.35887858,3,459,100,3946222,-1
34700.941766775,4,439,100,3937284,-1
34701.503823318,3,441,100,3936202,-1
34701.765795514,1,464,100,3969525,1
34702.188194188,1,465,100,3973627,1
34702.659992982,1,466,100,3970645,1
34703.253521565,4,417,100,3913737,-1
34703.799707492,3,463,100,3982131,-1
34704.317784861,3,449,100,3931448,1
34704.864824495,1,467,100,3970468,1
34705.530359729,3,452,100,3930266,1
34706.279832131,4,451,100,3926829,-1
34707.484294354,3,462,100,3979226,-1
34707.969196438,5,466,100,3970645,1
34708.509374123,5,467,100,3970468,1
34708.916581941,1,468,100,3979813,1
34709.389286672,4,426,100,3917465,-1
34709.756725801,1,469,100,3970345,1
34710.076247395,4,464,100,3969525,1
34710.418116717,5,427,100,3923576,1
34711.056038916,4,454,100,3928448,-1
34711.668754615,1,470,100,3969902,-1
34712.389095572,3,423,100,3912762,1
34712.734726501,4,429,100,3942784,-1
34713.004663444,1,471,100,3971692,-1
34714.417229768,1,472,100,3963388,1
34715.148091124,1,473,100,3962253,-1
34715.650051889,1,474,100,3958572,1
34716.062656819,1,475,100,3965680,-1
34716.45478379,4,447,100,3918791,-1
34716.746782819,1,476,100,3961916,1
34717.389499883,4,472,100,3963388,1
34717.955656478,1,477,100,3963245,-1
34718.357295912,5,476,100,3961916,1
34718.784339753,4,468,100,3979813,1
34719.523734952,3,461,100,3978831,-1
34719.863050036,4,465,100,3973627,1
34720.407232313,1,478,100,3960615,-1
34720.988601845,1,479,100,3961752,-1
34721.668165549,3,479,100,3961752,-1
34721.971105119,1,480,100,3961087,-1
34722.982869448,4,469,100,3970345,1
34723.637625184,4,474,100,3958572,1
34724.031768815,5,421,100,3908660,1
34724.476245212,3,473,100,3962253,-1
34724.95410195,5,453,100,3928491,1
34725.254692879,1,481,100,3959532,-1
34725.872480877,1,482,100,3958741,-1
34726.239728927,1,483,100,3955051,1
34726.964866197,1,484,100,3956485,1
34727.335410389,1,485,100,3962131,-1
34727.939021364,1,486,100,3965111,-1
34728.395567189,1,487,100,3969895,1
34729.027469528,5,483,100,3955051,1
34729.295689378,4,478,100,3960615,-1
34729.801169228,4,480,100,3961087,-1
34730.269110794,1,488,100,3961475,-1
34730.87440335,1,489,100,3955960,-1
34731.603109322,1,490,100,3957826,-1
34732.132993429,1,491,100,3946333,1
34732.748717994,3,485,100,3962131,-1
34733.343982822,1,492,100,3939440,1
34733.745954909,3,471,100,3971692,-1
34734.113252391,1,493,100,3929680,1
34734.603366131,3,475,100,3965680,-1
34735.143799968,3,491,100,3946333,1
34735.614692176,1,494,100,3942849,1
34736.32585235,3,489,100,3955960,-1
34736.741676734,1,495,100,3959292,-1
34737.380561399,3,487,100,3969895,1
34737.902615681,5,490,100,3957826,-1
34738.569088392,3,477,100,3963245,-1
34739.071124679,4,482,100,3958741,-1
34739.712074577,3,488,100,3961475,-1
34740.225551143,1,496,100,3968328,-1
34740.990698692,4,495,100,3959292,-1
34741.5735418,1,497,100,3965247,1
34742.2219376,1,498,100,3967733,-1
34742.891521717,3,460,100,3938995,1
34743.269405697,1,499,100,3971870,-1
34744.028347868,4,498,100,3967733,-1
34744.833003828,1,500,100,3982148,-1
34745.108579458,1,501,100,3987014,-1
34745.694788007,1,502,100,3979454,1
34746.07844246,4,470,100,3969902,-1
34746.360154643,5,499,100,3971870,-1
34746.815964506,3,497,100,3965247,1
34747.543235033,1,503,100,3979497,-1
34748.08441004,1,504,100,3976737,1
34748.871316535,1,505,100,3977891,-1
34749.597201775,3,500,100,3982148,-1
34750.11042823,4,496,100,3968328,-1
34750.561693817,4,486,100,3965111,-1
34751.132279023,4,481,100,3959532,-1
34751.638526038,4,503,100,3979497,-1
34752.125792813,5,505,100,3977891,-1
34752.471780583,3,501,100,3987014,-1
34753.061906996,3,432,100,3932191,1
34753.723256127,1,506,100,3975260,-1
34754.288507813,3,484,100,3956485,1
34754.625573732,3,506,100,3975260,-1
34755.220488558,5,494,100,3942849,1
34755.882641436,1,507,100,3973529,-1
34756.224613529,1,508,100,3972787,1
34756.65776939,4,502,100,3979454,1
34757.097771986,3,507,100,3973529,-1
34757.809370714,4,504,100,3976737,1
34758.156436162,1,509,100,3976827,1
34759.204861955,4,509,100,3976827,1
34760.186412392,1,510,100,3982367,-1
34761.203499706,3,508,100,3972787,1
34762.158733755,4,510,100,3982367,-1
34763.482823028,5,492,100,3939440,1
34764.669950329,1,511,100,3980754,1
34765.423033431,1,512,100,3981106,1
34765.836136927,1,513,100,3984199,1
34766.332956013,1,514,100,3982560,1
34767.079457204,3,512,100,3981106,1
34767.848652321,3,493,100,3929680,1
34768.986572592,1,515,100,3979542,1
34769.54650682,1,516,200,3980676,1
34770.265054884,1,517,100,3973288,1
34770.545049035,3,511,100,3980754,1
34770.900230494,1,518,100,3972666,-1
34771.566322693,3,517,100,3973288,1
34772.012637601,1,519,100,3979536,-1
34772.752736032,3,518,100,3972666,-1
34773.100811348,1,520,100,3981582,-1
34773.384843363,1,521,100,3974292,-1
34773.907681544,3,521,100,3974292,-1
34774.325768257,3,516,200,3980676,1
34774.765647835,3,513,100,3984199,1
34775.503922986,5,515,100,3979542,1
34776.236113626,3,520,100,3981582,-1
34776.953231801,4,514,100,3982560,1
34777.245539219,3,519,100,3979536,-1
34777.651745437,1,522,100,3959466,1
34777.947976095,1,523,100,3967841,1
34778.399234807,3,522,100,3959466,1
34778.884355221,3,523,100,3967841,1
34779.347290046,1,524,100,3959315,-1
34779.848550495,1,525,100,3956356,-1
34780.468466402,1,526,100,3944698,1
34780.801263616,4,524,100,3959315,-1
34781.139274776,3,526,100,3944698,1
34781.691759209,3,525,100,3956356,-1
34782.003334818,1,527,100,3942002,1
34782.550074612,1,528,100,3946401,1
34783.301855494,4,528,100,3946401,1
34784.278052981,4,527,100,3942002,1
34784.86111951,1,529,100,3940325,-1
34785.360779289,4,529,100,3940325,-1
34785.739529353,1,530,100,3939525,1
34786.222771519,1,531,100,3931320,-1
34786.733415555,5,530,100,3939525,1
34787.233388985,1,532,100,3917094,-1
34788.223480221,4,532,100,3917094,-1
34788.968233269,1,533,100,3916810,1
34789.660041611,1,534,100,3914404,-1
34790.159193679,3,534,100,3914404,-1
34790.80362919,3,533,100,3916810,1
34791.385064309,3,531,100,3931320,-1
34792.008786805,1,535,100,3931707,1
34792.377388268,3,535,100,3931707,1
34792.960673188,1,536,100,3934697,1
34793.568676408,5,536,100,3934697,1
34794.091968326,1,537,100,3940556,1
34794.619469397,1,538,100,3941950,1
34794.90371903,3,538,100,3941950,1
34795.352012943,1,539,100,3935877,1
34796.111428306,1,540,100,3940415,1
34796.681205854,4,537,100,3940556,1
34796.949186006,5,539,100,3935877,1
34797.608874294,1,541,100,3941507,-1
34797.977015994,1,542,100,3940384,1
34798.473830444,1,543,100,3942976,1
34798.85640481,3,541,100,3941507,-1
34799.299749673,1,544,100,3943617,1
34799.603044278,1,545,100,3947388,-1
34800.02752741,5,540,100,3940415,1
34801.149835715,4,545,100,3947388,-1
34801.542489729,1,546,100,3958376,1
34801.963404158,3,542,100,3940384,1
34802.587424972,1,547,100,3958071,1
34803.119581958,3,543,100,3942976,1
34803.474732487,1,548,100,3958650,1
34803.935515309,3,546,100,3958376,1
34804.487672547,1,549,100,3967112,1
34805.139653437,4,549,100,3967112,1
34805.825755982,1,550,100,3963627,-1
34806.227686729,3,548,100,3958650,1
34806.837947167,1,551,100,3949901,1
34807.194260111,3,550,100,3963627,-1
34807.693567442,4,551,100,3949901,1
34808.44990415,3,547,100,3958071,1
34808.748826839,3,544,100,3943617,1
34809.047358944,1,552,100,3956024,1
34809.721575088,1,553,100,3949919,1
34810.428943034,3,553,100,3949919,1
34811.018942582,3,552,100,3956024,1
34811.342739885,1,554,100,3947390,-1
34811.745842037,1,555,100,3956542,-1
34812.297458106,3,554,100,3947390,-1
34812.63905787,3,555,100,3956542,-1
34813.237455141,1,556,100,3963487,-1
34813.770067997,1,557,100,3968368,-1
34814.308857752,1,558,100,3967503,-1
34815.009127834,3,556,100,3963487,-1
34815.569335101,3,557,100,3968368,-1
34816.723215764,3,558,100,3967503,-1
34817.039235051,1,559,100,3970838,-1
34817.602681016,1,560,200,3963310,1
34818.260957527,1,561,100,3966896,-1
34818.681696186,1,562,100,3960252,-1
34819.348083658,3,559,100,3970838,-1
34819.983043793,3,560,200,3963310,1
34820.685165239,5,562,100,3960252,-1
34821.569988704,3,561,100,3966896,-1
34821.945136801,1,563,100,3962990,-1
34823.35071998,1,564,100,3959080,1
34823.946336712,4,563,100,3962990,-1
34824.576347281,1,565,100,3959056,1
34824.936707762,4,565,100,3959056,1
34825.661780749,3,564,100,3959080,1
34826.039160184,1,566,100,3971606,1
34826.536800465,1,567,200,3967410,1
34826.981748727,1,568,100,3969562,-1
34827.702808585,3,567,200,3967410,1
34828.19238016,3,566,100,3971606,1
34828.876051816,5,568,100,3969562,-1
34829.249884464,1,569,100,3972072,-1
34829.520854197,4,569,100,3972072,-1
34829.979437093,1,570,100,3969665,-1
34830.748031647,5,570,100,3969665,-1
34831.211641453,1,571,100,3963267,-1
34831.573975231,4,571,100,3963267,-1
34832.164939156,1,572,100,3960213,1
34832.57486438,1,573,100,3953314,1
34834.141139657,3,573,100,3953314,1
34834.886603933,3,572,100,3960213,1
34835.408622942,1,574,100,3967394,1
34835.774194255,1,575,100,3958563,-1
34836.502533822,4,575,100,3958563,-1
34837.208178633,3,574,100,3967394,1
34837.800138771,1,576,100,3970488,-1
34838.251334578,4,576,100,3970488,-1
34838.808276457,1,577,100,3956909,1
34839.487055922,4,577,100,3956909,1
34840.169812126,1,578,100,3956514,1
34840.435397419,1,579,100,3958734,-1
34841.031036556,1,580,100,3951318,-1
34841.310214533,1,581,100,3952022,1
34841.690047892,5,581,100,3952022,1
34842.318028814,1,582,100,3945892,-1
34842.726225747,1,583,100,3942764,1
34843.414307873,3,582,100,3945892,-1
34844.081944421,1,584,100,3948749,-1
34844.457453807,4,578,100,3956514,1
34844.730324978,5,579,100,3958734,-1
34845.199156946,1,585,100,3949621,1
34845.800943742,1,586,100,3961502,1
34846.462859483,5,580,100,3951318,-1
34847.009188166,3,586,100,3961502,1
34847.693496808,4,584,100,3948749,-1
34848.018785579,3,585,100,3949621,1
34848.48998698,1,587,100,3969554,-1
34849.162048825,1,588,100,3972979,-1
34849.695815742,5,588,100,3972979,-1
34850.243918515,1,589,100,3975538,-1
34850.676239223,4,587,100,3969554,-1
34851.000890898,5,583,100,3942764,1
34851.346931489,3,589,100,3975538,-1
34851.91710217,1,590,100,3968925,1
34852.688910345,5,590,100,3968925,1
34853.24994041,1,591,100,3975911,1
34853.757476671,1,592,100,3980045,1
34854.335679037,3,592,100,3980045,1
34854.736252379,3,591,100,3975911,1
34854.996674552,1,593,100,3976910,1
34855.489872189,1,594,100,3985064,-1
34855.903047937,5,593,100,3976910,1
34856.584781204,1,595,100,3975524,1
34857.032503336,1,596,100,3981781,-1
34857.793335168,3,594,100,3985064,-1
34858.245053965,1,597,100,3983445,1
34858.632075501,1,598,100,3978704,-1
34859.083698503,1,599,100,3977900,-1
34859.796327548,1,600,100,3976964,-1
34860.254169291,1,601,100,3967347,1
34860.74369172,1,602,100,3968149,-1
34861.186490718,4,597,100,3983445,1
34861.919180095,5,599,100,3977900,-1
34862.270166631,1,603,100,3960492,1
34862.919049311,3,603,100,3960492,1
34863.243588689,4,602,100,3968149,-1
34863.524339782,4,600,100,3976964,-1
34863.913508936,5,601,100,3967347,1
34864.289432531,1,604,200,3972752,1
34864.577134432,2,604,100,3972752,1
34864.938759507,4,604,100,3972752,1
34865.254330773,3,598,100,3978704,-1
34865.62844259,3,595,100,3975524,1
34866.138258023,1,605,100,3966592,-1
34866.903417778,1,606,100,3963617,1
34867.665936843,4,605,100,3966592,-1
34868.377089615,3,606,100,3963617,1
34869.022050146,1,607,100,3975424,1
34869.294127446,5,596,100,3981781,-1
34870.016197731,1,608,100,3984369,1
34870.548003243,1,609,100,3995804,-1
34871.196255003,1,610,100,3993657,-1
34871.526467269,5,610,100,3993657,-1
34872.107487755,1,611,100,3983395,1
34872.656253974,4,611,100,3983395,1
34873.08204394,3,608,100,3984369,1
34873.834077874,1,612,100,3985126,1
34874.562247633,1,613,100,3988332,-1
34875.154710377,3,613,100,3988332,-1
34875.932433546,5,607,100,3975424,1
34876.643087153,3,609,100,3995804,-1
34877.051744413,4,612,100,3985126,1
34877.340876028,1,614,100,3989600,1
34877.840825542,3,614,100,3989600,1
34878.429864159,1,615,100,3992699,-1
34879.204278068,3,615,100,3992699,-1
34879.599341437,1,616,100,3984391,-1
34880.124584579,3,616,100,3984391,-1
34880.757549572,1,617,100,3987764,-1
34881.107460042,1,618,100,3992149,1
34881.608054168,1,619,100,3986914,1
34882.114759517,5,617,100,3987764,-1
34882.417545605,5,619,100,3986914,1
34882.747034595,3,618,100,3992149,1
34883.43984387,1,620,100,3982195,1
34884.015375801,1,621,100,3983606,1
34884.577279227,1,622,100,3992974,-1
34885.336226201,5,621,100,3983606,1
34885.937124272,1,623,100,3986532,-1
34886.580636694,1,624,100,3983456,1
34887.049237119,1,625,100,3989922,-1
34887.547708765,1,626,100,3987002,1
34887.896022081,3,622,100,3992974,-1
34888.249559432,3,620,100,3982195,1
34889.527164799,4,624,100,3983456,1
34890.915054708,1,627,100,3984957,-1
34891.56685543,1,628,100,3983696,-1
34891.882012465,4,626,100,3987002,1
34893.011612869,3,627,100,3984957,-1
34893.32456535,3,628,100,3983696,-1
34893.914271476,4,623,100,3986532,-1
34894.481174279,1,629,100,3989659,-1
34895.058628183,1,630,100,3988311,-1
34895.482649083,4,630,100,3988311,-1
34896.156806733,4,625,100,3989922,-1
34896.82949469,1,631,100,3983196,1
34897.500048232,3,629,100,3989659,-1
34897.977299351,5,631,100,3983196,1
34898.412344434,1,632,100,3986651,-1
34899.15887995,3,632,100,3986651,-1
34899.759741558,1,633,100,3994551,1
34900.689564634,1,634,100,3991410,-1
34901.133852481,4,633,100,3994551,1
34901.511771077,3,634,100,3991410,-1
34902.233258033,1,635,100,3993828,-1
34902.711747016,1,636,100,3999277,1
34903.223406213,1,637,100,3996145,1
34903.937861767,1,638,100,3998689,1
34904.620467757,1,639,100,4002060,-1
34905.292352932,3,639,100,4002060,-1
34905.984106248,1,640,100,3992355,1
34906.664225376,1,641,100,3993940,1
34907.069641868,1,642,100,3991764,1
34907.553811342,1,643,100,3985793,-1
34907.884743137,4,640,100,3992355,1
34908.543783989,1,644,100,3980724,1
34908.99443529,1,645,100,3990093,-1
34909.646185646,3,636,100,3999277,1
34910.247050627,1,646,100,3985886,-1
34910.541872133,3,642,100,3991764,1
34910.862971809,3,638,100,3998689,1
34911.169061711,1,647,100,3984015,-1
34911.910553263,1,648,100,3984425,-1
34912.388024119,3,646,100,3985886,-1
34913.010648131,3,643,100,3985793,-1
34913.511440577,3,637,100,3996145,1
34914.103980069,1,649,100,3977978,1
34914.635233831,3,635,100,3993828,-1
34915.365814613,5,648,100,3984425,-1
34916.072956732,1,650,100,3983491,-1
34916.641226079,1,651,100,3978777,1
34917.115291311,1,652,100,3979721,1
34917.822268914,4,650,100,3983491,-1
34918.474858645,1,653,100,3985450,1
34918.869433789,5,653,100,3985450,1
34919.522537987,3,645,100,3990093,-1
34920.269909716,3,641,100,3993940,1
34920.562843062,4,647,100,3984015,-1
34921.325687818,1,654,100,3991818,-1
34921.822107568,1,655,100,3992946,-1
34922.327702358,1,656,100,3994570,-1
34923.454921522,1,657,100,3987054,-1
34924.148852884,1,658,100,3976068,1
34924.777451431,3,657,100,3987054,-1
34925.060454174,3,658,100,3976068,1
34925.577809284,4,651,100,3978777,1
34926.307512042,3,652,100,3979721,1
34927.295133924,1,659,100,3963906,-1
34928.206645654,1,660,100,3969108,1
34928.471641413,3,659,100,3963906,-1
34928.910004461,4,649,100,3977978,1
34929.2490563,1,661,100,3957984,-1
34929.806840231,1,662,100,3948127,1
34930.495526694,1,663,100,3957501,1
34930.950339522,5,655,100,3992946,-1
34931.9219693,4,660,100,3969108,1
34932.258005162,1,664,100,3964786,1
34932.96264237,1,665,100,3964191,1
34933.385412355,4,661,100,3957984,-1
34934.06417936,1,666,100,3967206,-1
34934.628991708,4,644,100,3980724,1
34935.047835964,3,656,100,3994570,-1
34935.76868485,1,667,100,3984985,-1
34936.32831003,1,668,100,3975255,1
34936.894164334,3,662,100,3948127,1
34937.659460467,1,669,100,3977007,-1
34937.995937446,3,654,100,3991818,-1
34938.671515115,3,663,100,3957501,1
34939.214006212,1,670,100,3981320,-1
34939.810185193,1,671,100,3974147,1
34940.647322598,1,672,100,3986195,-1
34941.273707498,1,673,100,3977884,1
34942.007047569,3,672,100,3986195,-1
34942.589224659,1,674,100,3967873,1
34943.007213403,1,675,100,3963841,1
34943.75877991,3,670,100,3981320,-1
34944.393141498,1,676,100,3962268,-1
34945.132987696,3,666,100,3967206,-1
34945.456471962,5,673,100,3977884,1
34946.150381272,4,671,100,3974147,1
34946.656216853,3,668,100,3975255,1
34947.090934011,1,677,100,3963391,-1
34947.826081813,5,674,100,3967873,1
34948.372919023,3,667,100,3984985,-1
34948.648040718,5,676,100,3962268,-1
34949.216189952,1,678,100,3965201,-1
34949.917136588,1,679,100,3962844,-1
34951.345658939,1,680,100,3960838,1
34951.744322129,3,664,100,3964786,1
34952.006075661,4,675,100,3963841,1
34952.517297405,1,681,100,3965788,1
34952.855697783,5,678,100,3965201,-1
34953.486730186,3,680,100,3960838,1
34954.150761878,1,682,100,3960840,1
34954.455741753,3,679,100,3962844,-1
34954.762164935,1,683,100,3967711,-1
34955.433354574,3,683,100,3967711,-1
34956.114641018,1,684,100,3969009,1
34956.772939076,3,684,100,3969009,1
34957.371036005,3,681,100,3965788,1
34957.677140907,4,665,100,3964191,1
34958.365407072,1,685,100,3960839,-1
34958.729279238,1,686,100,3960042,-1
34959.508774359,3,682,100,3960840,1
34960.114093453,3,669,100,3977007,-1
34960.495624512,1,687,100,3955891,-1
34961.14899563,4,687,100,3955891,-1
34961.562310861,5,686,100,3960042,-1
34962.207160024,3,677,100,3963391,-1
34962.715679804,1,688,100,3947725,-1
34963.200428906,3,685,100,3960839,-1
34963.578641396,3,688,100,3947725,-1
34964.105045124,1,689,100,3950587,-1
34964.667519877,1,690,100,3951419,-1
34964.983116695,4,689,100,3950587,-1
34965.433533178,3,690,100,3951419,-1
34965.921924683,1,691,100,3941308,1
34967.069801345,1,692,100,3937205,-1
34967.640834108,3,691,100,3941308,1
34968.226086992,1,693,100,3949419,-1
34968.958668384,1,694,100,3939924,1
34969.496268383,1,695,100,3940047,1
34969.774135174,4,692,100,3937205,-1
34970.508013337,1,696,100,3935309,-1
34971.222592739,1,697,100,3927220,1
34971.629972894,4,694,100,3939924,1
34972.818823322,3,696,100,3935309,-1
34973.557433417,3,693,100,3949419,-1
34974.03815745,1,698,100,3924625,-1
34974.675281745,3,697,100,3927220,1
34975.086437963,1,699,100,3917488,-1
34975.436650059,4,695,100,3940047,1
34976.17653931,3,698,100,3924625,-1
34976.66333769,4,699,100,3917488,-1
34977.32651777,1,700,100,3915558,-1
34977.595412517,1,701,100,3917629,-1
34978.0263512,1,702,100,3917470,1
34978.975864465,3,700,100,3915558,-1
34979.444802938,5,702,100,3917470,1
34979.786579371,3,701,100,3917629,-1
34980.553685473,1,703,100,3941188,1
34981.126365858,3,703,100,3941188,1
34981.397308207,1,704,100,3948968,-1
34981.885178714,1,705,100,3944028,1
34982.423561524,1,706,100,3945333,-1
34982.896676217,4,705,100,3944028,1
34983.272063443,4,706,100,3945333,-1
34983.545551152,3,704,100,3948968,-1
34983.866447962,1,707,100,3950561,-1
34984.600941271,1,708,100,3958212,-1
34985.144827098,1,709,100,3959622,-1
34985.914713789,4,707,100,3950561,-1
34986.610574586,5,709,100,3959622,-1
34987.179150266,1,710,100,3949238,1
34988.069357742,3,710,100,3949238,1
34988.518398014,1,711,100,3952327,-1
34988.78337004,1,712,100,3953567,-1
34989.487212255,1,713,100,3951877,-1
34990.230420212,1,714,100,3942602,1
34990.780408762,5,711,100,3952327,-1
34991.331869034,3,713,100,3951877,-1
34991.777537014,3,712,100,3953567,-1
34993.215145593,4,714,100,3942602,1
34993.551170977,4,708,100,3958212,-1
34993.970951046,1,715,100,3953936,-1
34994.349966487,3,715,100,3953936,-1
34994.964302816,1,716,200,3953788,-1
34995.593919634,5,716,100,3953788,-1
34996.648169135,1,717,100,3953610,1
34997.117305467,4,716,100,3953788,-1
34997.714283191,3,717,100,3953610,1
34998.172829976,1,718,100,3963978,-1
34998.594170181,1,719,100,3960237,-1
34999.091867457,3,719,100,3960237,-1
34999.882187195,1,720,100,3957441,-1
35000.581721655,1,721,100,3952467,1
35001.34476633,4,721,100,3952467,1
35001.975071041,1,722,100,3938127,1
35002.649989343,1,723,100,3941438,-1
35003.385417066,1,724,100,3940056,-1
35004.17284762,1,725,100,3946228,-1
35004.445206381,1,726,100,3934522,1
35004.781648883,1,727,100,3939048,1
35005.218061963,1,728,100,3937416,-1
35005.763086338,3,718,100,3963978,-1
35006.164055141,1,729,100,3935892,1
35006.698280184,3,726,100,3934522,1
35007.020765041,1,730,100,3933342,1
35007.50347013,5,725,100,3946228,-1
35008.27206982,1,731,100,3935756,-1
35008.986188917,1,732,100,3931474,-1
35009.489934155,3,727,100,3939048,1
35010.209187291,3,720,100,3957441,-1
35010.625568633,5,732,100,3931474,-1
35011.289073785,4,730,100,3933342,1
35013.370146003,1,733,100,3925474,1
35014.0973429,3,729,100,3935892,1
35014.844757435,1,734,100,3928720,-1
35015.150344477,5,722,100,3938127,1
35015.885432421,1,735,100,3910157,1
35016.27642593,1,736,100,3911658,-1
35016.799696227,1,737,100,3909306,1
35017.153591734,1,738,100,3916496,-1
35017.767887759,4,736,100,3911658,-1
35018.320447127,1,739,100,3920102,-1
35018.967791216,1,740,100,3923540,1
35019.468057913,4,739,100,3920102,-1
35019.879550235,1,741,100,3924053,-1
35021.10795571,1,742,100,3915393,1
35021.614913923,3,733,100,3925474,1
35022.314548019,1,743,100,3914575,1
35023.933539538,1,744,100,3917076,1
35024.924725819,1,745,100,3913715,1
35025.23982053,5,724,100,3940056,-1
35025.688865245,1,746,100,3918921,-1
35026.184223398,3,741,100,3924053,-1
35026.944989533,1,747,100,3917876,1
35027.214132714,1,748,100,3922478,1
35028.16357439,4,743,100,3914575,1
35028.502363652,4,744,100,3917076,1
35029.149368726,3,723,100,3941438,-1
35029.844459139,4,737,100,3909306,1
35030.462549912,1,749,100,3904139,-1
35031.131705137,3,749,100,3904139,-1
35031.405218114,1,750,100,3908939,-1
35032.008380701,1,751,100,3913841,-1
35032.60532363,3,747,100,3917876,1
35033.38343484,1,752,100,3918672,-1
35033.765261997,1,753,100,3925659,-1
35034.299902845,1,754,100,3915208,1
35034.714584802,4,752,100,3918672,-1
35035.063628188,3,748,100,3922478,1
35035.470537908,3,731,100,3935756,-1
35036.156514162,1,755,100,3928651,1
35036.8433716,1,756,100,3924561,-1
35037.389587817,3,756,100,3924561,-1
35038.009319427,4,738,100,3916496,-1
35039.177019697,1,757,100,3924176,1
35039.504778228,4,746,100,3918921,-1
35039.896879335,4,755,100,3928651,1
35040.532526777,3,745,100,3913715,1
35041.235547542,1,758,100,3929000,1
35041.875387283,3,735,100,3910157,1
35042.146320659,1,759,100,3923613,1
35042.872784118,1,760,100,3926643,-1
35043.234003447,1,761,100,3917863,1
35043.712836438,5,754,100,3915208,1
35044.348688377,1,762,100,3918719,1
35045.112985446,3,742,100,3915393,1
35045.718439399,1,763,100,3926808,-1
35046.045297331,3,763,100,3926808,-1
35046.629077817,5,750,100,3908939,-1
35046.967191577,3,758,100,3929000,1
35047.607263984,1,764,100,3947450,-1
35048.322558925,3,757,100,3924176,1
35048.728218895,5,728,100,3937416,-1
35049.508378712,1,765,100,3946043,-1
35049.884731429,1,766,100,3936045,1
35050.217470759,4,760,100,3926643,-1
35051.185335006,3,761,100,3917863,1
35051.623407145,1,767,100,3945015,-1
35052.02930769,5,734,100,3928720,-1
35052.440508927,1,768,100,3948464,-1
35053.047112416,1,769,100,3952684,1
35053.490489712,4,765,100,3946043,-1
35053.940669398,1,770,100,3958291,1
35054.492263957,3,759,100,3923613,1
35054.86125496,1,771,100,3959677,-1
35055.524261983,1,772,100,3960125,1
35055.808656517,5,769,100,3952684,1
35056.529249638,5,772,100,3960125,1
35057.063239581,4,771,100,3959677,-1
35057.486256355,1,773,100,3958877,1
35058.022460008,3,740,100,3923540,1
35058.746845151,1,774,100,3949741,1
35059.290324354,4,768,100,3948464,-1
35059.945196698,1,775,100,3949382,1
35060.473676378,3,753,100,3925659,-1
35060.923780201,3,764,100,3947450,-1
35061.708064282,1,776,100,3957935,-1
35062.065423816,3,762,100,3918719,1
35062.844576172,1,777,100,3952648,1
35063.564803968,1,778,100,3948055,-1
35064.349430082,3,777,100,3952648,1
35064.767394452,3,766,100,3936045,1
35065.92454933,3,778,100,3948055,-1
35067.241262277,1,779,100,3947690,1
35067.514077523,1,780,100,3944065,-1
35067.96718034,5,780,100,3944065,-1
35068.305186384,1,781,100,3948906,-1
35068.621281992,1,782,100,3953109,1
35068.9890019,4,770,100,3958291,1
35069.507405869,1,783,100,3943737,1
35069.874039854,4,782,100,3953109,1
35070.2883594,1,784,100,3945626,-1
35071.03926924,4,783,100,3943737,1
35071.523008046,3,751,100,3913841,-1
35072.063972892,1,785,100,3937285,1
35072.740300784,1,786,100,3937247,1
35073.433374053,3,767,100,3945015,-1
35073.963839989,3,773,100,3958877,1
35074.595978266,1,787,100,3944193,-1
35075.371487768,1,788,100,3940201,1
35075.931345997,3,786,100,3937247,1
35076.199853638,3,774,100,3949741,1
35076.658029193,3,787,100,3944193,-1
35077.135872916,1,789,100,3940322,-1
35077.876765209,1,790,100,3938401,1
35078.206526241,3,775,100,3949382,1
35078.492842544,1,791,100,3948408,-1
35079.080140838,1,792,100,3941936,-1
35079.648672562,1,793,100,3941913,1
35080.053086996,1,794,100,3941344,-1
35080.64076949,3,784,100,3945626,-1
35081.410349953,3,792,100,3941936,-1
35081.983390306,5,790,100,3938401,1
35082.511020261,1,795,100,3947272,-1
35083.045065006,5,791,100,3948408,-1
35083.73867282,1,796,100,3946233,-1
35084.265237464,3,785,100,3937285,1
35084.76755516,4,781,100,3948906,-1
35085.508077249,3,789,100,3940322,-1
35086.015250733,5,796,100,3946233,-1
35086.724528175,4,794,100,3941344,-1
35087.449016968,1,797,100,3961728,-1
35087.746429101,1,798,100,3962934,1
35088.103485565,1,799,100,3962147,1
35088.721995777,3,795,100,3947272,-1
35089.09944067,1,800,100,3970905,-1
35089.640598759,3,798,100,3962934,1
35090.108856517,4,797,100,3961728,-1
35090.842369536,1,801,100,3959218,1
35091.409747448,1,802,400,3955339,1
35091.921332967,1,803,100,3952550,1
35092.390299971,1,804,100,3953045,1
35092.835786824,3,802,400,3955339,1
35093.312444498,5,803,100,3952550,1
35093.732163808,3,804,100,3953045,1
35094.488506641,3,779,100,3947690,1
35095.169365383,3,788,100,3940201,1
35095.880141339,3,793,100,3941913,1
35096.318629312,4,801,100,3959218,1
35096.908233056,1,805,100,3958179,-1
35097.34429177,1,806,100,3957271,-1
35098.09688467,1,807,100,3963351,-1
35098.56101681,5,800,100,3970905,-1
35099.27365253,1,808,100,3960558,1
35099.916198923,4,799,100,3962147,1
35100.20385926,4,808,100,3960558,1
35100.502918668,3,805,100,3958179,-1
35101.019344643,1,809,100,3952500,-1
35101.702907941,4,807,100,3963351,-1
35102.045686312,1,810,100,3946499,-1
35102.727590719,4,810,100,3946499,-1
35103.400219332,5,809,100,3952500,-1
35103.972403814,1,811,100,3958574,1
35104.335994981,3,811,100,3958574,1
35105.061590219,4,806,100,3957271,-1
35105.804453128,1,812,100,3961500,-1
35106.465060636,3,812,100,3961500,-1
35107.021989423,3,776,100,3957935,-1
35107.384389747,1,813,100,3963159,-1
35107.931289113,3,813,100,3963159,-1
35108.311885182,1,814,100,3965278,-1
35109.371986317,3,814,100,3965278,-1
35109.856400088,1,815,100,3972398,-1
35110.392631413,1,816,100,3961684,1
35110.890212234,1,817,100,3966890,1
35111.622134915,1,818,100,3966609,-1
35111.995353226,1,819,100,3963870,1
35112.62054853,1,820,100,3966876,1
35113.072659927,3,815,100,3972398,-1
35113.481738491,4,820,100,3966876,1
35114.984769438,1,821,100,3963772,1
35115.654233203,4,818,100,3966609,-1
35116.042036663,5,816,100,3961684,1
35116.545955077,1,822,100,3965224,1
35117.071826081,1,823,100,3974698,-1
35117.84783517,3,817,100,3966890,1
35118.504415501,3,819,100,3963870,1
35119.073880067,5,823,100,3974698,-1
35119.412220508,1,824,100,3966304,-1
35120.767593483,3,822,100,3965224,1
35121.206481575,1,825,100,3957766,1
35121.494181266,3,825,100,3957766,1
35121.873693096,1,826,100,3956239,-1
35122.662447606,5,824,100,3966304,-1
35123.070022661,1,827,100,3966957,-1
35123.806819034,1,828,100,3960043,-1
35124.583105797,3,826,100,3956239,-1
35125.245556687,1,829,100,3960257,1
35125.606295669,4,821,100,3963772,1
35126.374873655,3,827,100,3966957,-1
35126.923318835,1,830,100,3961198,1
35127.413018607,1,831,100,3960906,-1
35127.781263283,1,832,100,3952534,1
35128.077804953,1,833,100,3955790,-1
35128.755778512,3,828,100,3960043,-1
35129.233654592,1,834,100,3954112,-1
35129.84444095,3,832,100,3952534,1
35130.416575423,1,835,100,3954246,-1
35130.69683081,4,829,100,3960257,1
35131.405878386,3,833,100,3955790,-1
35131.998587269,1,836,100,3953953,-1
35132.598365321,1,837,100,3964517,-1
35133.317593254,1,838,100,3957176,1
35133.820950003,3,831,100,3960906,-1
35134.538606349,4,830,100,3961198,1
35135.048454874,1,839,100,3952367,-1
35135.519809083,1,840,100,3946121,1
35135.869799317,3,840,100,3946121,1
35136.525533572,1,841,100,3940966,-1
35136.865399065,1,842,100,3939852,1
35137.49148994,1,843,100,3940393,-1
35138.199489745,1,844,100,3938735,1
35138.708866407,3,835,100,3954246,-1
35139.199774675,4,844,100,3938735,1
35139.540023319,1,845,100,3921877,1
35140.236936771,3,834,100,3954112,-1
35140.559636949,4,838,100,3957176,1
35142.184657472,3,843,100,3940393,-1
35142.638840839,1,846,100,3920757,1
35143.382971734,1,847,100,3917867,-1
35143.953685018,1,848,100,3915130,-1
35144.300466878,3,837,100,3964517,-1
35144.922828146,3,841,100,3940966,-1
35146.023401672,3,848,100,3915130,-1
35146.487920862,4,846,100,3920757,1
35147.078449871,3,836,100,3953953,-1
35147.453527526,1,849,100,3905513,1
35147.846712919,1,850,100,3909024,-1
35148.568673857,1,851,100,3914218,-1
35148.96410643,1,852,100,3909818,-1
35150.005428397,3,839,100,3952367,-1
35150.273206072,4,852,100,3909818,-1
35150.965014341,3,847,100,3917867,-1
35151.262045136,4,845,100,3921877,1
35151.839368061,4,851,100,3914218,-1
35152.365916293,1,853,100,3917070,1
35152.823685759,4,853,100,3917070,1
35153.522107657,3,842,100,3939852,1
35153.828025334,1,854,100,3926779,1
35154.264105778,3,854,100,3926779,1
35155.510765534,4,850,100,3909024,-1
35156.064999927,3,849,100,3905513,1
35156.501230465,1,855,100,3932381,1
35157.158280869,4,855,100,3932381,1
35157.924176345,1,856,100,3918375,1
35158.530333247,3,856,100,3918375,1
35158.860395479,1,857,100,3926302,1
35159.603353314,3,857,100,3926302,1
35159.916426957,1,858,100,3921523,-1
35160.583920754,1,859,100,3919355,-1
35161.059069542,1,860,100,3915276,1
35161.547262508,3,860,100,3915276,1
35161.871725884,3,859,100,3919355,-1
35162.402711859,4,858,100,3921523,-1
35163.097324213,1,861,100,3926632,1
35163.489481387,4,861,100,3926632,1
35163.972085642,1,862,100,3926794,1
35164.318524569,5,862,100,3926794,1
35164.718011731,1,863,100,3917750,1
35165.481274615,3,863,100,3917750,1
35165.875742243,1,864,100,3913894,-1
35166.423119719,3,864,100,3913894,-1
35166.973484389,1,865,100,3917102,-1
35167.484814128,4,865,100,3917102,-1
35167.92353536,1,866,100,3916955,1
35168.644551101,3,866,100,3916955,1
35169.297311418,1,867,100,3913330,-1
35169.845317575,1,868,100,3912870,-1
35170.216767856,4,867,100,3913330,-1
35170.537533757,5,868,100,3912870,-1
35171.240198461,1,869,100,3909808,1
35171.7081908,1,870,100,3917824,-1
35172.432225275,5,870,100,3917824,-1
35172.833851656,3,869,100,3909808,1
35173.384929895,1,871,100,3925302,1
35174.253295391,3,871,100,3925302,1
35174.906446923,1,872,100,3924005,-1
35175.188636987,3,872,100,3924005,-1
35175.482866461,1,873,100,3925410,-1
35176.022219624,3,873,100,3925410,-1
35176.720640959,1,874,100,3927425,1
35177.33556034,1,875,100,3928838,-1
35177.933540662,3,874,100,3927425,1
35178.501669359,1,876,100,3932044,1
35178.892019905,5,876,100,3932044,1
35179.406913809,1,877,100,3931110,-1
35179.999029345,3,877,100,3931110,-1
35180.362751495,4,875,100,3928838,-1
35180.92428633,1,878,100,3928885,1
35181.722789344,3,878,100,3928885,1
35182.058733323,1,879,100,3925792,-1
35182.685843567,1,880,100,3926573,-1
35183.230905396,1,881,100,3921653,1
35183.703044635,1,882,100,3926978,-1
35184.334273477,1,883,100,3925581,-1
35184.926633297,3,879,100,3925792,-1
35185.321842707,1,884,100,3917910,1
35185.822391341,5,883,100,3925581,-1
35186.314109674,3,881,100,3921653,1
35186.918238448,1,885,100,3935303,-1
35187.578249102,1,886,100,3935705,1
35188.200571077,3,885,100,3935303,-1
35188.568703273,1,887,100,3956218,-1
35188.960591907,4,880,100,3926573,-1
35189.613679843,4,882,100,3926978,-1
35189.92385051,4,887,100,3956218,-1
35190.427791799,1,888,100,3960726,1
35191.028900821,3,888,100,3960726,1
35191.361769151,3,886,100,3935705,1
35192.473207358,1,889,100,3959995,1
35192.792614252,1,890,100,3958968,-1
35193.293554187,4,890,100,3958968,-1
35194.00923462,1,891,100,3968446,1
35194.356619705,3,884,100,3917910,1
35194.684806934,4,889,100,3959995,1
35195.36023855,1,892,100,3974364,-1
35196.427884543,1,893,100,3963864,-1
35197.044671566,3,892,100,3974364,-1
35197.418342823,1,894,100,3956602,1
35198.135151861,1,895,100,3956590,-1
35198.886445825,5,894,100,3956602,1
35199.17578234,1,896,100,3966721,1
35200.131349871,1,897,100,3967182,-1
35200.632013642,3,893,100,3963864,-1
35201.16924284,4,895,100,3956590,-1
35201.451630854,4,897,100,3967182,-1
35202.080801882,3,891,100,3968446,1
35202.367899348,3,896,100,3966721,1
35202.830126239,1,898,100,3983679,1
35203.431066466,1,899,100,3987814,1
35204.61392379,1,900,100,3992899,1
35205.373506585,4,898,100,3983679,1
35206.073144233,1,901,100,3985201,1
35206.463150919,1,902,100,3992589,-1
35206.731054609,3,902,100,3992589,-1
35207.12561686,1,903,100,3995618,1
35207.519963137,3,901,100,3985201,1
35208.256289993,4,900,100,3992899,1
35208.666413882,1,904,100,3989147,1
35209.554837458,1,905,100,3988970,-1
35210.172626049,3,905,100,3988970,-1
35210.486675886,3,903,100,3995618,1
35210.779739567,1,906,100,4000568,-1
35211.474463274,4,906,100,4000568,-1
35212.235234743,5,904,100,3989147,1
35212.982877529,3,899,100,3987814,1
35213.479699266,1,907,100,4003480,-1
35214.032999876,3,907,100,4003480,-1
35214.314976734,1,908,100,4007517,-1
35214.670394075,3,908,100,4007517,-1
35215.38283497,1,909,100,3999465,1
35215.790389544,3,909,100,3999465,1
35216.276956865,1,910,100,3999292,1
35216.904570195,4,910,100,3999292,1
35217.66618547,1,911,100,3995962,-1
35218.165230557,3,911,100,3995962,-1
35218.641916948,1,912,100,3998850,1
35219.284881922,4,912,100,3998850,1
35219.904118413,1,913,100,4002672,-1
35220.67610131,1,914,100,4006940,1
35221.417877334,4,914,100,4006940,1
35221.777727892,1,915,100,3998413,-1
35222.403625249,1,916,100,3998820,-1
35223.086938746,1,917,100,3992944,1
35223.475221904,1,918,100,3995757,-1
35224.01252349,1,919,100,4007847,-1
35224.39967003,1,920,100,4004426,-1
35225.087706891,1,921,100,4004330,-1
35225.490513718,1,922,100,4007224,-1
35226.183277957,1,923,100,4008028,-1
35226.802969488,4,921,100,4004330,-1
35227.512805604,1,924,100,4000105,-1
35228.196363393,5,917,100,3992944,1
35228.723700226,3,924,100,4000105,-1
35229.281157617,4,923,100,4008028,-1
35229.828086179,1,925,100,3991425,1
35230.129918439,4,915,100,3998413,-1
35230.412842569,5,919,100,4007847,-1
35231.059252396,1,926,100,4001463,1
35231.526230446,4,926,100,4001463,1
35231.922074705,4,913,100,4002672,-1
35232.602140951,1,927,100,4000107,1
35232.91040975,3,918,100,3995757,-1
35233.223329969,1,928,100,3998355,1
35233.97707974,5,922,100,4007224,-1
35235.365802246,1,929,100,3996507,1
35235.842950359,4,920,100,4004426,-1
35237.046260699,4,916,100,3998820,-1
35237.495466386,3,927,100,4000107,1
35238.043524005,1,930,100,4006037,1
35238.56781866,1,931,100,4014747,-1
35238.866577243,1,932,100,4015388,1
35239.655174338,3,925,100,3991425,1
35239.981199822,1,933,100,4012460,-1
35240.479280815,1,934,100,4002469,-1
35241.219635788,1,935,100,3998795,1
35241.858522761,1,936,100,3998818,-1
35242.360243368,5,932,100,4015388,1
35243.055211644,4,936,100,3998818,-1
35243.837657975,3,931,100,4014747,-1
35244.236622735,3,929,100,3996507,1
35244.520815508,4,935,100,3998795,1
35245.026563481,1,937,100,3992767,1
35245.748245877,1,938,100,3996446,-1
35246.119548878,3,938,100,3996446,-1
35246.805603152,3,933,100,4012460,-1
35247.426460025,1,939,100,3998212,1
35248.71583361,5,930,100,4006037,1
35249.483402283,3,934,100,4002469,-1
35250.494695677,1,940,100,4011323,1
35251.663239168,1,941,100,4014643,-1
35252.005713728,1,942,100,4019207,1
35252.552088477,1,943,100,4017736,1
35253.520940282,1,944,100,4008639,1
35254.31274917,1,945,100,4003234,-1
35254.819990818,5,945,100,4003234,-1
35255.328781206,1,946,100,4000234,-1
35255.812927606,1,947,100,4001752,1
35257.079848154,4,946,100,4000234,-1
35257.771848335,5,941,100,4014643,-1
35258.285896649,5,944,100,4008639,1
35258.679726685,3,947,100,4001752,1
35259.318266232,3,939,100,3998212,1
35260.747384778,5,928,100,3998355,1
35261.347782918,1,948,100,4003795,-1
35261.804458162,1,949,100,4003156,1
35262.207547116,3,942,100,4019207,1
35262.749690429,5,949,100,4003156,1
35264.300590867,3,943,100,4017736,1
35265.103043592,5,948,100,4003795,-1
35265.817894603,4,937,100,3992767,1
35266.589435355,1,950,200,4013047,-1
35267.003652022,1,951,100,4010095,1
35267.69088486,1,952,100,4016773,1
35268.226448459,4,950,100,4013047,-1
35268.550297523,5,952,100,4016773,1
35269.317458213,4,950,100,4013047,-1
35270.162717619,3,951,100,4010095,1
35271.260545809,1,953,100,4025627,-1
35271.909398253,3,940,100,4011323,1
35272.234694271,1,954,100,4022645,-1
35272.521018927,4,954,100,4022645,-1
35273.005576148,3,953,100,4025627,-1
35273.682912699,1,955,100,4022250,-1
35274.344416004,1,956,100,4027194,-1
35274.742527811,3,956,100,4027194,-1
35275.382004007,1,957,100,4022097,1
35275.71970955,3,955,100,4022250,-1
35276.475094167,1,958,100,4014275,1
35277.016316137,3,957,100,4022097,1
35277.629187743,3,958,100,4014275,1
35278.268208766,1,959,100,4020084,1
35278.626080723,3,959,100,4020084,1
35279.014099773,1,960,100,4024274,-1
35279.597141871,4,960,100,4024274,-1
35280.077117605,1,961,100,4030395,-1
35280.665842622,5,961,100,4030395,-1
35281.03482685,1,962,100,4021007,-1
35281.824593421,3,962,100,4021007,-1
35282.43228506,1,963,100,4021800,1
35283.499535806,1,964,100,4016333,1
35283.876160614,3,964,100,4016333,1
35284.415990726,5,963,100,4021800,1
35285.111635524,1,965,100,4020577,1
35285.40378835,4,965,100,4020577,1
35285.846270853,1,966,100,4024710,-1
35286.324953068,1,967,100,4023515,-1
35286.646731822,1,968,100,4017622,1
35287.229374325,1,969,100,4016764,-1
35287.986224069,3,968,100,4017622,1
35288.421714895,1,970,100,4009189,1
35288.955301822,3,970,100,4009189,1
35290.477564015,3,966,100,4024710,-1
35291.057523446,4,967,100,4023515,-1
35291.590926197,1,971,100,4001583,1
35292.359632182,5,969,100,4016764,-1
35292.783364161,1,972,100,4001284,1
35293.523380359,4,971,100,4001583,1
35294.069915389,3,972,100,4001284,1
35294.751526315,1,973,100,3995386,1
35295.482524164,1,974,100,3988166,1
35296.134546729,1,975,100,3994678,-1
35296.63175102,1,976,100,3988139,1
35297.042609971,3,974,100,3988166,1
35298.490952621,1,977,100,3981770,1
35299.199805551,1,978,100,3981926,-1
35299.930506454,1,979,100,3988354,-1
35300.429481426,1,980,100,3982990,-1
35301.064219859,5,975,100,3994678,-1
35301.451159279,1,981,100,3974346,-1
35302.185432669,3,977,100,3981770,1
35302.692959923,1,982,100,3976272,1
35303.27520157,3,978,100,3981926,-1
35303.617436506,4,973,100,3995386,1
35304.855098093,4,976,100,3988139,1
35305.590763201,1,983,100,3975962,-1
35305.987902887,3,981,100,3974346,-1
35306.730403275,1,984,100,3986250,-1
35307.024535579,1,985,100,3973255,-1
35307.399546994,5,985,100,3973255,-1
35307.90203839,4,983,100,3975962,-1
35308.656815001,4,980,100,3982990,-1
35308.978049081,3,984,100,3986250,-1
35309.312370962,1,986,100,3985754,1
35310.336733276,3,986,100,3985754,1
35312.03595141,4,979,100,3988354,-1
35312.438684046,3,982,100,3976272,1
35312.769153599,1,987,100,4005995,-1
35313.41392845,1,988,100,4000376,1
35313.704847157,4,987,100,4005995,-1
35314.09206166,3,988,100,4000376,1
35314.860629274,1,989,100,4010944,-1
35315.609194395,3,989,100,4010944,-1
35315.995837901,1,990,100,4017232,-1
35316.667016265,3,990,100,4017232,-1
35317.250241531,1,991,100,4011331,-1
35317.710878629,1,992,100,4010992,-1
35318.411672625,3,992,100,4010992,-1
35319.079932672,1,993,100,4009896,-1
35319.884696266,1,994,100,4009676,-1
35320.225097037,1,995,100,4007112,1
35320.497086437,5,994,100,4009676,-1
35321.23370295,3,995,100,4007112,1
35321.868207197,3,991,100,4011331,-1
35322.506042453,3,993,100,4009896,-1
35323.125482391,1,996,100,4001775,-1
35323.78974856,1,997,100,4003866,1
35325.085326421,1,998,100,4006111,1
35325.813425131,5,997,100,4003866,1
35326.206666139,3,996,100,4001775,-1
35326.477986904,3,998,100,4006111,1
35327.056938149,1,999,100,4006531,-1
35327.328542733,1,1000,100,4002704,1
35328.540276802,1,1001,100,4000754,1
35328.965363586,1,1002,100,4005890,-1
35329.255758292,5,999,100,4006531,-1
35329.83020069,3,1002,100,4005890,-1
35330.244526647,4,1000,100,4002704,1
35330.752764846,1,1003,100,4001331,1
35331.377006575,3,1003,100,4001331,1
35332.081098892,1,1004,100,4003133,-1
35332.616766902,5,1004,100,4003133,-1
35333.380626936,3,1001,100,4000754,1
35333.977332947,1,1005,100,4004062,1
35334.349297082,1,1006,100,4007693,1
35334.816004343,1,1007,100,4017134,-1
35335.219626185,1,1008,100,4013325,-1
35335.815135324,5,1005,100,4004062,1
35336.155199699,3,1007,100,4017134,-1
35336.756774077,1,1009,100,4007414,-1
35337.251116801,1,1010,100,4002761,1
35337.581483989,3,1008,100,4013325,-1
35338.269698031,1,1011,100,4009727,1
35338.705306715,4,1009,100,4007414,-1
35339.970535532,4,1011,100,4009727,1
35340.321266872,1,1012,100,4014110,1
35340.723915167,1,1013,100,4016223,-1
35341.440979322,3,1012,100,4014110,1
35341.722652894,1,1014,100,4003631,1
35342.339265075,3,1006,100,4007693,1
35342.859664434,1,1015,100,4004714,-1
35343.370097566,1,1016,100,4011856,-1
35343.710438439,1,1017,100,4011757,-1
35344.202221684,4,1015,100,4004714,-1
35344.529865253,4,1016,100,4011856,-1
35344.950706206,4,1017,100,4011757,-1
35345.682905943,4,1013,100,4016223,-1
35346.220359837,1,1018,100,4018886,1
35346.835982489,3,1010,100,4002761,1
35347.62259024,1,1019,100,4029109,-1
35347.894988668,5,1019,100,4029109,-1
35348.444571689,3,1014,100,4003631,1
35348.900848023,1,1020,100,4015722,-1
35350.50415299,1,1021,100,4011013,1
35351.074949204,4,1018,100,4018886,1
35351.544623335,4,1021,100,4011013,1
35352.225464749,4,1020,100,4015722,-1
35352.64401521,1,1022,100,4011326,-1
35353.223572052,1,1023,100,4008035,-1
35353.690817864,1,1024,100,4007914,-1
35354.176311427,1,1025,100,4012263,-1
35354.452408807,1,1026,100,4014690,-1
35354.806617852,1,1027,100,4016546,1
35355.261794487,3,1024,100,4007914,-1
35355.850507121,1,1028,100,4016888,-1
35356.490298462,3,1028,100,4016888,-1
35356.958525469,3,1027,100,4016546,1
35357.238471346,3,1026,100,4014690,-1
35357.59550419,1,1029,100,4007706,1
35358.262463898,5,1025,100,4012263,-1
35358.787438851,1,1030,100,4011889,-1
35359.469572538,1,1031,100,4011448,-1
35359.847642374,3,1031,100,4011448,-1
35360.230267755,3,1030,100,4011889,-1
35360.674291783,3,1022,100,4011326,-1
35360.979360107,1,1032,100,3999398,1
35361.772465263,3,1023,100,4008035,-1
35362.516014558,4,1032,100,3999398,1
35363.074051019,5,1029,100,4007706,1
35363.564896299,1,1033,100,4002233,1
35364.050499814,3,1033,100,4002233,1
35364.355072517,1,1034,100,4000973,-1
35364.665592305,1,1035,100,3995942,1
35365.377192613,4,1034,100,4000973,-1
35365.971062122,3,1035,100,3995942,1
35366.461419898,1,1036,100,3997348,1
35366.903637103,5,1036,100,3997348,1
35367.277347065,1,1037,100,3997016,1
35367.580735991,3,1037,100,3997016,1
35367.935016324,1,1038,100,3999906,1
35368.348067001,1,1039,100,3998734,1
35369.143707374,5,1038,100,3999906,1
35369.917889101,1,1040,100,4010744,-1
35370.290955979,5,1040,100,4010744,-1
35370.719770068,1,1041,100,4011567,-1
35371.172999984,1,1042,100,4010389,-1
35371.634375225,4,1041,100,4011567,-1
35372.195644974,1,1043,100,4003978,1
35372.816181186,1,1044,100,4002185,1
35373.587624998,4,1044,100,4002185,1
35374.343551022,3,1039,100,3998734,1
35374.845147781,1,1045,100,3992121,1
35375.592751207,1,1046,100,3993793,1
35376.271325096,3,1042,100,4010389,-1
35376.796673404,1,1047,100,3995588,-1
35377.602160355,3,1047,100,3995588,-1
35378.035654021,1,1048,100,3995744,-1
35378.431513506,3,1045,100,3992121,1
35378.801253025,4,1046,100,3993793,1
35379.347263289,1,1049,100,3995345,-1
35379.850245574,1,1050,100,3997234,-1
35380.49115634,1,1051,100,3987747,1
35380.798658024,1,1052,100,3991453,1
35381.150580909,1,1053,100,3987758,-1
35381.765849615,3,1043,100,4003978,1
35382.461243506,1,1054,100,3987907,-1
35383.263548881,1,1055,100,3983890,1
35384.572059988,3,1051,100,3987747,1
35384.93279211,3,1052,100,3991453,1
35385.63512966,3,1049,100,3995345,-1
35386.428489959,1,1056,100,3998629,-1
35386.887996504,4,1054,100,3987907,-1
35387.397373805,5,1053,100,3987758,-1
35388.075125909,3,1048,100,3995744,-1
35388.666672888,1,1057,100,3978230,1
35389.069976574,1,1058,100,3974906,-1
35389.403225887,4,1057,100,3978230,1
35389.752662564,1,1059,200,3976204,-1
35390.977134407,5,1059,100,3976204,-1
35391.47725849,1,1060,100,3977402,-1
35391.901599705,1,1061,100,3974762,-1
35392.553678711,1,1062,100,3970596,1
35393.103626619,1,1063,100,3976504,1
35393.487559341,3,1058,100,3974906,-1
35393.88091492,4,1055,100,3983890,1
35394.23863257,1,1064,100,3984555,-1
35394.600375182,3,1059,100,3976204,-1
35395.577693069,1,1065,100,3995586,-1
35396.290733492,1,1066,100,3989810,1
35397.041742844,3,1056,100,3998629,-1
35397.796659168,4,1050,100,3997234,-1
35398.528489228,3,1065,100,3995586,-1
35399.001882642,3,1062,100,3970596,1
35399.474254849,3,1066,100,3989810,1
35399.857834905,3,1063,100,3976504,1
35400.259473343,3,1064,100,3984555,-1
35400.966021776,1,1067,100,4011857,-1
35401.456290406,1,1068,100,4009364,1
35402.178943811,3,1060,100,3977402,-1
35402.666026202,5,1061,100,3974762,-1
35403.299687395,1,1069,100,4003666,1
35403.902878116,4,1069,100,4003666,1
35404.42221885,3,1068,100,4009364,1
35405.143940085,1,1070,100,4006021,1
35405.482945704,1,1071,100,4008618,1
35406.107265185,1,1072,100,4008199,1
35406.395680742,1,1073,100,4009972,-1
35406.736011051,5,1067,100,4011857,-1
35407.539457098,5,1073,100,4009972,-1
35408.341010246,1,1074,100,4009643,1
35409.144239835,1,1075,100,4013047,-1
35409.833880048,3,1074,100,4009643,1
35410.403424579,5,1070,100,4006021,1
35410.834284705,1,1076,100,4020365,-1
35411.504603121,5,1075,100,4013047,-1
35412.323449354,1,1077,100,4017348,-1
35413.072177767,4,1077,100,4017348,-1
35413.5232932,1,1078,100,4017019,-1
35414.210635886,1,1079,100,4013541,-1
35414.860155612,3,1078,100,4017019,-1
35415.457542136,4,1079,100,4013541,-1
35416.056615166,1,1080,100,4022069,-1
35416.486286174,5,1080,100,4022069,-1
35416.777577696,3,1071,100,4008618,1
35417.170459626,1,1081,100,4013844,1
35417.649730478,3,1081,100,4013844,1
35418.251679716,5,1072,100,4008199,1
35418.849128571,3,1076,100,4020365,-1
35419.397375516,1,1082,100,4013875,1
35419.938984077,1,1083,100,4017336,-1
35420.628203815,4,1083,100,4017336,-1
35421.301064784,1,1084,100,4018090,-1
35421.721164689,1,1085,100,4010308,1
35422.001240075,1,1086,100,4010754,1
35422.317827747,1,1087,100,4004095,1
35422.899968979,1,1088,100,4004914,1
35423.394758421,3,1086,100,4010754,1
35424.199190407,3,1088,100,4004914,1
35424.820624585,4,1085,100,4010308,1
35425.355738218,5,1084,100,4018090,-1
35425.848114073,1,1089,100,3990308,1
35426.783946169,1,1090,100,4004263,-1
35427.174695048,4,1082,100,4013875,1
35427.475637851,5,1087,100,4004095,1
35427.964239783,5,1089,100,3990308,1
35428.645512737,3,1090,100,4004263,-1
35429.249240472,1,1091,100,4001333,-1
35429.695727299,1,1092,100,3997487,1
35430.242386952,4,1091,100,4001333,-1
35431.207087205,1,1093,100,4001752,-1
35431.85750592,1,1094,100,3994614,1
35432.348516651,1,1095,100,3993835,1
35433.402532026,3,1095,100,3993835,1
35434.125020523,1,1096,100,4000971,-1
35434.87529565,1,1097,100,4000353,1
35436.089278834,1,1098,100,4009330,-1
35436.747852127,1,1099,100,3994947,1
35437.145933318,4,1097,100,4000353,1
35438.466338793,3,1094,100,3994614,1
35438.932920113,1,1100,100,3986015,1
35439.734742802,1,1101,100,3989927,-1
35440.350921722,1,1102,100,3986657,1
35440.790063824,4,1092,100,3997487,1
35441.451231212,3,1096,100,4000971,-1
35441.974579948,3,1099,100,3994947,1
35442.788846496,3,1101,100,3989927,-1
35443.096078177,4,1100,100,3986015,1
35443.399265924,1,1103,100,3992498,-1
35443.752012266,3,1098,100,4009330,-1
35444.428229631,3,1093,100,4001752,-1
35445.844218862,3,1102,100,3986657,1
35446.269037959,3,1103,100,3992498,-1
35446.881999699,1,1104,100,3977092,1
35447.417149115,3,1104,100,3977092,1
35447.928521281,1,1105,100,3980081,1
35448.454704871,1,1106,100,3981623,1
35449.032642983,1,1107,100,3976943,1
35449.435918951,3,1106,100,3981623,1
35450.055587902,4,1107,100,3976943,1
35450.446113177,3,1105,100,3980081,1
35450.780600504,1,1108,100,3986017,1
35451.574031709,3,1108,100,3986017,1
35452.364502419,1,1109,100,3990806,-1
35453.175126249,3,1109,100,3990806,-1
35453.597971654,1,1110,100,3984029,1
35454.382859116,1,1111,100,3988385,-1
35455.140537789,1,1112,100,3983284,-1
35455.754845265,5,1110,100,3984029,1
35456.14449822,5,1112,100,3983284,-1
35456.940052381,1,1113,100,3967577,1
35457.906727637,3,1113,100,3967577,1
35458.662331449,1,1114,100,3953507,1
35459.243988279,1,1115,100,3959097,-1
35459.937296069,1,1116,100,3951353,-1
35460.505387425,1,1117,100,3946755,-1
35461.276435939,3,1111,100,3988385,-1
35462.060660097,1,1118,100,3946438,-1
35462.775385035,3,1116,100,3951353,-1
35463.689209912,3,1118,100,3946438,-1
35464.402590803,3,1115,100,3959097,-1
35464.898742062,3,1117,100,3946755,-1
35465.679876234,3,1114,100,3953507,1
35466.419233383,1,1119,100,3938826,1
35466.738193368,1,1120,100,3945125,-1
35467.53459954,1,1121,100,3944862,1
35467.9644598,4,1120,100,3945125,-1
35468.557460273,3,1119,100,3938826,1
35468.921701986,1,1122,100,3932968,-1
35469.354136189,3,1121,100,3944862,1
35470.037155217,1,1123,100,3921926,-1
35470.52638004,1,1124,100,3920518,1
35471.161580055,1,1125,100,3921134,-1
35471.863347915,1,1126,100,3918939,1
35472.464700488,1,1127,100,3917670,1
35473.163730506,3,1122,100,3932968,-1
35473.63422292,3,1124,100,3920518,1
35474.220268226,1,1128,100,3922009,-1
35474.686191792,1,1129,100,3913907,-1
35475.342025357,3,1128,100,3922009,-1
35475.872780639,3,1125,100,3921134,-1
35477.31771779,3,1123,100,3921926,-1
35478.483003505,1,1130,100,3916735,1
35478.798002561,4,1129,100,3913907,-1
35479.268047294,4,1127,100,3917670,1
35479.997631853,3,1130,100,3916735,1
35481.219596993,1,1131,100,3914750,1
35481.821383695,1,1132,100,3922446,-1
35482.62952437,1,1133,100,3926284,-1
35483.169591979,1,1134,100,3916242,1
35483.663933457,4,1126,100,3918939,1
35485.183956897,1,1135,100,3915709,-1
35486.402096402,3,1135,100,3915709,-1
35486.926206325,1,1136,100,3920499,-1
35487.403242432,1,1137,100,3913276,1
35487.777348582,3,1134,100,3916242,1
35488.056602983,3,1131,100,3914750,1
35488.346329486,3,1137,100,3913276,1
35489.670050754,4,1133,100,3926284,-1
35490.100620697,1,1138,100,3908828,1
35490.79640438,5,1136,100,3920499,-1
35491.360379634,4,1138,100,3908828,1
35491.659321948,1,1139,100,3906463,1
35492.400108822,1,1140,100,3913853,1
35492.91913782,1,1141,100,3913671,1
35493.492394942,4,1140,100,3913853,1
35494.918301003,3,1132,100,3922446,-1
35495.679721547,1,1142,100,3913889,-1
35496.286627517,1,1143,100,3914048,-1
35497.189853811,1,1144,100,3913712,-1
35497.681074633,1,1145,100,3915957,-1
35498.354965267,3,1143,100,3914048,-1
35498.735166035,4,1142,100,3913889,-1
35499.454271481,1,1146,100,3910387,1
35500.012295902,1,1147,100,3912682,-1
35500.59070147,3,1146,100,3910387,1
35501.219528215,3,1144,100,3913712,-1
35501.93546771,1,1148,100,3889921,1
35502.620175455,1,1149,100,3898159,-1
35503.048322054,1,1150,100,3896277,1
35505.395937555,3,1145,100,3915957,-1
35505.921324692,1,1151,100,3903346,-1
35506.236372531,4,1149,100,3898159,-1
35506.677065652,1,1152,100,3900903,-1
35507.256645382,3,1151,100,3903346,-1
35507.593101788,4,1152,100,3900903,-1
35508.286992058,1,1153,100,3902013,1
35508.977751078,4,1147,100,3912682,-1
35509.652054839,3,1148,100,3889921,1
35510.545737975,1,1154,100,3920305,1
35511.019598737,1,1155,100,3925819,1
35511.710847427,4,1155,100,3925819,1
35512.400729097,3,1141,100,3913671,1
35512.911806921,3,1154,100,3920305,1
35513.689213404,3,1150,100,3896277,1
35514.1706409,3,1153,100,3902013,1
35514.842960775,1,1156,100,3934960,-1
35515.474968359,3,1139,100,3906463,1
35516.250201186,3,1156,100,3934960,-1
35517.032194905,1,1157,100,3929439,-1
35517.613346139,4,1157,100,3929439,-1
35518.418892121,1,1158,100,3932461,1
35518.781142313,4,1158,100,3932461,1
35519.545375773,1,1159,100,3921722,1
35519.855993194,5,1159,100,3921722,1
35520.556845965,1,1160,100,3921626,-1
35520.980554645,5,1160,100,3921626,-1
35521.537665768,1,1161,100,3925076,-1
35522.258889438,4,1161,100,3925076,-1
35522.966342327,1,1162,100,3924587,1
35523.821780783,5,1162,100,3924587,1
35524.433616968,1,1163,100,3927584,-1
35524.993161706,4,1163,100,3927584,-1
35525.780673148,1,1164,100,3923260,-1
35526.392274244,1,1165,100,3917741,1
35526.956773967,1,1166,100,3914799,1
35527.280527196,3,1166,100,3914799,1
35528.532910148,1,1167,100,3915935,-1
35529.083708211,1,1168,100,3918555,-1
35529.445651754,3,1164,100,3923260,-1
35529.973864672,3,1167,100,3915935,-1
35530.289806422,1,1169,100,3914110,-1
35530.938810018,5,1169,100,3914110,-1
35531.300544303,4,1165,100,3917741,1
35531.901339799,5,1168,100,3918555,-1
35532.30195213,1,1170,100,3907690,1
35533.48469381,3,1170,100,3907690,1
35534.167584214,1,1171,100,3920350,1
35534.863915878,4,1171,100,3920350,1
35535.344070837,1,1172,100,3923246,-1
35535.827034703,1,1173,100,3923667,1
35536.230629636,3,1172,100,3923246,-1
35536.705202764,4,1173,100,3923667,1
35537.127767669,1,1174,100,3916143,-1
35537.566833261,4,1174,100,3916143,-1
35538.063706279,1,1175,100,3916161,1
35538.647320258,1,1176,100,3914780,1
35539.024358207,4,1175,100,3916161,1
35539.385779581,4,1176,100,3914780,1
35539.919277924,1,1177,100,3907421,-1
35540.417544965,3,1177,100,3907421,-1
35541.179415099,1,1178,100,3901818,-1
35541.793874817,1,1179,100,3899029,-1
35542.23529607,1,1180,100,3897862,1
35542.560639034,1,1181,100,3896317,1
35543.370078555,1,1182,100,3897128,-1
35544.05990144,4,1179,100,3899029,-1
35544.529738758,1,1183,100,3899394,-1
35544.862717639,1,1184,100,3898209,1
35545.306379132,1,1185,100,3896687,1
35545.96662045,1,1186,100,3896631,1
35546.521693388,4,1181,100,3896317,1
35547.03785544,1,1187,100,3892337,-1
35547.410075677,3,1184,100,3898209,1
35547.764611901,1,1188,100,3894286,1
35548.243844146,1,1189,100,3900669,-1
35549.396729361,1,1190,100,3897103,1
35549.896694672,3,1190,100,3897103,1
35550.230547244,1,1191,100,3909675,-1
35550.936599423,1,1192,100,3903681,-1
35551.579233056,3,1183,100,3899394,-1
35552.055079112,3,1186,100,3896631,1
35552.82453282,1,1193,100,3897753,1
35553.421317771,1,1194,100,3892951,1
35554.170745222,1,1195,300,3897047,-1
35554.854863247,3,1192,100,3903681,-1
35555.308765628,1,1196,100,3886401,1
35555.90731049,1,1197,100,3890981,-1
35556.326255871,4,1193,100,3897753,1
35556.754852561,3,1188,100,3894286,1
35557.567528587,1,1198,100,3879615,1
35557.878794337,4,1180,100,3897862,1
35558.608575348,1,1199,100,3878841,-1
35559.141139595,4,1196,100,3886401,1
35559.545509887,1,1200,100,3887932,-1
35560.290031037,1,1201,100,3886294,1
35561.121021027,1,1202,100,3897151,-1
35562.514678356,1,1203,100,3890713,1
35562.844070026,5,1199,100,3878841,-1
35563.668918095,1,1204,100,3898676,1
35564.387846041,1,1205,100,3904727,-1
35564.749838293,4,1202,100,3897151,-1
35565.531501312,1,1206,100,3907792,1
35566.272711232,1,1207,100,3907613,1
35566.663879032,5,1191,100,3909675,-1
35567.100134679,4,1182,100,3897128,-1
35567.796301171,5,1201,100,3886294,1
35568.602943248,4,1195,300,3897047,-1
35569.103824628,4,1206,100,3907792,1
35569.813319832,1,1208,100,3894465,1
35570.316391391,1,1209,100,3891378,1
35570.75633654,4,1187,100,3892337,-1
35571.976628182,1,1210,100,3886384,1
35572.320542651,5,1189,100,3900669,-1
35572.763317641,5,1209,100,3891378,1
35573.101862712,4,1203,100,3890713,1
35573.81236962,3,1198,100,3879615,1
35574.907906845,4,1207,100,3907613,1
35575.247049522,1,1211,100,3877260,-1
35575.703378412,5,1178,100,3901818,-1
35576.195171803,3,1200,100,3887932,-1
35576.482665701,4,1194,100,3892951,1
35577.921392831,3,1205,100,3904727,-1
35578.487604829,3,1197,100,3890981,-1
35578.920866202,3,1204,100,3898676,1
35579.734897449,4,1185,100,3896687,1
35580.993180142,3,1210,100,3886384,1
35581.745375056,3,1208,100,3894465,1
35582.448552502,1,1212,100,3866733,1
35583.107907305,1,1213,100,3866293,1
35583.913359296,1,1214,100,3873505,-1
35584.562689918,4,1214,100,3873505,-1
35585.365201526,4,1212,100,3866733,1
35586.182761743,1,1215,100,3867525,-1
35586.850663134,4,1215,100,3867525,-1
35587.197507816,4,1211,100,3877260,-1
35587.814268857,1,1216,100,3868761,-1
35588.324271385,1,1217,100,3872377,-1
35588.625208813,3,1216,100,3868761,-1
35589.233113894,1,1218,100,3874749,-1
35589.56834534,3,1213,100,3866293,1
35590.396793087,1,1219,100,3871692,-1
35591.168771692,1,1220,100,3869172,1
35591.542391638,3,1220,100,3869172,1
35591.875442021,1,1221,100,3877876,-1
35592.848867138,1,1222,100,3869322,1
35593.46755706,3,1222,100,3869322,1
35594.250946059,1,1223,100,3877968,-1
35595.015543465,4,1223,100,3877968,-1
35595.374563202,1,1224,100,3883290,1
35595.893736823,3,1224,100,3883290,1
35596.668209899,3,1219,100,3871692,-1
35597.417327555,3,1217,100,3872377,-1
35598.237665361,1,1225,100,3880193,-1
35599.022203465,5,1218,100,3874749,-1
35599.804895991,4,1221,100,3877876,-1
35600.287116599,3,1225,100,3880193,-1
35600.969211146,1,1226,100,3886230,1
35601.7008002,3,1226,100,3886230,1
35602.408776397,1,1227,100,3881768,-1
35602.961320914,4,1227,100,3881768,-1
35603.502864582,1,1228,100,3882606,-1
35604.322242744,1,1229,100,3879117,-1
35604.840201104,1,1230,100,3874235,1
35606.273996334,1,1231,100,3878532,-1
35606.591515231,4,1230,100,3874235,1
35606.889138601,3,1231,100,3878532,-1
35607.369469669,3,1229,100,3879117,-1
35608.079847995,3,1228,100,3882606,-1
35608.693424782,1,1232,100,3878269,-1
35609.125079047,4,1232,100,3878269,-1
35609.769037913,1,1233,100,3870669,1
35610.357219534,4,1233,100,3870669,1
35611.046436155,1,1234,100,3868324,1
35611.535999897,3,1234,100,3868324,1
35612.174923799,1,1235,100,3868617,1
35612.883112984,1,1236,100,3876318,1
35613.324588725,3,1235,100,3868617,1
35614.218731591,1,1237,100,3868619,1
35615.526471511,3,1237,100,3868619,1
35616.330937254,3,1236,100,3876318,1
35617.057826971,1,1238,100,3862542,1
35617.589778812,1,1239,100,3859380,-1
35618.288128535,3,1239,100,3859380,-1
35619.792212212,3,1238,100,3862542,1
35620.218507055,1,1240,100,3864608,-1
35621.052955821,1,1241,100,3862849,1
35621.578607958,1,1242,100,3864949,-1
35622.157496589,1,1243,100,3862071,1
35622.719486412,5,1241,100,3862849,1
35623.135472401,3,1242,100,3864949,-1
35624.180612456,1,1244,100,3876679,-1
35625.142444966,1,1245,100,3885201,-1
35625.922215146,1,1246,100,3880072,1
35626.369495475,1,1247,100,3886588,-1
35626.69296298,1,1248,100,3884279,-1
35627.041014483,4,1240,100,3864608,-1
35627.877865965,4,1244,100,3876679,-1
35628.284650144,1,1249,100,3876396,-1
35629.003555599,3,1246,100,3880072,1
35629.319571294,5,1247,100,3886588,-1
35629.81745389,3,1248,100,3884279,-1
35630.651581955,5,1245,100,3885201,-1
35633.02698211,3,1249,100,3876396,-1
35633.37257855,4,1243,100,3862071,1
35633.962866897,1,1250,100,3883611,1
35634.554732741,1,1251,100,3892836,-1
35635.133270937,1,1252,100,3893874,-1
35636.325663117,1,1253,100,3891793,1
35636.778565525,1,1254,100,3887569,-1
35637.470126873,4,1253,100,3891793,1
35638.023761916,4,1252,100,3893874,-1
35638.566857808,5,1251,100,3892836,-1
35639.000596912,1,1255,100,3884608,1
35639.682318468,1,1256,100,3887293,1
35640.420429037,1,1257,100,3885608,1
35641.133689474,1,1258,100,3886201,-1
35641.803672303,5,1256,100,3887293,1
35642.268371496,3,1258,100,3886201,-1
35642.707055527,1,1259,100,3884123,1
35643.104068076,1,1260,100,3880242,1
35644.386215325,1,1261,100,3868607,1
35645.082100322,1,1262,100,3868186,1
35645.522038248,1,1263,100,3868830,1
35646.279283088,1,1264,100,3872755,-1
35646.844952706,1,1265,100,3865944,1
35647.176793472,4,1255,100,3884608,1
35647.569165112,3,1254,100,3887569,-1
35647.887938515,3,1265,100,3865944,1
35648.191811892,1,1266,100,3875844,-1
35648.948351548,1,1267,100,3873550,1
35649.775326944,3,1259,100,3884123,1
35650.071624011,3,1250,100,3883611,1
35650.402201077,1,1268,100,3877851,1
35650.851935387,3,1260,100,3880242,1
35651.440160848,1,1269,100,3878634,1
35651.828646239,1,1270,100,3885260,-1
35652.318321894,1,1271,100,3882452,1
35652.885495812,3,1268,100,3877851,1
35653.347435331,3,1267,100,3873550,1
35653.876662043,1,1272,100,3898261,-1
35654.583546045,3,1270,100,3885260,-1
35655.215837478,3,1272,100,3898261,-1
35655.688898611,3,1263,100,3868830,1
35656.415295662,5,1266,100,3875844,-1
35657.093967243,4,1264,100,3872755,-1
35657.748952564,1,1273,100,3901738,-1
35658.462342988,3,1261,100,3868607,1
35658.855105817,1,1274,100,3898646,1
35659.470165469,3,1257,100,3885608,1
35659.819598989,5,1274,100,3898646,1
35660.286897511,1,1275,100,3899258,1
35661.023132658,4,1273,100,3901738,-1
35661.421383345,3,1275,100,3899258,1
35661.713626355,1,1276,100,3902803,-1
35662.057380717,5,1262,100,3868186,1
35662.814545995,1,1277,100,3897066,-1
35663.407434176,1,1278,100,3894953,-1
35663.793954168,5,1277,100,3897066,-1
35664.332189251,1,1279,200,3886172,-1
35665.051225741,4,1279,100,3886172,-1
35665.41853639,1,1280,100,3890534,-1
35665.910581307,3,1276,100,3902803,-1
35666.607383054,3,1278,100,3894953,-1
35667.278450084,4,1279,100,3886172,-1
35667.861983433,3,1280,100,3890534,-1
35670.241999327,1,1281,100,3885360,-1
35670.694528685,1,1282,100,3883482,-1
35671.400809254,4,1281,100,3885360,-1
35672.028895422,1,1283,100,3889055,-1
35672.630734323,1,1284,100,3892735,1
35673.083705601,1,1285,100,3894151,1
35673.543842625,5,1282,100,3883482,-1
35674.117493495,4,1283,100,3889055,-1
35674.754050111,1,1286,100,3891837,-1
35675.051679043,4,1286,100,3891837,-1
35675.673195685,1,1287,100,3891363,1
35675.980852517,1,1288,100,3893929,1
35676.453600271,1,1289,100,3892063,-1
35677.506105731,4,1285,100,3894151,1
35677.909464923,1,1290,100,3889601,1
35678.553277002,5,1288,100,3893929,1
35679.346089352,4,1284,100,3892735,1
35679.828784727,3,1289,100,3892063,-1
35680.501096716,1,1291,100,3895566,1
35681.46044206,3,1287,100,3891363,1
35681.968301953,1,1292,100,3883778,-1
35682.454914763,3,1271,100,3882452,1
35683.031177478,1,1293,100,3884166,-1
35684.608923252,1,1294,100,3892838,-1
35684.954880406,1,1295,100,3888249,-1
35685.279970093,1,1296,100,3885077,-1
35685.84503837,1,1297,100,3880921,1
35686.424080298,1,1298,100,3885035,-1
35687.153603055,1,1299,100,3886563,-1
35687.772884185,1,1300,100,3881889,1
35688.528859011,3,1293,100,3884166,-1
35688.93662341,3,1298,100,3885035,-1
35689.385082869,4,1300,100,3881889,1
35690.543272847,5,1299,100,3886563,-1
35691.164226931,4,1297,100,3880921,1
35691.847916219,1,1301,100,3873540,-1
35692.558779504,3,1295,100,3888249,-1
35692.914973579,3,1296,100,3885077,-1
35693.487846915,3,1291,100,3895566,1
35694.183970917,4,1269,100,3878634,1
35694.544404814,1,1302,100,3860672,1
35695.304558374,1,1303,100,3860772,-1
35695.598598332,1,1304,100,3857622,1
35696.004202654,4,1304,100,3857622,1
35696.572039152,3,1292,100,3883778,-1
35697.283157259,1,1305,100,3853874,-1
35697.9764984,3,1290,100,3889601,1
35699.410186699,1,1306,100,3853971,1
35699.873807188,3,1301,100,3873540,-1
35700.381112027,3,1302,100,3860672,1
35701.522205451,1,1307,100,3873826,-1
35701.878982734,1,1308,100,3864248,1
35702.479496225,3,1307,100,3873826,-1
35703.091483768,5,1303,100,3860772,-1
35703.415999015,1,1309,100,3853662,1
35704.251592391,3,1306,100,3853971,1
35704.761724025,3,1305,100,3853874,-1
35705.404659013,5,1308,100,3864248,1
35706.122824025,1,1310,100,3843874,1
35706.625125751,3,1310,100,3843874,1
35707.124861493,1,1311,100,3851236,1
35707.590776115,3,1294,100,3892838,-1
35708.075705773,1,1312,100,3860405,-1
35708.415182618,5,1309,100,3853662,1
35709.170356632,1,1313,100,3857843,-1
35709.846014007,4,1311,100,3851236,1
35710.373924031,3,1312,100,3860405,-1
35710.908810919,1,1314,100,3850717,-1
35711.299548224,1,1315,100,3848258,-1
35711.663446802,4,1313,100,3857843,-1
35712.300082893,1,1316,200,3844333,1
35712.714255218,1,1317,100,3850550,1
35713.277113154,1,1318,100,3855556,1
35713.917444801,1,1319,100,3855228,1
35714.686004915,4,1318,100,3855556,1
35715.511992591,1,1320,100,3850363,1
35716.474098385,3,1316,200,3844333,1
35716.928266338,3,1315,100,3848258,-1
35717.711890068,3,1319,100,3855228,1
35718.511068677,1,1321,100,3836947,-1
35719.336116404,1,1322,100,3845891,-1
35719.934657759,4,1320,100,3850363,1
35720.321105332,1,1323,100,3831433,-1
35720.618822961,3,1317,100,3850550,1
35720.986355809,4,1321,100,3836947,-1
35721.42690785,1,1324,100,3825162,1
35722.218559348,1,1325,100,3831003,-1
35722.654799559,5,1314,100,3850717,-1
35722.9934074,4,1324,100,3825162,1
35723.576883386,1,1326,100,3820032,-1
35723.986988828,3,1323,100,3831433,-1
35724.418974833,4,1325,100,3831003,-1
35724.702828198,4,1326,100,3820032,-1
35725.623994059,4,1322,100,3845891,-1
35725.992546699,1,1327,100,3833467,-1
35726.8280116,3,1327,100,3833467,-1
35727.419717458,1,1328,100,3827849,1
35728.160883158,5,1328,100,3827849,1
35728.634953114,1,1329,100,3830884,-1
35729.357231109,1,1330,100,3824862,-1
35729.874378816,4,1330,100,3824862,-1
35730.680251391,1,1331,100,3827922,-1
35731.395983634,1,1332,100,3832783,1
35731.701874113,3,1329,100,3830884,-1
35732.471399141,1,1333,100,3834628,-1
35733.057243925,3,1331,100,3827922,-1
35733.453335426,1,1334,100,3841018,1
35733.951611979,1,1335,100,3837357,1
35734.390899483,1,1336,100,3840827,-1
35735.197093146,3,1334,100,3841018,1
35735.734374836,3,1333,100,3834628,-1
35736.037982723,4,1332,100,3832783,1
35736.877677296,1,1337,100,3832412,-1
35737.186274239,5,1335,100,3837357,1
35737.725277483,1,1338,100,3837022,1
35738.419158576,4,1336,100,3840827,-1
35738.923420263,3,1337,100,3832412,-1
35739.596170702,5,1338,100,3837022,1
35739.927848763,1,1339,100,3839663,-1
35740.718986489,3,1339,100,3839663,-1
35741.508128691,1,1340,100,3837287,-1
35742.599194791,3,1340,100,3837287,-1
35743.237655817,1,1341,100,3829825,1
35743.656888401,4,1341,100,3829825,1
35744.341870207,1,1342,100,3835538,1
35744.792767438,3,1342,100,3835538,1
35745.55493604,1,1343,100,3846833,-1
35746.075236109,1,1344,100,3849134,-1
35746.447964418,4,1343,100,3846833,-1
35747.089050302,1,1345,100,3851786,-1
35747.700643023,1,1346,100,3845664,-1
35748.487594442,5,1344,100,3849134,-1
35748.978686999,3,1345,100,3851786,-1
35749.602883128,1,1347,100,3846536,-1
35751.031734464,3,1346,100,3845664,-1
35751.398295574,1,1348,100,3861415,-1
35752.71502314,3,1347,100,3846536,-1
35753.377467119,1,1349,100,3860514,1
35753.779133893,1,1350,100,3861442,-1
35754.51678887,3,1348,100,3861415,-1
35755.134951206,1,1351,100,3860415,1
35755.623903496,3,1350,100,3861442,-1
35755.919431877,1,1352,100,3850791,-1
35756.587476803,3,1349,100,3860514,1
35757.258235398,3,1352,100,3850791,-1
35757.70483391,3,1351,100,3860415,1
35758.370125776,1,1353,100,3851871,-1
35759.171792277,4,1353,100,3851871,-1
35759.547090654,1,1354,100,3847193,1
35759.979786064,1,1355,100,3846738,1
35760.339782941,1,1356,100,3842727,1
35760.990908867,1,1357,100,3852733,-1
35761.66624681,1,1358,200,3854515,-1
35762.164570677,4,1357,100,3852733,-1
35762.811815932,1,1359,100,3843208,1
35763.584597644,4,1359,100,3843208,1
35763.913016288,3,1354,100,3847193,1
35764.471096747,1,1360,100,3843796,-1
35764.948169757,4,1356,100,3842727,1
35765.453391018,1,1361,100,3842633,-1
35765.820827312,1,1362,100,3844758,-1
35766.536353666,1,1363,100,3836663,-1
35767.56434507,4,1355,100,3846738,1
35769.068856593,1,1364,100,3828313,1
35769.38334661,1,1365,100,3833305,1
35770.224403115,5,1363,100,3836663,-1
35770.747258119,4,1365,100,3833305,1
35771.096011768,1,1366,100,3827088,1
35772.053396591,1,1367,100,3834166,-1
35772.606468323,4,1364,100,3828313,1
35773.181958589,1,1368,100,3820214,1
35774.029585279,1,1369,200,3805929,1
35774.797067157,3,1367,100,3834166,-1
35776.243632722,3,1368,100,3820214,1
35776.629575015,1,1370,100,3802976,1
35777.221783148,1,1371,100,3814829,-1
35777.641405997,1,1372,100,3812763,1
35778.169635881,1,1373,100,3816947,-1
35778.566813756,4,1373,100,3816947,-1
35779.044501031,1,1374,100,3817384,1
35779.597338477,1,1375,100,3825181,1
35779.960892445,3,1374,100,3817384,1
35780.619313574,1,1376,100,3826966,-1
35781.20815981,1,1377,100,3828068,-1
35781.900661349,3,1376,100,3826966,-1
35782.326630489,4,1371,100,3814829,-1
35783.093700852,1,1378,100,3828273,-1
35783.909149387,1,1379,100,3830449,-1
35785.229285561,1,1380,100,3835006,-1
35785.582829523,3,1362,100,3844758,-1
35786.183610548,4,1375,100,3825181,1
35786.870658162,1,1381,100,3823433,-1
35787.245723456,4,1366,100,3827088,1
35787.65653811,5,1377,100,3828068,-1
35788.063286695,3,1358,200,3854515,-1
35788.416937956,1,1382,100,3830181,-1
35789.084165229,1,1383,100,3831721,-1
35789.718408007,4,1381,100,3823433,-1
35790.15291953,1,1384,100,3831118,-1
35790.927683679,1,1385,100,3829542,1
35791.494150823,3,1360,100,3843796,-1
35792.190666935,5,1369,100,3805929,1
35792.722993802,5,1385,100,3829542,1
35793.515467668,4,1382,100,3830181,-1
35794.078820177,5,1384,100,3831118,-1
35794.521776076,1,1386,100,3845574,-1
35794.973726158,3,1378,100,3828273,-1
35795.442630865,1,1387,100,3847005,-1
35795.95209508,3,1369,100,3805929,1
35796.745881573,1,1388,100,3832571,-1
35797.14269244,1,1389,100,3830685,-1
35797.705476605,4,1389,100,3830685,-1
35798.524471527,4,1380,100,3835006,-1
35798.880582862,1,1390,100,3827800,1
35799.497201897,4,1379,100,3830449,-1
35799.895564296,1,1391,100,3839431,-1
35800.987938708,1,1392,100,3828071,1
35801.443908301,1,1393,100,3823854,-1
35802.210669817,1,1394,100,3826996,1
35802.928273825,3,1393,100,3823854,-1
35803.47813275,1,1395,100,3815566,1
35803.850553584,3,1388,100,3832571,-1
35804.594118366,1,1396,100,3825449,-1
35805.53225481,5,1372,100,3812763,1
35806.204325287,4,1383,100,3831721,-1
35807.056447836,4,1394,100,3826996,1
35807.56997503,3,1390,100,3827800,1
35808.055861464,1,1397,100,3825423,1
35808.749660929,1,1398,100,3831614,-1
35809.214457801,5,1392,100,3828071,1
35809.831367076,1,1399,100,3826292,1
35810.474583901,1,1400,100,3819870,1
35810.789515902,1,1401,100,3821508,1
35811.248772574,4,1401,100,3821508,1
35812.026267977,3,1387,100,3847005,-1
35813.129673488,3,1399,100,3826292,1
35813.535362875,1,1402,100,3813278,1
35813.927770806,1,1403,100,3820993,-1
35814.711146191,5,1361,100,3842633,-1
35815.302326523,3,1386,100,3845574,-1
35815.751415733,1,1404,100,3813587,1
35816.254202324,4,1395,100,3815566,1
35816.787197179,3,1397,100,3825423,1
35817.286238037,3,1404,100,3813587,1
35817.650429257,1,1405,100,3820308,1
35818.3303623,1,1406,100,3824748,-1
35818.732240323,4,1405,100,3820308,1
35819.143074365,3,1398,100,3831614,-1
35819.778407848,5,1403,100,3820993,-1
35820.139855629,1,1407,100,3820124,1
35820.62646718,4,1400,100,3819870,1
35821.778947127,1,1408,100,3809997,-1
35822.298523374,1,1409,100,3807306,1
35823.033096893,1,1410,100,3809455,1
35823.563146271,5,1396,100,3825449,-1
35824.352677189,1,1411,100,3820554,1
35824.968268975,3,1406,100,3824748,-1
35825.273742702,4,1408,100,3809997,-1
35826.000622689,1,1412,100,3820277,1
35826.729037758,1,1413,100,3811613,1
35827.228114311,3,1370,100,3802976,1
35827.873741261,1,1414,100,3814717,-1
35828.478597221,1,1415,100,3815695,1
35828.897663757,1,1416,100,3822836,-1
35829.55462522,1,1417,100,3812412,1
35830.393879103,4,1412,100,3820277,1
35831.071803284,1,1418,100,3819513,-1
35832.818199051,4,1414,100,3814717,-1
35833.567183601,3,1411,100,3820554,1
35834.102874429,1,1419,100,3817030,1
35834.4120121,1,1420,100,3812705,-1
35834.970064225,1,1421,100,3811732,-1
35835.695827185,3,1415,100,3815695,1
35836.822418998,3,1418,100,3819513,-1
35837.521413293,3,1410,100,3809455,1
35839.458280049,3,1407,100,3820124,1
35840.158272431,3,1413,100,3811613,1
35840.501301825,5,1409,100,3807306,1
35841.305477964,4,1416,100,3822836,-1
35841.642883134,1,1422,100,3822771,1
35842.313501025,3,1417,100,3812412,1
35842.795935623,3,1422,100,3822771,1
35843.365796045,5,1421,100,3811732,-1
35844.214905644,4,1391,100,3839431,-1
35845.724986039,1,1423,100,3849262,1
35846.694863163,3,1419,100,3817030,1
35847.529294726,1,1424,100,3845422,-1
35848.334414541,1,1425,100,3847101,1
35848.889710882,5,1423,100,3849262,1
35849.445198564,5,1420,100,3812705,-1
35850.119130351,3,1402,100,3813278,1
35850.884860803,1,1426,100,3838949,-1
35851.286158646,4,1425,100,3847101,1
35851.977111072,3,1426,100,3838949,-1
35852.693532362,4,1424,100,3845422,-1
35852.993583528,1,1427,100,3846987,-1
35853.769626642,1,1428,100,3848716,1
35854.956222127,3,1427,100,3846987,-1
35855.562403247,1,1429,100,3844690,1
35856.276540963,1,1430,100,3847678,-1
35857.020987737,1,1431,100,3845428,1
35857.654768339,5,1431,100,3845428,1
35858.006144501,4,1428,100,3848716,1
35858.542768209,4,1429,100,3844690,1
35859.493753254,3,1430,100,3847678,-1
35860.117815255,1,1432,100,3845561,-1
35860.505631324,4,1432,100,3845561,-1
35860.963486518,1,1433,100,3840240,-1
35861.284232979,1,1434,100,3838709,1
35862.946998248,3,1434,100,3838709,1
35863.365093696,3,1433,100,3840240,-1
35864.173323702,1,1435,100,3836742,1
35864.549971235,3,1435,100,3836742,1
35864.949814223,1,1436,100,3838240,1
35865.416637672,1,1437,100,3832183,1
35865.798745303,1,1438,100,3843279,-1
35866.474447007,1,1439,100,3845005,1
35867.121344157,4,1438,100,3843279,-1
35868.557789054,4,1439,100,3845005,1
35869.38271017,1,1440,100,3850497,1
35869.885959504,3,1440,100,3850497,1
35870.551157924,1,1441,100,3851229,1
35871.236711404,3,1436,100,3838240,1
35871.543555284,3,1437,100,3832183,1
35871.862457146,3,1441,100,3851229,1
35872.362535081,1,1442,100,3867795,-1
35873.124372736,1,1443,100,3873438,-1
35873.693328472,4,1443,100,3873438,-1
35874.292476304,1,1444,100,3861673,1
35875.085922775,3,1442,100,3867795,-1
35875.43405869,3,1444,100,3861673,1
35876.252120793,1,1445,100,3867118,-1
35876.912203642,4,1445,100,3867118,-1
35877.448436516,1,1446,100,3860466,1
35878.15492784,4,1446,100,3860466,1
35878.466412446,1,1447,100,3869870,-1
35879.217686235,1,1448,100,3859776,1
35880.029577397,5,1447,100,3869870,-1
35880.539168254,1,1449,100,3861507,1
35881.199561468,1,1450,100,3860667,-1
35881.907162776,1,1451,100,3857252,-1
35882.63596385,1,1452,100,3845729,1
35884.014006109,3,1448,100,3859776,1
35884.531891713,1,1453,100,3848099,1
35885.244413063,1,1454,100,3847087,1
35885.639272545,3,1451,100,3857252,-1
35886.384078296,5,1449,100,3861507,1
35887.014715211,3,1452,100,3845729,1
35887.769414973,1,1455,100,3856567,-1
35888.52094828,3,1450,100,3860667,-1
35888.882400098,1,1456,100,3856040,-1
35889.697041898,4,1454,100,3847087,1
35890.408053003,4,1453,100,3848099,1
35891.934647518,1,1457,100,3839459,1
35892.771861847,1,1458,100,3841051,-1
35893.250451287,1,1459,100,3842294,-1
35893.845931139,4,1458,100,3841051,-1
35894.562885349,1,1460,100,3846448,-1
35895.379991158,5,1460,100,3846448,-1
35895.975846802,1,1461,100,3842715,1
35896.705601445,1,1462,100,3848571,1
35897.043931174,5,1457,100,3839459,1
35897.793515338,3,1456,100,3856040,-1
35898.41847943,3,1461,100,3842715,1
35899.360529639,4,1459,100,3842294,-1
35900.147095372,5,1462,100,3848571,1
35900.52381487,1,1463,100,3847661,-1
35901.184500377,1,1464,100,3842675,1
35902.004251276,1,1465,100,3833637,-1
35902.639696264,1,1466,100,3843209,-1
35903.910070545,4,1466,100,3843209,-1
35904.291648314,1,1467,100,3843270,1
35904.729668572,1,1468,100,3849554,1
35905.541779923,5,1467,100,3843270,1
35905.856775445,5,1468,100,3849554,1
35906.534625768,3,1465,100,3833637,-1
35906.895839963,1,1469,100,3853782,-1
35907.617915057,5,1469,100,3853782,-1
35908.44582864,4,1463,100,3847661,-1
35909.086746027,3,1455,100,3856567,-1
35909.575762663,1,1470,100,3843359,1
35910.311011937,1,1471,100,3844721,1
35910.90488282,1,1472,100,3853967,-1
35911.702686649,4,1472,100,3853967,-1
35912.267842145,1,1473,100,3854238,1
35912.55608827,1,1474,100,3855969,-1
35914.418951106,3,1470,100,3843359,1
35914.934976218,3,1473,100,3854238,1
35915.586247899,3,1464,100,3842675,1
35916.410288968,3,1474,100,3855969,-1
35917.085668637,4,1471,100,3844721,1
35917.45322125,1,1475,100,3850008,1
35917.936695783,1,1476,100,3850259,-1
35918.776061718,4,1475,100,3850008,1
35919.355262574,4,1476,100,3850259,-1
35919.904413538,1,1477,100,3842935,-1
35920.660445009,3,1477,100,3842935,-1
35921.226899714,1,1478,200,3839121,1
35921.522604367,4,1478,200,3839121,1
35922.006868178,1,1479,100,3835011,-1
35922.831182575,4,1479,100,3835011,-1
35923.569772467,1,1480,100,3828495,-1
35923.937171177,1,1481,100,3819748,1
35924.626697006,1,1482,100,3826567,1
35925.125786338,3,1481,100,3819748,1
35925.600266511,3,1480,100,3828495,-1
35926.089853726,1,1483,100,3818851,1
35926.938157237,1,1484,100,3823883,1
35927.300025834,1,1485,100,3818569,1
35927.612318803,1,1486,100,3822882,-1
35928.230457842,1,1487,100,3825393,-1
35928.886448579,5,1483,100,3818851,1
35929.348987793,1,1488,100,3820137,1
35929.710349466,1,1489,100,3822951,-1
35930.28456759,3,1484,100,3823883,1
35930.616366595,1,1490,100,3815601,1
35931.042779562,4,1482,100,3826567,1
35931.79183782,1,1491,100,3824957,-1
35932.55888291,1,1492,100,3830201,1
35933.082392564,1,1493,100,3822905,1
35933.630580278,1,1494,100,3828776,1
35934.160999869,4,1487,100,3825393,-1
35934.706208216,4,1486,100,3822882,-1
35935.428915306,3,1490,100,3815601,1
35936.155125675,3,1492,100,3830201,1
35936.729994254,4,1489,100,3822951,-1
35937.518700688,3,1485,100,3818569,1
35938.157977985,4,1491,100,3824957,-1
35938.47295015,3,1493,100,3822905,1
35939.307807538,1,1495,100,3826313,1
35940.093555037,4,1488,100,3820137,1
35940.875803082,1,1496,100,3831874,1
35941.687920534,1,1497,100,3830063,-1
35942.13035265,1,1498,100,3827204,1
35943.260196829,3,1496,100,3831874,1
35944.073649254,5,1494,100,3828776,1
35944.47588079,3,1498,100,3827204,1
35945.72613803,1,1499,100,3833722,1
35946.773733694,1,1500,100,3830624,-1
35947.212491795,4,1499,100,3833722,1
35947.594167859,1,1501,100,3826369,-1
35948.424025854,4,1495,100,3826313,1
35949.594740413,4,1501,100,3826369,-1
35950.445774754,1,1502,100,3822018,1
35951.104746447,5,1502,100,3822018,1
35951.766574033,3,1500,100,3830624,-1
35952.38933193,5,1497,100,3830063,-1
35953.119273138,1,1503,100,3823657,-1
35953.820131087,1,1504,100,3819597,1
35954.260989127,1,1505,100,3824524,1
35955.506839795,3,1504,100,3819597,1
35956.308914043,3,1505,100,3824524,1
35957.072040638,1,1506,100,3838399,-1
35957.492754337,4,1506,100,3838399,-1
35958.174502096,4,1503,100,3823657,-1
35958.886573131,1,1507,100,3831013,1
35959.357886749,1,1508,100,3835395,-1
35960.120389143,4,1508,100,3835395,-1
35960.609254435,3,1507,100,3831013,1
35960.913840143,1,1509,100,3839612,1
35961.626039851,1,1510,100,3848813,-1
35962.281467364,1,1511,100,3846967,-1
35962.996226033,1,1512,100,3836173,1
35963.445021671,1,1513,100,3839850,1
35964.145123397,1,1514,100,3839729,1
35964.994881836,1,1515,100,3839048,-1
35966.330312649,1,1516,100,3826944,1
35966.639113729,1,1517,100,3831359,1
35967.038059285,1,1518,100,3834439,-1
35967.575277466,3,1514,100,3839729,1
35968.327307053,1,1519,100,3833558,-1
35968.817544836,1,1520,100,3838939,-1
35969.337836959,3,1509,100,3839612,1
35970.171212254,1,1521,100,3843841,-1
35971.867572019,4,1519,100,3833558,-1
35972.687667131,4,1518,100,3834439,-1
35973.100269475,3,1517,100,3831359,1
35973.588054472,5,1516,100,3826944,1
35973.942820643,1,1522,100,3836150,1
35974.504804281,1,1523,100,3831509,1
35974.85816765,5,1513,100,3839850,1
35975.499637381,3,1522,100,3836150,1
35976.11148757,1,1524,100,3833531,-1
35976.464689823,3,1511,100,3846967,-1
35976.805461716,4,1524,100,3833531,-1
35977.507643796,1,1525,100,3841562,-1
35978.129811379,4,1515,100,3839048,-1
35978.901059411,4,1520,100,3838939,-1
35979.336525913,1,1526,100,3845837,-1
35979.688642992,4,1521,100,3843841,-1
35980.079001231,3,1510,100,3848813,-1
35980.626499852,3,1526,100,3845837,-1
35981.050611403,1,1527,100,3839706,-1
35982.434291141,1,1528,100,3849197,-1
35983.209308496,1,1529,100,3850347,-1
35983.887904694,1,1530,100,3843726,1
35984.588195298,1,1531,100,3835877,1
35985.170971127,3,1530,100,3843726,1
35985.603296531,3,1525,100,3841562,-1
35986.368895176,3,1529,100,3850347,-1
35986.891869784,3,1512,100,3836173,1
35987.621576668,1,1532,100,3848525,-1
35988.448632688,1,1533,100,3847642,1
35989.397838068,1,1534,100,3852724,1
35990.25170804,1,1535,100,3851212,1
35990.709929737,5,1535,100,3851212,1
35991.301190493,1,1536,100,3851579,1
35991.850996039,1,1537,100,3856043,1
35993.015291094,1,1538,100,3861418,1
35993.769264922,3,1537,100,3856043,1
35994.597175539,1,1539,100,3853003,-1
35995.443187999,3,1531,100,3835877,1
35996.027805575,1,1540,100,3842338,1
35996.534273739,3,1536,100,3851579,1
35997.461019228,3,1532,100,3848525,-1
35998.280126599,3,1538,100,3861418,1
35999.128842947,1,1541,100,3844948,-1
35999.464333905,5,1540,100,3842338,1
36000.110841006,3,1541,100,3844948,-1
36000.959698769,3,1533,100,3847642,1
36001.467309595,3,1528,100,3849197,-1
36001.771070765,1,1542,100,3845367,-1
36002.219537478,4,1542,100,3845367,-1
36002.884998569,1,1543,100,3852021,1
36003.506343852,1,1544,100,3849134,1
36003.972309301,3,1534,100,3852724,1
36004.785842461,3,1543,100,3852021,1
36005.379972057,3,1544,100,3849134,1
36005.795460278,4,1539,100,3853003,-1
36006.179541068,1,1545,100,3840701,-1
36006.680672305,1,1546,100,3835076,-1
36007.224541722,1,1547,100,3836023,1
36007.95580221,1,1548,100,3833398,1
36008.580058736,4,1547,100,3836023,1
36008.927554407,4,1523,100,3831509,1
36009.307126948,3,1545,100,3840701,-1
36010.034055692,1,1549,100,3838531,-1
36010.887602492,3,1546,100,3835076,-1
36011.332875824,4,1549,100,3838531,-1
36011.676602602,1,1550,100,3839483,-1
36012.358390312,5,1548,100,3833398,1
36012.674219346,1,1551,100,3851670,-1
36013.053366034,3,1550,100,3839483,-1
36013.703937652,1,1552,100,3850534,1
36015.483022482,3,1551,100,3851670,-1
36015.836070573,3,1527,100,3839706,-1
36016.889898137,1,1553,100,3860215,-1
36017.358146857,3,1553,100,3860215,-1
36018.21346892,1,1554,100,3849622,1
36019.472050594,4,1554,100,3849622,1
36019.862767174,1,1555,100,3847088,-1
36020.193434836,1,1556,100,3836907,1
36020.912738383,3,1552,100,3850534,1
36021.538581627,5,1555,100,3847088,-1
36022.327800325,1,1557,100,3833753,1
36023.041790143,5,1557,100,3833753,1
36023.846130636,1,1558,100,3837425,-1
36024.563411461,3,1556,100,3836907,1
36025.014573681,3,1558,100,3837425,-1
36025.435072149,1,1559,100,3828033,1
36026.297492179,1,1560,100,3835968,-1
36027.96723616,1,1561,100,3835974,-1
36028.818391788,3,1560,100,3835968,-1
36029.231979519,1,1562,100,3820586,1
36029.532317742,1,1563,100,3818758,1
36030.36538341,5,1559,100,3828033,1
36030.665048381,3,1561,100,3835974,-1
36031.487870413,1,1564,100,3823633,-1
36031.877326229,1,1565,100,3833000,-1
36032.290316519,1,1566,100,3826282,1
36032.723863967,5,1562,100,3820586,1
36033.168147477,3,1564,100,3823633,-1
36034.039091513,4,1565,100,3833000,-1
36034.734438155,3,1566,100,3826282,1
36036.005891065,1,1567,100,3840037,1
36037.322930497,3,1563,100,3818758,1
36037.9408499,1,1568,100,3831356,-1
36038.65934858,1,1569,100,3830924,-1
36039.081324832,1,1570,100,3831051,-1
36039.800121428,4,1567,100,3840037,1
36040.389563235,5,1568,100,3831356,-1
36040.868603509,3,1570,100,3831051,-1
36042.053041672,3,1569,100,3830924,-1
36042.442379121,1,1571,100,3821917,1
36042.765795864,3,1571,100,3821917,1
36043.080945362,1,1572,100,3815993,-1
36043.736729396,4,1572,100,3815993,-1
36044.192694485,1,1573,100,3816911,-1
36044.956655224,1,1574,100,3818958,-1
36045.719888725,1,1575,100,3822582,1
36046.085777495,1,1576,100,3825167,1
36046.813011185,1,1577,100,3831024,1
36047.277379728,1,1578,100,3831194,1
36047.798654929,1,1579,100,3834970,1
36048.274389138,3,1577,100,3831024,1
36048.638211731,1,1580,100,3832550,-1
36050.043681368,5,1580,100,3832550,-1
36050.564276798,4,1578,100,3831194,1
36050.929439297,4,1573,100,3816911,-1
36051.727543121,3,1575,100,3822582,1
36052.186669636,1,1581,100,3829154,-1
36053.373308034,3,1579,100,3834970,1
36054.173591622,3,1576,100,3825167,1
36054.976038894,1,1582,100,3821617,1
36055.563771222,3,1582,100,3821617,1
36057.004503053,4,1574,100,3818958,-1
36057.852420927,4,1581,100,3829154,-1
36058.512097569,1,1583,100,3814880,1
36059.010614727,1,1584,100,3811195,1
36059.449390729,5,1584,100,3811195,1
36060.700151687,1,1585,100,3828298,-1
36061.421303168,3,1585,100,3828298,-1
36062.205328627,5,1583,100,3814880,1
36062.575211254,1,1586,100,3822329,-1
36063.391793898,5,1586,100,3822329,-1
36064.132536987,1,1587,100,3819595,-1
36064.585592125,1,1588,100,3818741,1
36065.430090958,3,1588,100,3818741,1
36066.056082303,3,1587,100,3819595,-1
36066.672631628,1,1589,100,3827614,-1
36066.989837882,3,1589,100,3827614,-1
36067.459950458,1,1590,100,3821915,1
36067.80050144,1,1591,100,3824921,-1
36068.6088135,1,1592,100,3823108,1
36068.90225556,3,1590,100,3821915,1
36069.313933896,1,1593,100,3819495,1
36069.843590137,5,1591,100,3824921,-1
36070.307572165,3,1592,100,3823108,1
36071.027771362,4,1593,100,3819495,1
36071.541463625,1,1594,100,3836124,-1
36072.325087253,4,1594,100,3836124,-1
36072.669251164,1,1595,100,3830814,1
36073.21361283,4,1595,100,3830814,1
36073.853416191,1,1596,100,3828293,1
36074.622264191,4,1596,100,3828293,1
36075.252944159,1,1597,100,3831855,-1
36075.61719123,1,1598,100,3826470,1
36076.243685725,1,1599,100,3826723,-1
36077.111866849,1,1600,100,3821228,-1
36077.676779197,1,1601,100,3826089,-1
36078.385321341,3,1598,100,3826470,1
36078.908753731,4,1599,100,3826723,-1
36079.712903624,1,1602,100,3832565,1
36080.035587982,1,1603,100,3827850,-1
36080.747590701,1,1604,100,3829233,-1
36081.465693292,5,1604,100,3829233,-1
36082.070830809,5,1597,100,3831855,-1
36082.718687234,4,1600,100,3821228,-1
36083.506005779,1,1605,100,3821271,1
36084.001877584,1,1606,100,3832335,-1
36084.701860353,4,1601,100,3826089,-1
36085.194480392,1,1607,100,3828548,-1
36086.341575716,4,1603,100,3827850,-1
36087.012624727,3,1602,100,3832565,1
36087.390058478,1,1608,100,3833566,-1
36087.971181061,1,1609,100,3827005,1
36088.6843861,3,1608,100,3833566,-1
36089.970277991,4,1607,100,3828548,-1
36090.618304305,1,1610,100,3825899,-1
36091.494975222,3,1610,100,3825899,-1
36092.330392019,3,1605,100,3821271,1
36093.137857383,1,1611,100,3815362,-1
36093.80221612,1,1612,100,3811851,-1
36094.390233588,5,1611,100,3815362,-1
36094.900600497,1,1613,100,3818403,1
36095.68690149,1,1614,100,3819336,1
36096.11079389,1,1615,100,3817734,-1
36096.595297194,4,1613,100,3818403,1
36097.454335686,1,1616,100,3820743,1
36098.16089017,3,1615,100,3817734,-1
36099.514892826,3,1609,100,3827005,1
36100.300744928,1,1617,100,3808614,-1
36100.993359356,1,1618,100,3815164,-1
36101.769804747,1,1619,100,3810278,-1
36102.102248959,3,1617,100,3808614,-1
36103.049092736,1,1620,100,3812459,-1
36103.396035444,4,1614,100,3819336,1
36104.592847632,1,1621,100,3809894,-1
36105.363025178,1,1622,100,3804473,1
36105.856937718,1,1623,100,3807488,1
36106.476732952,1,1624,100,3808934,1
36106.843696099,1,1625,100,3810751,1
36107.143467167,1,1626,100,3815257,-1
36107.770325531,1,1627,100,3818678,1
36108.479436225,3,1612,100,3811851,-1
36108.797042315,1,1628,100,3822403,-1
36109.359780508,4,1620,100,3812459,-1
36109.868155354,1,1629,100,3816227,-1
36110.580860014,5,1618,100,3815164,-1
36111.147986777,5,1627,100,3818678,1
36111.865165685,1,1630,100,3820418,-1
36112.316341809,1,1631,100,3821824,-1
36113.009900518,4,1621,100,3809894,-1
36113.776789619,1,1632,100,3812426,-1
36114.080092517,1,1633,100,3811466,1
36114.455002912,3,1616,100,3820743,1
36114.947971577,5,1622,100,3804473,1
36115.397494523,3,1632,100,3812426,-1
36115.779118329,5,1628,100,3822403,-1
36116.350608003,1,1634,100,3802878,1
36117.101210275,4,1634,100,3802878,1
36117.833304352,5,1631,100,3821824,-1
36118.529050391,3,1629,100,3816227,-1
36118.950983987,1,1635,100,3801393,-1
36119.612256084,1,1636,100,3799211,1
36120.050148379,1,1637,100,3803409,-1
36120.726697778,3,1625,100,3810751,1
36121.32779709,1,1638,100,3798337,1
36121.908165828,1,1639,100,3809043,-1
36122.635723166,3,1606,100,3832335,-1
36123.262948047,3,1624,100,3808934,1
36123.672980522,5,1619,100,3810278,-1
36124.079018662,4,1623,100,3807488,1
36124.551435934,3,1630,100,3820418,-1
36125.145049592,1,1640,100,3794916,1
36125.734902559,1,1641,100,3801416,-1
36126.100287828,1,1642,100,3798530,1
36126.766497711,5,1641,100,3801416,-1
36127.524649478,3,1635,100,3801393,-1
36128.221241744,3,1626,100,3815257,-1
36128.955151877,3,1633,100,3811466,1
36129.439013856,1,1643,100,3802721,1
36129.937983423,1,1644,100,3809849,-1
36130.743670728,5,1643,100,3802721,1
36131.189966531,1,1645,100,3815698,-1
36131.95934595,1,1646,100,3818418,1
36132.435893862,3,1640,100,3794916,1
36133.004260975,3,1636,100,3799211,1
36133.832862714,1,1647,100,3825492,-1
36134.209579361,1,1648,100,3824813,-1
36134.527427963,3,1644,100,3809849,-1
36135.32221021,1,1649,100,3824632,1
36135.946600814,1,1650,100,3826897,-1
36136.679566532,1,1651,100,3825617,1
36137.50622231,3,1645,100,3815698,-1
36138.062817704,3,1649,100,3824632,1
36138.528718877,1,1652,100,3828180,1
36139.086747847,3,1642,100,3798530,1
36139.650334345,4,1639,100,3809043,-1
36140.298886774,4,1652,100,3828180,1
36141.668845413,1,1653,100,3824848,-1
36142.107434651,5,1638,100,3798337,1
36143.469099688,3,1647,100,3825492,-1
36144.014089981,1,1654,100,3819235,-1
36144.495901083,1,1655,100,3818641,1
36145.312386067,3,1650,100,3826897,-1
36146.099093031,1,1656,100,3817329,1
36146.730301519,1,1657,100,3828099,-1
36147.464929865,3,1657,100,3828099,-1
36148.058621022,4,1654,100,3819235,-1
36149.107496023,1,1658,100,3827474,1
36149.412117151,3,1653,100,3824848,-1
36149.795819998,1,1659,100,3833871,-1
36150.196331942,3,1659,100,3833871,-1
36150.994102645,1,1660,100,3837041,-1
36151.395450847,3,1658,100,3827474,1
36152.227459793,1,1661,100,3840066,-1
36152.806043727,1,1662,100,3840150,-1
36153.313195198,1,1663,100,3833453,1
36153.747766887,5,1637,100,3803409,-1
36154.399208266,1,1664,100,3835840,-1
36154.876232177,3,1651,100,3825617,1
36155.393374901,4,1648,100,3824813,-1
36156.199114851,1,1665,100,3836369,1
36157.07928177,3,1660,100,3837041,-1
36157.896103088,5,1662,100,3840150,-1
36158.297576065,5,1664,100,3835840,-1
36158.739190709,3,1663,100,3833453,1
36159.610577118,3,1665,100,3836369,1
36160.225945161,1,1666,100,3846444,-1
36160.602326986,1,1667,100,3840282,-1
36161.380217569,3,1646,100,3818418,1
36161.700937318,1,1668,100,3834643,1
36162.256546336,1,1669,100,3842867,-1
36162.957712549,5,1666,100,3846444,-1
36163.836418987,3,1668,100,3834643,1
36164.371854571,1,1670,100,3837398,1
36164.923116511,3,1656,100,3817329,1
36165.398988056,5,1669,100,3842867,-1
36165.911285068,4,1667,100,3840282,-1
36166.696320759,3,1661,100,3840066,-1
36167.39293239,1,1671,100,3841746,-1
36168.155442434,5,1670,100,3837398,1
36168.569023345,4,1671,100,3841746,-1
36169.147786684,1,1672,100,3844003,-1
36169.903845533,5,1655,100,3818641,1
36170.611938145,1,1673,100,3847133,1
36171.628524794,1,1674,100,3859452,-1
36172.495210746,5,1674,100,3859452,-1
36173.30644105,3,1672,100,3844003,-1
36173.682160702,1,1675,100,3847357,-1
36174.678474012,1,1676,100,3843293,1
36175.253031137,3,1675,100,3847357,-1
36175.827693121,4,1676,100,3843293,1
36176.492356927,4,1673,100,3847133,1
36177.31120268,1,1677,100,3831420,1
36178.148381445,3,1677,100,3831420,1
36178.794392716,1,1678,100,3834742,-1
36179.61498466,5,1678,100,3834742,-1
36180.337305533,1,1679,100,3831134,-1
36180.895637401,1,1680,100,3824028,1
36181.243831458,4,1680,100,3824028,1
36182.121298414,1,1681,100,3830793,-1
36182.903467059,1,1682,100,3825337,1
36183.593428874,3,1679,100,3831134,-1
36183.973133108,4,1682,100,3825337,1
36184.339417881,3,1681,100,3830793,-1
36185.209621959,1,1683,100,3826460,1
36186.030795881,1,1684,100,3826792,-1
36186.59218113,4,1683,100,3826460,1
36186.958271255,3,1684,100,3826792,-1
36187.470855434,1,1685,100,3819438,-1
36187.905593149,1,1686,100,3820632,-1
36188.284233551,1,1687,100,3821614,-1
36188.634464641,1,1688,100,3817110,-1
36189.487718674,5,1686,100,3820632,-1
36190.305774102,1,1689,100,3808620,1
36191.590172783,3,1688,100,3817110,-1
36192.268340553,4,1689,100,3808620,1
36192.841198683,3,1685,100,3819438,-1
36193.564721534,3,1687,100,3821614,-1
36194.170850166,1,1690,100,3811533,-1
36194.800046271,3,1690,100,3811533,-1
36195.568581595,1,1691,100,3812193,1
36196.132886999,1,1692,100,3816012,-1
36196.764250812,1,1693,100,3817280,-1
36197.183207736,4,1692,100,3816012,-1
36197.597586296,5,1693,100,3817280,-1
36197.978093605,3,1691,100,3812193,1
36198.537530751,1,1694,100,3815502,-1
36198.871526575,5,1694,100,3815502,-1
36199.407060674,1,1695,100,3812881,1
36199.964815121,3,1695,100,3812881,1
36200.830903514,1,1696,100,3815253,1
36202.071875873,3,1696,100,3815253,1
36202.413324153,1,1697,100,3820430,-1
36203.190062381,1,1698,100,3815762,-1
36203.525565451,1,1699,100,3817637,1
36203.906739883,1,1700,100,3814365,-1
36204.211878028,1,1701,100,3808738,1
36205.075335686,3,1698,100,3815762,-1
36205.926414639,3,1697,100,3820430,-1
36206.254635281,4,1699,100,3817637,1
36206.610135288,3,1701,100,3808738,1
36207.459079959,1,1702,100,3810068,1
36208.343483476,3,1702,100,3810068,1
36208.983195164,5,1700,100,3814365,-1
36209.51120239,1,1703,100,3812977,1
36210.086703645,1,1704,100,3807299,1
36210.398734912,3,1704,100,3807299,1
36211.228006734,1,1705,100,3808473,1
36211.693138213,1,1706,100,3804695,1
36212.56505974,4,1703,100,3812977,1
36213.11223089,3,1705,100,3808473,1
36213.633013118,1,1707,100,3813094,-1
36214.277505096,3,1706,100,3804695,1
36214.85723214,4,1707,100,3813094,-1
36215.613405629,1,1708,100,3821449,-1
36216.200446213,3,1708,100,3821449,-1
36216.917477777,1,1709,100,3813344,1
36217.315964594,1,1710,100,3812462,1
36218.197164679,3,1709,100,3813344,1
36219.407663084,5,1710,100,3812462,1
36220.13073516,1,1711,100,3818314,-1
36220.850426315,1,1712,100,3823233,-1
36221.726122752,1,1713,100,3822466,1
36222.155273984,5,1712,100,3823233,-1
36222.661215235,1,1714,100,3823202,1
36223.223729777,4,1714,100,3823202,1
36223.899763745,3,1713,100,3822466,1
36224.722183382,1,1715,100,3828110,-1
36225.129339188,1,1716,100,3823617,1
36225.441605528,3,1715,100,3828110,-1
36225.83556231,5,1716,100,3823617,1
36226.56018458,1,1717,100,3824414,-1
36228.009308507,3,1717,100,3824414,-1
36228.643905489,4,1711,100,3818314,-1
36229.405254089,1,1718,100,3824522,-1
36230.073681882,3,1718,100,3824522,-1
36230.40946224,1,1719,100,3831290,-1
36230.945383984,5,1719,100,3831290,-1
36231.556627202,1,1720,100,3841308,-1
36232.189471003,1,1721,100,3846502,-1
36232.851303551,1,1722,100,3844865,-1
36234.894024625,3,1720,100,3841308,-1
36235.579156542,1,1723,100,3841941,1
36236.175345346,1,1724,100,3845803,-1
36236.628619575,1,1725,100,3843381,-1
36238.23504467,5,1724,100,3845803,-1
36238.986523934,1,1726,100,3844931,-1
36239.86685879,1,1727,100,3838913,-1
36240.55038951,1,1728,100,3841825,-1
36241.335723478,1,1729,100,3834493,1
36241.742624073,4,1727,100,3838913,-1
36242.053656527,4,1723,100,3841941,1
36242.544791271,1,1730,100,3849431,-1
36242.869816753,1,1731,100,3850193,-1
36243.571565045,1,1732,100,3849213,-1
36243.969701149,3,1730,100,3849431,-1
36244.430612057,1,1733,100,3842227,-1
36244.963118674,3,1722,100,3844865,-1
36245.441736183,1,1734,100,3842490,-1
36246.501975822,3,1729,100,3834493,1
36247.127389469,3,1726,100,3844931,-1
36247.910038766,3,1721,100,3846502,-1
36248.776749557,3,1732,100,3849213,-1
36249.188954185,3,1733,100,3842227,-1
36250.40802313,1,1735,100,3841003,-1
36250.744982386,1,1736,100,3838285,1
36251.584296463,5,1731,100,3850193,-1
36252.189158289,4,1736,100,3838285,1
36253.70031332,1,1737,100,3830264,1
36254.114967115,4,1735,100,3841003,-1
36254.69592708,3,1725,100,3843381,-1
36255.220368986,1,1738,100,3842050,-1
36256.051900737,3,1734,100,3842490,-1
36256.668423452,1,1739,100,3837101,-1
36257.559718126,4,1739,100,3837101,-1
36257.94377601,1,1740,100,3832343,1
36258.412479595,1,1741,100,3830319,1
36259.734326979,4,1737,100,3830264,1
36260.505990883,1,1742,100,3831185,1
36261.067513335,1,1743,100,3833229,-1
36261.83700466,1,1744,100,3833569,-1
36262.276299837,1,1745,100,3834492,1
36262.981672877,5,1728,100,3841825,-1
36263.782147648,4,1743,100,3833229,-1
36264.597934234,5,1744,100,3833569,-1
36265.389381254,1,1746,100,3842373,1
36265.726070584,1,1747,100,3838271,-1
36266.577940938,1,1748,100,3840456,-1
36267.081484408,1,1749,100,3845001,-1
36267.709645144,3,1747,100,3838271,-1
36268.518288627,4,1738,100,3842050,-1
36268.891304874,4,1748,100,3840456,-1
36271.360278232,5,1741,100,3830319,1
36272.018441691,3,1749,100,3845001,-1
36272.645939854,1,1750,100,3856734,1
36273.472834039,3,1750,100,3856734,1
36274.337421957,3,1745,100,3834492,1
36275.008300116,1,1751,100,3863772,-1
36275.323187419,1,1752,100,3861554,-1
36275.729725179,4,1752,100,3861554,-1
36276.098856278,5,1740,100,3832343,1
36276.701199594,1,1753,100,3857293,1
36277.894359315,5,1753,100,3857293,1
36278.46461409,5,1746,100,3842373,1
36279.635358379,5,1751,100,3863772,-1
36280.20569568,3,1742,100,3831185,1
36280.787712648,1,1754,100,3859663,1
36281.517300053,1,1755,100,3858116,-1
36282.380393923,1,1756,100,3859010,-1
36283.007635819,5,1755,100,3858116,-1
36283.617421458,3,1756,100,3859010,-1
36283.931302308,1,1757,100,3858064,-1
36284.690336858,5,1754,100,3859663,1
36285.238851683,1,1758,100,3866665,1
36286.393029684,3,1758,100,3866665,1
36287.129165557,4,1757,100,3858064,-1
36287.655813711,1,1759,100,3868060,-1
36288.324526675,1,1760,100,3866496,1
36288.731890154,4,1760,100,3866496,1
36290.039001973,4,1759,100,3868060,-1
36290.573730299,1,1761,100,3872998,1
36290.953019715,1,1762,100,3873906,-1
36291.263027854,5,1762,100,3873906,-1
36291.701362955,3,1761,100,3872998,1
36292.106407906,1,1763,100,3875830,1
36292.754412085,3,1763,100,3875830,1
36293.224693782,1,1764,100,3880721,-1
36293.607894828,3,1764,100,3880721,-1
36294.163378126,1,1765,100,3879224,1
36294.47685063,3,1765,100,3879224,1
36295.276707602,1,1766,100,3884114,-1
36296.267640749,3,1766,100,3884114,-1
36296.65561136,1,1767,100,3883280,1
36297.207510715,4,1767,100,3883280,1
36297.94403577,1,1768,100,3878754,1
36298.307874369,1,1769,100,3884081,-1
36298.904037823,1,1770,100,3881018,-1
36299.347252152,4,1770,100,3881018,-1
36300.174921375,1,1771,100,3880572,-1
36300.804426719,4,1768,100,3878754,1
36301.309280816,1,1772,100,3878013,-1
36301.762784736,1,1773,100,3870439,1
36302.562990276,1,1774,100,3875698,-1
36303.010046,3,1773,100,3870439,1
36303.643020058,1,1775,100,3869884,1
36304.28516339,1,1776,100,3870330,1
36305.732819577,4,1775,100,3869884,1
36306.362835578,1,1777,100,3867678,1
36307.127229707,3,1776,100,3870330,1
36308.812381255,1,1778,100,3864294,1
36309.533210376,5,1772,100,3878013,-1
36309.860725529,3,1771,100,3880572,-1
36310.557447654,1,1779,100,3860218,-1
36311.147686017,1,1780,100,3854069,1
36311.844305542,1,1781,100,3854574,1
36312.550415236,3,1781,100,3854574,1
36313.396681708,3,1778,100,3864294,1
36314.030180335,1,1782,100,3848480,1
36314.66967864,1,1783,100,3848606,1
36314.994056616,1,1784,100,3848560,-1
36315.47314308,5,1782,100,3848480,1
36315.869757864,5,1779,100,3860218,-1
36316.266191228,3,1774,100,3875698,-1
36316.604538206,1,1785,100,3845659,-1
36317.040257447,1,1786,100,3842968,1
36317.432170566,3,1769,100,3884081,-1
36318.825074189,4,1783,100,3848606,1
36319.184896575,4,1786,100,3842968,1
36319.497190101,5,1785,100,3845659,-1
36319.981701804,3,1780,100,3854069,1
36320.612192261,3,1777,100,3867678,1
36321.158972801,4,1784,100,3848560,-1
36321.998487323,1,1787,100,3824201,-1
36322.544155606,4,1787,100,3824201,-1
36322.895016203,1,1788,100,3829535,-1
36323.316578025,1,1789,100,3827503,1
36323.676248652,1,1790,100,3825078,1
36324.399438917,1,1791,100,3831844,1
36324.784196659,3,1788,100,3829535,-1
36325.615350703,3,1791,100,3831844,1
36326.343269721,4,1789,100,3827503,1
36326.704552742,4,1790,100,3825078,1
36327.052665791,1,1792,100,3829571,1
36327.75970298,4,1792,100,3829571,1
36328.396154652,1,1793,100,3827021,-1
36328.720874185,1,1794,100,3828095,-1
36329.486532621,4,1793,100,3827021,-1
36330.146452303,1,1795,100,3838036,-1
36331.538321,3,1795,100,3838036,-1
36331.869610804,1,1796,100,3830340,1
36332.397986328,1,1797,100,3830930,1
36332.927257,4,1794,100,3828095,-1
36334.504654788,4,1797,100,3830930,1
36335.144476162,1,1798,100,3839699,-1
36335.895923253,1,1799,100,3845096,1
36336.632496616,1,1800,100,3850994,-1
36337.420492357,1,1801,100,3845476,-1
36337.798137774,4,1798,100,3839699,-1
36338.204622562,4,1799,100,3845096,1
36338.782598629,3,1801,100,3845476,-1
36339.106302192,3,1796,100,3830340,1
36339.593993842,3,1800,100,3850994,-1
36340.163007996,1,1802,100,3842610,-1
36340.644204198,3,1802,100,3842610,-1
36341.364152052,1,1803,100,3849810,-1
36341.993963733,1,1804,100,3847601,-1
36342.580339998,1,1805,100,3847977,1
36343.153648663,3,1805,100,3847977,1
36343.941665439,3,1803,100,3849810,-1
36344.643056577,4,1804,100,3847601,-1
36345.242423077,1,1806,100,3849787,-1
36345.793153585,4,1806,100,3849787,-1
36346.45652948,1,1807,100,3862052,-1
36347.357502085,1,1808,100,3863801,-1
36348.629382737,4,1808,100,3863801,-1
36349.222090255,4,1807,100,3862052,-1
36350.074789011,1,1809,100,3865091,1
36351.310416691,1,1810,100,3862496,-1
36352.166754443,1,1811,100,3855378,1
36352.969183263,5,1809,100,3865091,1
36353.431209338,1,1812,100,3859434,-1
36353.983860819,1,1813,100,3864866,-1
36354.621638359,4,1813,100,3864866,-1
36355.341074998,1,1814,100,3862588,-1
36355.768195106,3,1812,100,3859434,-1
36356.209222848,3,1811,100,3855378,1
36357.195503715,1,1815,100,3872601,-1
36357.809023941,5,1814,100,3862588,-1
36358.657984792,4,1810,100,3862496,-1
36359.543648647,1,1816,100,3879567,1
36359.849394214,3,1815,100,3872601,-1
36360.564976766,1,1817,100,3877324,-1
36360.892601368,1,1818,100,3870679,-1
36361.277951355,1,1819,200,3867088,1
36362.126728451,5,1817,100,3877324,-1
36362.861445053,1,1820,100,3874048,-1
36363.369797481,1,1821,100,3869467,1
36364.95567604,2,1819,100,3867088,1
36365.589469123,1,1822,100,3876130,-1
36366.280016031,1,1823,100,3872599,1
36366.730626159,1,1824,100,3874686,1
36367.192407828,1,1825,100,3873960,-1
36367.955761723,4,1824,100,3874686,1
36368.815153062,1,1826,100,3871897,-1
36369.511719703,3,1825,100,3873960,-1
36369.869324641,3,1819,100,3867088,1
36370.281438741,3,1818,100,3870679,-1
36370.906574175,3,1826,100,3871897,-1
36371.563807215,1,1827,100,3884986,1
36372.274112741,1,1828,100,3882717,-1
36372.752205377,1,1829,100,3884720,1
36373.306733095,1,1830,100,3883212,1
36374.053327406,4,1822,100,3876130,-1
36374.796461914,1,1831,100,3897351,1
36375.349703174,1,1832,100,3902486,-1
36376.064777313,4,1820,100,3874048,-1
36376.463429488,3,1831,100,3897351,1
36377.045679661,1,1833,100,3891576,1
36377.738773956,3,1833,100,3891576,1
36378.391969937,1,1834,100,3898855,-1
36379.152625118,3,1816,100,3879567,1
36379.544583687,1,1835,100,3909721,-1
36380.137547672,1,1836,100,3903351,1
36380.525633934,4,1834,100,3898855,-1
36382.143736801,1,1837,100,3898462,1
36382.525954575,3,1827,100,3884986,1
36382.863752748,4,1828,100,3882717,-1
36383.579905041,1,1838,100,3898716,-1
36384.304425699,1,1839,100,3903552,-1
36384.657065004,1,1840,100,3894834,1
36385.008073127,5,1823,100,3872599,1
36385.401018303,1,1841,100,3897589,-1
36385.912311767,1,1842,100,3896106,1
36386.765461927,1,1843,100,3889952,1
36387.114905221,1,1844,100,3892781,1
36387.497145804,4,1836,100,3903351,1
36388.275987813,3,1837,100,3898462,1
36389.062540876,4,1840,100,3894834,1
36389.534016597,5,1841,100,3897589,-1
36389.855681711,1,1845,100,3898247,-1
36390.475880606,1,1846,100,3893476,-1
36390.913840789,4,1842,100,3896106,1
36391.582049385,3,1829,100,3884720,1
36392.103082362,3,1838,100,3898716,-1
36393.207312385,5,1821,100,3869467,1
36393.718324356,5,1844,100,3892781,1
36394.443719,3,1845,100,3898247,-1
36395.221480217,3,1830,100,3883212,1
36395.626641485,1,1847,100,3903021,1
36396.098157893,1,1848,100,3905883,-1
36396.954799506,1,1849,100,3907236,1
36397.460274759,1,1850,100,3906431,1
36398.755154625,3,1850,100,3906431,1
36399.926335316,1,1851,100,3906421,-1
36400.35779522,3,1843,100,3889952,1
36401.041517444,5,1835,100,3909721,-1
36402.246430738,5,1846,100,3893476,-1
36402.565109263,1,1852,100,3906041,-1
36403.438054991,1,1853,100,3905556,-1
36404.063974373,3,1847,100,3903021,1
36404.587643304,3,1839,100,3903552,-1
36404.92690746,1,1854,100,3892307,1
36405.790546733,1,1855,100,3890177,1
36406.334441317,1,1856,100,3891202,-1
36407.8730402,5,1848,100,3905883,-1
36408.34381738,1,1857,100,3874898,-1
36409.024117024,1,1858,100,3876225,1
36409.562137424,5,1832,100,3902486,-1
36410.422209631,5,1856,100,3891202,-1
36411.618249733,4,1858,100,3876225,1
36412.015085572,5,1852,100,3906041,-1
36412.516498876,3,1851,100,3906421,-1
36414.215222002,1,1859,100,3862339,1
36414.774198174,3,1854,100,3892307,1
36415.362876195,1,1860,100,3872261,-1
36416.036479817,1,1861,100,3869727,-1
36416.359652883,3,1857,100,3874898,-1
36416.720677993,1,1862,100,3869041,-1
36417.479820999,1,1863,100,3872829,-1
36417.974973638,1,1864,100,3868087,-1
36418.481788069,1,1865,100,3855391,1
36418.850857756,1,1866,100,3861247,-1
36419.662415957,5,1866,100,3861247,-1
36420.348668132,1,1867,100,3843318,1
36421.695441154,1,1868,100,3841736,1
36422.454952058,1,1869,100,3846391,-1
36423.087905733,3,1864,100,3868087,-1
36423.713517936,3,1865,100,3855391,1
36424.038928806,1,1870,100,3854819,1
36424.502116222,1,1871,100,3855113,1
36424.858404623,4,1869,100,3846391,-1
36425.291287554,3,1849,100,3907236,1
36426.108763422,3,1871,100,3855113,1
36426.478291483,1,1872,100,3849738,1
36427.266467124,3,1861,100,3869727,-1
36427.913412038,3,1859,100,3862339,1
36428.332680178,4,1855,100,3890177,1
36428.881800513,4,1863,100,3872829,-1
36429.549883592,3,1870,100,3854819,1
36430.313147757,1,1873,100,3863655,1
36430.796717271,1,1874,100,3861484,-1
36431.603097817,4,1873,100,3863655,1
36432.136047671,1,1875,100,3863240,1
36432.761753444,4,1875,100,3863240,1
36433.505240519,3,1862,100,3869041,-1
36434.113423294,3,1853,100,3905556,-1
36434.824616408,5,1868,100,3841736,1
36435.535261249,3,1872,100,3849738,1
36435.840423006,1,1876,100,3869249,-1
36436.345615382,1,1877,100,3869987,1
36437.166941001,1,1878,100,3868500,-1
36438.074908998,1,1879,100,3871764,1
36438.94644797,1,1880,100,3876376,1
36439.585556821,3,1860,100,3872261,-1
36440.467801645,1,1881,100,3869592,1
36441.259433133,3,1867,100,3843318,1
36442.169308786,3,1880,100,3876376,1
36442.601775437,4,1878,100,3868500,-1
36442.967173589,1,1882,100,3870326,-1
36443.578773803,5,1881,100,3869592,1
36444.275044266,1,1883,100,3863421,-1
36444.735072888,1,1884,100,3859007,1
36445.055137382,4,1877,100,3869987,1
36445.912371283,1,1885,100,3867540,-1
36446.56157708,1,1886,100,3867796,-1
36446.90068139,5,1884,100,3859007,1
36447.465312431,4,1886,100,3867796,-1
36447.773145376,3,1883,100,3863421,-1
36448.140662534,3,1874,100,3861484,-1
36449.031547239,1,1887,100,3858145,-1
36449.561985232,1,1888,100,3851675,-1
36450.767678279,3,1885,100,3867540,-1
36451.651774725,1,1889,100,3851422,-1
36452.445067902,1,1890,100,3852767,-1
36453.288719006,1,1891,100,3853426,-1
36454.182353279,1,1892,100,3849517,-1
36454.931889417,4,1879,100,3871764,1
36455.631538471,3,1882,100,3870326,-1
36456.388564538,3,1890,100,3852767,-1
36456.937212908,1,1893,100,3837767,1
36457.732333231,1,1894,100,3835877,-1
36458.275172179,3,1888,100,3851675,-1
36459.08710215,4,1893,100,3837767,1
36460.346496264,4,1894,100,3835877,-1
36460.898320001,4,1889,100,3851422,-1
36461.350380057,4,1891,100,3853426,-1
36462.240225302,1,1895,100,3841820,1
36462.968874586,3,1892,100,3849517,-1
36463.45927168,1,1896,100,3844675,1
36463.966327523,1,1897,100,3848862,1
36464.812938142,1,1898,100,3851716,1
36465.596017194,4,1897,100,3848862,1
36466.357745585,3,1876,100,3869249,-1
36466.745994575,3,1895,100,3841820,1
36467.3886334,1,1899,100,3859059,-1
36467.744910021,1,1900,100,3859717,-1
36468.453160117,3,1899,100,3859059,-1
36468.774652333,3,1887,100,3858145,-1
36469.635800537,1,1901,100,3847607,1
36470.159264318,1,1902,100,3849429,1
36470.824370216,1,1903,100,3846547,1
36471.586833291,4,1903,100,3846547,1
36472.074858907,1,1904,100,3850370,-1
36472.496287744,1,1905,100,3848842,-1
36473.120381725,3,1902,100,3849429,1
36473.700097744,3,1896,100,3844675,1
36474.357369414,3,1900,100,3859717,-1
36474.898722869,4,1901,100,3847607,1
36476.542133123,4,1898,100,3851716,1
36477.057404914,1,1906,100,3844743,-1
36477.789087988,1,1907,100,3844215,1
36478.627094975,1,1908,100,3855560,-1
36479.430331494,3,1906,100,3844743,-1
36480.132090537,3,1905,100,3848842,-1
36481.031957307,1,1909,100,3847992,1
36481.71086378,3,1908,100,3855560,-1
36482.484397002,1,1910,100,3839018,1
36483.168380371,3,1907,100,3844215,1
36483.751396427,1,1911,100,3835493,-1
36484.472377775,3,1910,100,3839018,1
36484.778739054,3,1904,100,3850370,-1
36485.361535212,5,1911,100,3835493,-1
36486.093011208,5,1909,100,3847992,1
36486.656254404,1,1912,100,3827250,-1
36487.152955292,3,1912,100,3827250,-1
36487.567547721,1,1913,100,3823798,-1
36488.330381591,1,1914,100,3828620,-1
36488.741543189,1,1915,100,3831965,-1
36489.878535261,1,1916,100,3828805,-1
36491.058189748,3,1915,100,3831965,-1
36491.70776659,3,1913,100,3823798,-1
36492.127991336,4,1916,100,3828805,-1
36492.83852958,4,1914,100,3828620,-1
36493.362553119,1,1917,100,3813094,1
36494.1400524,3,1917,100,3813094,1
36494.449022167,1,1918,100,3808268,-1
36494.975142538,3,1918,100,3808268,-1
36495.380046402,1,1919,100,3807203,-1
36495.885317333,1,1920,100,3805674,-1
36496.653826995,3,1920,100,3805674,-1
36497.461687355,1,1921,100,3804543,1
36498.254529244,3,1919,100,3807203,-1
36498.958671229,1,1922,100,3803952,-1
36499.838100793,1,1923,100,3806478,-1
36500.425998823,5,1923,100,3806478,-1
36501.008624439,1,1924,100,3812738,-1
36501.630722351,3,1922,100,3803952,-1
36502.316828259,4,1924,100,3812738,-1
36503.093532836,1,1925,100,3810568,1
36503.460336429,1,1926,100,3811887,-1
36504.73936515,1,1927,100,3809235,1
36506.276475519,1,1928,100,3802865,-1
36506.9848875,4,1928,100,3802865,-1
36507.389082882,1,1929,100,3797165,1
36508.237180011,1,1930,100,3798884,-1
36508.583340881,4,1921,100,3804543,1
36509.242693612,1,1931,100,3804007,-1
36509.959715862,1,1932,100,3801917,-1
36510.763744964,5,1931,100,3804007,-1
36511.439513143,1,1933,100,3807051,-1
36512.616829156,1,1934,100,3804773,-1
36513.24910484,1,1935,100,3800731,1
36514.663387555,1,1936,100,3803841,1
36515.374917731,4,1936,100,3803841,1
36516.045127288,3,1930,100,3798884,-1
36516.353597133,1,1937,100,3812834,-1
36516.987295444,1,1938,100,3803756,1
36517.780168645,1,1939,100,3808573,1
36518.184796203,3,1937,100,3812834,-1
36518.952439686,4,1938,100,3803756,1
36519.761592963,4,1925,100,3810568,1
36520.661644716,1,1940,100,3799789,-1
36521.086384433,5,1940,100,3799789,-1
36521.549871397,5,1927,100,3809235,1
36522.010539717,1,1941,100,3802638,-1
36522.701362715,3,1929,100,3797165,1
36523.497461216,3,1939,100,3808573,1
36523.936356264,1,1942,100,3811130,-1
36524.625642387,3,1933,100,3807051,-1
36525.223362924,1,1943,100,3816727,-1
36525.925561603,1,1944,100,3808500,-1
36526.646494595,1,1945,100,3811363,-1
36527.280053935,1,1946,100,3811901,-1
36527.826570982,3,1932,100,3801917,-1
36528.51765905,1,1947,100,3807612,1
36528.835741598,1,1948,100,3808284,1
36529.179759718,1,1949,100,3800657,1
36530.463241313,3,1935,100,3800731,1
36531.894994169,3,1945,100,3811363,-1
36532.440025089,3,1947,100,3807612,1
36532.795595706,1,1950,100,3793802,1
36533.402901147,1,1951,100,3792682,1
36534.739616218,1,1952,100,3795302,-1
36535.516945732,4,1948,100,3808284,1
36535.882467272,3,1951,100,3792682,1
36536.529378231,3,1950,100,3793802,1
36536.895652338,1,1953,100,3784980,1
36537.996761374,1,1954,100,3779310,1
36538.632356522,1,1955,100,3783612,1
36539.020086577,4,1949,100,3800657,1
36539.889818142,4,1952,100,3795302,-1
36540.786843187,3,1953,100,3784980,1
36541.417824746,3,1955,100,3783612,1
36541.889078285,4,1934,100,3804773,-1
36542.262144432,1,1956,100,3805074,-1
36543.085117419,3,1944,100,3808500,-1
36544.250719966,4,1943,100,3816727,-1
36544.912246991,1,1957,100,3792884,-1
36545.775567653,3,1956,100,3805074,-1
36546.629945731,3,1946,100,3811901,-1
36547.112048007,1,1958,100,3784520,1
36547.972785168,1,1959,100,3790418,1
36548.62470361,1,1960,100,3793591,-1
36549.443900835,1,1961,100,3792551,-1
36550.325959066,3,1958,100,3784520,1
36550.709909743,1,1962,100,3793041,1
36551.580035487,3,1954,100,3779310,1
36552.809681219,3,1960,100,3793591,-1
36553.477039543,1,1963,100,3796590,-1
36554.22087685,4,1957,100,3792884,-1
36554.827231421,1,1964,100,3792847,1
36555.144730982,5,1959,100,3790418,1
36555.867856659,1,1965,100,3805151,-1
36556.579963188,4,1941,100,3802638,-1
36557.370355489,1,1966,100,3811708,1
36557.834508558,1,1967,100,3812680,-1
36558.402320937,3,1962,100,3793041,1
36558.866968817,3,1965,100,3805151,-1
36559.477106279,1,1968,100,3813089,1
36560.72149844,3,1964,100,3792847,1
36561.732151273,5,1961,100,3792551,-1
36562.315860749,1,1969,100,3823627,1
36562.813052434,3,1968,100,3813089,1
36563.368458781,5,1969,100,3823627,1
36564.141917478,4,1967,100,3812680,-1
36565.449568412,3,1966,100,3811708,1
36566.297241946,5,1963,100,3796590,-1
36567.122230864,1,1970,100,3834368,1
36567.837263009,1,1971,100,3837590,-1
36568.430319127,1,1972,100,3835140,-1
36568.864672669,1,1973,100,3835086,-1
36570.068977542,3,1972,100,3835140,-1
36571.341394803,1,1974,100,3833137,1
36572.250153269,1,1975,100,3830930,-1
36572.575119859,1,1976,100,3838329,-1
36573.199116787,1,1977,100,3842966,-1
36573.929706484,5,1976,100,3838329,-1
36574.425233861,1,1978,100,3839117,1
36575.167553268,4,1975,100,3830930,-1
36575.790051492,1,1979,100,3845372,-1
36576.286350119,5,1971,100,3837590,-1
36576.858495126,1,1980,100,3843870,-1
36577.384904297,1,1981,100,3841124,1
36578.261171608,4,1980,100,3843870,-1
36579.117655478,5,1974,100,3833137,1
36579.765321006,5,1926,100,3811887,-1
36580.137312675,3,1973,100,3835086,-1
36580.706403699,5,1978,100,3839117,1
36581.606686912,3,1977,100,3842966,-1
36582.266872373,1,1982,100,3865848,1
36583.083412425,4,1942,100,3811130,-1
36583.80004732,1,1983,100,3870201,-1
36584.460657977,3,1982,100,3865848,1
36585.003496976,3,1979,100,3845372,-1
36585.663617624,1,1984,100,3882701,-1
36586.070834935,3,1970,100,3834368,1
36586.61827414,1,1985,100,3873537,1
36587.745200977,4,1983,100,3870201,-1
36588.613676106,3,1981,100,3841124,1
36588.959691115,1,1986,100,3874316,-1
36589.723944445,1,1987,100,3868800,1
36590.163510029,3,1986,100,3874316,-1
36590.488167867,3,1984,100,3882701,-1
36590.823038573,1,1988,100,3869790,-1
36591.665343865,1,1989,100,3868089,-1
36592.188570378,1,1990,100,3865354,1
36592.984690194,1,1991,100,3861317,1
36593.57282307,3,1988,100,3869790,-1
36594.278403316,3,1989,100,3868089,-1
36595.049629061,3,1991,100,3861317,1
36596.575349841,1,1992,100,3858318,1
36596.949032941,4,1985,100,3873537,1
36597.699125573,3,1990,100,3865354,1
36598.451122565,1,1993,100,3866152,-1
36599.017571635,1,1994,100,3859865,1
36599.814025386,4,1987,100,3868800,1
36600.57087589,3,1992,100,3858318,1
36601.361353909,4,1993,100,3866152,-1
36601.939930462,4,1994,100,3859865,1
36602.655574045,1,1995,100,3863008,1
36603.36161895,4,1995,100,3863008,1
36603.717014155,1,1996,100,3863335,-1
36604.589116973,3,1996,100,3863335,-1
36605.109194143,1,1997,100,3857758,1
36605.501311335,3,1997,100,3857758,1
36605.877598008,1,1998,100,3855402,-1
36606.249353078,1,1999,100,3855423,1
36607.001984323,5,1998,100,3855402,-1
36607.477913698,1,2000,100,3853542,1
36607.893231503,1,2001,100,3849218,1
36608.438156004,1,2002,100,3847675,1
36609.332160754,1,2003,100,3853640,1
36610.109835683,4,1999,100,3855423,1
36610.722062471,1,2004,100,3860229,1
36611.500677373,1,2005,100,3863442,-1
36612.342452639,1,2006,100,3857984,-1
36612.820932236,4,2003,100,3853640,1
36613.367491694,3,2002,100,3847675,1
36614.114578577,3,2005,100,3863442,-1
36615.030070785,1,2007,100,3858385,-1
36615.871121685,1,2008,100,3855226,-1
36616.485471566,3,2006,100,3857984,-1
36617.156081878,5,2001,100,3849218,1
36618.41786272,5,2008,100,3855226,-1
36619.255523659,4,2004,100,3860229,1
36619.724844717,3,2000,100,3853542,1
36620.437684425,1,2009,100,3868522,1
36621.192955972,1,2010,100,3869730,-1
36621.76444119,3,2010,100,3869730,-1
36622.091898293,4,2007,100,3858385,-1
36622.468819372,4,2009,100,3868522,1
36622.979470813,1,2011,100,3878984,-1
36623.333186202,4,2011,100,3878984,-1
36623.949793394,1,2012,200,3876851,1
36624.474770594,5,2012,100,3876851,1
36625.133073649,1,2013,100,3883699,-1
36625.496086928,4,2012,100,3876851,1
36626.389532581,3,2013,100,3883699,-1
36626.881789526,1,2014,100,3875461,-1
36627.386877863,1,2015,100,3874502,-1
36628.260351236,4,2014,100,3875461,-1
36628.983213009,1,2016,100,3871164,-1
36629.745926254,3,2016,100,3871164,-1
36630.244825025,3,2015,100,3874502,-1
36631.073900777,1,2017,100,3870133,-1
36632.001734655,1,2018,100,3875383,-1
36632.547686539,3,2017,100,3870133,-1
36633.158273481,1,2019,100,3869589,1
36633.871471538,1,2020,100,3867795,1
36634.532241567,1,2021,100,3860695,1
36636.194725265,3,2019,100,3869589,1
36636.562896064,5,2018,100,3875383,-1
36636.93664773,1,2022,100,3854592,-1
36637.805745862,3,2020,100,3867795,1
36638.657308981,1,2023,100,3853651,1
36639.159789714,4,2021,100,3860695,1
36639.928387921,1,2024,100,3851593,1
36640.248961919,3,2024,100,3851593,1
36641.171883518,3,2022,100,3854592,-1
36641.581040771,4,2023,100,3853651,1
36642.485903178,1,2025,100,3847742,-1
36643.723967432,1,2026,100,3853497,1
36644.354385008,1,2027,100,3854013,1
36645.657249178,3,2025,100,3847742,-1
36647.08378073,3,2027,100,3854013,1
36648.44679911,1,2028,100,3862411,-1
36649.348068673,5,2026,100,3853497,1
36649.934949719,5,2028,100,3862411,-1
36650.639057774,1,2029,100,3861866,1
36651.037814368,1,2030,100,3859887,1
36651.566014716,4,2029,100,3861866,1
36652.376148245,1,2031,100,3861743,1
36652.934134519,1,2032,100,3860590,-1
36653.425657905,3,2030,100,3859887,1
36654.210487425,4,2032,100,3860590,-1
36655.020329251,1,2033,100,3857501,-1
36655.563406017,4,2033,100,3857501,-1
36656.307922934,1,2034,100,3856215,1
36656.723834462,3,2031,100,3861743,1
36657.454509298,5,2034,100,3856215,1
36658.380794839,1,2035,100,3859557,1
36659.26248796,3,2035,100,3859557,1
36660.038546919,1,2036,100,3852094,1
36660.493576573,1,2037,100,3856654,-1
36661.134676949,3,2036,100,3852094,1
36661.565785651,4,2037,100,3856654,-1
36662.325114054,1,2038,100,3851878,1
36662.987082286,3,2038,100,3851878,1
36663.773039136,1,2039,100,3849882,1
36664.312341767,4,2039,100,3849882,1
36664.774835448,1,2040,100,3853106,-1
36665.334115021,5,2040,100,3853106,-1
36665.94606461,1,2041,100,3842586,-1
36666.437342889,1,2042,100,3843170,1
36666.984500774,4,2041,100,3842586,-1
36668.090643189,1,2043,100,3834985,1
36668.743501545,1,2044,100,3828822,1
36669.069409504,1,2045,100,3823817,1
36669.898175529,1,2046,100,3834476,-1
36670.367505984,4,2046,100,3834476,-1
36670.772060034,1,2047,100,3833582,1
36671.695164158,3,2044,100,3828822,1
36672.416323871,1,2048,100,3833717,1
36672.860959695,1,2049,100,3829435,1
36673.630793892,1,2050,100,3831908,1
36674.486321586,3,2048,100,3833717,1
36675.333785746,1,2051,100,3842682,1
36675.64701836,4,2050,100,3831908,1
36676.557832719,4,2051,100,3842682,1
36677.036882475,4,2045,100,3823817,1
36678.530511226,5,2049,100,3829435,1
36680.002158369,3,2043,100,3834985,1
36680.6153194,3,2047,100,3833582,1
36681.457373241,1,2052,100,3841742,-1
36681.787403431,3,2052,100,3841742,-1
36682.301833272,1,2053,100,3849173,-1
36682.832113342,1,2054,100,3852405,1
36683.236804449,1,2055,100,3851973,-1
36684.171265224,1,2056,100,3861583,1
36684.5477237,1,2057,100,3862419,-1
36684.887484029,1,2058,100,3861242,1
36685.720166433,1,2059,100,3865117,-1
36687.117201889,3,2054,100,3852405,1
36687.512305917,3,2042,100,3843170,1
36688.335483442,1,2060,100,3876481,1
36689.016121489,1,2061,100,3871928,-1
36690.03361568,1,2062,100,3864824,-1
36690.599339015,1,2063,100,3862279,1
36691.149780295,1,2064,100,3864085,-1
36692.64283922,4,2058,100,3861242,1
36693.287655705,3,2060,100,3876481,1
36693.782876349,1,2065,100,3860885,1
36694.59629065,1,2066,100,3859157,1
36695.029851622,1,2067,100,3861875,1
36695.783210676,1,2068,100,3861015,-1
36696.430009016,3,2061,100,3871928,-1
36696.758102964,1,2069,100,3856854,1
36697.480164631,1,2070,100,3848649,1
36698.133700576,1,2071,100,3847879,-1
36698.815321914,1,2072,100,3849032,-1
36699.424390664,4,2066,100,3859157,1
36699.941383534,1,2073,100,3841097,1
36700.264463146,4,2070,100,3848649,1
36700.669240382,1,2074,100,3847791,1
36701.204611635,3,2057,100,3862419,-1
36701.566745546,4,2065,100,3860885,1
36702.466719057,1,2075,100,3842682,1
36703.394302197,1,2076,100,3849321,1
36704.010216318,5,2069,100,3856854,1
36704.531306279,3,2053,100,3849173,-1
36705.043068143,3,2056,100,3861583,1
36705.688648223,5,2075,100,3842682,1
36706.059531889,1,2077,100,3862104,-1
36706.852992403,3,2062,100,3864824,-1
36707.531860493,3,2071,100,3847879,-1
36708.160851696,4,2064,100,3864085,-1
36708.590887189,1,2078,100,3859743,1
36708.90966797,1,2079,100,3867421,-1
36709.361183207,1,2080,100,3862431,1
36710.238862589,5,2059,100,3865117,-1
36710.687008299,1,2081,100,3867457,-1
36711.397312968,3,2076,100,3849321,1
36712.177642672,3,2068,100,3861015,-1
36714.980432279,4,2067,100,3861875,1
36715.516459141,1,2082,100,3850738,1
36716.396006476,3,2078,100,3859743,1
36717.286927492,4,2055,100,3851973,-1
36717.644558117,1,2083,100,3860469,-1
36718.573159297,4,2083,100,3860469,-1
36719.10638037,1,2084,100,3866458,-1
36719.580487603,1,2085,100,3857447,-1
36720.276931906,4,2063,100,3862279,1
36720.824724978,3,2085,100,3857447,-1
36721.67759855,3,2072,100,3849032,-1
36722.528973928,3,2077,100,3862104,-1
36723.028584429,3,2081,100,3867457,-1
36723.432228067,1,2086,100,3838225,1
36723.810164914,1,2087,100,3843858,-1
36725.511420377,1,2088,100,3840261,-1
36727.312684287,3,2086,100,3838225,1
36727.957561813,5,2074,100,3847791,1
36728.835048996,3,2082,100,3850738,1
36729.755745384,1,2089,100,3822059,-1
36730.088136627,1,2090,100,3825375,-1
36730.656219077,4,2073,100,3841097,1
36731.252918126,1,2091,100,3816170,1
36732.154018328,1,2092,100,3813112,-1
36733.026484693,3,2089,100,3822059,-1
36733.407234904,1,2093,100,3808888,1
36734.668240711,3,2087,100,3843858,-1
36735.272808342,5,2091,100,3816170,1
36736.126640985,5,2088,100,3840261,-1
36736.740598452,4,2092,100,3813112,-1
36737.290639618,3,2093,100,3808888,1
36737.899980337,1,2094,100,3816878,1
36738.79404139,1,2095,100,3826424,-1
36739.319606519,1,2096,100,3814099,1
36739.942158546,1,2097,100,3813922,1
36741.382195896,1,2098,100,3820607,1
36742.20849722,1,2099,100,3827788,1
36742.864233639,3,2095,100,3826424,-1
36743.332470022,3,2097,100,3813922,1
36743.952147869,5,2090,100,3825375,-1
36744.827235135,5,2094,100,3816878,1
36745.705637061,3,2084,100,3866458,-1
36746.591298682,1,2100,100,3816728,-1
36747.42483597,1,2101,100,3817514,-1
36748.057170039,5,2101,100,3817514,-1
36748.486750638,3,2096,100,3814099,1
36749.170486395,5,2098,100,3820607,1
36749.729942751,4,2100,100,3816728,-1
36750.962540995,1,2102,100,3809263,-1
36751.737360683,1,2103,100,3806889,-1
36752.076234623,3,2099,100,3827788,1
36752.697919491,3,2102,100,3809263,-1
36753.153557282,1,2104,100,3816736,1
36753.888523428,1,2105,100,3817908,-1
36754.5391766,1,2106,100,3810168,-1
36754.976820276,3,2103,100,3806889,-1
36756.000243319,1,2107,100,3797303,-1
36756.687193458,4,2080,100,3862431,1
36757.388920293,4,2104,100,3816736,1
36757.834679303,3,2105,100,3817908,-1
36758.576390922,3,2106,100,3810168,-1
36759.065608304,3,2107,100,3797303,-1
36759.605320431,1,2108,100,3791403,1
36760.228862945,4,2108,100,3791403,1
36761.116947473,3,2079,100,3867421,-1
36762.056863171,1,2109,100,3789043,1
36762.924635098,3,2109,100,3789043,1
36763.721713518,1,2110,100,3797242,-1
36764.570412655,1,2111,100,3786483,1
36765.604547514,1,2112,100,3793574,-1
36765.962959666,3,2111,100,3786483,1
36766.40306272,4,2110,100,3797242,-1
36766.859882119,3,2112,100,3793574,-1
36767.407636863,1,2113,100,3776431,1
36767.889565214,1,2114,100,3776598,-1
36768.459418059,3,2114,100,3776598,-1
36769.24102942,3,2113,100,3776431,1
36769.606886596,1,2115,100,3764266,1
36770.293928982,1,2116,100,3758571,1
36771.049035851,1,2117,100,3761201,1
36771.697204291,3,2117,100,3761201,1
36772.377892467,5,2115,100,3764266,1
36772.979618418,1,2118,100,3771368,-1
36773.715212697,4,2116,100,3758571,1
36774.45650775,4,2118,100,3771368,-1
36775.336672424,1,2119,100,3766926,-1
36776.197654064,5,2119,100,3766926,-1
36776.702042219,1,2120,100,3769802,-1
36777.494346494,5,2120,100,3769802,-1
36777.812773206,1,2121,100,3773847,1
36778.411942834,1,2122,100,3772846,-1
36779.177104916,3,2121,100,3773847,1
36779.885060944,4,2122,100,3772846,-1
36780.527102594,1,2123,100,3775732,1
36781.3356259,1,2124,100,3770468,1
36781.712763319,3,2124,100,3770468,1
36782.432377379,3,2123,100,3775732,1
36783.126818167,1,2125,100,3756486,-1
36784.850781248,3,2125,100,3756486,-1
36785.413076885,1,2126,100,3754603,-1
36785.862591752,1,2127,100,3751740,-1
36786.806209088,4,2126,100,3754603,-1
36787.157629315,1,2128,100,3746916,1
36788.0872807,3,2127,100,3751740,-1
36788.939494445,3,2128,100,3746916,1
36789.330132461,1,2129,200,3740771,1
36790.089753192,1,2130,100,3737161,1
36790.664400104,3,2129,200,3740771,1
36791.504153528,1,2131,100,3733684,-1
36792.163654547,4,2131,100,3733684,-1
36792.574239482,1,2132,100,3740670,-1
36793.00414953,3,2130,100,3737161,1
36793.786143372,4,2132,100,3740670,-1
36794.329354789,1,2133,200,3738398,-1
36795.13040916,4,2133,200,3738398,-1
36796.068171075,1,2134,100,3737203,1
36796.668845551,1,2135,100,3734723,-1
36797.320885357,3,2134,100,3737203,1
36798.265852012,1,2136,100,3740085,1
36798.820038026,1,2137,100,3747161,-1
36799.73648901,1,2138,100,3745985,-1
36800.193813525,3,2136,100,3740085,1
36800.719659348,3,2135,100,3734723,-1
36801.462723205,4,2138,100,3745985,-1
36802.3632703,5,2137,100,3747161,-1
36802.826281611,1,2139,100,3756808,1
36803.537212826,1,2140,100,3754709,-1
36804.573581965,5,2140,100,3754709,-1
36804.90187849,3,2139,100,3756808,1
36805.552585207,1,2141,100,3748728,-1
36806.934260586,4,2141,100,3748728,-1
36807.495892103,1,2142,100,3745393,1
36808.380532758,3,2142,100,3745393,1
36809.202032779,1,2143,100,3749920,-1
36809.537053519,3,2143,100,3749920,-1
36810.277783692,1,2144,100,3747750,1
36810.878310663,3,2144,100,3747750,1
36811.563746849,1,2145,100,3760596,-1
36813.293214174,1,2146,100,3760104,1
36813.985529183,3,2146,100,3760104,1
36814.870949648,3,2145,100,3760596,-1
36815.244156002,1,2147,100,3766852,1
36816.148712343,1,2148,100,3768665,1
36816.531462806,1,2149,100,3778359,1
36817.333323383,1,2150,100,3779099,1
36817.800668643,3,2148,100,3768665,1
36818.29409726,3,2147,100,3766852,1
36818.935519059,1,2151,100,3771593,1
36819.826318568,1,2152,100,3777384,-1
36820.248303583,1,2153,100,3786751,-1
36820.727943916,1,2154,100,3781553,-1
36821.395599526,3,2152,100,3777384,-1
36822.277437399,4,2154,100,3781553,-1
36823.005893206,1,2155,100,3794554,-1
36823.73305057,4,2153,100,3786751,-1
36824.791509175,1,2156,100,3780261,1
36825.343598022,1,2157,100,3768795,1
36826.156953338,1,2158,100,3766146,1
36826.78527791,1,2159,100,3775973,1
36827.478691221,3,2158,100,3766146,1
36827.872843377,5,2150,100,3779099,1
36828.648612504,4,2157,100,3768795,1
36829.220168242,4,2159,100,3775973,1
36830.089273659,1,2160,100,3782182,-1
36830.958172005,1,2161,100,3784987,-1
36831.367099868,3,2155,100,3794554,-1
36832.234292502,5,2160,100,3782182,-1
36832.635789516,3,2151,100,3771593,1
36833.582384223,1,2162,100,3798794,-1
36834.408398991,1,2163,100,3797954,1
36834.816408941,1,2164,100,3796471,1
36835.243790106,4,2161,100,3784987,-1
36836.018947036,3,2156,100,3780261,1
36836.915320928,3,2163,100,3797954,1
36837.608037462,3,2164,100,3796471,1
36838.668417505,3,2162,100,3798794,-1
36839.572902266,3,2149,100,3778359,1
36839.9316804,1,2165,100,3800320,1
36840.428391777,1,2166,100,3803062,1
36841.66092328,1,2167,100,3805125,1
36842.492939617,4,2167,100,3805125,1
36842.894867934,3,2165,100,3800320,1
36843.323749203,1,2168,100,3805630,-1
36845.108711987,4,2166,100,3803062,1
36845.949707147,3,2168,100,3805630,-1
36846.636310097,1,2169,100,3786575,-1
36847.872947037,1,2170,100,3775441,-1
36848.79185537,1,2171,100,3770341,1
36849.438072734,3,2171,100,3770341,1
36850.823920214,1,2172,100,3778228,-1
36851.645589056,1,2173,100,3768035,1
36852.192470304,3,2172,100,3778228,-1
36853.444330687,3,2169,100,3786575,-1
36853.968813115,3,2170,100,3775441,-1
36855.313492834,3,2173,100,3768035,1
36855.745403847,1,2174,100,3771717,1
36856.440660693,3,2174,100,3771717,1
36856.998735016,1,2175,100,3770871,-1
36857.652235381,3,2175,100,3770871,-1
36857.987129735,1,2176,100,3765603,-1
36858.861610202,4,2176,100,3765603,-1
36859.711030225,1,2177,100,3761832,1
36860.514185086,3,2177,100,3761832,1
36861.074557597,1,2178,100,3758351,1
36861.787274956,1,2179,100,3759355,1
36862.256647645,1,2180,100,3765766,-1
36862.902201929,1,2181,100,3761263,1
36864.121926456,3,2179,100,3759355,1
36864.95406845,1,2182,100,3745135,1
36865.377126731,1,2183,100,3739649,1
36866.261128709,5,2182,100,3745135,1
36867.002485458,1,2184,100,3749512,-1
36867.327847395,3,2181,100,3761263,1
36868.251451373,3,2178,100,3758351,1
36868.921797213,1,2185,100,3753138,-1
36869.499323296,1,2186,100,3756785,-1
36870.12435487,1,2187,100,3756832,1
36870.576151313,1,2188,100,3758700,1
36871.124262987,1,2189,100,3767821,-1
36871.565422105,3,2186,100,3756785,-1
36872.091296982,1,2190,100,3761244,-1
36872.521614698,5,2183,100,3739649,1
36873.031094309,5,2189,100,3767821,-1
36873.640285499,1,2191,100,3774144,1
36874.589782091,4,2184,100,3749512,-1
36875.219287229,1,2192,100,3773075,1
36876.532703854,1,2193,100,3766263,1
36877.108872868,5,2191,100,3774144,1
36877.561365889,1,2194,100,3775298,1
36878.647506701,5,2180,100,3765766,-1
36879.248523577,3,2193,100,3766263,1
36879.879033182,3,2192,100,3773075,1
36880.458935649,3,2194,100,3775298,1
36882.037733327,1,2195,100,3789000,-1
36882.470389348,1,2196,100,3792035,-1
36882.795679501,4,2190,100,3761244,-1
36883.210765496,1,2197,100,3782118,1
36883.663411586,1,2198,100,3782690,1
36884.509662165,5,2197,100,3782118,1
36885.089165753,1,2199,100,3776510,1
36887.2543601,1,2200,100,3790175,1
36887.675668036,1,2201,100,3789095,-1
36888.624606779,3,2200,100,3790175,1
36889.089431581,1,2202,100,3789456,1
36889.458639858,1,2203,100,3797056,-1
36889.782343511,1,2204,100,3801244,-1
36890.22055197,1,2205,100,3795811,-1
36890.795609022,4,2202,100,3789456,1
36891.724384651,3,2198,100,3782690,1
36892.61106202,1,2206,100,3792453,-1
36895.239492334,5,2185,100,3753138,-1
36895.609895613,1,2207,100,3776769,1
36896.4642082,3,2205,100,3795811,-1
36897.3868077,3,2206,100,3792453,-1
36898.245268579,1,2208,100,3772074,-1
36898.775910657,5,2187,100,3756832,1
36899.169107496,3,2204,100,3801244,-1
36899.893980586,5,2195,100,3789000,-1
36900.631973554,1,2209,100,3777704,1
36901.536480457,3,2208,100,3772074,-1
36902.225217178,1,2210,100,3775134,1
36902.589414443,1,2211,100,3775113,1
36903.536295483,3,2196,100,3792035,-1
36904.070004344,3,2207,100,3776769,1
36905.00255869,3,2203,100,3797056,-1
36905.354752486,3,2209,100,3777704,1
36905.804792827,1,2212,100,3782989,-1
36906.615541541,1,2213,100,3776131,1
36907.435348308,3,2212,100,3782989,-1
36907.939849179,3,2213,100,3776131,1
36908.429917484,3,2201,100,3789095,-1
36909.238822461,1,2214,100,3768271,-1
36909.768436365,1,2215,100,3760292,-1
36910.164045898,1,2216,100,3765412,1
36910.965044562,1,2217,100,3767719,1
36911.733849787,1,2218,100,3769687,-1
36912.496263381,1,2219,100,3775825,-1
36913.212519544,4,2211,100,3775113,1
36913.761285356,1,2220,100,3765320,1
36914.461982805,1,2221,100,3767392,1
36915.285749941,3,2218,100,3769687,-1
36915.866188859,3,2214,100,3768271,-1
36916.436937055,5,2216,100,3765412,1
36917.160632968,3,2219,100,3775825,-1
36917.943475157,1,2222,100,3771576,1
36918.598944255,3,2210,100,3775134,1
36919.329551428,3,2217,100,3767719,1
36920.233426583,4,2199,100,3776510,1
36921.072936121,4,2215,100,3760292,-1
36921.395355514,4,2222,100,3771576,1
36921.960544128,3,2221,100,3767392,1
36922.818114075,3,2188,100,3758700,1
36923.179454254,3,2220,100,3765320,1
36923.800403027,1,2223,100,3775916,1
36924.320721659,1,2224,100,3777110,-1
36925.207471465,3,2223,100,3775916,1
36925.751724121,3,2224,100,3777110,-1
36926.103019038,1,2225,100,3774586,1
36926.453966326,1,2226,100,3770768,1
36927.29541537,1,2227,100,3773234,1
36928.219453095,1,2228,100,3776058,1
36928.555083953,3,2225,100,3774586,1
36929.22165427,3,2228,100,3776058,1
36929.544456269,3,2227,100,3773234,1
36930.404579014,3,2226,100,3770768,1
36930.843690813,1,2229,100,3772063,-1
36931.365822484,1,2230,100,3765019,-1
36932.032813396,3,2230,100,3765019,-1
36932.795934983,1,2231,100,3770378,-1
36933.11817761,4,2229,100,3772063,-1
36933.990586782,1,2232,100,3765398,1
36934.800601861,5,2231,100,3770378,-1
36935.301807862,4,2232,100,3765398,1
36935.786190372,1,2233,100,3770163,-1
36936.326011864,1,2234,100,3764251,1
36936.999292093,4,2233,100,3770163,-1
36937.701038663,1,2235,100,3771821,-1
36938.128656924,1,2236,100,3763733,-1
36938.599795924,1,2237,100,3758617,1
36939.130373728,1,2238,100,3760473,-1
36940.034852757,1,2239,100,3755369,1
36940.573083812,4,2234,100,3764251,1
36941.469021158,1,2240,100,3751698,-1
36941.849920554,3,2235,100,3771821,-1
36942.272192278,3,2236,100,3763733,-1
36943.184017974,3,2239,100,3755369,1
36943.738882169,1,2241,100,3761748,-1
36944.163866554,1,2242,100,3753538,1
36944.955240787,1,2243,100,3763927,-1
36945.387258429,5,2237,100,3758617,1
36946.570032368,1,2244,100,3771261,1
36946.96168559,3,2238,100,3760473,-1
36947.757989677,1,2245,100,3781668,1
36949.959799685,1,2246,100,3770976,-1
36950.825582686,4,2243,100,3763927,-1
36951.432140685,5,2242,100,3753538,1
36951.778963828,3,2244,100,3771261,1
36952.470404236,3,2246,100,3770976,-1
36953.205499926,4,2240,100,3751698,-1
36953.635771774,3,2245,100,3781668,1
36954.182531001,1,2247,100,3769254,1
36955.001050818,1,2248,100,3772315,-1
36955.787919944,1,2249,100,3786168,1
36956.744171066,1,2250,100,3788529,-1
36957.271200973,1,2251,100,3791730,-1
36958.037630067,4,2250,100,3788529,-1
36958.597355189,5,2248,100,3772315,-1
36958.965362394,3,2251,100,3791730,-1
36959.404306974,4,2241,100,3761748,-1
36960.194078084,1,2252,100,3801205,1
36961.119899059,1,2253,100,3802400,-1
36961.656137539,3,2253,100,3802400,-1
36962.487426678,4,2252,100,3801205,1
36962.974846286,1,2254,100,3796929,1
36963.388710283,4,2254,100,3796929,1
36963.804766042,3,2249,100,3786168,1
36964.522395704,3,2247,100,3769254,1
36965.152522335,1,2255,100,3799670,-1
36966.639076411,1,2256,100,3793710,1
36967.199712089,3,2256,100,3793710,1
36967.657629387,3,2255,100,3799670,-1
36968.107800413,1,2257,100,3789119,1
36968.980174414,1,2258,100,3805046,1
36969.771046394,3,2258,100,3805046,1
36970.409405204,3,2257,100,3789119,1
36970.905483697,1,2259,100,3803454,-1
36971.236300517,1,2260,100,3805937,-1
36971.922204698,5,2260,100,3805937,-1
36972.979443738,3,2259,100,3803454,-1
36973.648516567,1,2261,100,3808995,1
36974.292624391,1,2262,100,3807983,-1
36974.634671884,3,2261,100,3808995,1
36975.579289902,3,2262,100,3807983,-1
36975.953627389,1,2263,100,3798185,-1
36976.356783752,1,2264,100,3797448,-1
36976.715524537,4,2264,100,3797448,-1
36977.41907289,1,2265,100,3802202,-1
36978.124908109,4,2263,100,3798185,-1
36978.731426797,1,2266,100,3794577,1
36979.613162488,4,2266,100,3794577,1
36980.054756684,1,2267,100,3792310,-1
36980.972086995,4,2267,100,3792310,-1
36981.78871201,1,2268,100,3798513,1
36982.112787725,5,2265,100,3802202,-1
36982.758298655,3,2268,100,3798513,1
36983.264045483,1,2269,100,3805289,-1
36983.878416552,3,2269,100,3805289,-1
36984.642231901,1,2270,100,3803587,-1
36985.341456537,3,2270,100,3803587,-1
36986.156968664,1,2271,100,3812646,-1
36986.692487144,3,2271,100,3812646,-1
36987.121631506,1,2272,100,3796922,1
36987.609628238,1,2273,100,3797006,1
36988.464681366,3,2272,100,3796922,1
36989.355066368,1,2274,100,3801747,1
36989.707392578,1,2275,100,3807143,-1
36990.65011887,1,2276,100,3801865,1
36991.1048689,3,2275,100,3807143,-1
36992.063978295,1,2277,100,3812592,1
36992.724262615,3,2274,100,3801747,1
36993.381378872,3,2277,100,3812592,1
36994.111758815,1,2278,100,3809182,1
36994.59719466,3,2273,100,3797006,1
36995.022532949,3,2278,100,3809182,1
36996.423877922,1,2279,100,3809648,1
36996.884499564,1,2280,100,3809258,-1
36997.662098506,4,2279,100,3809648,1
36998.304091447,4,2280,100,3809258,-1
36998.654919523,1,2281,100,3813071,1
36999.286107805,4,2281,100,3813071,1
36999.861037161,5,2276,100,3801865,1
37000.187390516,1,2282,100,3821217,-1
37000.716454153,1,2283,100,3819730,1
37001.495896934,1,2284,100,3828143,-1
37002.341590013,4,2282,100,3821217,-1
37002.918755171,1,2285,100,3819240,1
37003.550264137,3,2284,100,3828143,-1
37004.360444992,1,2286,100,3820714,1
37005.136912822,1,2287,100,3826521,1
37006.008372807,1,2288,100,3827117,1
37007.353947859,1,2289,100,3822054,-1
37008.305920916,1,2290,100,3822408,-1
37009.260000599,1,2291,100,3825477,1
37009.650340475,3,2287,100,3826521,1
37010.549926678,3,2289,100,3822054,-1
37011.151902012,3,2285,100,3819240,1
37011.67848263,4,2290,100,3822408,-1
37012.213603478,1,2292,100,3835966,-1
37012.945733636,5,2286,100,3820714,1
37013.853131649,1,2293,100,3839547,1
37014.60532517,1,2294,100,3838546,1
37015.076515292,1,2295,100,3842444,1
37015.42435317,3,2295,100,3842444,1
37015.790802367,4,2292,100,3835966,-1
37016.429458014,3,2294,100,3838546,1
37016.755313147,3,2288,100,3827117,1
37017.681289404,1,2296,100,3842454,-1
37018.102135756,1,2297,100,3846882,1
37019.053549274,1,2298,100,3845573,-1
37019.72836794,1,2299,100,3846846,-1
37020.227373341,1,2300,100,3842029,-1
37021.402676954,4,2293,100,3839547,1
37022.305901055,1,2301,100,3842572,-1
37023.050402638,4,2297,100,3846882,1
37023.457365799,3,2301,100,3842572,-1
37024.287120587,1,2302,100,3845402,1
37025.060423534,3,2298,100,3845573,-1
37025.925129604,3,2299,100,3846846,-1
37026.566794555,3,2296,100,3842454,-1
37027.40746339,1,2303,100,3837491,-1
37028.581456783,1,2304,100,3837949,1
37029.54158829,1,2305,100,3833511,-1
37030.100496871,3,2303,100,3837491,-1
37030.727694699,1,2306,100,3837776,1
37031.480589437,3,2306,100,3837776,1
37032.084641068,1,2307,100,3831334,1
37032.484756171,4,2307,100,3831334,1
37032.844759136,3,2283,100,3819730,1
37033.547615628,1,2308,100,3834937,-1
37034.165089813,3,2302,100,3845402,1
37034.574891426,4,2304,100,3837949,1
37035.464108921,5,2308,100,3834937,-1
37036.148307215,3,2305,100,3833511,-1
37037.616595783,1,2309,100,3831128,-1
37038.348156755,1,2310,100,3846218,-1
37038.913018894,1,2311,100,3848865,-1
37039.519873009,1,2312,100,3842117,1
37040.456202578,1,2313,100,3848895,-1
37041.006262673,3,2310,100,3846218,-1
37041.926366917,4,2300,100,3842029,-1
37042.280940209,4,2309,100,3831128,-1
37042.946975778,1,2314,100,3847234,-1
37043.735929337,1,2315,100,3847823,1
37044.571076935,1,2316,100,3843617,1
37045.362472245,1,2317,100,3847074,1
37045.837162164,1,2318,100,3841369,1
37046.508045787,1,2319,100,3850102,-1
37047.449199919,3,2312,100,3842117,1
37048.033254195,1,2320,100,3853002,-1
37048.601974685,1,2321,100,3849053,1
37049.409251907,1,2322,100,3858479,-1
37049.878918023,3,2317,100,3847074,1
37050.434283798,1,2323,100,3847297,1
37050.845974566,1,2324,100,3847425,1
37051.59129395,3,2311,100,3848865,-1
37052.210555929,4,2323,100,3847297,1
37052.869557027,4,2321,100,3849053,1
37053.46711669,3,2319,100,3850102,-1
37053.902926214,1,2325,100,3828916,1
37054.836033416,3,2313,100,3848895,-1
37055.599553748,5,2318,100,3841369,1
37056.39799278,5,2324,100,3847425,1
37057.24695336,4,2315,100,3847823,1
37058.21195799,3,2322,100,3858479,-1
37058.621887151,3,2291,100,3825477,1
37058.997005853,4,2316,100,3843617,1
37059.440937467,3,2314,100,3847234,-1
37060.306511944,3,2320,100,3853002,-1
37060.982875779,1,2326,100,3826156,1
37061.952297933,4,2325,100,3828916,1
37062.558409646,1,2327,100,3828886,-1
37063.315509719,1,2328,100,3829101,-1
37063.822441367,1,2329,100,3828485,1
37064.643160918,3,2329,100,3828485,1
37065.582289409,5,2328,100,3829101,-1
37067.511735214,1,2330,100,3830625,1
37067.984158419,4,2327,100,3828886,-1
37068.492119578,3,2326,100,3826156,1
37069.419182675,1,2331,100,3837936,-1
37070.07338715,3,2330,100,3830625,1
37070.891990613,3,2331,100,3837936,-1
37071.370203694,1,2332,100,3838022,-1
37072.094852702,3,2332,100,3838022,-1
37072.626418134,1,2333,100,3841386,-1
37073.407352994,4,2333,100,3841386,-1
37073.86772795,1,2334,100,3843387,1
37074.451946881,4,2334,100,3843387,1
37075.297500495,1,2335,100,3844095,-1
37075.843205109,1,2336,100,3840296,1
37076.57933217,3,2335,100,3844095,-1
37077.277196797,4,2336,100,3840296,1
37077.813000262,1,2337,100,3844906,-1
37078.674692864,3,2337,100,3844906,-1
37079.156175474,1,2338,100,3842457,-1
37079.955428987,3,2338,100,3842457,-1
37080.360817515,1,2339,100,3840436,1
37081.039592371,1,2340,100,3837212,-1
37081.857654586,3,2340,100,3837212,-1
37082.53712128,1,2341,100,3837037,1
37083.106146149,4,2339,100,3840436,1
37083.455325643,3,2341,100,3837037,1
37084.375945384,1,2342,100,3828428,1
37085.094263243,1,2343,100,3830332,-1
37086.009825945,3,2342,100,3828428,1
37086.623362733,4,2343,100,3830332,-1
37087.054116878,1,2344,100,3835568,1
37087.565844801,1,2345,100,3839366,1
37088.492209334,4,2345,100,3839366,1
37089.042075541,4,2344,100,3835568,1
37089.775360198,1,2346,100,3832583,1
37090.243089028,3,2346,100,3832583,1
37090.976365424,1,2347,100,3821396,-1
37091.834500491,1,2348,100,3817496,1
37092.476325594,1,2349,100,3814523,1
37093.268272459,1,2350,100,3807787,1
37093.921490093,1,2351,100,3803445,1
37094.696760458,4,2349,100,3814523,1
37095.671283213,1,2352,100,3818350,-1
37096.072555012,1,2353,100,3817535,-1
37096.834234832,3,2350,100,3807787,1
37097.261167841,4,2348,100,3817496,1
37097.705677304,3,2351,100,3803445,1
37098.44869189,1,2354,100,3817778,1
37099.253400803,5,2347,100,3821396,-1
37099.902314137,1,2355,100,3817556,1
37100.459883138,1,2356,100,3818361,-1
37101.153988814,1,2357,100,3814344,1
37101.544938826,3,2356,100,3818361,-1
37102.147059175,1,2358,100,3805947,1
37103.046360648,1,2359,100,3816964,-1
37103.885690509,1,2360,100,3820132,-1
37104.761035833,1,2361,100,3820755,1
37105.66776552,4,2353,100,3817535,-1
37106.071887717,1,2362,100,3820478,-1
37106.84468716,1,2363,100,3820712,1
37107.72207236,1,2364,100,3827679,-1
37108.35312788,5,2361,100,3820755,1
37109.273290805,1,2365,100,3824543,-1
37109.829173023,4,2364,100,3827679,-1
37110.373526846,3,2357,100,3814344,1
37111.331667673,5,2359,100,3816964,-1
37111.841326523,3,2363,100,3820712,1
37112.33246498,4,2365,100,3824543,-1
37113.645876302,1,2366,100,3834668,1
37114.592532936,1,2367,100,3835054,1
37115.517993537,1,2368,100,3835547,1
37116.128113524,1,2369,100,3836920,-1
37116.897708033,3,2358,100,3805947,1
37117.36049548,1,2370,100,3838960,-1
37118.049353503,4,2368,100,3835547,1
37118.888347171,1,2371,100,3836340,1
37119.619314397,3,2362,100,3820478,-1
37120.832926532,1,2372,100,3846822,1
37121.409624897,4,2369,100,3836920,-1
37121.785405134,3,2366,100,3834668,1
37122.419243191,1,2373,100,3846442,1
37122.951468519,1,2374,100,3842740,1
37123.87518613,1,2375,100,3848802,1
37124.66904928,4,2360,100,3820132,-1
37125.255937693,3,2352,100,3818350,-1
37125.812084213,1,2376,100,3852457,1
37126.707076554,3,2372,100,3846822,1
37127.435164082,5,2354,100,3817778,1
37128.052714815,5,2375,100,3848802,1
37128.381705798,4,2376,100,3852457,1
37129.176986217,3,2370,100,3838960,-1
37129.933982237,3,2373,100,3846442,1
37130.322627015,3,2367,100,3835054,1
37131.047802388,5,2374,100,3842740,1
37131.430351809,3,2371,100,3836340,1
37131.798967328,1,2377,100,3857417,-1
37132.655397953,4,2355,100,3817556,1
37133.017687733,1,2378,100,3846654,1
37133.835918216,3,2377,100,3857417,-1
37134.724396293,1,2379,100,3856305,-1
37135.429415949,3,2378,100,3846654,1
37136.1911857,4,2379,100,3856305,-1
37136.907675256,1,2380,100,3851911,1
37137.581457764,4,2380,100,3851911,1
37138.531609059,1,2381,100,3858099,-1
37138.944946675,3,2381,100,3858099,-1
37139.658492718,1,2382,100,3867960,1
37140.513801667,1,2383,100,3867473,1
37141.259399209,3,2383,100,3867473,1
37142.155934638,4,2382,100,3867960,1
37142.71647206,1,2384,100,3859420,1
37143.662717074,3,2384,100,3859420,1
37144.167984384,1,2385,100,3859518,-1
37144.951631061,3,2385,100,3859518,-1
37145.764312845,1,2386,100,3865942,1
37147.265200348,3,2386,100,3865942,1
37147.874740989,1,2387,100,3878482,-1
37148.317839193,1,2388,100,3873485,-1
37148.72679855,3,2388,100,3873485,-1
37149.133480337,3,2387,100,3878482,-1
37149.950653411,1,2389,100,3869254,-1
37151.617089537,5,2389,100,3869254,-1
37152.547007439,1,2390,100,3868366,-1
37153.141202331,1,2391,100,3858845,1
37153.566781857,1,2392,100,3861375,-1
37154.43429323,3,2390,100,3868366,-1
37156.019787325,4,2392,100,3861375,-1
37156.448506822,1,2393,100,3880706,-1
37156.964614008,1,2394,100,3880986,1
37157.880905632,3,2393,100,3880706,-1
37158.574483269,5,2391,100,3858845,1
37159.011393269,3,2394,100,3880986,1
37159.488006803,1,2395,100,3883091,1
37160.160443641,1,2396,100,3886760,1
37160.615231137,3,2395,100,3883091,1
37161.098419241,1,2397,100,3894184,-1
37161.84112815,1,2398,100,3900572,-1
37162.336179549,4,2397,100,3894184,-1
37162.774145238,3,2396,100,3886760,1
37163.475201581,1,2399,100,3894996,-1
37164.382697286,5,2399,100,3894996,-1
37165.005872563,1,2400,100,3896931,-1
37165.504746737,1,2401,100,3888832,-1
37165.978599464,1,2402,100,3880728,1
37166.473452756,1,2403,100,3879816,-1
37167.019371392,5,2398,100,3900572,-1
37167.71332737,4,2402,100,3880728,1
37168.390802377,4,2403,100,3879816,-1
37169.019556638,1,2404,100,3886286,-1
37169.412733175,1,2405,100,3880972,1
37169.784251372,1,2406,100,3899833,-1
37170.260928226,1,2407,100,3900190,1
37171.095889737,5,2404,100,3886286,-1
37171.504486111,1,2408,100,3903816,1
37172.490802947,4,2406,100,3899833,-1
37173.026794888,4,2400,100,3896931,-1
37173.85249779,1,2409,100,3912146,-1
37175.829700792,1,2410,100,3902282,1
37176.512081116,3,2408,100,3903816,1
37177.158099805,3,2401,100,3888832,-1
37178.035757607,4,2410,100,3902282,1
37178.584331743,4,2409,100,3912146,-1
37179.294236479,1,2411,100,3912139,-1
37179.917699182,1,2412,100,3919238,-1
37180.532631134,5,2412,100,3919238,-1
37181.15735165,1,2413,100,3921027,1
37182.075963113,1,2414,300,3927053,-1
37182.505222396,1,2415,100,3925863,1
37183.305306234,3,2415,100,3925863,1
37184.03896012,1,2416,100,3925378,-1
37184.929229683,5,2407,100,3900190,1
37185.430306381,3,2405,100,3880972,1
37185.843186094,2,2414,100,3927053,-1
37186.668281026,1,2417,100,3928070,1
37187.368439676,3,2416,100,3925378,-1
37188.067680399,3,2414,200,3927053,-1
37188.893458202,1,2418,100,3936269,-1
37189.600172715,1,2419,100,3938088,1
37190.187427013,3,2417,100,3928070,1
37190.989710319,1,2420,100,3944136,-1
37191.691085729,4,2420,100,3944136,-1
37192.0255668,1,2421,100,3950083,1
37192.874075309,1,2422,100,3956170,-1
37193.536190606,4,2411,100,3912139,-1
37194.067004276,1,2423,100,3949653,-1
37194.768524758,4,2418,100,3936269,-1
37195.115268453,1,2424,100,3947008,-1
37195.908555135,1,2425,100,3938029,1
37196.33765846,3,2413,100,3921027,1
37196.79326314,1,2426,100,3935742,1
37197.188277056,3,2423,100,3949653,-1
37198.155833416,3,2426,100,3935742,1
37198.539881704,3,2425,100,3938029,1
37199.166288625,1,2427,100,3923050,1
37200.11915571,1,2428,100,3921503,1
37200.919147333,4,2419,100,3938088,1
37201.829951253,3,2422,100,3956170,-1
37202.73760967,3,2421,100,3950083,1
37203.657197406,4,2427,100,3923050,1
37204.772052481,1,2429,100,3938398,-1
37205.513603168,1,2430,100,3936176,1
37205.912138119,1,2431,100,3933613,1
37206.487957138,3,2429,100,3938398,-1
37207.069825211,4,2428,100,3921503,1
37208.054988172,4,2424,100,3947008,-1
37209.01100997,1,2432,100,3940278,1
37209.587160966,1,2433,100,3948879,-1
37210.353603897,1,2434,100,3945913,-1
37210.707831011,5,2431,100,3933613,1
37212.347200115,5,2433,100,3948879,-1
37213.2141968,1,2435,100,3944630,1
37213.995878849,1,2436,100,3947164,1
37214.695488919,4,2434,100,3945913,-1
37215.120918507,1,2437,100,3947043,-1
37216.017000106,1,2438,100,3950476,-1
37216.637200679,3,2437,100,3947043,-1
37217.284103231,5,2430,100,3936176,1
37217.705695763,1,2439,100,3946492,-1
37218.303674154,4,2432,100,3940278,1
37219.081474284,3,2436,100,3947164,1
37219.974833462,5,2439,100,3946492,-1
37220.77907802,4,2435,100,3944630,1
37221.570778083,3,2438,100,3950476,-1
37222.256513742,1,2440,100,3928345,-1
37223.104756775,5,2440,100,3928345,-1
37223.468911154,1,2441,100,3937146,-1
37224.368851746,1,2442,100,3937474,-1
37224.953631175,1,2443,100,3933452,1
37225.701918942,4,2441,100,3937146,-1
37226.991062462,1,2444,100,3932948,-1
37227.361073356,1,2445,100,3925617,1
37228.575580162,4,2443,100,3933452,1
37229.65240659,1,2446,100,3905435,1
37230.5980129,1,2447,100,3902497,-1
37231.244793211,1,2448,100,3895371,-1
37231.793847222,1,2449,100,3891592,-1
37232.676034004,5,2442,100,3937474,-1
37233.245489461,1,2450,100,3893138,1
37233.937820837,1,2451,100,3892887,-1
37234.622575068,1,2452,100,3891664,1
37235.307167435,3,2444,100,3932948,-1
37235.690396743,3,2446,100,3905435,1
37236.091713771,3,2450,100,3893138,1
37236.513471742,5,2447,100,3902497,-1
37237.887389609,3,2451,100,3892887,-1
37238.777535927,1,2453,100,3876898,1
37239.611125783,1,2454,100,3880830,1
37240.256494433,1,2455,100,3880261,1
37240.819743629,3,2453,100,3876898,1
37241.348529908,1,2456,100,3895746,-1
37242.297774419,1,2457,100,3886481,1
37242.789839923,5,2457,100,3886481,1
37243.541803118,1,2458,100,3889723,-1
37244.027569601,3,2458,100,3889723,-1
37244.844889858,1,2459,100,3888255,1
37245.576696845,1,2460,100,3886637,1
37246.551458418,5,2448,100,3895371,-1
37247.480342899,5,2445,100,3925617,1
37248.377915735,4,2456,100,3895746,-1
37248.88703355,3,2449,100,3891592,-1
37249.307273611,1,2461,100,3904002,1
37249.974896769,1,2462,100,3907829,-1
37250.82476158,3,2455,100,3880261,1
37251.705416173,5,2462,100,3907829,-1
37252.363553418,1,2463,100,3906403,1
37253.298095654,1,2464,100,3911178,-1
37253.781579511,3,2460,100,3886637,1
37254.757569078,5,2461,100,3904002,1
37255.75114295,1,2465,100,3916187,-1
37256.580477724,1,2466,100,3923264,-1
37257.180697526,3,2466,100,3923264,-1
37257.805312128,1,2467,100,3924445,1
37258.400422483,1,2468,100,3929374,-1
37259.098245254,4,2464,100,3911178,-1
37259.441728134,4,2465,100,3916187,-1
37260.231750313,1,2469,100,3933884,1
37261.834778569,5,2459,100,3888255,1
37262.821942936,1,2470,100,3930456,-1
37263.409301713,3,2454,100,3880830,1
37264.17989149,4,2469,100,3933884,1
37264.67808455,1,2471,100,3941545,1
37265.23773102,1,2472,100,3943891,-1
37266.183652293,3,2463,100,3906403,1
37267.335137374,4,2470,100,3930456,-1
37268.293852531,4,2468,100,3929374,-1
37268.701805153,3,2471,100,3941545,1
37269.092153042,5,2467,100,3924445,1
37269.698429452,1,2473,100,3934453,1
37270.536680579,4,2472,100,3943891,-1
37271.294697846,1,2474,100,3942719,-1
37272.902712271,1,2475,100,3952121,-1
37273.727004477,4,2474,100,3942719,-1
37274.358476262,1,2476,100,3931258,1
37274.861869508,3,2476,100,3931258,1
37275.722610217,3,2473,100,3934453,1
37276.509330332,5,2452,100,3891664,1
37277.1350549,3,2475,100,3952121,-1
37277.660109043,1,2477,100,3932635,-1
37279.781395256,4,2477,100,3932635,-1
37280.647695649,1,2478,100,3944559,-1
37281.124786105,1,2479,100,3938798,1
37281.658482817,4,2479,100,3938798,1
37282.146859609,3,2478,100,3944559,-1
37282.559695976,1,2480,100,3940709,1
37283.408011004,1,2481,100,3944109,1
37283.871542571,1,2482,100,3946414,-1
37285.033271412,1,2483,100,3945390,1
37285.443789684,1,2484,100,3953323,-1
37286.407190151,3,2480,100,3940709,1
37287.115559379,4,2484,100,3953323,-1
37287.986473896,3,2481,100,3944109,1
37288.978888726,3,2483,100,3945390,1
37289.45191107,3,2482,100,3946414,-1
37290.381886318,1,2485,100,3949067,1
37291.201888019,1,2486,100,3957033,-1
37291.671982375,5,2486,100,3957033,-1
37292.2871901,1,2487,100,3963832,1
37292.858044217,1,2488,100,3971393,-1
37293.455751823,1,2489,100,3975047,-1
37294.043079866,1,2490,100,3980926,1
37294.619267428,4,2489,100,3975047,-1
37295.485848093,1,2491,100,3975164,1
37296.074449628,1,2492,100,3976305,-1
37296.508930725,3,2487,100,3963832,1
37297.436685922,1,2493,100,3973227,-1
37298.00059799,3,2492,100,3976305,-1
37299.321553503,1,2494,100,3974205,-1
37300.258367148,1,2495,100,3968776,-1
37300.976907719,1,2496,100,3962752,1
37302.05244661,1,2497,100,3968334,-1
37302.520795268,3,2497,100,3968334,-1
37302.864791463,1,2498,100,3966182,1
37303.842513306,3,2491,100,3975164,1
37304.580767159,1,2499,100,3966224,1
37305.095311495,5,2495,100,3968776,-1
37305.906143526,1,2500,100,3980950,-1
37306.895162512,3,2500,100,3980950,-1
37307.390372274,1,2501,100,3971877,1
37307.844192865,4,2490,100,3980926,1
37309.525998682,5,2494,100,3974205,-1
37310.074988779,5,2493,100,3973227,-1
37310.83407784,3,2498,100,3966182,1
37311.483154417,1,2502,100,3992694,1
37311.860731926,3,2485,100,3949067,1
37312.398959911,1,2503,100,3990345,-1
37312.920457899,5,2488,100,3971393,-1
37313.46825951,1,2504,100,3995067,-1
37313.933959932,4,2504,100,3995067,-1
37314.381271379,4,2503,100,3990345,-1
37314.861635006,3,2496,100,3962752,1
37315.68584426,3,2499,100,3966224,1
37316.958878221,5,2502,100,3992694,1
37317.667089425,1,2505,100,4000379,1
37318.422660886,4,2501,100,3971877,1
37319.277861567,1,2506,100,4006028,-1
37319.915017769,1,2507,100,4009753,-1
37320.535260064,1,2508,100,4009605,1
37321.205128085,3,2506,100,4006028,-1
37323.133283063,5,2508,100,4009605,1
37323.911452983,3,2505,100,4000379,1
37324.789708358,3,2507,100,4009753,-1
37325.679766416,1,2509,100,4018826,-1
37326.505731665,5,2509,100,4018826,-1
37327.084499128,1,2510,100,4008559,-1
37327.538659645,3,2510,100,4008559,-1
37328.14159727,1,2511,100,4002661,1
37328.747861436,1,2512,100,4000463,1
37329.357481015,4,2511,100,4002661,1
37330.339407046,3,2512,100,4000463,1
37330.99941047,1,2513,100,3999415,1
37331.350292386,3,2513,100,3999415,1
37332.231753651,1,2514,100,3995756,1
37332.909927191,1,2515,100,3999843,1
37333.454460465,1,2516,100,3997420,-1
37334.404529764,1,2517,100,3989161,1
37334.778396801,1,2518,100,3987819,1
37335.413944365,1,2519,100,3977596,1
37336.222924761,1,2520,100,3971318,1
37337.073110671,1,2521,100,3971863,-1
37337.725521348,5,2521,100,3971863,-1
37338.323026745,4,2520,100,3971318,1
37338.737955457,4,2519,100,3977596,1
37339.38051295,1,2522,100,3975478,-1
37339.970628648,1,2523,100,3968150,1
37340.405633261,1,2524,100,3974778,-1
37340.831616893,1,2525,100,3982400,1
37341.471662874,3,2518,100,3987819,1
37342.397477948,4,2525,100,3982400,1
37342.930882986,5,2515,100,3999843,1
37343.79524291,1,2526,100,3991094,-1
37344.69152827,5,2523,100,3968150,1
37345.475448446,3,2514,100,3995756,1
37346.431746153,3,2516,100,3997420,-1
37346.991266887,1,2527,100,3992069,-1
37347.539850876,3,2524,100,3974778,-1
37348.527449489,1,2528,100,3991742,1
37349.073986505,1,2529,100,3997466,1
37349.490938577,1,2530,100,3991340,1
37349.905916565,1,2531,100,4000317,-1
37350.384390589,1,2532,100,3994033,1
37350.920464962,1,2533,100,4000237,-1
37351.732298627,4,2526,100,3991094,-1
37352.195379026,5,2529,100,3997466,1
37352.59517623,1,2534,100,4000378,1
37354.461830784,5,2531,100,4000317,-1
37355.243334462,1,2535,100,3996152,-1
37356.128360431,3,2528,100,3991742,1
37356.687473576,1,2536,100,3989361,-1
37357.466052004,3,2517,100,3989161,1
37358.202402971,1,2537,100,3989863,-1
37358.889960439,4,2532,100,3994033,1
37359.691086545,1,2538,100,3983305,-1
37360.03307622,3,2538,100,3983305,-1
37360.399953975,1,2539,100,3975645,1
37361.371988573,1,2540,100,3968440,1
37361.736707992,1,2541,100,3971391,1
37363.258510269,5,2539,100,3975645,1
37364.018205582,1,2542,100,3976146,1
37365.388853499,3,2541,100,3971391,1
37366.195900702,1,2543,100,3978938,1
37366.860315873,3,2540,100,3968440,1
37367.367870566,1,2544,100,3987225,-1
37367.710629994,1,2545,100,3990435,-1
37368.633219293,1,2546,100,3990514,1
37369.140726113,1,2547,100,3988817,-1
37369.649342824,1,2548,100,3986385,1
37370.131589305,1,2549,100,3989176,-1
37370.860997068,5,2546,100,3990514,1
37371.862154654,1,2550,100,3987173,-1
37372.300182209,1,2551,100,3999575,-1
37372.996946158,1,2552,100,3989406,1
37374.00311695,1,2553,100,3985729,1
37374.807612403,1,2554,100,3983725,-1
37375.221328335,3,2522,100,3975478,-1
37376.219736949,5,2548,100,3986385,1
37376.838492121,3,2533,100,4000237,-1
37377.737035206,1,2555,100,3980418,1
37378.313964416,3,2549,100,3989176,-1
37379.007172198,1,2556,100,3981537,-1
37379.783464377,1,2557,100,3984126,1
37380.610434711,5,2556,100,3981537,-1
37380.985046128,4,2542,100,3976146,1
37382.352205282,1,2558,100,3969759,-1
37382.912886578,3,2545,100,3990435,-1
37384.090178892,5,2551,100,3999575,-1
37385.431694298,4,2553,100,3985729,1
37385.886461987,1,2559,100,3969221,-1
37386.277084666,4,2555,100,3980418,1
37387.045417552,1,2560,100,3969382,-1
37387.833753844,3,2552,100,3989406,1
37388.415750535,3,2530,100,3991340,1
37389.76010674,5,2527,100,3992069,-1
37390.54772798,1,2561,100,3958051,-1
37391.159958828,4,2534,100,4000378,1
37392.513581443,3,2554,100,3983725,-1
37393.899414824,1,2562,100,3954650,-1
37394.562405794,1,2563,100,3951187,1
37395.072656171,1,2564,100,3959371,1
37395.570682512,1,2565,100,3952977,1
37396.486063015,1,2566,100,3953064,1
37397.016352144,5,2566,100,3953064,1
37398.24764247,3,2563,100,3951187,1
37399.574458208,3,2547,100,3988817,-1
37400.377198341,1,2567,100,3939563,1
37400.93247214,1,2568,100,3944576,-1
37401.751471244,4,2564,100,3959371,1
37402.316700027,4,2568,100,3944576,-1
37402.973924457,1,2569,300,3944354,1
37403.889231701,4,2543,100,3978938,1
37405.413795618,3,2535,100,3996152,-1
37406.344220439,5,2544,100,3987225,-1
37407.337825058,1,2570,100,3938427,-1
37407.740505837,3,2536,100,3989361,-1
37408.307708277,1,2571,100,3936143,-1
37408.745535276,1,2572,100,3933709,-1
37409.717977694,3,2572,100,3933709,-1
37410.207771679,3,2569,300,3944354,1
37410.957478543,3,2558,100,3969759,-1
37411.505082387,1,2573,100,3932850,-1
37412.066452436,4,2567,100,3939563,1
37412.761650532,1,2574,100,3928507,1
37413.398540076,3,2560,100,3969382,-1
37414.041975667,3,2573,100,3932850,-1
37414.509035221,1,2575,100,3941428,-1
37414.940063374,1,2576,100,3938445,1
37415.539890442,3,2562,100,3954650,-1
37416.275963202,5,2575,100,3941428,-1
37417.932559727,1,2577,100,3946478,-1
37418.636207639,4,2571,100,3936143,-1
37419.004183599,3,2537,100,3989863,-1
37419.386859783,3,2557,100,3984126,1
37419.902900389,5,2550,100,3987173,-1
37420.679813407,4,2570,100,3938427,-1
37421.425095126,3,2576,100,3938445,1
37422.279786484,3,2565,100,3952977,1
37423.024449023,3,2577,100,3946478,-1
37423.546438963,3,2561,100,3958051,-1
37424.4206148,3,2559,100,3969221,-1
37425.265763906,1,2578,200,3933524,1
37425.889420383,3,2574,100,3928507,1
37426.547253021,1,2579,100,3944579,1
37427.487829815,1,2580,100,3952247,-1
37427.875487691,1,2581,100,3947326,-1
37428.390310159,2,2578,100,3933524,1
37428.8295379,1,2582,100,3944430,-1
37429.560581396,1,2583,100,3934377,1
37430.105083718,1,2584,100,3939943,1
37430.695292303,1,2585,100,3939568,1
37431.67135351,1,2586,100,3938286,1
37432.38728245,1,2587,100,3935683,1
37434.161308481,5,2580,100,3952247,-1
37434.889600884,4,2582,100,3944430,-1
37435.349623029,1,2588,100,3948964,-1
37435.892408887,1,2589,100,3945555,-1
37436.873142249,4,2589,100,3945555,-1
37437.528557664,3,2584,100,3939943,1
37437.904692899,5,2587,100,3935683,1
37438.908550677,3,2585,100,3939568,1
37439.344998522,1,2590,100,3953042,-1
37439.864827277,4,2588,100,3948964,-1
37440.778094818,1,2591,100,3950895,-1
37441.649389155,3,2586,100,3938286,1
37442.161600932,1,2592,100,3951986,1
37443.11749059,1,2593,100,3949890,1
37443.693202484,1,2594,100,3950143,1
37444.152252328,3,2592,100,3951986,1
37445.123301809,1,2595,100,3952099,-1
37445.904351115,4,2594,100,3950143,1
37446.912468463,1,2596,100,3947698,-1
37447.680730809,1,2597,100,3952047,1
37448.654456126,3,2579,100,3944579,1
37449.518723451,4,2581,100,3947326,-1
37450.309899712,3,2597,100,3952047,1
37450.902771511,1,2598,100,3959653,1
37451.35982101,1,2599,100,3960217,-1
37452.975770615,5,2599,100,3960217,-1
37453.53425534,1,2600,100,3959362,-1
37453.882691512,1,2601,100,3962494,-1
37454.696348269,1,2602,100,3959712,-1
37456.301220542,3,2591,100,3950895,-1
37457.049443675,5,2598,100,3959653,1
37457.87338075,5,2601,100,3962494,-1
37458.28686698,3,2590,100,3953042,-1
37459.305813635,1,2603,100,3958224,-1
37459.669690315,5,2600,100,3959362,-1
37460.296716323,1,2604,100,3953946,-1
37460.833844056,3,2583,100,3934377,1
37461.375191326,5,2593,100,3949890,1
37462.364259065,4,2596,100,3947698,-1
37462.852816221,3,2595,100,3952099,-1
37463.736546016,1,2605,100,3945247,1
37464.392447803,1,2606,100,3943459,1
37464.864690251,4,2606,100,3943459,1
37465.740704903,1,2607,100,3947733,1
37466.185024328,3,2578,100,3933524,1
37467.098794452,1,2608,100,3953159,1
37467.485315682,5,2602,100,3959712,-1
37468.03523576,1,2609,100,3961658,-1
37468.377771968,4,2604,100,3953946,-1
37469.218962742,3,2605,100,3945247,1
37470.026825398,1,2610,100,3956783,1
37470.747528708,1,2611,100,3956267,1
37471.284329653,1,2612,100,3960340,-1
37471.701460671,4,2611,100,3956267,1
37472.490013988,5,2608,100,3953159,1
37472.983611182,3,2610,100,3956783,1
37473.569342331,1,2613,100,3956173,-1
37474.294045665,1,2614,100,3957180,1
37475.47232422,1,2615,100,3968168,1
37475.906603859,5,2613,100,3956173,-1
37476.776690471,1,2616,100,3971733,-1
37477.711261828,3,2616,100,3971733,-1
37479.050010763,1,2617,100,3981910,1
37480.665476283,3,2609,100,3961658,-1
37481.602984475,1,2618,100,3974792,-1
37482.459739667,1,2619,100,3969727,1
37482.886619068,4,2617,100,3981910,1
37483.706464551,1,2620,100,3979632,1
37484.471658735,1,2621,100,3989757,-1
37485.21742389,1,2622,100,3979995,-1
37486.034974692,1,2623,100,3977147,-1
37486.389560099,1,2624,100,3971365,1
37487.215647319,1,2625,100,3971884,1
37488.20231374,4,2625,100,3971884,1
37489.35108821,1,2626,100,3975002,-1
37489.858078648,1,2627,100,3978665,-1
37490.461105556,1,2628,100,3979286,-1
37490.829193047,4,2620,100,3979632,1
37491.449114626,1,2629,100,3980411,-1
37491.986130151,1,2630,100,3979341,-1
37493.953386168,5,2618,100,3974792,-1
37494.481641679,1,2631,100,3961321,1
37495.272675604,1,2632,100,3972340,-1
37495.72828977,1,2633,100,3970725,-1
37496.243960453,5,2622,100,3979995,-1
37496.646132372,1,2634,100,3975888,-1
37497.398344321,3,2615,100,3968168,1
37498.110201146,1,2635,100,3977074,1
37498.863234471,5,2624,100,3971365,1
37499.794978419,1,2636,100,3966257,1
37500.734715639,3,2614,100,3957180,1
37501.672468263,1,2637,100,3974642,-1
37502.624492126,5,2628,100,3979286,-1
37503.572642473,4,2633,100,3970725,-1
37504.186236328,4,2603,100,3958224,-1
37505.541605746,4,2612,100,3960340,-1
37507.152080337,5,2627,100,3978665,-1
37507.914797492,3,2637,100,3974642,-1
37508.568261598,1,2638,100,3977129,-1
37509.535496154,3,2621,100,3989757,-1
37510.34738188,1,2639,100,3973122,-1
37511.010335309,1,2640,100,3969622,-1
37511.79427666,1,2641,100,3974223,-1
37513.251758181,3,2626,100,3975002,-1
37514.018623307,1,2642,100,3966711,1
37514.596922586,3,2630,100,3979341,-1
37515.467942893,1,2643,100,3967033,-1
37516.210885341,1,2644,100,3961066,-1
37517.0897164,3,2635,100,3977074,1
37517.95994232,1,2645,100,3961774,1
37518.390737549,3,2644,100,3961066,-1
37519.096793829,4,2636,100,3966257,1
37519.896182598,1,2646,100,3969632,1
37520.459498008,1,2647,100,3968440,1
37520.910776854,5,2619,100,3969727,1
37521.737170183,4,2638,100,3977129,-1
37522.442566765,5,2641,100,3974223,-1
37523.424879469,3,2607,100,3947733,1
37524.377068595,5,2632,100,3972340,-1
37525.111827898,1,2648,100,3976990,-1
37525.560655784,5,2643,100,3967033,-1
37526.393658983,4,2623,100,3977147,-1
37527.031364801,1,2649,100,3968477,1
37527.711032423,4,2647,100,3968440,1
37528.587074464,1,2650,100,3960176,1
37529.736300666,1,2651,100,3961643,-1
37530.230164496,1,2652,100,3961812,-1
37531.119751603,4,2631,100,3961321,1
37532.110741185,5,2646,100,3969632,1
37532.684132926,5,2640,100,3969622,-1
37533.351612956,1,2653,100,3955161,-1
37534.274904137,5,2629,100,3980411,-1
37534.84885996,3,2649,100,3968477,1
37535.770488717,4,2642,100,3966711,1
37536.744487605,1,2654,100,3955737,1
37537.645861159,3,2654,100,3955737,1
37538.450046084,1,2655,100,3948392,1
37539.438222507,1,2656,100,3952959,1
37540.318395763,3,2651,100,3961643,-1
37540.910994535,4,2645,100,3961774,1
37541.301285194,4,2653,100,3955161,-1
37542.260934618,1,2657,100,3959895,-1
37542.998008855,1,2658,100,3951136,1
37543.656276769,4,2656,100,3952959,1
37544.59654437,4,2650,100,3960176,1
37545.586415181,1,2659,100,3948672,-1
37546.468778932,3,2657,100,3959895,-1
37547.913830098,1,2660,100,3947989,-1
37548.302766786,3,2660,100,3947989,-1
37549.052892147,3,2648,100,3976990,-1
37549.647914898,1,2661,100,3952333,-1
37550.568626242,1,2662,100,3947681,1
37551.364247418,1,2663,100,3944092,-1
37551.875107153,4,2662,100,3947681,1
37552.792180049,1,2664,100,3945330,1
37553.77886768,3,2634,100,3975888,-1
37554.319090085,1,2665,100,3948666,1
37555.677098282,1,2666,100,3957798,-1
37556.589999212,1,2667,100,3950394,-1
37557.328873157,3,2659,100,3948672,-1
37558.164594146,3,2666,100,3957798,-1
37558.851199923,5,2664,100,3945330,1
37559.37857648,4,2667,100,3950394,-1
37559.833888225,4,2661,100,3952333,-1
37560.863214768,4,2658,100,3951136,1
37561.577819843,1,2668,100,3951821,-1
37562.936467185,4,2655,100,3948392,1
37563.691644952,1,2669,100,3944451,-1
37564.394756629,1,2670,100,3945807,-1
37565.311086904,5,2668,100,3951821,-1
37565.763036889,1,2671,100,3949889,-1
37566.238227637,1,2672,100,3941844,1
37567.186443694,3,2671,100,3949889,-1
37567.531817945,3,2665,100,3948666,1
37567.934213968,3,2670,100,3945807,-1
37568.394302135,3,2672,100,3941844,1
37569.353616113,1,2673,100,3939534,-1
37569.894109343,1,2674,100,3933780,1
37570.731462253,1,2675,100,3938655,1
37571.420086444,3,2663,100,3944092,-1
37572.203148324,1,2676,100,3935199,1
37572.596420107,1,2677,100,3946913,-1
37573.02506169,3,2639,100,3973122,-1
37573.409035719,3,2676,100,3935199,1
37575.104023749,1,2678,100,3958926,-1
37576.059949808,1,2679,400,3955957,-1
37577.003573429,1,2680,100,3958500,1
37577.586790455,3,2652,100,3961812,-1
37578.286539334,1,2681,100,3958654,1
37579.047463194,1,2682,100,3961880,-1
37579.933312803,1,2683,100,3960681,1
37580.694634183,3,2677,100,3946913,-1
37581.698997854,1,2684,100,3962105,1
37582.321131196,1,2685,100,3970492,-1
37582.947119187,4,2682,100,3961880,-1
37583.313401705,1,2686,100,3966135,1
37584.051831743,1,2687,100,3974031,-1
37585.038631082,1,2688,100,3965526,-1
37586.014869978,1,2689,100,3959770,1
37586.453663852,1,2690,100,3968804,-1
37586.976402539,1,2691,100,3965424,-1
37587.605147287,5,2681,100,3958654,1
37588.038248682,3,2680,100,3958500,1
37588.985206536,4,2679,100,3955957,-1
37589.574888587,1,2692,100,3951724,1
37589.991655003,1,2693,100,3961564,-1
37590.972472741,5,2678,100,3958926,-1
37591.523730916,1,2694,100,3950059,1
37591.969613578,1,2695,100,3950498,1
37592.335210906,3,2669,100,3944451,-1
37593.35128319,3,2684,100,3962105,1
37594.100940005,4,2692,100,3951724,1
37594.9460527,3,2674,100,3933780,1
37595.578625176,3,2694,100,3950059,1
37596.258777408,5,2688,100,3965526,-1
37597.026194307,3,2687,100,3974031,-1
37597.564380268,3,2690,100,3968804,-1
37597.943904452,3,2693,100,3961564,-1
37598.535357902,5,2683,100,3960681,1
37599.281696928,5,2686,100,3966135,1
37599.888832741,3,2691,100,3965424,-1
37600.332528226,1,2696,100,3940077,-1
37601.038400624,3,2675,100,3938655,1
37601.829908188,1,2697,100,3938426,-1
37602.211221759,4,2695,100,3950498,1
37602.808757546,5,2673,100,3939534,-1
37603.73037747,1,2698,100,3942859,1
37604.241526821,1,2699,100,3943236,1
37605.209765304,4,2697,100,3938426,-1
37606.135606551,3,2685,100,3970492,-1
37606.746342809,5,2699,100,3943236,1
37607.209178182,1,2700,100,3944654,-1
37607.734344595,3,2689,100,3959770,1
37608.342577834,1,2701,100,3939856,1
37609.176713161,5,2696,100,3940077,-1
37609.652401192,5,2701,100,3939856,1
37610.129607576,3,2700,100,3944654,-1
37610.90181902,1,2702,100,3928621,-1
37611.379508111,1,2703,100,3923434,-1
37612.033778456,4,2698,100,3942859,1
37612.535361607,1,2704,100,3913183,1
37612.961794292,1,2705,100,3918509,1
37613.917023559,3,2679,300,3955957,-1
37614.893345768,3,2703,100,3923434,-1
37615.550620749,1,2706,100,3918718,-1
37616.308565305,1,2707,100,3916513,-1
37616.789295991,4,2707,100,3916513,-1
37617.333807742,1,2708,100,3914474,1
37618.217149295,1,2709,100,3928942,1
37618.766993008,1,2710,100,3930504,1
37620.412685448,4,2702,100,3928621,-1
37621.278664149,4,2710,100,3930504,1
37622.156064808,3,2708,100,3914474,1
37622.650733598,3,2704,100,3913183,1
37623.346337679,1,2711,100,3918435,-1
37624.102713211,1,2712,100,3919514,-1
37625.069311549,1,2713,100,3913160,1
37625.675712474,1,2714,100,3906981,-1
37626.726630384,1,2715,100,3909565,1
37627.299273581,5,2709,100,3928942,1
37628.178549561,1,2716,100,3913219,-1
37628.532332587,5,2715,100,3909565,1
37629.176132038,1,2717,100,3905772,1
37629.679714005,3,2716,100,3913219,-1
37630.094863872,1,2718,100,3903997,1
37630.909398029,1,2719,100,3902158,1
37631.257249372,1,2720,100,3899058,1
37631.96907496,1,2721,100,3906292,-1
37632.817906408,5,2712,100,3919514,-1
37633.357481849,3,2711,100,3918435,-1
37633.767867457,4,2713,100,3913160,1
37634.643615628,1,2722,100,3917769,1
37635.525540452,1,2723,100,3916688,-1
37636.547912876,3,2721,100,3906292,-1
37637.46628887,3,2717,100,3905772,1
37638.348649575,1,2724,100,3925614,1
37638.743706585,1,2725,100,3924401,-1
37639.634120197,1,2726,100,3929135,-1
37640.488245118,4,2723,100,3916688,-1
37641.112348054,3,2725,100,3924401,-1
37641.61281662,3,2724,100,3925614,1
37642.271046536,4,2706,100,3918718,-1
37643.004894356,3,2726,100,3929135,-1
37643.436237096,1,2727,100,3914770,-1
37644.335345456,3,2718,100,3903997,1
37644.935262004,1,2728,100,3916678,1
37645.74681704,1,2729,100,3923400,-1
37647.303114779,3,2720,100,3899058,1
37647.832769388,3,2728,100,3916678,1
37648.510583329,1,2730,100,3927381,-1
37649.508186095,1,2731,100,3928977,-1
37650.518424443,3,2714,100,3906981,-1
37651.226842121,5,2727,100,3914770,-1
37652.1476357,3,2729,100,3923400,-1
37653.107098517,3,2705,100,3918509,1
37653.507122663,5,2719,100,3902158,1
37654.061840231,1,2732,100,3939834,1
37655.237591293,1,2733,100,3942680,-1
37655.625659795,1,2734,100,3939842,1
37656.1938353,5,2722,100,3917769,1
37657.123882205,1,2735,100,3938683,1
37657.700992553,1,2736,100,3941647,1
37658.6952728,3,2735,100,3938683,1
37659.091873959,4,2731,100,3928977,-1
37659.846665831,5,2732,100,3939834,1
37660.474525676,4,2736,100,3941647,1
37661.006714076,1,2737,100,3935757,-1
37661.361608119,1,2738,100,3943878,-1
37662.066927916,1,2739,100,3944175,-1
37662.671792667,1,2740,100,3940733,-1
37663.124314502,1,2741,100,3941830,1
37663.774882288,3,2740,100,3940733,-1
37664.466852122,1,2742,100,3947153,1
37664.986133052,4,2730,100,3927381,-1
37665.716871428,3,2741,100,3941830,1
37666.253453262,1,2743,100,3943370,1
37666.709514867,1,2744,100,3948450,-1
37667.148407998,4,2739,100,3944175,-1
37667.600180085,4,2743,100,3943370,1
37668.519812136,3,2738,100,3943878,-1
37669.164784332,1,2745,100,3952870,-1
37669.663205247,5,2742,100,3947153,1
37670.58729849,3,2744,100,3948450,-1
37671.254455246,4,2745,100,3952870,-1
37671.787627925,4,2733,100,3942680,-1
37672.821649665,5,2734,100,3939842,1
37673.514476258,3,2737,100,3935757,-1
37674.166141517,1,2746,100,3956601,-1
37675.141509534,1,2747,100,3956138,-1
37675.774578476,1,2748,100,3947386,1
37676.323713037,1,2749,100,3949609,-1
37676.950179479,3,2748,100,3947386,1
37677.545610378,1,2750,100,3955172,1
37678.05036124,1,2751,100,3953784,-1
37678.830169785,1,2752,100,3954525,-1
37679.796531427,1,2753,100,3952380,-1
37680.183144347,1,2754,100,3953827,-1
37682.029609275,1,2755,100,3953899,-1
37682.880926443,4,2750,100,3955172,1
37683.735932375,3,2747,100,3956138,-1
37684.10050701,1,2756,100,3944275,1
37685.079910478,1,2757,100,3944548,-1
37685.482396851,1,2758,100,3944351,-1
37686.730085796,3,2749,100,3949609,-1
37687.126161737,1,2759,100,3950533,1
37688.001725051,4,2754,100,3953827,-1
37688.443082328,4,2753,100,3952380,-1
37689.161368853,1,2760,100,3966093,-1
37689.530837154,4,2746,100,3956601,-1
37690.24653335,1,2761,100,3969154,-1
37691.289932528,1,2762,100,3968443,-1
37691.820441436,1,2763,100,3960468,-1
37692.695496102,3,2758,100,3944351,-1
37693.271845786,4,2752,100,3954525,-1
37693.668764138,4,2751,100,3953784,-1
37694.101348454,1,2764,100,3957100,-1
37694.533072475,1,2765,100,3960023,-1
37695.519371613,1,2766,100,3961575,-1
37696.524578757,5,2763,100,3960468,-1
37696.929920555,1,2767,100,3957460,1
37697.617090036,3,2762,100,3968443,-1
37698.171217392,4,2757,100,3944548,-1
37698.755906073,3,2756,100,3944275,1
37699.780392006,4,2765,100,3960023,-1
37700.644813998,1,2768,100,3961546,1
37701.036809722,5,2759,100,3950533,1
37701.395649269,4,2760,100,3966093,-1
37701.858423655,5,2768,100,3961546,1
37702.654907747,1,2769,100,3979375,-1
37703.58672537,3,2755,100,3953899,-1
37704.261586782,3,2761,100,3969154,-1
37704.647754246,4,2769,100,3979375,-1
37705.948038274,3,2764,100,3957100,-1
37706.899617383,4,2766,100,3961575,-1
37707.52022036,3,2767,100,3957460,1
37708.077759727,1,2770,100,3976301,1
37708.955415013,5,2770,100,3976301,1
37709.904773405,1,2771,100,3975917,1
37710.663169615,1,2772,100,3977264,-1
37712.026428346,4,2771,100,3975917,1
37712.925205821,1,2773,100,3980402,-1
37713.431612257,4,2772,100,3977264,-1
37713.824172287,1,2774,100,3981364,1
37714.839339483,1,2775,100,3977371,-1
37715.351908978,1,2776,100,3974880,1
37716.090246197,1,2777,100,3974498,1
37716.660634879,1,2778,100,3974628,-1
37717.230245195,4,2777,100,3974498,1
37717.678944632,1,2779,100,3979793,-1
37718.595800597,1,2780,100,3980943,-1
37719.078633048,1,2781,100,3983464,-1
37721.153073295,4,2775,100,3977371,-1
37721.765049177,4,2779,100,3979793,-1
37722.275990602,1,2782,100,3995602,-1
37723.129628075,1,2783,100,3988824,-1
37723.752146319,3,2783,100,3988824,-1
37724.195664568,3,2780,100,3980943,-1
37725.190060803,3,2774,100,3981364,1
37726.012000619,1,2784,100,4005252,-1
37727.283300911,1,2785,100,4007355,1
37728.105401924,5,2773,100,3980402,-1
37729.413379241,1,2786,100,3999082,1
37730.430747412,3,2784,100,4005252,-1
37730.973221877,1,2787,100,4001191,-1
37731.569250934,4,2778,100,3974628,-1
37732.585430003,3,2787,100,4001191,-1
37733.22744675,4,2785,100,4007355,1
37734.171002218,1,2788,100,3981918,1
37734.866282468,3,2781,100,3983464,-1
37735.979360442,1,2789,100,3981805,1
37737.453156884,4,2786,100,3999082,1
37739.255264127,3,2788,100,3981918,1
37739.734399304,5,2776,100,3974880,1
37741.124124193,4,2789,100,3981805,1
37742.91218257,1,2790,100,3967312,1
37743.951537964,1,2791,100,3970250,1
37744.964677405,1,2792,100,3969517,-1
37745.874667966,1,2793,100,3971420,1
37746.712457395,3,2792,100,3969517,-1
37747.177127377,1,2794,100,3971000,1
37747.628824474,3,2794,100,3971000,1
37748.468737018,3,2782,100,3995602,-1
37749.42301561,1,2795,100,3983436,1
37750.051754052,1,2796,100,3975937,1
37751.080550901,4,2795,100,3983436,1
37751.757539855,4,2790,100,3967312,1
37752.139857184,1,2797,100,3973421,1
37752.654576038,1,2798,100,3978145,-1
37753.223888042,3,2796,100,3975937,1
37754.005492438,5,2791,100,3970250,1
37755.022857946,1,2799,100,3979690,-1
37756.046446212,3,2793,100,3971420,1
37756.590031305,1,2800,100,3973785,1
37757.098257186,3,2798,100,3978145,-1
37757.909760563,1,2801,100,3980458,-1
37758.91568889,5,2797,100,3973421,1
37759.28542035,1,2802,100,3975857,1
37759.839183227,3,2799,100,3979690,-1
37760.331476058,4,2801,100,3980458,-1
37761.196178183,1,2803,100,3990189,-1
37761.976845537,3,2803,100,3990189,-1
37762.894161023,1,2804,100,3978790,-1
37763.568761384,1,2805,100,3980359,1
37764.470617339,1,2806,100,3978180,-1
37764.910674758,1,2807,100,3976150,1
37765.452333569,1,2808,100,3981530,-1
37765.957384975,1,2809,100,3983144,1
37766.827609097,5,2800,100,3973785,1
37767.472332751,1,2810,100,3989717,-1
37768.184693067,1,2811,100,3990986,1
37768.768269773,5,2802,100,3975857,1
37769.229348921,3,2810,100,3989717,-1
37770.26277254,1,2812,100,3988329,-1
37770.626506197,5,2806,100,3978180,-1
37770.992267579,3,2809,100,3983144,1
37771.400994127,1,2813,100,3990065,-1
37771.885268942,1,2814,100,3991252,-1
37772.623630378,3,2814,100,3991252,-1
37773.305430225,3,2808,100,3981530,-1
37774.277062607,4,2804,100,3978790,-1
37774.940104024,3,2807,100,3976150,1
37775.624581055,1,2815,100,3976299,1
37777.20382566,1,2816,100,3978243,-1
37777.673936823,1,2817,100,3982354,1
37778.615204231,3,2812,100,3988329,-1
37779.00568222,5,2805,100,3980359,1
37779.638863042,3,2817,100,3982354,1
37780.263782889,1,2818,100,3986446,1
37780.84679838,4,2811,100,3990986,1
37781.202462976,1,2819,100,3989003,-1
37782.255288286,4,2816,100,3978243,-1
37782.672006355,4,2819,100,3989003,-1
37783.53088387,3,2815,100,3976299,1
37784.15148195,5,2818,100,3986446,1
37784.745856848,3,2813,100,3990065,-1
37785.799570972,1,2820,100,3987041,1
37786.666137609,4,2820,100,3987041,1
37787.504774799,1,2821,100,3994111,1
37788.411349561,1,2822,100,3994858,-1
37789.18650742,1,2823,100,3997846,-1
37789.583485016,5,2822,100,3994858,-1
37790.424019646,1,2824,100,3999037,-1
37791.136140216,1,2825,100,3986829,1
37792.101439685,5,2823,100,3997846,-1
37793.150309511,4,2825,100,3986829,1
37793.91506148,4,2821,100,3994111,1
37794.572466663,1,2826,100,3992938,-1
37795.40235788,3,2826,100,3992938,-1
37795.89983258,3,2824,100,3999037,-1
37796.689861948,1,2827,100,3997434,1
37797.412778535,1,2828,100,3998330,1
37797.824775897,5,2827,100,3997434,1
37798.242255576,5,2828,100,3998330,1
37799.068631534,1,2829,100,4002191,-1
37799.906262199,1,2830,100,4007310,-1
37800.491724532,3,2829,100,4002191,-1
37800.902988805,3,2830,100,4007310,-1
37801.32152661,1,2831,100,4002714,-1
37802.195050243,1,2832,100,4002002,-1
37802.952423263,1,2833,100,4004183,-1
37804.664688913,4,2833,100,4004183,-1
37805.645971709,3,2831,100,4002714,-1
37806.21736226,5,2832,100,4002002,-1
37807.202847002,1,2834,100,4006420,-1
37808.052041384,1,2835,100,4008971,-1
37808.620961337,3,2835,100,4008971,-1
37809.318209249,1,2836,100,4010222,1
37809.691987541,1,2837,100,4011604,1
37810.692556563,3,2836,100,4010222,1
37811.672623643,1,2838,100,4007629,-1
37812.258457135,3,2834,100,4006420,-1
37813.235233538,5,2838,100,4007629,-1
37814.207217033,5,2837,100,4011604,1
37814.603152268,1,2839,100,4007566,-1
37815.373990965,1,2840,100,4001385,-1
37815.782720142,1,2841,100,3998160,-1
37816.621964144,3,2841,100,3998160,-1
37817.171098657,1,2842,100,3997615,-1
37818.102083596,3,2840,100,4001385,-1
37818.677646092,3,2842,100,3997615,-1
37819.120187348,5,2839,100,4007566,-1
37820.007423516,1,2843,100,3980599,1
37820.905575916,1,2844,100,3980675,-1
37821.336504751,1,2845,100,3977246,1
37821.9431377,1,2846,100,3975970,-1
37822.859034045,1,2847,100,3977211,1
37823.24424663,1,2848,100,3980984,-1
37824.03293324,1,2849,100,3973442,1
37825.025909079,4,2843,100,3980599,1
37826.149414846,3,2845,100,3977246,1
37827.014446514,4,2847,100,3977211,1
37827.873664242,3,2844,100,3980675,-1
37828.843430666,5,2848,100,3980984,-1
37829.746239827,3,2849,100,3973442,1
37830.692284027,3,2846,100,3975970,-1
37831.634565187,1,2850,100,3959118,-1
37832.524187927,3,2850,100,3959118,-1
37832.896620507,1,2851,100,3966743,-1
37833.888156782,4,2851,100,3966743,-1
37834.782101581,1,2852,100,3956566,1
37835.572789607,3,2852,100,3956566,1
37836.451423344,1,2853,100,3961643,-1
37836.989440079,1,2854,100,3959898,1
37837.675338623,5,2854,100,3959898,1
37838.069873862,4,2853,100,3961643,-1
37838.970700247,1,2855,100,3968802,-1
37840.273743612,1,2856,100,3975709,-1
37842.602939364,1,2857,100,3975623,1
37843.207975488,1,2858,100,3976601,1
37843.823453745,3,2857,100,3975623,1
37844.292457361,1,2859,100,3972855,-1
37844.980007342,3,2856,100,3975709,-1
37845.680019662,1,2860,100,3975141,-1
37846.357236611,5,2859,100,3972855,-1
37847.209814015,5,2858,100,3976601,1
37849.104394798,3,2855,100,3968802,-1
37849.544553653,1,2861,100,3972689,1
37850.28773092,3,2860,100,3975141,-1
37851.101399929,3,2861,100,3972689,1
37852.134736767,1,2862,100,3974502,1
37852.680194693,1,2863,100,3977059,1
37853.39683528,1,2864,100,3978615,1
37854.372632253,4,2863,100,3977059,1
37855.277348945,1,2865,100,3982396,-1
37855.820204009,1,2866,100,3986589,-1
37856.652949104,1,2867,100,3988204,1
37857.685114,4,2866,100,3986589,-1
37858.066953065,1,2868,100,3994746,-1
37858.791587862,4,2865,100,3982396,-1
37859.300942166,1,2869,100,3988046,-1
37859.958105998,4,2869,100,3988046,-1
37860.850212151,5,2868,100,3994746,-1
37861.765470215,1,2870,100,3994623,-1
37864.486993401,1,2871,100,4005345,-1
37864.919576497,3,2867,100,3988204,1
37865.730464828,3,2864,100,3978615,1
37866.17031038,3,2862,100,3974502,1
37867.192814056,1,2872,100,4006884,1
37867.574019685,1,2873,100,4003586,-1
37868.292251102,3,2870,100,3994623,-1
37869.141578813,1,2874,100,3995516,-1
37869.85862567,1,2875,100,3997793,1
37870.611359005,4,2872,100,4006884,1
37871.912346197,3,2875,100,3997793,1
37872.55667453,1,2876,100,4001908,1
37873.226719022,1,2877,100,3997075,1
37873.999527389,3,2877,100,3997075,1
37874.908187769,1,2878,100,3987830,1
37875.969799028,4,2874,100,3995516,-1
37876.627781194,4,2876,100,4001908,1
37877.574867175,4,2873,100,4003586,-1
37878.206628351,3,2878,100,3987830,1
37878.80873526,5,2871,100,4005345,-1
37879.234977428,1,2879,100,4011229,1
37879.706832815,3,2879,100,4011229,1
37880.404934711,1,2880,100,4013267,1
37881.197504214,1,2881,100,4015007,1
37882.213211984,4,2880,100,4013267,1
37883.097086858,4,2881,100,4015007,1
37883.472010199,1,2882,100,4021430,-1
37884.163574598,5,2882,100,4021430,-1
37885.087089825,1,2883,100,4025622,1
37885.821217033,1,2884,100,4017941,1
37886.230138204,3,2883,100,4025622,1
37886.704258382,1,2885,100,4013001,-1
37887.515692343,5,2884,100,4017941,1
37888.00837802,1,2886,100,4020618,1
37888.573091736,1,2887,100,4019135,-1
37889.58211796,1,2888,100,4009268,1
37890.156211267,1,2889,100,4010479,-1
37891.025627633,1,2890,100,4008540,1
37891.465804977,4,2890,100,4008540,1
37892.05527743,1,2891,100,4011346,-1
37892.939455898,4,2886,100,4020618,1
37893.75957011,3,2889,100,4010479,-1
37894.156688269,1,2892,100,4002451,1
37895.080295257,5,2892,100,4002451,1
37895.655056344,1,2893,100,4006197,1
37896.267652348,3,2893,100,4006197,1
37897.216999647,3,2885,100,4013001,-1
37897.892525937,3,2891,100,4011346,-1
37898.734251859,3,2888,100,4009268,1
37899.308340138,1,2894,100,4004988,-1
37900.045444935,4,2894,100,4004988,-1
37901.095552209,1,2895,100,4010131,1
37901.675801195,3,2895,100,4010131,1
37902.093711347,3,2887,100,4019135,-1
37902.99612115,1,2896,100,4016437,-1
37903.601697981,3,2896,100,4016437,-1
37904.310439685,1,2897,100,4013303,-1
37904.828809577,3,2897,100,4013303,-1
37905.318505595,1,2898,100,3997221,-1
37905.801231982,1,2899,100,3988345,1
37906.76242222,4,2899,100,3988345,1
37907.577511181,3,2898,100,3997221,-1
37908.318328393,1,2900,100,3990705,1
37908.9872443,1,2901,100,3995465,1
37909.772800525,3,2900,100,3990705,1
37910.653857509,1,2902,100,3997789,-1
37911.149383742,4,2901,100,3995465,1
37911.754795131,1,2903,100,3990832,-1
37912.293246693,1,2904,100,3985351,-1
37913.098141962,3,2902,100,3997789,-1
37915.462489677,1,2905,100,3985631,-1
37916.481971085,1,2906,100,3979434,-1
37916.968899961,1,2907,100,3974530,1
37918.320169526,4,2904,100,3985351,-1
37919.045493043,4,2907,100,3974530,1
37919.473638435,3,2905,100,3985631,-1
37919.954716444,5,2903,100,3990832,-1
37920.772376987,3,2906,100,3979434,-1
37921.451826263,1,2908,100,3967969,1
37922.349248066,5,2908,100,3967969,1
37923.056803613,1,2909,100,3971471,-1
37923.846167252,3,2909,100,3971471,-1
37924.800543117,1,2910,100,3971633,-1
37925.783417756,1,2911,100,3974361,-1
37926.545226396,3,2911,100,3974361,-1
37927.249788915,1,2912,100,3969898,-1
37927.681199667,1,2913,100,3959962,-1
37928.081224321,3,2913,100,3959962,-1
37928.688398997,4,2910,100,3971633,-1
37929.320561966,3,2912,100,3969898,-1
37929.718870843,1,2914,100,3947147,1
37930.113231664,1,2915,100,3948890,-1
37930.679600228,1,2916,100,3954229,-1
37931.549505023,1,2917,100,3946072,1
37933.078241142,4,2915,100,3948890,-1
37933.624546461,3,2916,100,3954229,-1
37934.405300981,3,2914,100,3947147,1
37935.08530601,4,2917,100,3946072,1
37935.566679618,1,2918,100,3971574,-1
37936.376848927,3,2918,100,3971574,-1
37937.098546749,1,2919,100,3968091,1
37938.128844384,4,2919,100,3968091,1
37938.778435799,1,2920,100,3960739,1
37939.366684534,4,2920,100,3960739,1
37940.257501941,1,2921,100,3969094,-1
37941.186414655,1,2922,100,3975846,-1
37942.139689317,1,2923,100,3979588,1
37943.951476403,1,2924,100,3984648,-1
37944.632979018,1,2925,100,3986001,-1
37945.574917393,1,2926,100,3980233,-1
37946.007887857,5,2924,100,3984648,-1
37947.384142817,1,2927,100,3972548,-1
37948.150175896,3,2921,100,3969094,-1
37948.725285593,3,2926,100,3980233,-1
37949.727642505,1,2928,100,3973439,1
37950.568521541,1,2929,100,3973600,-1
37952.52980795,4,2923,100,3979588,1
37953.419012861,5,2925,100,3986001,-1
37954.485869705,1,2930,100,3965002,-1
37955.136034705,3,2922,100,3975846,-1
37956.089029163,1,2931,100,3966338,1
37957.042760394,1,2932,100,3968781,-1
37957.414986398,5,2932,100,3968781,-1
37958.477805682,3,2928,100,3973439,1
37959.081865672,3,2929,100,3973600,-1
37960.039228355,1,2933,100,3966477,-1
37960.952335703,3,2931,100,3966338,1
37961.741896778,1,2934,100,3965784,1
37962.746488352,5,2927,100,3972548,-1
37963.408000162,1,2935,100,3967625,1
37964.402190837,1,2936,100,3969513,-1
37965.407720088,1,2937,100,3963828,-1
37965.872681024,3,2933,100,3966477,-1
37966.632723131,3,2937,100,3963828,-1
37967.102986367,1,2938,100,3961352,-1
37968.102373555,1,2939,100,3966173,-1
37968.633376281,3,2936,100,3969513,-1
37969.573694226,1,2940,100,3953363,1
37970.62451898,5,2940,100,3953363,1
37971.645408768,1,2941,100,3959627,1
37972.634594446,1,2942,100,3963245,-1
37973.715221026,1,2943,100,3965606,-1
37974.39092731,5,2935,100,3967625,1
37974.972055238,3,2943,100,3965606,-1
37975.518490867,1,2944,100,3960627,1
37976.529993319,1,2945,100,3961726,-1
37977.004188902,1,2946,100,3961724,1
37978.024162292,1,2947,100,3957675,1
37978.573352909,5,2946,100,3961724,1
37979.624350921,4,2934,100,3965784,1
37980.04371784,1,2948,100,3959221,-1
37981.121394585,3,2945,100,3961726,-1
37981.787792554,1,2949,100,3959433,-1
37982.760364005,3,2944,100,3960627,1
37983.67822394,4,2941,100,3959627,1
37984.611748053,1,2950,100,3950749,-1
37985.463611247,4,2947,100,3957675,1
37986.536803198,1,2951,100,3949208,1
37987.582485974,1,2952,100,3950687,1
37988.98242941,3,2948,100,3959221,-1
37989.484230366,1,2953,100,3951414,-1
37991.167014491,3,2938,100,3961352,-1
37992.234952778,1,2954,100,3955663,1
37992.902960327,3,2954,100,3955663,1
37993.52832468,4,2953,100,3951414,-1
37994.067337155,3,2951,100,3949208,1
37994.809822819,3,2930,100,3965002,-1
37995.619035841,1,2955,100,3943925,-1
37996.565226625,3,2952,100,3950687,1
37998.26978892,1,2956,100,3954493,1
37999.135005059,1,2957,100,3951349,1
37999.819625742,4,2956,100,3954493,1
38000.739428818,1,2958,100,3948625,1
38001.800568323,5,2955,100,3943925,-1
38002.653207983,1,2959,100,3958832,1
38003.420091867,3,2958,100,3948625,1
38003.833979113,5,2950,100,3950749,-1
38004.702601268,1,2960,100,3955388,-1
38005.084320906,3,2939,100,3966173,-1
38005.694720955,1,2961,100,3943543,1
38007.563337368,1,2962,100,3950152,-1
38008.219646787,5,2962,100,3950152,-1
38009.206924005,5,2960,100,3955388,-1
38010.262613165,1,2963,100,3944441,1
38011.282552247,3,2963,100,3944441,1
38012.258526611,1,2964,100,3943609,1
38013.007804765,1,2965,100,3933472,1
38013.667340121,3,2949,100,3959433,-1
38014.25394782,4,2961,100,3943543,1
38015.130243924,1,2966,100,3930015,1
38016.015058811,4,2957,100,3951349,1
38017.517997348,1,2967,100,3930698,-1
38018.233049405,3,2942,100,3963245,-1
38019.056235095,3,2959,100,3958832,1
38019.594041025,1,2968,100,3922489,1
38020.395424804,1,2969,100,3927130,-1
38020.995060363,3,2966,100,3930015,1
38022.471491436,3,2968,100,3922489,1
38023.682863021,1,2970,100,3936394,1
38024.298820348,1,2971,100,3929821,1
38025.329843042,1,2972,100,3933193,-1
38026.313084129,1,2973,100,3925672,1
38027.773788548,1,2974,100,3935986,-1
38028.702062004,4,2969,100,3927130,-1
38029.732192097,1,2975,100,3921556,-1
38030.440243257,1,2976,100,3919233,-1
38031.112180064,4,2973,100,3925672,1
38031.89320443,3,2964,100,3943609,1
38032.597045176,4,2971,100,3929821,1
38033.577517338,1,2977,100,3902529,-1
38034.644503776,1,2978,100,3899672,-1
38035.355910992,3,2978,100,3899672,-1
38036.261036087,4,2970,100,3936394,1
38036.78895825,1,2979,100,3893156,-1
38037.286301852,1,2980,100,3890221,1
38038.159722837,1,2981,100,3887276,-1
38038.687438997,5,2974,100,3935986,-1
38039.237946231,3,2965,100,3933472,1
38040.128764585,1,2982,100,3888546,-1
38040.980185261,5,2980,100,3890221,1
38042.021864146,4,2981,100,3887276,-1
38043.02204141,1,2983,100,3899273,-1
38043.523686535,5,2975,100,3921556,-1
38044.170696071,3,2982,100,3888546,-1
38044.687822578,1,2984,100,3911441,1
38045.499442371,4,2979,100,3893156,-1
38046.510464826,1,2985,100,3917244,1
38048.06697207,3,2967,100,3930698,-1
38048.550540802,3,2983,100,3899273,-1
38049.100672801,3,2985,100,3917244,1
38049.539035414,1,2986,100,3916772,-1
38050.489687482,3,2977,100,3902529,-1
38051.120363295,1,2987,100,3908664,1
38051.772927289,5,2984,100,3911441,1
38052.518181832,3,2976,100,3919233,-1
38053.365840511,1,2988,100,3908381,1
38054.029556382,3,2988,100,3908381,1
38054.505417615,1,2989,100,3914046,-1
38055.048905996,4,2989,100,3914046,-1
38055.649035131,3,2987,100,3908664,1
38056.373614232,1,2990,100,3908367,-1
38056.770200586,4,2990,100,3908367,-1
38057.522653531,1,2991,100,3906501,1
38058.302206163,5,2991,100,3906501,1
38058.991078496,3,2972,100,3933193,-1
38059.506123226,1,2992,100,3911470,-1
38060.282013083,4,2986,100,3916772,-1
38061.236771138,5,2992,100,3911470,-1
38062.062372602,1,2993,100,3904771,1
38062.819213901,4,2993,100,3904771,1
38063.849265202,1,2994,100,3907470,1
38064.700770284,1,2995,100,3911631,1
38065.54697963,3,2995,100,3911631,1
38066.580660001,3,2994,100,3907470,1
38067.487321653,1,2996,100,3913587,-1
38068.53308134,4,2996,100,3913587,-1
38069.552267373,1,2997,100,3917423,-1
38070.61539449,5,2997,100,3917423,-1
38071.582703593,1,2998,100,3924530,1
38071.950099496,4,2998,100,3924530,1
38072.396521723,1,2999,100,3919778,-1
38073.317302647,3,2999,100,3919778,-1
38073.698795636,1,3000,100,3915540,1
38075.032897026,3,3000,100,3915540,1
38075.461963525,1,3001,100,3913373,-1
38075.951806226,1,3002,100,3914552,-1
38076.776720692,4,3002,100,3914552,-1
38077.770312007,1,3003,100,3912998,1
38078.82282526,4,3003,100,3912998,1
38079.816039596,1,3004,100,3914187,-1
38080.720958086,3,3004,100,3914187,-1
38081.183599418,3,3001,100,3913373,-1
38081.582218428,1,3005,100,3932372,-1
38083.502408163,1,3006,100,3933422,1
38085.383515835,5,3006,100,3933422,1
38085.944698537,1,3007,100,3931391,-1
38086.997943269,1,3008,100,3931751,-1
38087.810283659,1,3009,100,3929709,1
38088.44394035,1,3010,100,3937162,-1
38088.918657623,4,3008,100,3931751,-1
38089.639150999,3,3005,100,3932372,-1
38090.374418823,1,3011,100,3935779,1
38091.445498962,3,3007,100,3931391,-1
38092.352405341,1,3012,100,3929379,1
38093.339935278,1,3013,100,3931464,1
38094.078253649,1,3014,100,3934154,1
38095.418331221,1,3015,100,3923993,1
38096.329455447,4,3014,100,3934154,1
38097.020410475,4,3013,100,3931464,1
38097.471544839,3,3015,100,3923993,1
38098.534476044,1,3016,100,3916225,1
38099.019963303,4,3012,100,3929379,1
38099.793239704,4,3009,100,3929709,1
38100.560197442,1,3017,100,3919680,-1
38101.479195662,4,3011,100,3935779,1
38102.062866312,3,3017,100,3919680,-1
38102.66453608,1,3018,100,3918384,1
38103.607424949,1,3019,100,3920144,1
38104.452003752,3,3010,100,3937162,-1
38105.105404477,1,3020,100,3923723,-1
38105.523928257,3,3018,100,3918384,1
38106.409240786,1,3021,100,3921949,-1
38107.109647481,1,3022,100,3925392,1
38107.660837279,4,3020,100,3923723,-1
38108.258211579,1,3023,100,3924373,1
38109.324220604,5,3022,100,3925392,1
38110.087366176,3,3019,100,3920144,1
38110.948116644,3,3023,100,3924373,1
38111.364688907,4,3021,100,3921949,-1
38111.963603456,4,3016,100,3916225,1
38112.843067304,1,3024,100,3924827,1
38113.59128344,3,3024,100,3924827,1
38114.582425628,1,3025,100,3931956,1
38115.912807159,1,3026,100,3928573,-1
38116.738038857,1,3027,100,3933107,-1
38117.204298959,1,3028,100,3922984,1
38117.877225716,1,3029,100,3918199,1
38118.700470814,4,3028,100,3922984,1
38119.277718361,5,3026,100,3928573,-1
38119.675721136,3,3029,100,3918199,1
38120.294119096,1,3030,100,3935728,-1
38121.088378146,5,3027,100,3933107,-1
38121.959358291,3,3025,100,3931956,1
38122.355077629,1,3031,100,3930086,1
38122.810665571,1,3032,100,3937757,-1
38123.603021768,1,3033,100,3933418,-1
38124.468962882,4,3031,100,3930086,1
38125.275424378,5,3032,100,3937757,-1
38125.810019225,4,3030,100,3935728,-1
38126.657486807,1,3034,100,3931896,1
38128.013394839,1,3035,100,3937567,-1
38128.447592708,4,3034,100,3931896,1
38128.830299448,3,3035,100,3937567,-1
38129.64523155,5,3033,100,3933418,-1
38130.289413523,1,3036,100,3920244,-1
38130.833726301,1,3037,100,3915281,1
38131.317047488,1,3038,100,3924248,1
38132.362330097,3,3036,100,3920244,-1
38133.0456299,1,3039,100,3924433,-1
38133.919437669,1,3040,100,3924616,1
38134.687333871,1,3041,100,3920823,1
38135.433417296,3,3040,100,3924616,1
38136.437363466,3,3038,100,3924248,1
38137.669858681,1,3042,100,3930149,1
38138.419470461,1,3043,100,3934952,-1
38139.01433568,3,3037,100,3915281,1
38140.081974049,1,3044,100,3938021,-1
38140.713013097,1,3045,100,3933161,1
38141.611514565,3,3044,100,3938021,-1
38142.610462666,3,3042,100,3930149,1
38143.188788684,1,3046,100,3944514,-1
38143.906283242,3,3046,100,3944514,-1
38144.535726466,1,3047,100,3946656,-1
38145.40044398,1,3048,100,3959832,-1
38146.38658696,4,3048,100,3959832,-1
38146.81348123,1,3049,100,3960199,1
38147.661343729,4,3043,100,3934952,-1
38148.169799716,1,3050,100,3953733,1
38148.65518797,3,3039,100,3924433,-1
38149.576287772,4,3047,100,3946656,-1
38150.149132848,1,3051,100,3963229,-1
38150.629996459,3,3050,100,3953733,1
38151.609863463,3,3041,100,3920823,1
38152.020505009,5,3045,100,3933161,1
38153.190399405,1,3052,100,3956353,-1
38153.846697534,1,3053,100,3950767,-1
38154.50441992,1,3054,100,3945838,-1
38155.469229772,5,3054,100,3945838,-1
38156.131815427,4,3049,100,3960199,1
38156.517265657,3,3052,100,3956353,-1
38157.310791327,3,3051,100,3963229,-1
38158.814697156,4,3053,100,3950767,-1
38159.266430927,1,3055,100,3942169,1
38159.966420484,1,3056,100,3945138,-1
38161.306917488,5,3055,100,3942169,1
38162.227286552,1,3057,100,3942560,1
38162.87904312,3,3056,100,3945138,-1
38163.44635803,1,3058,100,3937745,1
38164.331424218,4,3057,100,3942560,1
38165.160900026,4,3058,100,3937745,1
38166.054484393,1,3059,100,3943687,-1
38166.737011244,3,3059,100,3943687,-1
38167.348687769,1,3060,100,3942456,-1
38168.022046834,3,3060,100,3942456,-1
38168.5582674,1,3061,100,3937765,-1
38169.025669489,3,3061,100,3937765,-1
38169.600340667,1,3062,100,3932040,1
38170.139481989,1,3063,100,3932692,1
38170.698146738,4,3062,100,3932040,1
38171.771428905,1,3064,100,3930573,1
38172.563037931,1,3065,100,3925261,1
38173.746515209,1,3066,100,3933381,1
38174.498317716,1,3067,100,3938521,-1
38176.199593851,1,3068,100,3939116,-1
38177.16664517,5,3068,100,3939116,-1
38177.698917499,5,3065,100,3925261,1
38178.207191025,1,3069,100,3938499,-1
38180.143819242,1,3070,100,3938576,1
38180.728190634,4,3067,100,3938521,-1
38182.898067172,3,3066,100,3933381,1
38183.88440977,4,3063,100,3932692,1
38184.567292592,1,3071,100,3937775,1
38185.083515505,1,3072,100,3940177,-1
38185.795046947,3,3072,100,3940177,-1
38186.820140447,1,3073,100,3930949,1
38187.783725033,3,3070,100,3938576,1
38188.815466327,1,3074,100,3941086,1
38189.497945674,1,3075,100,3933012,-1
38190.375482837,3,3069,100,3938499,-1
38191.288998405,3,3075,100,3933012,-1
38192.247112781,1,3076,100,3919333,1
38193.160605263,3,3073,100,3930949,1
38193.875392947,3,3076,100,3919333,1
38194.477896673,1,3077,100,3924731,1
38195.322919715,3,3071,100,3937775,1
38195.817096808,1,3078,100,3912163,1
38196.419252294,5,3078,100,3912163,1
38197.158992716,1,3079,100,3912508,-1
38198.727445037,5,3064,100,3930573,1
38199.12653487,1,3080,100,3911659,-1
38199.567659658,1,3081,100,3914179,1
38200.226311012,1,3082,100,3925341,-1
38200.777930496,3,3081,100,3914179,1
38201.238053199,1,3083,100,3932889,1
38201.700841893,3,3080,100,3911659,-1
38202.557105098,4,3082,100,3925341,-1
38203.302221422,1,3084,100,3942137,-1
38204.184421553,1,3085,100,3932096,1
38204.896105216,4,3074,100,3941086,1
38205.590101353,3,3083,100,3932889,1
38205.960618389,1,3086,100,3940552,1
38206.631359119,3,3077,100,3924731,1
38207.436255862,1,3087,100,3933728,-1
38208.019528524,4,3079,100,3912508,-1
38209.56407065,1,3088,100,3946936,-1
38210.243998925,4,3087,100,3933728,-1
38211.237717081,1,3089,100,3945248,1
38212.169944049,3,3084,100,3942137,-1
38212.595648249,4,3086,100,3940552,1
38213.63451492,1,3090,100,3943626,1
38214.57247773,3,3085,100,3932096,1
38215.537148967,1,3091,100,3942334,-1
38216.603270778,3,3091,100,3942334,-1
38218.318121055,3,3090,100,3943626,1
38219.343305378,4,3088,100,3946936,-1
38220.245520606,3,3089,100,3945248,1
38221.25457839,1,3092,100,3955999,1
38222.518080655,1,3093,100,3956909,-1
38223.083865853,1,3094,100,3954632,1
38223.931545504,1,3095,100,3961020,1
38224.381435578,1,3096,100,3965988,-1
38225.234913844,1,3097,100,3959579,-1
38225.678932421,5,3095,100,3961020,1
38226.656906628,1,3098,100,3959714,-1
38227.515134209,3,3098,100,3959714,-1
38228.569643491,4,3092,100,3955999,1
38229.644095788,1,3099,100,3951725,-1
38230.133865004,4,3094,100,3954632,1
38230.773506333,3,3097,100,3959579,-1
38231.875947576,1,3100,100,3952224,-1
38232.279830191,3,3099,100,3951725,-1
38233.091443807,3,3100,100,3952224,-1
38233.527457141,1,3101,100,3947786,-1
38234.178440056,1,3102,100,3942272,1
38235.020068605,4,3101,100,3947786,-1
38235.765334188,1,3103,100,3957691,-1
38236.222461257,4,3093,100,3956909,-1
38236.604051468,4,3096,100,3965988,-1
38237.126904494,1,3104,100,3944200,-1
38238.076582023,4,3102,100,3942272,1
38238.918815805,1,3105,100,3940482,1
38239.455438655,3,3105,100,3940482,1
38240.549186857,3,3104,100,3944200,-1
38240.961835083,5,3103,100,3957691,-1
38241.800038758,1,3106,100,3924475,1
38242.441679162,1,3107,100,3928185,1
38243.100896814,3,3106,100,3924475,1
38243.928642493,4,3107,100,3928185,1
38244.476210431,1,3108,100,3927485,1
38245.250034787,1,3109,100,3926865,1
38245.863007984,1,3110,100,3936373,1
38246.742880565,3,3108,100,3927485,1
38247.11858764,1,3111,100,3937604,-1
38248.108639033,3,3110,100,3936373,1
38249.180134228,4,3111,100,3937604,-1
38249.750915396,1,3112,100,3929407,1
38250.243885962,5,3112,100,3929407,1
38251.22527043,4,3109,100,3926865,1
38252.314190985,1,3113,100,3931633,-1
38252.834659043,1,3114,100,3940718,-1
38253.365147617,1,3115,100,3937305,1
38253.895434603,3,3114,100,3940718,-1
38254.871720199,1,3116,100,3929091,1
38255.406903908,1,3117,100,3925634,1
38256.480131453,5,3117,100,3925634,1
38257.50015609,1,3118,100,3915573,1
38258.402042772,1,3119,100,3920843,-1
38258.830080587,3,3116,100,3929091,1
38259.868153325,1,3120,100,3918940,-1
38260.828454215,3,3113,100,3931633,-1
38261.744961033,3,3115,100,3937305,1
38262.524839261,3,3119,100,3920843,-1
38263.58859326,4,3120,100,3918940,-1
38264.42223216,1,3121,100,3938713,-1
38265.368548962,1,3122,100,3933201,-1
38266.064741647,1,3123,100,3935466,1
38266.961241098,4,3121,100,3938713,-1
38267.368468099,1,3124,100,3932330,-1
38268.427742882,1,3125,100,3931047,-1
38269.480667784,1,3126,100,3932641,-1
38270.43664488,1,3127,100,3924395,1
38271.06348585,1,3128,100,3922535,-1
38272.132798624,1,3129,100,3920214,1
38272.717136193,5,3123,100,3935466,1
38273.285675111,5,3124,100,3932330,-1
38274.283371838,1,3130,100,3931926,-1
38275.268737358,1,3131,100,3924436,-1
38276.374380953,3,3122,100,3933201,-1
38277.237954562,5,3129,100,3920214,1
38278.071267989,3,3131,100,3924436,-1
38278.890063121,1,3132,100,3924986,-1
38279.946457426,3,3128,100,3922535,-1
38280.715152649,1,3133,100,3927240,-1
38281.28857526,1,3134,100,3927213,-1
38281.919473221,3,3130,100,3931926,-1
38282.837267703,3,3132,100,3924986,-1
38283.253133327,1,3135,100,3934226,1
38284.267277931,4,3135,100,3934226,1
38285.38392252,3,3134,100,3927213,-1
38286.223052616,4,3125,100,3931047,-1
38286.86242089,1,3136,100,3940359,-1
38287.315110888,1,3137,100,3937379,1
38288.219934118,3,3126,100,3932641,-1
38289.114083652,1,3138,100,3941224,-1
38289.79637333,1,3139,100,3936323,1
38290.485943789,1,3140,100,3942749,-1
38291.904906578,1,3141,100,3939300,1
38292.315706414,3,3140,100,3942749,-1
38293.221329606,5,3133,100,3927240,-1
38293.873367488,1,3142,100,3935439,1
38294.598289877,1,3143,100,3941321,-1
38295.51452576,1,3144,100,3936944,1
38296.303071583,1,3145,100,3939557,-1
38297.127967584,3,3141,100,3939300,1
38297.587004017,1,3146,100,3940186,1
38297.976810397,3,3142,100,3935439,1
38298.839266572,4,3145,100,3939557,-1
38299.442316012,3,3143,100,3941321,-1
38300.152521393,4,3136,100,3940359,-1
38300.642514427,4,3138,100,3941224,-1
38301.196560422,1,3147,100,3942118,-1
38301.673164422,1,3148,100,3935770,-1
38302.207878088,3,3147,100,3942118,-1
38303.309894916,4,3144,100,3936944,1
38303.880606277,4,3146,100,3940186,1
38304.311535318,1,3149,100,3927744,1
38304.993377668,1,3150,100,3927095,1
38305.562027401,5,3150,100,3927095,1
38306.378994,3,3148,100,3935770,-1
38307.28627097,1,3151,100,3926248,-1
38307.733698696,1,3152,100,3917345,-1
38308.124358385,4,3127,100,3924395,1
38308.778766608,3,3151,100,3926248,-1
38309.19497411,4,3149,100,3927744,1
38310.303317728,3,3137,100,3937379,1
38311.038234193,1,3153,100,3921549,-1
38311.588353022,4,3139,100,3936323,1
38312.404284646,1,3154,100,3929732,1
38312.945539988,3,3152,100,3917345,-1
38313.408147967,3,3118,100,3915573,1
38313.868372607,3,3153,100,3921549,-1
38314.687965678,1,3155,100,3950558,1
38315.481711519,4,3155,100,3950558,1
38316.723860009,3,3154,100,3929732,1
38317.754365954,1,3156,100,3956400,-1
38318.365387297,5,3156,100,3956400,-1
38318.872326782,1,3157,100,3955200,1
38319.433017934,1,3158,100,3957301,1
38320.031686221,1,3159,100,3960723,1
38320.963344081,1,3160,100,3957795,1
38321.515098373,4,3159,100,3960723,1
38322.362645769,1,3161,100,3971696,-1
38323.346491243,1,3162,100,3964820,-1
38324.443436485,4,3157,100,3955200,1
38324.936926378,1,3163,100,3962725,1
38325.970759929,1,3164,100,3964136,1
38327.075934135,1,3165,100,3962687,1
38327.737648147,1,3166,100,3962967,1
38328.270060673,1,3167,100,3952147,1
38329.893672589,1,3168,100,3955914,-1
38330.965299546,4,3166,100,3962967,1
38331.67041646,3,3165,100,3962687,1
38332.595249434,1,3169,100,3958678,-1
38333.24276936,3,3169,100,3958678,-1
38334.174960329,5,3163,100,3962725,1
38335.23672898,3,3164,100,3964136,1
38335.983555462,3,3167,100,3952147,1
38336.840016472,3,3162,100,3964820,-1
38337.384626916,3,3161,100,3971696,-1
38337.772360525,4,3160,100,3957795,1
38339.408744791,5,3168,100,3955914,-1
38340.251689986,1,3170,100,3955955,-1
38340.786134392,3,3170,100,3955955,-1
38341.360249314,1,3171,100,3946587,1
38341.932909943,1,3172,100,3947658,1
38342.866464412,1,3173,100,3951172,1
38343.869836349,5,3158,100,3957301,1
38344.286825971,4,3173,100,3951172,1
38345.291432297,1,3174,100,3944003,1
38345.913452409,3,3171,100,3946587,1
38346.701033001,1,3175,100,3945825,-1
38347.422383262,4,3172,100,3947658,1
38347.904089218,1,3176,100,3939032,1
38348.628828266,1,3177,100,3929305,1
38349.249331548,3,3175,100,3945825,-1
38350.416783234,4,3177,100,3929305,1
38351.112759952,3,3174,100,3944003,1
38351.964967943,3,3176,100,3939032,1
38352.917001322,1,3178,100,3940182,1
38353.815457371,3,3178,100,3940182,1
38354.477422966,1,3179,100,3940648,-1
38355.121957555,1,3180,100,3938496,1
38355.696081973,3,3180,100,3938496,1
38356.418728776,3,3179,100,3940648,-1
38357.073446912,1,3181,100,3937152,1
38357.661578289,1,3182,100,3936309,1
38358.302101365,3,3181,100,3937152,1
38358.804230646,1,3183,100,3937214,1
38359.426543265,1,3184,100,3940325,1
38359.921564934,1,3185,100,3943492,-1
38360.632837359,1,3186,100,3947395,-1
38361.287709548,1,3187,100,3948033,-1
38362.170878384,4,3185,100,3943492,-1
38362.578775175,1,3188,100,3943746,-1
38363.355745948,3,3182,100,3936309,1
38364.324271401,3,3186,100,3947395,-1
38365.381339358,1,3189,100,3945015,-1
38365.891056569,5,3183,100,3937214,1
38366.43975921,4,3184,100,3940325,1
38366.990275584,1,3190,100,3939738,-1
38367.780800534,1,3191,100,3936746,1
38368.61903332,1,3192,100,3925652,1
38369.404913239,4,3191,100,3936746,1
38370.264473905,4,3192,100,3925652,1
38370.803198575,1,3193,100,3929951,1
38371.785991723,5,3188,100,3943746,-1
38372.888109788,3,3190,100,3939738,-1
38373.431591091,5,3193,100,3929951,1
38374.123716168,3,3189,100,3945015,-1
38374.699189629,1,3194,100,3934593,-1
38375.619142489,1,3195,100,3927739,-1
38376.661213314,4,3195,100,3927739,-1
38377.055985535,5,3194,100,3934593,-1
38378.096233764,1,3196,100,3929097,-1
38378.986034423,5,3196,100,3929097,-1
38380.810421419,3,3187,100,3948033,-1
38381.28991361,1,3197,100,3926576,1
38382.409266341,5,3197,100,3926576,1
38382.998731519,1,3198,100,3934733,-1
38383.826282341,4,3198,100,3934733,-1
38384.387552495,1,3199,100,3935023,1
38385.898685588,3,3199,100,3935023,1
38386.898530972,1,3200,100,3938787,1
38387.354977878,1,3201,100,3939026,1
38388.160712034,1,3202,100,3942567,-1
38388.548854452,1,3203,100,3941580,-1
38389.562743242,3,3201,100,3939026,1
38390.475531198,1,3204,100,3937831,-1
38391.372275157,4,3204,100,3937831,-1
38392.196485956,3,3203,100,3941580,-1
38392.63842928,1,3205,100,3929696,-1
38393.544378683,1,3206,100,3925568,1
38394.588090013,1,3207,200,3929579,-1
38395.021674911,1,3208,100,3928474,-1
38395.563936156,1,3209,100,3927685,1
38396.455660897,5,3202,100,3942567,-1
38397.255459513,1,3210,100,3924589,-1
38397.650957697,1,3211,100,3915782,1
38398.210781618,3,3210,100,3924589,-1
38398.954262396,3,3208,100,3928474,-1
38399.446267894,3,3209,100,3927685,1
38399.994261894,1,3212,100,3899911,1
38400.923304651,1,3213,100,3894325,1
38402.73283547,3,3205,100,3929696,-1
38403.536724017,1,3214,100,3887913,1
38404.203444848,1,3215,100,3889250,1
38404.955852952,4,3200,100,3938787,1
38405.563764205,1,3216,100,3890148,1
38405.998520197,1,3217,100,3893178,-1
38406.71386861,1,3218,100,3892734,1
38407.117952378,1,3219,100,3898389,-1
38407.927633192,3,3211,100,3915782,1
38408.464089784,1,3220,100,3898549,-1
38409.165133618,4,3218,100,3892734,1
38409.913658452,3,3212,100,3899911,1
38411.039548032,3,3220,100,3898549,-1
38411.899549335,1,3221,100,3901351,1
38412.806098908,2,3207,100,3929579,-1
38413.630874464,1,3222,100,3915633,-1
38414.193164251,3,3206,100,3925568,1
38415.175239189,3,3214,100,3887913,1
38415.567198585,3,3215,100,3889250,1
38416.050245028,1,3223,100,3919028,-1
38416.491428452,3,3217,100,3893178,-1
38416.898046833,4,3222,100,3915633,-1
38417.355362509,1,3224,100,3922869,1
38418.118466325,1,3225,100,3927323,-1
38419.246588301,5,3224,100,3922869,1
38419.638276271,3,3216,100,3890148,1
38420.361847587,5,3223,100,3919028,-1
38421.067729588,5,3225,100,3927323,-1
38421.778970804,3,3213,100,3894325,1
38422.889710069,4,3219,100,3898389,-1
38423.618988498,1,3226,100,3938304,-1
38424.452981766,5,3226,100,3938304,-1
38425.2090341,1,3227,100,3937571,1
38426.226289363,3,3221,100,3901351,1
38427.65062558,4,3207,100,3929579,-1
38428.653490725,3,3227,100,3937571,1
38429.152665844,1,3228,100,3935566,-1
38430.902439086,3,3228,100,3935566,-1
38431.54093833,1,3229,100,3934193,-1
38432.285025455,1,3230,100,3936035,1
38433.043391067,1,3231,100,3936364,-1
38433.847585778,3,3229,100,3934193,-1
38434.503011319,3,3230,100,3936035,1
38436.44293196,5,3231,100,3936364,-1
38437.190010084,1,3232,100,3925317,-1
38438.266268865,4,3232,100,3925317,-1
38438.727557709,1,3233,100,3921223,-1
38439.794953556,3,3233,100,3921223,-1
38440.19119909,1,3234,100,3912167,1
38441.277480363,4,3234,100,3912167,1
38441.961080529,1,3235,100,3911753,1
38442.706618416,1,3236,100,3912458,-1
38444.32083551,4,3235,100,3911753,1
38445.145076031,3,3236,100,3912458,-1
38445.650976041,1,3237,100,3904669,-1
38446.440812421,3,3237,100,3904669,-1
38446.979684595,1,3238,100,3906815,-1
38447.499462818,5,3238,100,3906815,-1
38448.288792043,1,3239,100,3900806,1
38449.364639049,4,3239,100,3900806,1
38449.931343755,1,3240,100,3909021,1
38450.540062393,1,3241,100,3906086,1
38451.462544924,1,3242,100,3904279,-1
38451.865111663,4,3240,100,3909021,1
38452.51689674,1,3243,100,3907293,-1
38453.299599542,1,3244,100,3909686,1
38454.057430002,4,3243,100,3907293,-1
38454.772881316,1,3245,100,3907981,1
38456.2046991,3,3244,100,3909686,1
38456.586029825,3,3242,100,3904279,-1
38457.38791736,4,3245,100,3907981,1
38458.450776917,1,3246,100,3890683,-1
38458.926473111,3,3246,100,3890683,-1
38459.750619243,1,3247,100,3896676,-1
38460.767593028,3,3241,100,3906086,1
38461.438732235,5,3247,100,3896676,-1
38462.520716534,1,3248,100,3898308,-1
38463.297486577,3,3248,100,3898308,-1
38463.806096301,1,3249,100,3898444,-1
38464.416124952,1,3250,100,3904893,1
38465.37164273,3,3250,100,3904893,1
38465.889483674,4,3249,100,3898444,-1
38466.718479182,1,3251,100,3906445,-1
38467.296400757,1,3252,100,3904243,-1
38468.373996058,1,3253,100,3904741,-1
38469.249419622,1,3254,100,3904971,1
38470.072489405,3,3252,100,3904243,-1
38471.150785057,1,3255,100,3915832,-1
38472.251571799,5,3253,100,3904741,-1
38472.994066941,4,3251,100,3906445,-1
38473.689466215,3,3255,100,3915832,-1
38474.235535727,1,3256,100,3925146,-1
38475.198429436,3,3256,100,3925146,-1
38476.253080756,1,3257,100,3914873,-1
38477.12690724,3,3257,100,3914873,-1
38478.815029622,5,3254,100,3904971,1
38479.891678916,1,3258,100,3921918,1
38480.589528185,4,3258,100,3921918,1
38481.671485361,1,3259,100,3922905,-1
38482.295030229,1,3260,100,3925808,1
38482.930118714,3,3259,100,3922905,-1
38483.662368507,1,3261,100,3929227,-1
38484.100059468,1,3262,100,3922228,1
38485.000019647,4,3260,100,3925808,1
38485.535188013,1,3263,100,3922667,1
38486.57479462,3,3263,100,3922667,1
38487.642816317,5,3262,100,3922228,1
38488.46611515,5,3261,100,3929227,-1
38488.939532065,1,3264,100,3914389,-1
38489.981403117,3,3264,100,3914389,-1
38490.509204595,1,3265,100,3917367,-1
38491.513121419,1,3266,100,3916663,-1
38492.20102982,3,3266,100,3916663,-1
38494.408303754,3,3265,100,3917367,-1
38495.402393594,1,3267,100,3890250,-1
38496.149970988,1,3268,100,3887714,1
38497.245558506,1,3269,100,3893098,-1
38497.689777481,5,3267,100,3890250,-1
38498.273032176,1,3270,100,3891016,-1
38499.167419373,3,3270,100,3891016,-1
38499.601646573,4,3268,100,3887714,1
38500.138226502,3,3269,100,3893098,-1
38501.225878462,1,3271,100,3879417,1
38501.72841098,1,3272,100,3879931,1
38502.742250633,5,3272,100,3879931,1
38503.839203884,1,3273,100,3875997,1
38504.30031776,1,3274,100,3872141,1
38505.116318296,1,3275,100,3879857,-1
38505.837772159,1,3276,100,3881922,1
38506.893375762,3,3276,100,3881922,1
38507.940847673,1,3277,100,3879592,1
38508.411406325,1,3278,100,3879746,1
38510.691195621,1,3279,100,3888187,1
38512.579035602,1,3280,100,3882955,1
38513.144689746,1,3281,100,3896337,-1
38513.797286059,1,3282,100,3893387,1
38514.901630857,3,3282,100,3893387,1
38515.295775048,1,3283,100,3896940,-1
38516.008155846,1,3284,100,3898007,-1
38516.996784049,1,3285,100,3896419,1
38518.47505587,1,3286,100,3909100,1
38519.481370687,5,3273,100,3875997,1
38520.90449314,5,3285,100,3896419,1
38521.395073223,3,3283,100,3896940,-1
38522.244142958,3,3280,100,3882955,1
38523.442400703,3,3275,100,3879857,-1
38524.293380342,3,3278,100,3879746,1
38524.861582468,1,3287,100,3923677,-1
38525.479974605,1,3288,100,3920583,-1
38526.05785455,1,3289,100,3920031,-1
38526.92464959,1,3290,100,3919897,-1
38527.482516853,3,3274,100,3872141,1
38528.083646657,3,3279,100,3888187,1
38529.959469201,4,3289,100,3920031,-1
38530.987836,4,3288,100,3920583,-1
38531.475198423,3,3271,100,3879417,1
38532.330407747,1,3291,100,3915284,1
38532.881447838,1,3292,100,3916049,-1
38533.654340531,1,3293,100,3912837,1
38534.226365047,1,3294,100,3917643,1
38535.130599175,1,3295,100,3927398,-1
38535.595449864,3,3284,100,3898007,-1
38536.976564899,3,3277,100,3879592,1
38538.127114143,5,3290,100,3919897,-1
38539.736532849,3,3286,100,3909100,1
38540.447328464,1,3296,100,3916454,1
38541.52353547,1,3297,100,3908560,1
38542.31113531,3,3294,100,3917643,1
38543.083118219,3,3293,100,3912837,1
38544.091903516,4,3296,100,3916454,1
38545.057849715,3,3297,100,3908560,1
38546.587374738,1,3298,100,3906946,1
38547.504697386,3,3295,100,3927398,-1
38548.490778891,3,3292,100,3916049,-1
38549.128828659,4,3281,100,3896337,-1
38550.01488874,3,3291,100,3915284,1
38550.586780508,1,3299,100,3901175,1
38551.11729981,5,3287,100,3923677,-1
38552.038247564,1,3300,100,3899831,1
38552.503373205,1,3301,100,3904391,-1
38553.338886709,1,3302,100,3908455,1
38553.879035353,5,3299,100,3901175,1
38554.599954232,4,3301,100,3904391,-1
38555.551969395,3,3300,100,3899831,1
38556.688634138,3,3302,100,3908455,1
38557.667310628,4,3298,100,3906946,1
38558.146176556,1,3303,100,3908101,1
38559.056913082,1,3304,100,3915773,-1
38559.895870692,3,3303,100,3908101,1
38560.419327541,1,3305,100,3916517,-1
38561.009636826,3,3304,100,3915773,-1
38561.55185895,1,3306,100,3914816,-1
38561.977763177,1,3307,100,3913621,1
38562.486043763,3,3306,100,3914816,-1
38563.388428628,1,3308,100,3921623,1
38564.076315975,1,3309,100,3930442,1
38565.162078111,1,3310,100,3934950,-1
38566.266085662,1,3311,100,3929710,1
38566.743146353,1,3312,100,3932124,-1
38567.572897417,1,3313,100,3929108,1
38568.264958229,1,3314,100,3927817,-1
38569.404007878,3,3312,100,3932124,-1
38570.53188326,3,3305,100,3916517,-1
38571.59594832,1,3315,100,3926445,1
38572.161315802,3,3309,100,3930442,1
38572.591768826,1,3316,100,3933887,1
38573.685176983,3,3316,100,3933887,1
38575.545281456,5,3315,100,3926445,1
38576.415898413,3,3308,100,3921623,1
38577.091534601,1,3317,100,3935991,1
38578.228227887,3,3313,100,3929108,1
38578.887415515,4,3310,100,3934950,-1
38579.773936096,1,3318,100,3931545,1
38580.168202764,5,3317,100,3935991,1
38581.102966448,1,3319,100,3936599,-1
38581.852813086,1,3320,100,3936875,-1
38582.811927172,3,3307,100,3913621,1
38583.351756487,1,3321,100,3939738,1
38584.294963637,1,3322,100,3941220,1
38585.373212921,1,3323,100,3947521,1
38586.016549086,1,3324,100,3944522,-1
38587.166267794,3,3323,100,3947521,1
38588.299844102,1,3325,100,3944860,1
38588.868135927,3,3324,100,3944522,-1
38589.411640234,1,3326,100,3948270,-1
38589.983976027,4,3326,100,3948270,-1
38590.81525109,5,3325,100,3944860,1
38591.883991895,1,3327,100,3945956,1
38592.662746785,3,3318,100,3931545,1
38593.433081566,1,3328,100,3941021,-1
38594.407646291,3,3322,100,3941220,1
38595.09506468,1,3329,100,3934050,1
38596.011454137,1,3330,100,3930460,1
38597.494381067,1,3331,100,3939671,-1
38598.326685741,1,3332,100,3931226,1
38599.410768219,3,3327,100,3945956,1
38600.477853758,4,3319,100,3936599,-1
38603.501463995,1,3333,100,3933096,-1
38604.681325494,1,3334,100,3933561,1
38605.163187659,3,3332,100,3931226,1
38606.241744937,3,3334,100,3933561,1
38606.651232769,3,3314,100,3927817,-1
38607.476529653,3,3320,100,3936875,-1
38608.545509499,3,3331,100,3939671,-1
38609.611580608,1,3335,100,3952676,-1
38610.674773657,1,3336,100,3947583,1
38611.582088728,3,3336,100,3947583,1
38612.126262892,1,3337,100,3941893,1
38612.770102779,1,3338,100,3935025,-1
38613.749575733,1,3339,100,3943464,-1
38614.857854351,5,3330,100,3930460,1
38615.293143979,1,3340,100,3935221,1
38616.623300444,1,3341,100,3926651,-1
38617.763238547,1,3342,100,3917746,-1
38618.646213194,1,3343,100,3914649,1
38619.397818128,3,3329,100,3934050,1
38619.796192124,1,3344,100,3907099,1
38620.779085527,3,3311,100,3929710,1
38621.913128954,5,3335,100,3952676,-1
38622.410355669,4,3321,100,3939738,1
38623.568850424,1,3345,100,3912893,-1
38624.14187812,5,3342,100,3917746,-1
38624.595484947,3,3345,100,3912893,-1
38625.565412705,3,3328,100,3941021,-1
38626.708105602,3,3344,100,3907099,1
38627.429938649,1,3346,100,3905307,-1
38628.264291421,5,3340,100,3935221,1
38629.142917355,1,3347,100,3911395,-1
38630.047497395,3,3333,100,3933096,-1
38630.506562121,1,3348,100,3912547,-1
38631.373097835,3,3348,100,3912547,-1
38633.094429171,1,3349,100,3912070,-1
38633.98362163,3,3343,100,3914649,1
38634.590266785,3,3349,100,3912070,-1
38635.701200423,1,3350,100,3921360,-1
38636.65718813,1,3351,100,3923016,1
38637.116765913,4,3350,100,3921360,-1
38638.008425283,1,3352,100,3917008,1
38638.407793775,3,3338,100,3935025,-1
38639.408180351,3,3351,100,3923016,1
38640.33394258,1,3353,100,3924339,1
38640.83035859,3,3341,100,3926651,-1
38641.556893774,5,3346,100,3905307,-1
38642.175876949,5,3347,100,3911395,-1
38643.069167873,4,3337,100,3941893,1
38643.702554405,4,3352,100,3917008,1
38644.402001114,3,3353,100,3924339,1
38645.192141247,1,3354,100,3946960,-1
38646.166922096,1,3355,100,3945947,-1
38647.254616338,1,3356,100,3945214,-1
38648.052098806,1,3357,100,3946202,1
38648.98639054,3,3339,100,3943464,-1
38649.820607472,3,3354,100,3946960,-1
38650.976562301,1,3358,100,3961647,-1
38651.373859955,3,3356,100,3945214,-1
38652.074266238,1,3359,100,3965774,-1
38652.857147755,1,3360,100,3967835,-1
38655.433316882,5,3359,100,3965774,-1
38655.977996674,1,3361,100,3955671,1
38656.495033906,5,3358,100,3961647,-1
38657.54043116,3,3355,100,3945947,-1
38657.946733299,3,3357,100,3946202,1
38659.546172373,1,3362,100,3970509,-1
38660.286398514,1,3363,100,3963645,1
38661.245329739,1,3364,100,3958541,1
38662.176238717,5,3361,100,3955671,1
38662.667666523,3,3362,100,3970509,-1
38663.54759141,1,3365,100,3957821,1
38664.257125351,3,3364,100,3958541,1
38664.773790709,1,3366,100,3967796,1
38665.25973781,1,3367,100,3969459,-1
38666.248269131,3,3360,100,3967835,-1
38667.119762128,5,3365,100,3957821,1
38668.043362225,1,3368,100,3969189,1
38668.982581971,4,3367,100,3969459,-1
38669.444486709,3,3366,100,3967796,1
38670.006805649,1,3369,100,3974069,-1
38671.012398587,1,3370,100,3974264,-1
38672.027982129,5,3368,100,3969189,1
38672.982491785,5,3369,100,3974069,-1
38673.945990005,3,3370,100,3974264,-1
38674.708076747,1,3371,100,3969822,-1
38675.80389162,1,3372,100,3971846,1
38676.444926821,1,3373,100,3973465,-1
38676.922899061,3,3363,100,3963645,1
38677.479852732,1,3374,100,3966933,-1
38678.258766118,1,3375,100,3966341,1
38678.930256309,4,3374,100,3966933,-1
38680.565566271,1,3376,100,3967633,1
38680.993308958,5,3375,100,3966341,1
38682.104372284,1,3377,100,3977329,-1
38682.848317603,1,3378,100,3975578,1
38683.609219594,3,3376,100,3967633,1
38684.322905745,1,3379,100,3974999,-1
38685.487517303,1,3380,100,3971671,-1
38686.503560623,4,3372,100,3971846,1
38687.617205334,4,3378,100,3975578,1
38688.644288681,1,3381,100,3961620,-1
38689.393978081,4,3381,100,3961620,-1
38690.417139486,1,3382,100,3956872,1
38691.203037965,3,3382,100,3956872,1
38691.801447844,3,3380,100,3971671,-1
38692.772781782,1,3383,100,3952552,1
38693.190372733,3,3379,100,3974999,-1
38694.14830032,4,3383,100,3952552,1
38694.689540456,3,3373,100,3973465,-1
38695.107061164,1,3384,100,3938626,1
38695.50517204,1,3385,100,3933385,1
38697.245867607,1,3386,100,3939238,1
38698.328660918,1,3387,100,3942473,1
38699.425925071,1,3388,100,3950981,-1
38699.825256272,4,3388,100,3950981,-1
38700.877513483,3,3384,100,3938626,1
38701.769025868,1,3389,100,3960017,-1
38702.847484661,3,3377,100,3977329,-1
38703.846186808,1,3390,100,3971910,-1
38704.417621961,4,3389,100,3960017,-1
38705.34669301,3,3387,100,3942473,1
38706.487242066,1,3391,100,3967483,1
38707.372525156,1,3392,100,3980786,-1
38707.968982308,1,3393,100,3979973,1
38709.079174325,1,3394,100,3984819,-1
38709.635487263,3,3386,100,3939238,1
38710.260146125,1,3395,100,3989334,1
38711.154180985,1,3396,100,3996033,1
38711.549679932,1,3397,100,3998119,1
38712.260349149,1,3398,100,3993910,1
38713.039453923,3,3385,100,3933385,1
38714.217453532,4,3371,100,3969822,-1
38714.868910171,4,3390,100,3971910,-1
38715.996132138,3,3396,100,3996033,1
38717.047757977,1,3399,100,3993669,-1
38717.704428684,1,3400,100,3989066,-1
38718.8744002,1,3401,100,3985262,1
38719.423712571,3,3395,100,3989334,1
38720.353411848,4,3398,100,3993910,1
38721.418442999,3,3393,100,3979973,1
38722.383262829,1,3402,100,3973983,1
38723.101689927,1,3403,100,3978108,-1
38724.458924538,1,3404,100,3977102,-1
38724.966499452,1,3405,100,3963454,1
38725.706626759,1,3406,100,3957950,1
38726.341967935,1,3407,100,3963004,1
38726.808465347,1,3408,100,3964792,1
38727.821180567,1,3409,100,3974256,-1
38729.270164798,1,3410,100,3969247,1
38730.271250459,1,3411,100,3969290,-1
38731.089391372,1,3412,100,3972461,-1
38731.758594127,3,3409,100,3974256,-1
38732.7236904,3,3399,100,3993669,-1
38733.164985251,1,3413,100,3965575,1
38733.664885788,3,3406,100,3957950,1
38734.817154253,1,3414,100,3968708,-1
38735.342638925,4,3391,100,3967483,1
38735.854825474,1,3415,100,3968217,1
38736.484954059,3,3394,100,3984819,-1
38737.143575323,4,3401,100,3985262,1
38737.842978755,3,3412,100,3972461,-1
38738.515037456,1,3416,100,3982344,-1
38739.254818365,1,3417,100,3982895,-1
38741.099054299,1,3418,100,3976904,-1
38742.00350914,3,3415,100,3968217,1
38742.83501328,1,3419,100,3983014,-1
38743.639052832,1,3420,100,3982629,1
38745.08974588,1,3421,100,3976590,-1
38745.637915957,1,3422,100,3973578,-1
38746.775647938,1,3423,100,3973893,1
38747.724142179,1,3424,100,3976507,1
38749.15610382,5,3392,100,3980786,-1
38750.212758757,4,3414,100,3968708,-1
38750.628750309,1,3425,100,3987551,-1
38751.164252076,1,3426,100,3983841,-1
38752.038777999,1,3427,100,3980745,-1
38752.858531922,4,3411,100,3969290,-1
38753.462120365,1,3428,100,3970375,-1
38754.566907106,1,3429,100,3965317,-1
38755.504375046,1,3430,100,3971238,-1
38756.531492487,5,3422,100,3973578,-1
38757.50666265,1,3431,100,3971512,1
38758.49344519,5,3408,100,3964792,1
38759.570732794,1,3432,100,3969644,1
38759.985444619,1,3433,100,3967254,1
38761.747201939,1,3434,100,3965720,1
38762.158657457,3,3419,100,3983014,-1
38762.571982156,3,3426,100,3983841,-1
38763.255157118,3,3433,100,3967254,1
38763.820923944,1,3435,100,3956916,1
38764.754034572,1,3436,100,3954344,1
38765.691837471,4,3405,100,3963454,1
38766.124083265,3,3404,100,3977102,-1
38766.523471001,1,3437,100,3953863,-1
38767.466071308,1,3438,100,3952613,-1
38768.1334523,4,3438,100,3952613,-1
38768.689540375,1,3439,100,3951988,-1
38769.824323899,5,3402,100,3973983,1
38770.455203797,4,3420,100,3982629,1
38771.005344712,1,3440,100,3947591,-1
38771.844046607,1,3441,100,3940330,1
38772.938319236,1,3442,100,3949717,-1
38773.549655607,3,3425,100,3987551,-1
38774.269605522,1,3443,100,3953715,-1
38775.362472428,4,3407,100,3963004,1
38776.479139813,3,3436,100,3954344,1
38776.952120486,1,3444,100,3958644,-1
38778.07368051,3,3410,100,3969247,1
38779.256639584,3,3434,100,3965720,1
38779.734481686,4,3431,100,3971512,1
38780.478262165,1,3445,100,3952135,1
38780.969884048,3,3429,100,3965317,-1
38781.6463315,4,3397,100,3998119,1
38782.265978314,1,3446,100,3962530,-1
38782.695353856,4,3445,100,3952135,1
38783.43480538,1,3447,100,3947098,1
38785.505685857,1,3448,100,3945189,1
38786.306313507,3,3439,100,3951988,-1
38787.291438881,1,3449,100,3934552,1
38788.418144969,5,3424,100,3976507,1
38788.891228815,5,3421,100,3976590,-1
38790.478210695,4,3449,100,3934552,1
38791.498259636,4,3423,100,3973893,1
38792.314751443,1,3450,100,3929297,-1
38793.318842095,1,3451,100,3914840,1
38794.289348404,3,3430,100,3971238,-1
38795.361037313,1,3452,100,3901767,1
38796.240428055,1,3453,100,3904125,-1
38796.679335005,3,3403,100,3978108,-1
38798.662608761,5,3453,100,3904125,-1
38799.848527689,1,3454,100,3899166,-1
38800.605555535,1,3455,100,3899155,-1
38801.545660109,5,3442,100,3949717,-1
38802.007370959,1,3456,100,3901245,1
38802.725743816,1,3457,100,3904483,-1
38805.255273318,1,3458,100,3919360,-1
38805.902192822,4,3447,100,3947098,1
38806.514261028,5,3446,100,3962530,-1
38807.002826623,3,3456,100,3901245,1
38808.180648008,4,3457,100,3904483,-1
38809.310445632,1,3459,100,3911699,1
38810.256356026,1,3460,100,3909796,1
38810.9014645,1,3461,100,3913690,-1
38812.025160616,1,3462,100,3911899,-1
38813.000358885,1,3463,100,3909487,-1
38814.142703061,1,3464,100,3907684,-1
38814.833144353,1,3465,100,3906707,-1
38816.537632803,3,3443,100,3953715,-1
38817.160282255,5,3463,100,3909487,-1
38817.675357876,1,3466,100,3919670,-1
38819.509095086,1,3467,100,3916000,-1
38820.431599514,1,3468,100,3919436,1
38821.343377482,3,3452,100,3901767,1
38822.276359509,3,3466,100,3919670,-1
38824.005487833,3,3444,100,3958644,-1
38824.79880427,1,3469,100,3920576,-1
38825.812903284,1,3470,100,3916585,-1
38826.740833794,4,3441,100,3940330,1
38827.508883863,1,3471,100,3915258,-1
38828.067489035,1,3472,100,3914136,-1
38829.079142272,1,3473,100,3912049,-1
38830.459093525,1,3474,100,3907137,1
38831.130074821,1,3475,100,3904107,1
38832.288555792,1,3476,100,3908316,-1
38833.298577619,1,3477,100,3908302,-1
38834.020998702,1,3478,100,3913140,-1
38834.543395907,3,3435,100,3956916,1
38836.00355867,1,3479,100,3922058,-1
38836.477315875,1,3480,100,3915708,1
38837.625409642,4,3413,100,3965575,1
38838.288797012,1,3481,100,3917259,1
38839.452761378,4,3473,100,3912049,-1
38840.218630986,4,3478,100,3913140,-1
38840.656256352,1,3482,100,3910712,-1
38841.274481492,1,3483,100,3906168,1
38843.159014542,3,3469,100,3920576,-1
38844.085347356,1,3484,100,3895934,1
38844.860229204,1,3485,100,3895342,1
38845.968476753,4,3459,100,3911699,1
38847.363523365,3,3467,100,3916000,-1
38848.4058765,1,3486,100,3900921,-1
38849.042945226,5,3464,100,3907684,-1
38850.02200064,3,3462,100,3911899,-1
38850.550743318,1,3487,100,3908068,-1
38850.957949261,4,3455,100,3899155,-1
38851.671167037,1,3488,100,3907438,-1
38852.317634388,3,3483,100,3906168,1
38852.838772632,3,3480,100,3915708,1
38853.62946055,5,3472,100,3914136,-1
38854.797307543,3,3477,100,3908302,-1
38855.385412305,3,3437,100,3953863,-1
38856.224662909,1,3489,100,3903282,1
38856.864535165,1,3490,100,3905259,-1
38857.577147771,1,3491,100,3903599,-1
38858.055978718,1,3492,100,3896142,1
38860.167006969,1,3493,100,3893324,-1
38860.872963386,1,3494,100,3900147,-1
38861.632031578,3,3400,100,3989066,-1
38862.609107178,3,3465,100,3906707,-1
38863.116096988,1,3495,100,3892175,1
38863.77365257,3,3491,100,3903599,-1
38864.2285562,3,3495,100,3892175,1
38865.364846719,5,3428,100,3970375,-1
38866.151083471,3,3471,100,3915258,-1
38866.57138323,3,3475,100,3904107,1
38867.093003329,4,3470,100,3916585,-1
38867.682835082,1,3496,100,3916231,1
38868.672690095,3,3418,100,3976904,-1
38869.141754537,3,3476,100,3908316,-1
38870.038721806,4,3494,100,3900147,-1
38871.158776001,5,3489,100,3903282,1
38873.262218544,5,3448,100,3945189,1
38873.896928468,4,3496,100,3916231,1
38875.300447517,1,3497,100,3914751,1
38876.194460658,3,3417,100,3982895,-1
38876.692329424,3,3451,100,3914840,1
38877.098217419,4,3490,100,3905259,-1
38879.249309008,3,3479,100,3922058,-1
38880.310306836,3,3416,100,3982344,-1
38880.80047998,1,3498,100,3914450,-1
38881.227631001,1,3499,100,3913181,-1
38882.249296442,4,3481,100,3917259,1
38883.323105553,1,3500,100,3911353,1
38884.045466822,1,3501,100,3920580,-1
38884.879770342,1,3502,100,3913086,1
38885.705126052,1,3503,100,3906670,1
38886.699285195,1,3504,100,3909382,-1
38887.785350675,1,3505,100,3908866,1
38888.771389891,1,3506,100,3903677,-1
38889.337998802,1,3507,100,3894885,1
38890.815689239,3,3486,100,3900921,-1
38891.459769995,1,3508,100,3896369,1
38891.921132405,5,3474,100,3907137,1
38892.347465259,1,3509,100,3899615,1
38892.804804092,4,3497,100,3914751,1
38893.636702807,3,3509,100,3899615,1
38894.346626208,1,3510,100,3917836,1
38897.004641098,3,3458,100,3919360,-1
38897.407940147,1,3511,100,3906420,-1
38897.891817957,1,3512,100,3901935,1
38899.234784047,1,3513,100,3906890,-1
38901.130657355,5,3493,100,3893324,-1
38901.637465894,1,3514,100,3899817,-1
38902.671964571,1,3515,100,3899048,-1
38903.874208878,3,3432,100,3969644,1
38904.421197881,1,3516,100,3897743,1
38905.071736546,3,3503,100,3906670,1
38905.673961662,5,3468,100,3919436,1
38906.130842704,3,3505,100,3908866,1
38906.99254953,4,3513,100,3906890,-1
38908.112829159,1,3517,100,3902854,1
38909.294164905,3,3454,100,3899166,-1
38910.181060287,1,3518,100,3904401,-1
38910.595484401,1,3519,100,3898958,1
38911.088949161,5,3440,100,3947591,-1
38912.741046878,3,3461,100,3913690,-1
38913.834777845,3,3516,100,3897743,1
38914.790894395,1,3520,100,3910085,-1
38915.865379104,5,3498,100,3914450,-1
38916.640007039,1,3521,100,3913382,1
38917.438143732,3,3492,100,3896142,1
38918.154777715,3,3485,100,3895342,1
38918.889335103,1,3522,100,3904745,1
38920.016092873,1,3523,100,3904522,-1
38920.493792461,1,3524,100,3904734,-1
38921.042074633,1,3525,100,3903237,1
38921.565021738,3,3488,100,3907438,-1
38922.07130569,1,3526,100,3895180,1
38923.326624535,3,3521,100,3913382,1
38924.128880845,1,3527,100,3880228,1
38924.672646978,5,3499,100,3913181,-1
38925.335533752,3,3501,100,3920580,-1
38926.402749144,4,3525,100,3903237,1
38927.156707172,1,3528,100,3891605,-1
38928.795206828,3,3484,100,3895934,1
38929.812395619,4,3517,100,3902854,1
38930.732329954,5,3508,100,3896369,1
38931.291967393,1,3529,100,3891010,-1
38932.475875327,4,3507,100,3894885,1
38933.176701416,3,3506,100,3903677,-1
38934.157227574,1,3530,100,3877402,-1
38934.857902078,4,3530,100,3877402,-1
38935.65919375,1,3531,100,3872507,1
38936.752746855,1,3532,100,3876427,-1
38937.90619504,1,3533,100,3867562,-1
38938.856964529,3,3500,100,3911353,1
38939.739856978,5,3520,100,3910085,-1
38940.501701059,1,3534,100,3868596,-1
38941.421173688,1,3535,100,3868328,-1
38942.068737193,5,3514,100,3899817,-1
38942.862981396,3,3523,100,3904522,-1
38943.346691008,1,3536,100,3861489,1
38945.571270982,5,3510,100,3917836,1
38946.395836823,3,3519,100,3898958,1
38947.385516544,5,3487,100,3908068,-1
38948.194027985,3,3522,100,3904745,1
38948.884095772,4,3502,100,3913086,1
38949.754548218,1,3537,100,3860978,-1
38950.245624153,1,3538,100,3858904,-1
38950.836581743,1,3539,100,3857960,1
38951.644220489,3,3537,100,3860978,-1
38952.785986163,3,3450,100,3929297,-1
38953.60306685,5,3531,100,3872507,1
38954.530899299,1,3540,100,3848292,1
38955.110949263,4,3512,100,3901935,1
38955.819774344,1,3541,100,3856419,-1
38956.546491943,1,3542,100,3850093,1
38957.55983286,3,3529,100,3891010,-1
38958.189810391,1,3543,100,3864339,1
38958.682690956,4,3543,100,3864339,1
38959.273990709,5,3511,100,3906420,-1
38959.836805656,1,3544,100,3858596,-1
38960.654024566,1,3545,100,3863735,-1
38961.509838773,3,3538,100,3858904,-1
38962.50688764,3,3460,100,3909796,1
38963.029037481,1,3546,100,3855849,1
38963.787070752,1,3547,100,3848237,1
38964.238502086,3,3535,100,3868328,-1
38964.955990464,1,3548,100,3857104,-1
38965.679904074,5,3527,100,3880228,1
38966.388329821,3,3427,100,3980745,-1
38967.307487872,4,3544,100,3858596,-1
38968.27911332,1,3549,100,3865981,1
38969.037004699,4,3545,100,3863735,-1
38970.634984414,1,3550,100,3861508,-1
38971.694666186,4,3541,100,3856419,-1
38972.478820314,1,3551,100,3864395,-1
38972.948561091,1,3552,100,3869544,1
38973.513951176,1,3553,100,3871907,-1
38974.034775092,5,3532,100,3876427,-1
38974.727393594,4,3549,100,3865981,1
38976.364459797,4,3548,100,3857104,-1
38977.562071729,3,3552,100,3869544,1
38978.05293212,1,3554,100,3858805,1
38979.073615582,1,3555,100,3865913,1
38979.764694824,1,3556,100,3873904,-1
38980.648620309,5,3556,100,3873904,-1
38981.367979008,1,3557,100,3864309,-1
38982.499467688,1,3558,100,3868953,-1
38983.031080005,3,3553,100,3871907,-1
38983.889740697,1,3559,100,3860378,1
38984.543293823,4,3555,100,3865913,1
38985.23660847,3,3546,100,3855849,1
38985.788261614,1,3560,100,3867511,1
38986.592351898,3,3557,100,3864309,-1
38987.521364724,4,3551,100,3864395,-1
38988.704958588,3,3550,100,3861508,-1
38989.215513269,3,3559,100,3860378,1
38990.395222466,1,3561,100,3872993,-1
38991.326872219,1,3562,100,3871017,-1
38991.960697202,4,3558,100,3868953,-1
38992.906308084,1,3563,100,3869727,-1
38993.859480185,3,3504,100,3909382,-1
38994.287677824,1,3564,100,3868243,1
38995.317296057,5,3536,100,3861489,1
38996.662385801,5,3563,100,3869727,-1
38997.783441762,1,3565,100,3865155,1
38998.31441161,1,3566,100,3865446,-1
38998.830598184,1,3567,100,3863754,1
38999.934387513,5,3528,100,3891605,-1
39000.418793039,3,3565,100,3865155,1
39001.077006626,1,3568,100,3854789,1
39001.598575675,4,3564,100,3868243,1
39002.720090586,4,3526,100,3895180,1
39004.464232151,1,3569,100,3864428,-1
39006.063084478,3,3560,100,3867511,1
39006.8951625,1,3570,100,3879899,1
39007.354748437,3,3562,100,3871017,-1
39007.884124308,3,3539,100,3857960,1
39008.788906227,1,3571,100,3882618,1
39011.702768327,1,3572,100,3883400,1
39012.906104378,3,3518,100,3904401,-1
39013.612731444,3,3569,100,3864428,-1
39014.022780316,4,3561,100,3872993,-1
39014.953470471,3,3542,100,3850093,1
39015.860976842,1,3573,100,3883652,-1
39016.924484104,1,3574,100,3884035,-1
39017.456066053,1,3575,100,3884190,-1
39018.022298877,3,3574,100,3884035,-1
39018.819890182,1,3576,100,3873810,1
39020.005887201,5,3482,100,3910712,-1
39020.4647718,1,3577,100,3879746,1
39021.354555084,4,3571,100,3882618,1
39021.925707556,1,3578,100,3883122,-1
39023.085454167,1,3579,100,3882763,1
39024.196460285,1,3580,100,3884043,-1
39025.854028058,4,3580,100,3884043,-1
39027.175902304,4,3578,100,3883122,-1
39028.984839027,1,3581,100,3888993,-1
39029.468763905,3,3533,100,3867562,-1
39030.438914667,5,3568,100,3854789,1
39031.099295801,3,3540,100,3848292,1
39032.309761297,5,3534,100,3868596,-1
39033.291373433,1,3582,100,3879294,-1
39034.37831012,3,3579,100,3882763,1
39035.564527735,3,3581,100,3888993,-1
39036.704251328,3,3566,100,3865446,-1
39037.499217325,3,3572,100,3883400,1
39039.271342769,1,3583,100,3891329,-1
39040.450555682,1,3584,100,3886311,-1
39040.977889831,1,3585,100,3893813,-1
39041.555847229,1,3586,100,3886337,-1
39042.612975982,3,3582,100,3879294,-1
39044.553473579,1,3587,100,3888037,-1
39045.010458973,4,3585,100,3893813,-1
39045.782253362,1,3588,100,3898383,1
39048.152060185,4,3587,100,3888037,-1
39048.757152335,1,3589,100,3907088,1
39049.78278447,1,3590,100,3911715,-1
39051.688363779,1,3591,100,3909634,-1
39052.559387836,1,3592,100,3907750,-1
39053.681923417,4,3573,100,3883652,-1
39054.248034267,1,3593,100,3903768,-1
39054.907607662,3,3586,100,3886337,-1
39057.029282832,4,3588,100,3898383,1
39058.20361553,1,3594,100,3900593,1
39058.843659992,1,3595,100,3898229,-1
39059.831339676,1,3596,100,3894254,1
39061.104528844,4,3515,100,3899048,-1
39061.989435808,4,3584,100,3886311,-1
39063.113098682,1,3597,100,3894801,1
39064.29033275,4,3589,100,3907088,1
39064.865370963,3,3554,100,3858805,1
39065.470790876,1,3598,100,3897690,1
39065.994516146,1,3599,100,3904569,-1
39066.572683922,1,3600,100,3897475,-1
39068.564966467,4,3598,100,3897690,1
39069.741913956,1,3601,100,3880701,1
39070.647019479,1,3602,100,3882796,-1
39071.788263017,1,3603,100,3886276,-1
39072.710084057,1,3604,100,3883177,-1
39073.714803936,1,3605,100,3878290,1
39074.862046404,3,3570,100,3879899,1
39077.393821008,1,3606,100,3874265,-1
39078.225842079,1,3607,100,3870726,1
39079.252370709,3,3594,100,3900593,1
39079.771769163,3,3602,100,3882796,-1
39080.358729775,1,3608,100,3869116,-1
39081.529331653,4,3597,100,3894801,1
39082.047285639,1,3609,100,3871407,-1
39082.662840883,1,3610,100,3865492,1
39083.804965056,3,3575,100,3884190,-1
39084.948246291,3,3596,100,3894254,1
39085.522743159,4,3577,100,3879746,1
39086.60459466,1,3611,100,3871987,1
39087.111656281,1,3612,100,3875959,1
39087.631975045,1,3613,100,3876414,1
39088.245861463,3,3593,100,3903768,-1
39089.334216566,1,3614,100,3880572,-1
39090.128662111,1,3615,100,3878119,1
39090.597457382,1,3616,100,3874159,1
39091.531473314,4,3612,100,3875959,1
39092.020421644,3,3590,100,3911715,-1
39094.526063892,4,3606,100,3874265,-1
39095.383266426,1,3617,100,3883629,1
39096.068526894,5,3613,100,3876414,1
39097.023617992,1,3618,100,3884975,1
39097.940828777,1,3619,100,3889763,1
39098.808558892,4,3603,100,3886276,-1
39099.546750143,4,3583,100,3891329,-1
39100.027268923,5,3605,100,3878290,1
39101.166299342,1,3620,100,3886147,1
39101.795854983,5,3614,100,3880572,-1
39102.27843636,5,3618,100,3884975,1
39103.46229625,1,3621,100,3879523,1
39104.299732575,1,3622,100,3883582,-1
39104.745110521,1,3623,100,3882114,1
39105.500512701,1,3624,100,3882575,-1
39106.214150414,3,3576,100,3873810,1
39107.045275458,3,3608,100,3869116,-1
39107.722258462,3,3615,100,3878119,1
39108.791288753,3,3547,100,3848237,1
39109.934623389,1,3625,100,3888417,1
39110.848428868,1,3626,100,3887137,-1
39112.052511176,4,3626,100,3887137,-1
39112.640368016,4,3622,100,3883582,-1
39113.682561708,1,3627,100,3889920,-1
39114.112514789,3,3599,100,3904569,-1
39115.296222201,1,3628,100,3884282,-1
39115.867387652,1,3629,100,3887057,1
39116.935722007,4,3629,100,3887057,1
39117.795956879,3,3607,100,3870726,1
39119.680170929,1,3630,100,3884659,1
39121.150803431,1,3631,100,3889307,-1
39121.996078658,1,3632,100,3885276,1
39122.414171758,1,3633,100,3876513,1
39123.550395217,3,3627,100,3889920,-1
39124.697409883,1,3634,100,3861173,1
39125.158250364,3,3632,100,3885276,1
39125.912008113,1,3635,100,3873207,-1
39126.678749905,3,3633,100,3876513,1
39127.696713759,1,3636,100,3875863,-1
39128.842591123,1,3637,100,3866724,-1
39129.85247326,3,3630,100,3884659,1
39130.988476552,1,3638,100,3859064,1
39131.748084633,4,3637,100,3866724,-1
39132.823529476,1,3639,100,3868255,-1
39133.751301486,4,3567,100,3863754,1
39134.289805225,3,3591,100,3909634,-1
39135.104762265,4,3619,100,3889763,1
39136.175637426,5,3625,100,3888417,1
39137.074968625,1,3640,100,3860731,-1
39138.092516541,3,3595,100,3898229,-1
39138.697037589,4,3617,100,3883629,1
39139.490022818,3,3524,100,3904734,-1
39139.967868711,1,3641,100,3854345,-1
39141.071674534,4,3611,100,3871987,1
39141.968593656,1,3642,100,3852584,1
39142.815801764,3,3624,100,3882575,-1
39143.374480471,1,3643,100,3852044,1
39144.604593533,1,3644,100,3854008,1
39147.011196608,3,3609,100,3871407,-1
39148.098530499,3,3604,100,3883177,-1
39149.315357788,5,3610,100,3865492,1
39150.322869182,1,3645,100,3862430,1
39151.229243174,3,3592,100,3907750,-1
39152.449463815,1,3646,100,3856156,1
39153.651373595,1,3647,100,3855896,1
39155.12640564,1,3648,100,3852112,1
39156.186632657,4,3620,100,3886147,1
39157.015816848,1,3649,100,3859315,-1
39158.268307115,1,3650,100,3855056,1
39159.013393006,3,3631,100,3889307,-1
39159.576877214,3,3642,100,3852584,1
39160.649933643,3,3639,100,3868255,-1
39161.425330867,1,3651,100,3856092,1
39162.165560389,3,3640,100,3860731,-1
39162.785305764,3,3601,100,3880701,1
39163.957510325,1,3652,100,3859492,1
39164.48052592,3,3616,100,3874159,1
39165.167908217,4,3621,100,3879523,1
39165.719126887,4,3623,100,3882114,1
39167.884476941,3,3649,100,3859315,-1
39168.597442409,1,3653,100,3856353,1
39169.681000981,4,3645,100,3862430,1
39170.240193996,1,3654,100,3862573,-1
39171.336360248,1,3655,100,3859814,1
39172.35610674,3,3646,100,3856156,1
39173.15984788,1,3656,100,3860678,1
39173.664017176,5,3644,100,3854008,1
39174.883196868,1,3657,100,3865974,-1
39176.125006768,4,3641,100,3854345,-1
39176.590046847,1,3658,100,3874245,-1
39177.017255698,1,3659,100,3871099,1
39177.716020506,1,3660,100,3874212,-1
39178.897232475,3,3643,100,3852044,1
39179.62925158,1,3661,100,3874265,-1
39180.553460781,3,3636,100,3875863,-1
39181.379431881,3,3653,100,3856353,1
39182.021436893,1,3662,100,3870538,1
39183.244444267,1,3663,100,3859246,1
39183.823668244,1,3664,100,3864259,-1
39184.419013683,3,3656,100,3860678,1
39185.484230302,1,3665,100,3863638,-1
39186.129346529,5,3652,100,3859492,1
39187.181868623,4,3662,100,3870538,1
39187.617622162,3,3647,100,3855896,1
39188.629474691,3,3628,100,3884282,-1
39189.601222856,5,3661,100,3874265,-1
39190.201101318,3,3600,100,3897475,-1
39192.447573381,5,3660,100,3874212,-1
39193.435066445,3,3655,100,3859814,1
39194.297473087,1,3666,100,3862287,-1
39194.797872451,1,3667,100,3866206,-1
39195.342380542,3,3658,100,3874245,-1
39197.036466058,4,3654,100,3862573,-1
39198.058729361,1,3668,100,3869930,1
39198.64407217,3,3659,100,3871099,1
39199.465454937,5,3667,100,3866206,-1
39200.115522186,4,3664,100,3864259,-1
39200.55340184,1,3669,100,3868129,1
39201.032075493,1,3670,100,3865598,1
39201.502725875,1,3671,100,3866555,-1
39202.652600467,1,3672,100,3859732,1
39203.685788472,1,3673,100,3863388,1
39204.446498118,1,3674,100,3866052,1
39205.461591497,5,3672,100,3859732,1
39205.995170682,1,3675,100,3862907,-1
39207.376722821,1,3676,100,3854454,1
39208.601930528,1,3677,100,3853563,1
39209.750150465,4,3670,100,3865598,1
39210.450144668,1,3678,100,3856711,1
39211.411162193,5,3663,100,3859246,1
39213.246364118,3,3674,100,3866052,1
39214.46544622,5,3669,100,3868129,1
39215.3438349,1,3679,100,3838554,-1
39216.032814375,3,3657,100,3865974,-1
39217.113099171,3,3673,100,3863388,1
39218.969393562,1,3680,100,3846438,-1
39219.608508484,3,3675,100,3862907,-1
39220.480383374,1,3681,100,3840225,-1
39221.084026,1,3682,100,3846179,1
39222.245600004,5,3681,100,3840225,-1
39223.035283124,4,3678,100,3856711,1
39223.998911489,4,3651,100,3856092,1
39224.835215114,1,3683,100,3849723,1
39225.695130813,4,3680,100,3846438,-1
39226.814503115,3,3676,100,3854454,1
39227.315085749,1,3684,100,3840095,1
39228.377564434,4,3679,100,3838554,-1
39229.06161706,4,3648,100,3852112,1
39230.032280644,3,3668,100,3869930,1
39231.102663558,4,3666,100,3862287,-1
39232.03034935,3,3684,100,3840095,1
39233.173381564,3,3682,100,3846179,1
39233.917690416,5,3683,100,3849723,1
39235.093127851,1,3685,100,3861540,1
39236.482247206,5,3634,100,3861173,1
39237.422007191,3,3677,100,3853563,1
39238.333913797,1,3686,100,3861418,1
39238.890596875,3,3650,100,3855056,1
39240.044186295,4,3671,100,3866555,-1
39241.184419137,1,3687,100,3867331,1
39241.847125903,1,3688,100,3870001,1
39243.036214758,1,3689,100,3872132,1
39243.593296912,4,3635,100,3873207,-1
39244.513858822,1,3690,100,3875116,1
39245.436972649,1,3691,100,3879347,1
39246.685842776,4,3691,100,3879347,1
39247.121904929,3,3689,100,3872132,1
39248.194463383,1,3692,100,3868810,-1
39248.665735725,1,3693,100,3872407,-1
39249.327966963,1,3694,100,3867012,1
39250.512878127,5,3688,100,3870001,1
39251.211231449,3,3638,100,3859064,1
39252.215666938,3,3690,100,3875116,1
39253.369404348,1,3695,100,3863463,-1
39253.901310652,3,3665,100,3863638,-1
39254.650838817,4,3686,100,3861418,1
39255.576925958,4,3685,100,3861540,1
39256.191046261,4,3687,100,3867331,1
39257.147274516,1,3696,100,3856085,-1
39257.80763441,4,3694,100,3867012,1
39258.789286566,4,3695,100,3863463,-1
39259.269118887,1,3697,100,3862087,1
39260.416808702,1,3698,100,3863808,1
39261.189738889,1,3699,100,3875135,1
39262.17607735,4,3693,100,3872407,-1
39262.64157011,1,3700,100,3881383,-1
39263.294951479,1,3701,100,3883958,1
39264.186517339,3,3696,100,3856085,-1
39265.745624336,1,3702,100,3885420,-1
39266.850988833,1,3703,100,3884025,-1
39267.304488161,4,3692,100,3868810,-1
39268.521563884,1,3704,100,3890207,1
39269.682119439,5,3699,100,3875135,1
39270.766149422,3,3704,100,3890207,1
39271.579556463,1,3705,100,3887707,1
39272.336742997,3,3702,100,3885420,-1
39273.453983902,1,3706,100,3896536,1
39274.668346715,1,3707,100,3904440,1
39275.519301091,1,3708,100,3899632,-1
39276.873070225,4,3700,100,3881383,-1
39277.547798558,4,3703,100,3884025,-1
39278.268458199,1,3709,100,3909876,-1
39279.219544266,1,3710,100,3896159,-1
39280.294489706,1,3711,100,3898311,-1
39281.608329361,1,3712,100,3902815,1
39282.440973783,3,3697,100,3862087,1
39283.591249913,3,3707,100,3904440,1
39284.69523237,3,3711,100,3898311,-1
39285.752896438,4,3710,100,3896159,-1
39286.435740171,3,3705,100,3887707,1
39288.019243272,3,3698,100,3863808,1
39288.661153957,3,3706,100,3896536,1
39289.52203021,3,3701,100,3883958,1
39290.533606153,1,3713,100,3903897,-1
39291.67409185,1,3714,100,3901933,-1
39292.890479191,1,3715,100,3902927,1
39294.142070962,5,3712,100,3902815,1
39295.325260982,1,3716,100,3902633,1
39295.97418466,4,3708,100,3899632,-1
39297.213645194,3,3713,100,3903897,-1
39297.839296666,1,3717,100,3892980,-1
39298.684114451,3,3709,100,3909876,-1
39299.693941918,1,3718,100,3889696,1
39300.225914383,5,3716,100,3902633,1
39302.113145166,1,3719,100,3890101,-1
39302.773983071,4,3718,100,3889696,1
39303.965725014,3,3715,100,3902927,1
39304.658014183,3,3717,100,3892980,-1
39305.502144138,1,3720,100,3889555,-1
39306.715392457,4,3720,100,3889555,-1
39307.489143659,4,3719,100,3890101,-1
39308.28185547,1,3721,100,3892957,-1
39309.295129616,1,3722,100,3888490,1
39309.721677849,1,3723,100,3890076,-1
39312.212800361,3,3722,100,3888490,1
39313.015482308,1,3724,100,3894308,-1
39314.193233472,3,3724,100,3894308,-1
39314.956943689,1,3725,100,3895286,-1
39315.751326497,3,3725,100,3895286,-1
39316.382972479,5,3723,100,3890076,-1
39317.289744911,1,3726,100,3896306,-1
39318.612876569,3,3721,100,3892957,-1
39319.600480832,3,3714,100,3901933,-1
39320.358019381,3,3726,100,3896306,-1
39321.617164071,1,3727,100,3894920,1
39322.09521466,4,3727,100,3894920,1
39323.231049319,1,3728,100,3894439,1
39324.042897214,1,3729,100,3896970,-1
39325.167675797,1,3730,100,3896496,-1
39325.709575051,5,3730,100,3896496,-1
39326.366258967,1,3731,100,3898685,-1
39327.333296196,4,3729,100,3896970,-1
39328.557596726,5,3731,100,3898685,-1
39329.754463056,4,3728,100,3894439,1
39330.688578853,1,3732,100,3917710,-1
39331.799555538,1,3733,100,3910533,1
39332.662803412,1,3734,100,3908851,-1
39333.218499952,5,3734,100,3908851,-1
39334.300917431,1,3735,100,3916873,1
39334.930841226,1,3736,100,3927404,-1
39336.244016623,1,3737,100,3933027,-1
39337.355604531,5,3737,100,3933027,-1
39338.378831224,1,3738,100,3929550,1
39339.630264773,3,3736,100,3927404,-1
39340.140466243,3,3735,100,3916873,1
39340.948852725,3,3738,100,3929550,1
39341.884815108,1,3739,100,3928983,-1
39343.28727714,5,3739,100,3928983,-1
39343.96704076,1,3740,100,3919928,1
39345.075220984,1,3741,100,3914869,1
39346.258277443,4,3732,100,3917710,-1
39348.384397457,3,3741,100,3914869,1
39349.015915014,1,3742,100,3915893,1
39349.791680947,3,3742,100,3915893,1
39351.008736583,3,3733,100,3910533,1
39352.737817562,1,3743,100,3903536,1
39354.272967842,1,3744,100,3903746,-1
39356.390360925,3,3743,100,3903536,1
39357.178141027,5,3744,100,3903746,-1
39358.295130676,1,3745,100,3895892,-1
39359.492340005,1,3746,100,3894434,-1
39360.699818814,3,3746,100,3894434,-1
39361.179238433,1,3747,100,3899472,-1
39362.449154463,3,3740,100,3919928,1
39363.027191618,3,3747,100,3899472,-1
39363.593417896,1,3748,100,3911281,1
39364.651250257,3,3748,100,3911281,1
39365.366534444,3,3745,100,3895892,-1
39366.271293108,1,3749,100,3912176,-1
39366.872120146,5,3749,100,3912176,-1
39367.512433737,1,3750,100,3898007,1
39368.284298352,3,3750,100,3898007,1
39368.800633128,1,3751,100,3901228,-1
39369.502987882,1,3752,100,3898690,1
39370.292677373,1,3753,100,3904615,1
39370.960303115,1,3754,100,3900540,1
39371.671482117,1,3755,100,3909366,1
39373.153768856,3,3754,100,3900540,1
39374.370423606,1,3756,100,3918222,-1
39374.892119749,4,3756,100,3918222,-1
39375.455643294,1,3757,100,3921896,-1
39376.347104952,1,3758,100,3911863,-1
39377.199998633,4,3753,100,3904615,1
39377.650738382,4,3751,100,3901228,-1
39378.426656935,1,3759,100,3903559,1
39379.201993212,3,3755,100,3909366,1
39380.149328707,5,3752,100,3898690,1
39380.935292495,1,3760,100,3898261,1
39381.757937502,1,3761,100,3892724,1
39382.342829849,1,3762,100,3897578,1
39383.05038059,3,3760,100,3898261,1
39383.604592832,3,3761,100,3892724,1
39384.536330622,4,3762,100,3897578,1
39385.808727308,1,3763,100,3903878,1
39386.91877332,5,3763,100,3903878,1
39388.045812788,3,3759,100,3903559,1
39390.339844444,1,3764,100,3903600,-1
39390.983932096,4,3764,100,3903600,-1
39391.823906561,4,3758,100,3911863,-1
39393.943637001,1,3765,100,3903561,-1
39394.856361679,5,3765,100,3903561,-1
39395.344402544,4,3757,100,3921896,-1
39395.875339755,1,3766,100,3906217,-1
39396.391294479,4,3766,100,3906217,-1
39397.09661984,1,3767,100,3903623,1
39398.111184257,3,3767,100,3903623,1
39398.896334228,1,3768,100,3896503,-1
39400.158220847,1,3769,100,3893015,1
39400.764275313,1,3770,100,3901412,-1
39401.887759882,1,3771,100,3893210,1
39402.93987861,4,3768,100,3896503,-1
39403.853654607,1,3772,100,3892652,1
39404.461392366,1,3773,100,3890916,1
39405.018587779,5,3773,100,3890916,1
39405.860400532,4,3771,100,3893210,1
39406.421875633,1,3774,100,3897402,1
39407.657685776,4,3770,100,3901412,-1
39408.46335842,1,3775,100,3903367,-1
39409.302729433,1,3776,100,3894856,-1
39410.202106711,3,3769,100,3893015,1
39410.94142353,1,3777,100,3912724,-1
39411.925215693,1,3778,100,3912700,1
39412.997905986,3,3778,100,3912700,1
39414.044424176,1,3779,100,3908222,1
39414.999977344,4,3776,100,3894856,-1
39415.994179517,1,3780,100,3909315,-1
39418.003543091,1,3781,100,3915825,-1
39418.800573674,1,3782,100,3899880,1
39419.595170189,1,3783,100,3903895,-1
39420.569237052,1,3784,100,3910745,-1
39421.700866326,3,3774,100,3897402,1
39422.160733299,4,3777,100,3912724,-1
39423.166911819,5,3775,100,3903367,-1
39423.872080479,3,3779,100,3908222,1
39425.149092359,3,3783,100,3903895,-1
39425.797984692,3,3782,100,3899880,1
39426.25062491,1,3785,100,3910848,1
39428.626332841,4,3780,100,3909315,-1
39429.874499731,1,3786,100,3917692,1
39430.810701248,3,3785,100,3910848,1
39431.647994725,3,3786,100,3917692,1
39432.273805062,3,3781,100,3915825,-1
39433.237579243,1,3787,100,3924925,1
39434.905249333,1,3788,100,3936961,-1
39435.357192834,1,3789,100,3937013,-1
39435.994370433,3,3787,100,3924925,1
39436.779031901,1,3790,100,3926478,1
39438.003140571,1,3791,100,3923725,-1
39438.628650027,1,3792,100,3914609,1
39439.194132384,4,3790,100,3926478,1
39440.176318162,1,3793,100,3919298,1
39440.962760402,4,3791,100,3923725,-1
39442.185018787,3,3788,100,3936961,-1
39443.258496157,1,3794,100,3929254,-1
39443.773433999,1,3795,100,3933040,1
39444.597819726,4,3794,100,3929254,-1
39445.699818707,5,3793,100,3919298,1
39446.393392165,1,3796,100,3942272,1
39447.094715836,3,3795,100,3933040,1
39447.963233792,3,3784,100,3910745,-1
39448.68497325,3,3792,100,3914609,1
39450.768492378,3,3772,100,3892652,1
39451.895622786,1,3797,100,3936808,-1
39452.863864536,3,3797,100,3936808,-1
39454.009320791,1,3798,100,3932562,-1
39455.181160237,4,3798,100,3932562,-1
39456.424576334,3,3796,100,3942272,1
39457.558691313,3,3789,100,3937013,-1
39458.819047732,1,3799,100,3935310,1
39459.297441569,4,3799,100,3935310,1
39459.921870085,1,3800,100,3925424,1
39460.655477952,1,3801,100,3927868,-1
39461.924880394,3,3801,100,3927868,-1
39462.952916479,5,3800,100,3925424,1
39464.202344351,1,3802,100,3941953,1
39464.698287232,4,3802,100,3941953,1
39465.338949265,1,3803,100,3945373,-1
39466.250401237,3,3803,100,3945373,-1
39467.012025678,1,3804,100,3936270,-1
39467.68507969,1,3805,100,3927712,1
39468.192188864,1,3806,100,3932990,-1
39469.591323387,1,3807,100,3939929,1
39470.706152491,1,3808,100,3940607,1
39471.652632807,3,3804,100,3936270,-1
39472.816256554,1,3809,100,3944876,1
39473.75180997,3,3809,100,3944876,1
39474.381372502,1,3810,100,3941639,1
39474.945350794,1,3811,100,3944740,1
39476.013703454,1,3812,100,3946624,-1
39476.900946028,3,3806,100,3932990,-1
39477.929562378,1,3813,100,3952968,-1
39478.406022506,4,3812,100,3946624,-1
39479.464114479,4,3813,100,3952968,-1
39480.384765946,1,3814,100,3960947,1
39481.149254852,3,3807,100,3939929,1
39481.981697189,3,3810,100,3941639,1
39483.094801885,4,3814,100,3960947,1
39484.239248247,3,3805,100,3927712,1
39485.321361291,3,3808,100,3940607,1
39485.770436327,3,3811,100,3944740,1
39487.001703572,1,3815,100,3987823,-1
39487.95696482,1,3816,100,3975478,1
39489.775862683,4,3816,100,3975478,1
39490.62463137,1,3817,100,3988839,-1
39491.328693756,4,3815,100,3987823,-1
39492.19376458,1,3818,100,3994854,1
39493.247663202,1,3819,100,3998577,1
39494.283023226,1,3820,100,4000844,1
39495.037645293,1,3821,100,4000506,1
39496.194468825,1,3822,100,4010661,-1
39496.628362374,3,3818,100,3994854,1
39497.23574798,4,3822,100,4010661,-1
39498.219778079,3,3817,100,3988839,-1
39498.669852113,5,3819,100,3998577,1
39499.40423592,5,3821,100,4000506,1
39500.611681906,3,3820,100,4000844,1
39501.610423933,1,3823,100,4016346,1
39502.880128559,1,3824,100,4023339,1
39503.693036301,5,3824,100,4023339,1
39504.485217081,3,3823,100,4016346,1
39505.479964023,1,3825,100,4022176,-1
39506.32647299,5,3825,100,4022176,-1
39507.150641251,1,3826,100,4020820,-1
39508.534989691,1,3827,100,4018869,-1
39509.513007456,5,3827,100,4018869,-1
39510.67663627,1,3828,100,4014046,1
39511.928699415,1,3829,100,4003751,1
39513.221185307,3,3829,100,4003751,1
39514.00462192,4,3828,100,4014046,1
39515.194860557,1,3830,100,4003359,-1
39516.283084691,1,3831,100,4001569,-1
39517.564486879,4,3830,100,4003359,-1
39518.601346856,1,3832,100,3998275,-1
39519.383354198,1,3833,100,4002892,-1
39519.858722153,1,3834,100,4002863,-1
39521.877138912,3,3826,100,4020820,-1
39522.574602503,4,3832,100,3998275,-1
39523.261776809,5,3831,100,4001569,-1
39524.11649715,3,3833,100,4002892,-1
39524.895650549,1,3835,100,4002280,-1
39525.396418515,1,3836,100,3998812,1
39525.926839404,1,3837,100,4001103,1
39526.481289896,3,3834,100,4002863,-1
39528.071773393,1,3838,100,3992650,-1
39528.524438464,3,3837,100,4001103,1
39529.06848023,1,3839,100,3988274,1
39529.608399325,3,3835,100,4002280,-1
39530.7226929,1,3840,100,3981361,-1
39531.208045957,3,3840,100,3981361,-1
39531.847170313,5,3839,100,3988274,1
39532.82208616,3,3836,100,3998812,1
39533.677417972,3,3838,100,3992650,-1
39534.765093894,1,3841,100,3979821,1
39535.838656061,1,3842,100,3990412,1
39536.876670442,5,3842,100,3990412,1
39537.885002021,1,3843,100,3984009,1
39538.328900124,4,3841,100,3979821,1
39539.136066456,4,3843,100,3984009,1
39540.168074,1,3844,100,3979847,1
39540.717284238,3,3844,100,3979847,1
39541.829630484,1,3845,100,3973215,-1
39542.905600362,3,3845,100,3973215,-1
39543.88786592,1,3846,100,3969341,1
39544.633441627,5,3846,100,3969341,1
39545.094714052,1,3847,100,3962161,1
39546.391114852,4,3847,100,3962161,1
39547.585537341,1,3848,100,3964627,-1
39548.726227463,1,3849,100,3963195,-1
39549.960449699,1,3850,100,3957331,1
39550.625146319,3,3848,100,3964627,-1
39551.633820097,4,3850,100,3957331,1
39552.681485956,1,3851,100,3961886,-1
39553.13651483,4,3851,100,3961886,-1
39555.242977076,3,3849,100,3963195,-1
39556.132145688,1,3852,100,3956801,-1
39557.169258864,1,3853,100,3951064,-1
39558.432041655,5,3853,100,3951064,-1
39560.815314495,1,3854,100,3953119,1
39561.472817274,1,3855,100,3953451,1
39562.322267164,5,3855,100,3953451,1
39563.382176546,5,3852,100,3956801,-1
39563.822898467,4,3854,100,3953119,1
39564.275756563,1,3856,100,3951668,1
39565.434753716,5,3856,100,3951668,1
39566.714238424,1,3857,100,3955901,-1
39567.172902584,1,3858,100,3961768,-1
39568.267502717,3,3858,100,3961768,-1
39568.780271901,4,3857,100,3955901,-1
39569.445819429,1,3859,100,3960367,1
39570.180919211,1,3860,100,3962131,-1
39570.729918417,1,3861,100,3967785,1
39571.49945274,3,3861,100,3967785,1
39572.778783588,4,3859,100,3960367,1
39573.312479433,1,3862,100,3966288,1
39574.368940073,1,3863,100,3967536,-1
39577.777656528,1,3864,100,3971392,-1
39578.860005617,1,3865,100,3976883,-1
39580.063818578,3,3864,100,3971392,-1
39581.175074272,3,3865,100,3976883,-1
39581.71269829,3,3862,100,3966288,1
39582.966616083,1,3866,100,3943869,1
39583.882821466,1,3867,100,3942061,-1
39584.465164198,1,3868,100,3947014,-1
39586.365638441,1,3869,100,3947692,-1
39588.594658298,3,3867,100,3942061,-1
39589.543627122,3,3863,100,3967536,-1
39591.559588912,1,3870,100,3937226,-1
39592.588765063,3,3868,100,3947014,-1
39593.113524028,3,3870,100,3937226,-1
39593.843327203,3,3866,100,3943869,1
39594.510043396,1,3871,100,3942781,1
39595.160236861,4,3871,100,3942781,1
39596.327602858,1,3872,100,3938889,1
39597.927452593,1,3873,100,3929257,1
39599.148623842,3,3873,100,3929257,1
39600.011455597,3,3869,100,3947692,-1
39600.771437177,1,3874,100,3922179,1
39601.515886358,3,3860,100,3962131,-1
39602.600948122,1,3875,100,3928446,-1
39603.601083657,3,3872,100,3938889,1
39605.392744552,3,3875,100,3928446,-1
39606.429428535,1,3876,100,3937641,1
39607.185633959,3,3874,100,3922179,1
39608.10524737,5,3876,100,3937641,1
39608.883553318,1,3877,100,3947108,1
39609.531675995,3,3877,100,3947108,1
39610.592559351,1,3878,100,3947178,1
39611.090942735,4,3878,100,3947178,1
39611.687925564,1,3879,100,3941048,1
39612.937969517,5,3879,100,3941048,1
39614.178899928,1,3880,200,3950704,-1
39614.942233669,1,3881,100,3949070,1
39615.458137583,1,3882,100,3955421,1
39615.956552834,4,3882,100,3955421,1
39616.498626627,4,3881,100,3949070,1
39617.088672669,5,3880,100,3950704,-1
39617.977855498,3,3880,100,3950704,-1
39619.153211223,1,3883,100,3942860,1
39619.975492059,1,3884,100,3943867,-1
39620.872094178,5,3884,100,3943867,-1
39621.312710389,3,3883,100,3942860,1
39622.302763584,1,3885,100,3928156,1
39623.577907227,1,3886,100,3937575,-1
39624.800957561,1,3887,100,3933902,1
39625.407158318,1,3888,100,3937751,1
39626.484088287,1,3889,100,3941694,-1
39627.289241392,1,3890,100,3940246,1
39628.159145586,4,3890,100,3940246,1
39629.194785135,1,3891,100,3936738,1
39629.817910316,1,3892,100,3940505,-1
39630.472371261,3,3886,100,3937575,-1
39631.759633206,1,3893,100,3943207,1
39632.436210321,1,3894,100,3946407,-1
39634.845412759,4,3892,100,3940505,-1
39635.676262259,1,3895,100,3954362,-1
39636.428955035,1,3896,100,3953291,-1
39637.01700713,3,3888,100,3937751,1
39637.742180148,1,3897,100,3949009,-1
39638.714417478,4,3894,100,3946407,-1
39639.897718246,4,3897,100,3949009,-1
39640.537682877,1,3898,100,3946621,1
39641.028896602,4,3889,100,3941694,-1
39642.055972713,3,3898,100,3946621,1
39643.1450182,1,3899,100,3945194,1
39643.692279208,1,3900,100,3943889,1
39644.530423455,4,3900,100,3943889,1
39645.475596022,3,3887,100,3933902,1
39646.071659983,1,3901,100,3946175,-1
39646.769237261,3,3895,100,3954362,-1
39647.365299056,1,3902,100,3943634,-1
39648.186128164,1,3903,100,3940648,-1
39650.114388811,3,3896,100,3953291,-1
39651.137645098,1,3904,100,3946307,1
39651.987521589,3,3885,100,3928156,1
39652.70232586,1,3905,100,3948565,-1
39653.799550207,1,3906,100,3950181,1
39655.331943588,4,3905,100,3948565,-1
39656.518915531,1,3907,100,3948127,1
39657.153759954,1,3908,100,3951529,-1
39658.054648907,1,3909,100,3950171,-1
39659.004671582,1,3910,100,3947570,1
39659.495543936,1,3911,100,3942474,1
39660.530522879,4,3910,100,3947570,1
39660.983317985,3,3891,100,3936738,1
39661.567863723,1,3912,100,3943130,-1
39662.439528875,1,3913,100,3941601,1
39663.205277239,1,3914,100,3932862,-1
39664.386706063,1,3915,100,3936940,1
39664.886984742,1,3916,100,3940311,-1
39665.89747871,4,3893,100,3943207,1
39666.865810316,1,3917,100,3939958,1
39667.945669136,4,3912,100,3943130,-1
39668.609822199,1,3918,100,3940105,1
39669.733332992,3,3915,100,3936940,1
39670.273633174,4,3904,100,3946307,1
39670.80176567,1,3919,100,3934364,1
39672.025565062,1,3920,100,3933156,-1
39672.597188562,1,3921,100,3929580,1
39673.433375536,5,3909,100,3950171,-1
39673.952584086,1,3922,100,3931404,-1
39674.442811164,4,3920,100,3933156,-1
39675.231469406,3,3899,100,3945194,1
39676.58428501,1,3923,100,3929060,-1
39678.043639354,1,3924,100,3923842,1
39678.889696398,4,3924,100,3923842,1
39680.332552844,4,3911,100,3942474,1
39681.339218925,5,3923,100,3929060,-1
39681.93285981,1,3925,100,3929429,-1
39682.546920648,1,3926,100,3927396,1
39683.603178613,4,3918,100,3940105,1
39684.085449919,3,3916,100,3940311,-1
39684.557870356,3,3919,100,3934364,1
39685.548926559,1,3927,100,3930376,1
39685.997436331,1,3928,100,3933954,-1
39686.765495066,1,3929,100,3930925,1
39687.932111956,1,3930,100,3934649,1
39689.099411278,1,3931,100,3934723,1
39690.173496942,1,3932,100,3938196,1
39690.913157708,3,3931,100,3934723,1
39691.541364539,1,3933,100,3929827,1
39693.556819544,3,3925,100,3929429,-1
39694.527025495,1,3934,100,3936060,1
39696.724372101,3,3908,100,3951529,-1
39698.017189664,5,3930,100,3934649,1
39699.253237232,1,3935,100,3935214,1
39700.184360551,1,3936,100,3937044,-1
39701.250575385,1,3937,100,3927966,1
39702.019483509,1,3938,100,3932597,-1
39702.478731387,1,3939,100,3926910,1
39703.458331128,1,3940,100,3930246,1
39704.364233646,3,3936,100,3937044,-1
39705.200540169,1,3941,100,3925069,1
39706.360015412,1,3942,100,3932006,-1
39707.414323271,3,3941,100,3925069,1
39708.305969617,1,3943,100,3919778,-1
39709.94246223,5,3934,100,3936060,1
39711.068971129,1,3944,100,3913755,-1
39712.95015117,4,3940,100,3930246,1
39714.589961968,4,3913,100,3941601,1
39715.611855665,3,3902,100,3943634,-1
39716.848978937,3,3939,100,3926910,1
39718.042790993,1,3945,100,3912966,1
39719.324306574,4,3932,100,3938196,1
39719.814538776,5,3922,100,3931404,-1
39720.599769121,1,3946,100,3913273,-1
39721.454721294,1,3947,100,3914892,-1
39721.965633777,1,3948,100,3901246,1
39723.064755674,3,3942,100,3932006,-1
39724.35103213,1,3949,100,3894952,-1
39726.655429175,5,3906,100,3950181,1
39727.397738079,1,3950,100,3893694,1
39728.124714719,5,3944,100,3913755,-1
39729.254575526,1,3951,100,3903938,-1
39729.856585507,5,3927,100,3930376,1
39730.458261316,1,3952,100,3893898,1
39731.121629723,3,3950,100,3893694,1
39733.887183124,3,3921,100,3929580,1
39735.089356584,1,3953,100,3911911,-1
39736.740957322,5,3901,100,3946175,-1
39737.758760422,1,3954,100,3905044,1
39738.52289289,4,3951,100,3903938,-1
39739.88905295,3,3943,100,3919778,-1
39740.99215271,1,3955,100,3906067,-1
39741.84646138,3,3952,100,3893898,1
39742.881514648,1,3956,100,3903505,-1
39743.826886691,1,3957,100,3908178,-1
39744.598267889,3,3955,100,3906067,-1
39745.125356595,1,3958,100,3909552,1
39745.701425909,3,3937,100,3927966,1
39746.378019949,1,3959,100,3902029,1
39750.509265191,1,3960,100,3891995,-1
39751.42251502,1,3961,100,3889625,1
39751.937508619,4,3929,100,3930925,1
39753.110090061,4,3907,100,3948127,1
39753.641996782,3,3938,100,3932597,-1
39754.92340279,1,3962,100,3886362,1
39755.532283795,3,3953,100,3911911,-1
39756.861821365,4,3948,100,3901246,1
39757.614032012,1,3963,100,3888379,-1
39758.497641343,3,3926,100,3927396,1
39759.478682003,4,3954,100,3905044,1
39760.043291984,1,3964,100,3898286,-1
39760.757571577,3,3945,100,3912966,1
39761.716378849,3,3903,100,3940648,-1
39762.533155805,5,3947,100,3914892,-1
39763.45026705,1,3965,100,3895038,1
39764.266683062,1,3966,100,3902347,-1
39764.97663475,1,3967,100,3895745,1
39766.016280103,1,3968,100,3904389,-1
39767.237075508,1,3969,100,3900197,1
39768.189450461,1,3970,100,3906149,-1
39769.219908825,1,3971,100,3907652,-1
39769.903161812,1,3972,100,3907709,1
39770.418245874,1,3973,100,3906178,-1
39771.002038959,3,3961,100,3889625,1
39772.274293984,5,3966,100,3902347,-1
39773.188306931,4,3933,100,3929827,1
39774.303165324,1,3974,100,3907716,1
39775.052508022,4,3964,100,3898286,-1
39776.719381795,3,3969,100,3900197,1
39777.573160182,3,3914,100,3932862,-1
39778.719947875,1,3975,100,3898867,-1
39780.015529301,1,3976,100,3903441,-1
39780.751503895,3,3967,100,3895745,1
39781.277399348,3,3928,100,3933954,-1
39782.450336418,1,3977,100,3908543,-1
39783.174423296,3,3959,100,3902029,1
39784.024834801,1,3978,100,3905167,-1
39785.054121821,1,3979,100,3896968,1
39786.356647389,3,3971,100,3907652,-1
39787.189716053,3,3970,100,3906149,-1
39788.233231146,4,3960,100,3891995,-1
39789.664665192,4,3976,100,3903441,-1
39790.227760456,3,3973,100,3906178,-1
39791.26139769,1,3980,100,3896807,1
39792.398184142,5,3975,100,3898867,-1
39793.486209358,1,3981,100,3898153,-1
39794.656351439,3,3917,100,3939958,1
39795.169025696,1,3982,100,3897110,1
39796.022563051,1,3983,100,3899496,-1
39798.206008969,1,3984,100,3907080,-1
39798.782343481,1,3985,100,3908031,1
39799.634079022,1,3986,100,3913435,-1
39800.832398761,1,3987,100,3919941,1
39802.838658803,3,3982,100,3897110,1
39803.761113646,1,3988,100,3916836,1
39804.721912514,1,3989,100,3919547,-1
39805.832810379,1,3990,100,3920837,1
39807.001357628,1,3991,100,3924027,-1
39807.591642913,4,3968,100,3904389,-1
39809.772471505,5,3977,100,3908543,-1
39811.095394972,5,3983,100,3899496,-1
39812.050125339,5,3957,100,3908178,-1
39812.742530463,4,3990,100,3920837,1
39813.498253043,1,3992,100,3914007,1
39814.700128154,4,3956,100,3903505,-1
39815.149925108,1,3993,100,3917571,-1
39816.198559011,3,3988,100,3916836,1
39818.079745155,4,3946,100,3913273,-1
39818.836428603,4,3981,100,3898153,-1
39819.634536576,3,3991,100,3924027,-1
39820.371945805,1,3994,100,3920996,-1
39821.022320174,4,3935,100,3935214,1
39822.00994756,1,3995,200,3918627,1
39824.59997446,3,3962,100,3886362,1
39825.794480616,1,3996,100,3914777,-1
39826.745537661,1,3997,100,3916375,-1
39827.920426655,4,3996,100,3914777,-1
39829.357219512,1,3998,100,3928399,-1
39830.285233275,4,3984,100,3907080,-1
39832.309427681,3,3997,100,3916375,-1
39833.555147701,3,3978,100,3905167,-1
39834.362909532,1,3999,100,3923618,-1
39835.355280227,3,3999,100,3923618,-1
39836.440634037,5,3972,100,3907709,1
39837.510006236,1,4000,100,3923989,1
39838.598287396,1,4001,100,3923583,1
39839.756631196,4,3986,100,3913435,-1
39841.011724573,1,4002,100,3919734,-1
39841.979021103,5,3963,100,3888379,-1
39842.842785831,1,4003,100,3917645,-1
39844.155279627,1,4004,100,3923588,-1
39845.12700197,1,4005,100,3926398,1
39846.362884416,3,3985,100,3908031,1
39846.837222933,3,4004,100,3923588,-1
39847.607087708,4,3989,100,3919547,-1
39848.079748267,1,4006,100,3921982,1
39849.309365316,1,4007,100,3927690,-1
39849.823523207,1,4008,100,3924393,1
39850.428281289,1,4009,100,3929655,-1
39850.94046835,3,4003,100,3917645,-1
39851.814277487,4,3994,100,3920996,-1
39853.023450761,3,4006,100,3921982,1
39854.339850257,3,3993,100,3917571,-1
39854.792337748,3,4001,100,3923583,1
39857.032419881,4,3949,100,3894952,-1
39857.718384571,1,4010,100,3927024,-1
39858.205608564,5,4009,100,3929655,-1
39859.088063884,1,4011,100,3927173,1
39859.935842527,3,4011,100,3927173,1
39860.787361149,1,4012,100,3936398,-1
39861.391890056,3,4002,100,3919734,-1
39862.276701369,4,3998,100,3928399,-1
39862.821042359,1,4013,100,3928381,-1
39863.451752262,3,3965,100,3895038,1
39864.209275125,3,3992,100,3914007,1
39864.69457487,5,4000,100,3923989,1
39865.307223616,1,4014,100,3922340,1
39866.339618789,1,4015,100,3928197,-1
39867.439282878,1,4016,100,3927987,1
39867.974810553,3,4008,100,3924393,1
39868.448503301,1,4017,100,3929861,-1
39869.637796917,4,4015,100,3928197,-1
39870.689748972,1,4018,100,3930205,-1
39871.524772981,3,4012,100,3936398,-1
39872.864335947,4,4005,100,3926398,1
39873.661251954,4,4016,100,3927987,1
39874.860503304,1,4019,100,3929249,-1
39875.406648393,3,4010,100,3927024,-1
39876.121496579,3,4017,100,3929861,-1
39876.918566676,1,4020,100,3935465,-1
39878.017313167,1,4021,100,3939070,1
39879.307374447,3,4021,100,3939070,1
39880.537250076,5,3980,100,3896807,1
39881.134177846,1,4022,100,3929521,-1
39881.616501435,1,4023,100,3925973,1
39882.689833631,1,4024,100,3928422,-1
39883.416399151,4,4007,100,3927690,-1
39884.124624967,1,4025,100,3922796,1
39884.632575273,1,4026,100,3926479,-1
39885.183033887,1,4027,100,3918001,1
39886.718606237,3,3987,100,3919941,1
39887.528758343,5,4025,100,3922796,1
39888.132926945,3,4018,100,3930205,-1
39889.23743376,4,4014,100,3922340,1
39890.513413095,4,4023,100,3925973,1
39890.96634935,1,4028,100,3916726,-1
39891.504921433,1,4029,100,3917417,-1
39892.608917391,1,4030,100,3914086,1
39894.368234183,1,4031,100,3917499,1
39894.844992601,3,3995,200,3918627,1
39895.407353964,1,4032,100,3920578,1
39895.953600759,1,4033,100,3920285,1
39897.149517925,1,4034,100,3920349,1
39897.619422343,3,3958,100,3909552,1
39898.117074526,1,4035,100,3914620,1
39899.282960422,4,4033,100,3920285,1
39900.373266725,1,4036,100,3912844,1
39901.568100728,3,4027,100,3918001,1
39903.458219293,1,4037,100,3919038,1
39904.551626074,1,4038,100,3919481,-1
39905.314594146,5,4024,100,3928422,-1
39906.554895759,4,4036,100,3912844,1
39907.311511135,3,4032,100,3920578,1
39908.006692381,3,4030,100,3914086,1
39908.567268625,5,4028,100,3916726,-1
39909.325130065,3,4029,100,3917417,-1
39910.210599385,1,4039,100,3912632,-1
39911.185155429,1,4040,100,3913463,-1
39911.835194655,3,4026,100,3926479,-1
39912.451492103,1,4041,100,3913711,-1
39913.452159458,3,4037,100,3919038,1
39914.407155684,4,4031,100,3917499,1
39915.557547331,4,4039,100,3912632,-1
39918.841020319,1,4042,100,3925931,-1
39919.711787868,1,4043,100,3918885,1
39920.328297196,1,4044,100,3916425,1
39921.221866647,5,3979,100,3896968,1
39921.88840913,1,4045,100,3926060,-1
39922.70487798,1,4046,100,3931252,-1
39923.626096859,1,4047,100,3935060,-1
39924.809330388,1,4048,100,3943490,-1
39926.13085305,1,4049,100,3935509,1
39927.07342961,1,4050,100,3939945,1
39928.148464994,5,4049,100,3935509,1
39928.99252217,1,4051,100,3947357,1
39929.909795763,4,4046,100,3931252,-1
39931.207701149,5,4045,100,3926060,-1
39933.053995067,3,4041,100,3913711,-1
39933.696579431,3,4019,100,3929249,-1
39934.814547062,1,4052,100,3952236,1
39935.548132829,1,4053,100,3957221,-1
39936.866910701,1,4054,100,3956428,1
39938.17836446,4,4020,100,3935465,-1
39939.510250161,3,4043,100,3918885,1
39940.829580972,3,4034,100,3920349,1
39941.862055765,3,4051,100,3947357,1
39942.730360824,4,4040,100,3913463,-1
39944.059649207,1,4055,100,3959542,-1
39944.964136772,1,4056,100,3953814,1
39945.817917433,1,4057,100,3958046,1
39946.844122784,5,4055,100,3959542,-1
39947.759181742,3,4047,100,3935060,-1
39948.290920999,3,4053,100,3957221,-1
39950.119456583,3,4042,100,3925931,-1
39950.74084214,1,4058,100,3971393,1
39952.88496456,1,4059,100,3966637,1
39953.420978815,1,4060,100,3962991,1
39954.562625769,3,4048,100,3943490,-1
39955.579588284,3,4059,100,3966637,1
39956.932866907,3,3974,100,3907716,1
39957.824210134,3,4050,100,3939945,1
39959.151652125,3,4044,100,3916425,1
39959.644560637,5,4035,100,3914620,1
39962.762476021,1,4061,100,3956377,1
39963.865745193,4,4060,100,3962991,1
39964.569603843,1,4062,100,3955143,-1
39965.730428501,1,4063,100,3960634,-1
39966.924169741,1,4064,100,3959489,-1
39967.982722428,4,4038,100,3919481,-1
39968.996476376,1,4065,100,3959804,1
39969.525460939,1,4066,100,3957155,1
39970.280368976,1,4067,100,3959135,-1
39971.046385945,1,4068,100,3954194,1
39972.067726452,1,4069,100,3950635,-1
39972.940140605,1,4070,100,3948970,-1
39975.346537084,1,4071,100,3940281,1
39976.384820832,3,4061,100,3956377,1
39977.701131008,1,4072,100,3934520,-1
39978.799802045,3,4057,100,3958046,1
39979.924372128,1,4073,100,3931283,-1
39980.655219167,5,4067,100,3959135,-1
39981.263973554,1,4074,100,3926676,1
39982.612551756,3,4062,100,3955143,-1
39983.874856622,1,4075,100,3927704,1
39984.577341873,4,4022,100,3929521,-1
39985.298402523,4,4056,100,3953814,1
39986.228009556,3,4054,100,3956428,1
39987.299375557,3,4069,100,3950635,-1
39988.882625683,1,4076,100,3929897,-1
39989.943794076,3,4070,100,3948970,-1
39990.959226598,1,4077,100,3929566,-1
39991.799988967,3,4058,100,3971393,1
39993.163383197,3,4013,100,3928381,-1
39994.513184438,3,4074,100,3926676,1
39995.231127958,3,4075,100,3927704,1
39996.528995672,3,4076,100,3929897,-1
39997.392177445,1,4078,100,3918797,1
39998.064547886,3,4066,100,3957155,1
39998.645281302,1,4079,100,3926846,-1
39999.406260487,4,4068,100,3954194,1
40000.640427952,1,4080,100,3927571,-1
40001.48975429,3,4052,100,3952236,1
40002.730319458,1,4081,100,3916369,-1
40003.925924749,1,4082,100,3916646,-1
40005.190071018,4,4078,100,3918797,1
40005.919017614,1,4083,100,3910041,1
40006.630425229,1,4084,100,3908305,1
40007.739245094,1,4085,100,3903619,1
40009.081796323,1,4086,100,3917293,-1
40009.958230625,1,4087,100,3910703,1
40011.152394431,4,4065,100,3959804,1
40012.30990234,3,4080,100,3927571,-1
40013.083117352,3,4082,100,3916646,-1
40013.601249932,3,4063,100,3960634,-1
40016.352682846,4,4077,100,3929566,-1
40017.984206239,1,4088,100,3944221,-1
40018.651341323,5,4086,100,3917293,-1
40020.943200227,1,4089,100,3943843,-1
40023.386656412,4,4073,100,3931283,-1
40024.067782091,5,4089,100,3943843,-1
40026.39881133,1,4090,100,3948675,-1
40027.044816878,3,4090,100,3948675,-1
40027.968324278,4,4079,100,3926846,-1
40029.095520433,1,4091,100,3948562,-1
40030.099809038,3,4091,100,3948562,-1
40031.846559374,4,4072,100,3934520,-1
40032.420910687,5,4088,100,3944221,-1
40033.275570033,1,4092,100,3949117,-1
40034.321291084,3,4064,100,3959489,-1
40034.896494922,3,4087,100,3910703,1
40035.621883413,5,4085,100,3903619,1
40036.705331823,1,4093,100,3939903,1
40037.289941376,3,4071,100,3940281,1
40038.094286962,1,4094,100,3950310,-1
40039.151299524,1,4095,100,3943858,1
40040.155135823,3,4094,100,3950310,-1
40041.419386999,1,4096,100,3946173,-1
40042.419879878,1,4097,100,3942724,1
40043.458722744,1,4098,100,3951247,-1
40044.140713637,1,4099,100,3952077,-1
40045.097641012,1,4100,100,3950874,1
40045.662125254,4,4092,100,3949117,-1
40046.308072442,1,4101,100,3951272,-1
40046.869810188,1,4102,100,3945831,1
40047.689817789,3,4081,100,3916369,-1
40048.752323855,3,4097,100,3942724,1
40049.970454223,5,4093,100,3939903,1
40050.841853327,3,4102,100,3945831,1
40051.489708799,1,4103,100,3934274,1
40052.525603198,1,4104,100,3941776,-1
40053.82734166,1,4105,100,3941273,-1
40054.498175807,3,4095,100,3943858,1
40055.481218715,3,4105,100,3941273,-1
40056.047582183,3,4101,100,3951272,-1
40056.78881935,4,4096,100,3946173,-1
40057.319720565,1,4106,100,3948734,1
40058.058667032,3,4103,100,3934274,1
40059.40666151,5,4083,100,3910041,1
40060.198261654,1,4107,100,3959568,1
40060.885249624,4,4098,100,3951247,-1
40061.506638134,3,4084,100,3908305,1
40062.790529547,1,4108,100,3959123,-1
40063.441559,1,4109,100,3965338,1
40064.759734015,4,4099,100,3952077,-1
40065.695310705,1,4110,100,3953361,-1
40066.643159513,1,4111,100,3952735,-1
40067.66421048,3,4109,100,3965338,1
40068.194939551,1,4112,100,3957144,-1
40069.465331699,4,4104,100,3941776,-1
40071.051602015,1,4113,100,3953754,-1
40071.836408766,1,4114,100,3943791,1
40072.300979232,3,4110,100,3953361,-1
40073.100946749,1,4115,100,3947821,-1
40073.872651235,3,4107,100,3959568,1
40075.242209778,4,4114,100,3943791,1
40076.265614196,3,4113,100,3953754,-1
40077.010695763,3,4111,100,3952735,-1
40078.023144648,4,4100,100,3950874,1
40078.581548791,1,4116,100,3927489,-1
40079.453102382,1,4117,100,3932572,-1
40080.790268673,4,4117,100,3932572,-1
40081.525958125,5,4116,100,3927489,-1
40083.045263711,3,4115,100,3947821,-1
40083.844101698,1,4118,100,3925964,-1
40084.626128844,1,4119,100,3930016,1
40085.534768669,1,4120,100,3932895,-1
40086.592561462,3,4108,100,3959123,-1
40087.947487134,1,4121,100,3932072,-1
40089.279211673,1,4122,100,3926376,1
40090.632300511,3,4112,100,3957144,-1
40091.811013766,4,4106,100,3948734,1
40092.87132032,5,4118,100,3925964,-1
40093.558105104,4,4122,100,3926376,1
40094.50856146,5,4120,100,3932895,-1
40095.73705179,3,4119,100,3930016,1
40096.632789059,3,4121,100,3932072,-1
40097.212496756,1,4123,100,3928976,-1
40097.990952859,1,4124,100,3927467,1
40099.273000608,3,4123,100,3928976,-1
40100.025349991,1,4125,100,3923899,-1
40100.56188389,1,4126,100,3929007,-1
40101.825296821,3,4125,100,3923899,-1
40102.328268164,3,4126,100,3929007,-1
40104.999676226,3,4124,100,3927467,1
40105.85930214,1,4127,100,3925390,-1
40107.593852282,5,4127,100,3925390,-1
40108.627920074,1,4128,100,3912421,-1
40109.273224944,5,4128,100,3912421,-1
40109.793870368,1,4129,100,3900295,-1
40110.517407685,4,4129,100,3900295,-1
40111.657747396,1,4130,100,3903988,1
40112.618245748,1,4131,100,3896956,-1
40113.788835959,4,4131,100,3896956,-1
40114.541305225,5,4130,100,3903988,1
40115.431951678,1,4132,100,3908398,-1
40115.975983597,1,4133,100,3908478,1
40116.783577498,1,4134,100,3907219,1
40117.350126109,1,4135,100,3908134,-1
40118.153853984,3,4133,100,3908478,1
40118.790199003,1,4136,100,3908464,-1
40119.750783922,1,4137,100,3909063,-1
40120.362251671,1,4138,100,3909927,1
40121.043699094,1,4139,100,3905242,1
40121.874359668,1,4140,100,3907130,1
40122.544311344,1,4141,100,3910162,-1
40124.254908687,5,4136,100,3908464,-1
40125.168999078,4,4132,100,3908398,-1
40126.651778149,1,4142,100,3909803,1
40127.665174395,1,4143,100,3919609,-1
40128.371717086,1,4144,100,3921358,-1
40129.451354725,3,4141,100,3910162,-1
40130.64919489,4,4138,100,3909927,1
40133.03127227,3,4137,100,3909063,-1
40133.545191672,1,4145,100,3910722,1
40135.405530797,5,4140,100,3907130,1
40136.424919163,1,4146,100,3905432,-1
40137.109988635,1,4147,100,3897851,-1
40137.783378516,1,4148,100,3898352,-1
40138.33155278,3,4146,100,3905432,-1
40139.678079543,3,4139,100,3905242,1
40140.58521481,1,4149,100,3898669,1
40141.605383609,1,4150,100,3897784,1
40142.965860601,1,4151,100,3897628,-1
40143.511476992,3,4151,100,3897628,-1
40144.233499756,5,4147,100,3897851,-1
40145.182508028,1,4152,100,3902794,-1
40146.219710044,4,4145,100,3910722,1
40146.823492561,1,4153,100,3899175,1
40148.150443592,5,4134,100,3907219,1
40149.510325822,1,4154,100,3890705,-1
40150.635252213,1,4155,100,3892762,-1
40151.485365101,1,4156,100,3885443,-1
40152.987777578,1,4157,100,3892786,-1
40154.256967611,5,4154,100,3890705,-1
40155.360396571,1,4158,100,3896150,-1
40156.592851884,3,4156,100,3885443,-1
40157.199060693,3,4158,100,3896150,-1
40158.128261604,1,4159,100,3883808,1
40159.08920424,3,4150,100,3897784,1
40160.418826761,5,4159,100,3883808,1
40161.051343444,1,4160,100,3879465,1
40162.306244732,1,4161,100,3890296,-1
40162.942959713,1,4162,100,3889568,1
40164.060212192,3,4152,100,3902794,-1
40164.729078124,1,4163,100,3881479,-1
40165.76686507,4,4153,100,3899175,1
40166.669545908,4,4142,100,3909803,1
40167.500053698,1,4164,100,3887150,1
40168.52674638,3,4135,100,3908134,-1
40169.91772144,1,4165,100,3892028,1
40171.121860835,3,4144,100,3921358,-1
40171.945858351,3,4149,100,3898669,1
40173.317610428,1,4166,100,3898083,1
40173.890538602,3,4157,100,3892786,-1
40175.193386255,5,4162,100,3889568,1
40176.415710433,5,4164,100,3887150,1
40176.938363048,3,4161,100,3890296,-1
40177.515650159,1,4167,100,3895735,1
40177.994839853,3,4155,100,3892762,-1
40179.295250372,3,4148,100,3898352,-1
40179.979174695,3,4165,100,3892028,1
40181.67678535,1,4168,100,3928031,1
40182.551185411,1,4169,100,3932775,-1
40183.385069325,1,4170,100,3932437,-1
40184.057252925,3,4170,100,3932437,-1
40184.877200227,3,4168,100,3928031,1
40185.544380252,3,4160,100,3879465,1
40186.34480139,3,4163,100,3881479,-1
40187.327532363,3,4143,100,3919609,-1
40188.48924263,1,4171,100,3924399,-1
40189.69486982,1,4172,100,3917725,1
40191.01339586,5,4171,100,3924399,-1
40191.749150176,1,4173,100,3924721,1
40192.391474879,1,4174,100,3930204,-1
40193.283788168,5,4172,100,3917725,1
40194.316460584,3,4166,100,3898083,1
40194.981255574,1,4175,100,3944147,-1
40195.577107673,3,4174,100,3930204,-1
40196.902067065,1,4176,100,3934543,1
40198.20144713,1,4177,100,3939613,-1
40198.969433077,5,4167,100,3895735,1
40199.845532837,3,4175,100,3944147,-1
40201.241556102,3,4173,100,3924721,1
40202.304030346,4,4176,100,3934543,1
40203.600631866,3,4177,100,3939613,-1
40204.687871232,1,4178,100,3926012,-1
40205.568589427,4,4178,100,3926012,-1
40206.904993621,3,4169,100,3932775,-1
40208.311496211,1,4179,100,3905948,1
40209.293874235,1,4180,100,3905487,1
40210.341526182,1,4181,100,3907320,1
40211.481134958,3,4181,100,3907320,1
40212.814110599,1,4182,100,3914102,1
40214.743581018,1,4183,100,3925369,1
40216.074558016,1,4184,100,3919906,-1
40216.635223471,3,4183,100,3925369,1
40217.274708231,4,4184,100,3919906,-1
40218.050283935,1,4185,100,3911504,1
40219.416953243,1,4186,100,3920763,-1
40220.197466659,1,4187,100,3912921,1
40221.009661476,1,4188,100,3913064,1
40222.077416164,5,4186,100,3920763,-1
40222.763495161,1,4189,100,3912168,1
40224.149127229,1,4190,100,3915799,1
40225.345306777,3,4189,100,3912168,1
40226.447508391,3,4182,100,3914102,1
40227.43572578,4,4180,100,3905487,1
40229.886861449,5,4179,100,3905948,1
40231.987296645,3,4187,100,3912921,1
40233.191670236,1,4191,100,3921426,1
40234.216277088,5,4191,100,3921426,1
40235.520203946,1,4192,100,3927041,-1
40236.329367124,1,4193,100,3925372,-1
40237.459265764,1,4194,100,3924905,-1
40238.702516413,1,4195,100,3925118,1
40239.739943541,3,4190,100,3915799,1
40240.413894534,1,4196,100,3923352,-1
40243.068732301,3,4185,100,3911504,1
40244.070171887,1,4197,100,3927777,-1
40245.228014289,1,4198,100,3926929,-1
40246.360214856,4,4196,100,3923352,-1
40247.259344297,5,4192,100,3927041,-1
40247.829855822,3,4197,100,3927777,-1
40249.033109868,3,4188,100,3913064,1
40250.332787947,4,4195,100,3925118,1
40251.446855092,3,4193,100,3925372,-1
40252.126115506,1,4199,100,3910832,1
40252.773274315,3,4199,100,3910832,1
40253.246784482,1,4200,100,3919562,1
40253.762774283,1,4201,100,3917162,1
40254.648331892,5,4194,100,3924905,-1
40255.504558202,3,4198,100,3926929,-1
40256.545113538,1,4202,100,3918482,-1
40258.743005882,1,4203,100,3919632,-1
40259.692063579,3,4200,100,3919562,1
40260.489215646,1,4204,100,3916307,-1
40261.235204096,3,4203,100,3919632,-1
40262.631323118,3,4204,100,3916307,-1
40263.222246394,1,4205,100,3927876,-1
40264.443114446,1,4206,100,3925277,-1
40265.352034027,1,4207,100,3926095,-1
40266.610054546,1,4208,100,3924464,1
40267.53634282,3,4202,100,3918482,-1
40268.348973813,1,4209,100,3922069,1
40269.670968648,5,4201,100,3917162,1
40270.698494194,1,4210,100,3930325,-1
40271.314587597,1,4211,100,3929061,-1
40272.343240237,1,4212,100,3919301,-1
40273.14870841,1,4213,100,3923190,-1
40274.089566554,3,4209,100,3922069,1
40275.164593467,3,4207,100,3926095,-1
40276.583082501,3,4210,100,3930325,-1
40277.704760979,1,4214,100,3929668,1
40279.061754093,4,4212,100,3919301,-1
40280.358513981,3,4208,100,3924464,1
40281.410079861,1,4215,100,3942304,-1
40282.613946178,3,4206,100,3925277,-1
40283.233199911,1,4216,100,3933523,-1
40283.723895859,5,4211,100,3929061,-1
40284.492052994,1,4217,100,3934813,1
40285.147560262,3,4217,100,3934813,1
40286.049915756,1,4218,100,3939859,-1
40287.147280176,4,4213,100,3923190,-1
40287.973448351,1,4219,100,3928469,-1
40288.58499453,1,4220,100,3911783,1
40289.788989515,1,4221,100,3916609,-1
40290.409855534,1,4222,100,3916975,1
40291.604773536,4,4222,100,3916975,1
40292.212396027,4,4214,100,3929668,1
40293.172033991,3,4205,100,3927876,-1
40293.874855107,1,4223,100,3910174,-1
40295.294076352,1,4224,100,3901821,-1
40295.875594724,1,4225,100,3903854,-1
40296.91037637,1,4226,100,3899302,1
40298.859829311,4,4225,100,3903854,-1
40300.070256812,4,4220,100,3911783,1
40302.988267811,1,4227,100,3916606,-1
40303.875259916,1,4228,100,3913449,-1
40305.953577709,3,4218,100,3939859,-1
40306.887505209,3,4223,100,3910174,-1
40308.042152321,5,4219,100,3928469,-1
40309.20459487,5,4224,100,3901821,-1
40310.272370275,1,4229,100,3915836,-1
40311.625075425,3,4226,100,3899302,1
40312.999081647,3,4221,100,3916609,-1
40313.945456401,3,4227,100,3916606,-1
40314.732507232,1,4230,100,3901746,-1
40315.247100742,1,4231,100,3906514,1
40316.170214223,1,4232,100,3911424,-1
40316.986818629,1,4233,100,3909563,1
40318.86132645,3,4231,100,3906514,1
40320.191396459,1,4234,100,3911871,-1
40321.227119259,1,4235,100,3911483,-1
40321.878403837,3,4232,100,3911424,-1
40322.772359864,5,4228,100,3913449,-1
40324.135478112,4,4234,100,3911871,-1
40325.181258923,1,4236,100,3912375,1
40325.764887611,3,4236,100,3912375,1
40326.963156385,1,4237,100,3910659,-1
40328.005425397,1,4238,100,3908664,1
40328.771608677,1,4239,100,3903909,-1
40330.585639702,1,4240,100,3903146,-1
40331.442342328,1,4241,100,3899373,-1
40332.062730032,1,4242,100,3899459,1
40332.9462339,1,4243,100,3902535,-1
40333.492654681,1,4244,100,3893223,1
40334.590334802,3,4237,100,3910659,-1
40335.663001799,3,4216,100,3933523,-1
40336.918376487,1,4245,100,3914606,-1
40337.958550627,4,4240,100,3903146,-1
40338.874212461,1,4246,100,3916043,-1
40339.736792821,3,4230,100,3901746,-1
40340.309376157,3,4243,100,3902535,-1
40341.026003783,1,4247,100,3917295,1
40341.961973383,1,4248,100,3916896,1
40342.608365708,1,4249,100,3922223,-1
40343.31026293,3,4249,100,3922223,-1
40344.341010484,5,4248,100,3916896,1
40345.492587659,3,4245,100,3914606,-1
40346.155886166,3,4247,100,3917295,1
40346.681014142,1,4250,100,3914171,1
40348.061103706,3,4233,100,3909563,1
40348.547853287,1,4251,100,3912468,1
40349.073075302,1,4252,100,3906701,1
40349.967402273,3,4244,100,3893223,1
40350.546332107,1,4253,100,3919010,-1
40351.833581781,1,4254,100,3920113,-1
40352.486888219,1,4255,100,3912182,1
40353.230346069,5,4255,100,3912182,1
40354.137193695,3,4238,100,3908664,1
40354.968687015,3,4229,100,3915836,-1
40355.594246661,3,4254,100,3920113,-1
40356.376311354,3,4252,100,3906701,1
40356.984353957,3,4251,100,3912468,1
40357.953168756,1,4256,100,3921349,-1
40359.001477997,3,4235,100,3911483,-1
40360.434906679,4,4253,100,3919010,-1
40361.613048317,3,4250,100,3914171,1
40362.516398636,1,4257,100,3930451,1
40363.056853002,1,4258,100,3937394,1
40363.744994292,1,4259,100,3934409,1
40364.609881702,1,4260,100,3937376,-1
40365.82469283,1,4261,100,3936326,1
40366.329845087,5,4260,100,3937376,-1
40367.014443074,1,4262,100,3949227,-1
40368.418978373,3,4246,100,3916043,-1
40369.615757983,4,4239,100,3903909,-1
40370.724370323,1,4263,100,3946469,-1
40371.853285117,1,4264,100,3951587,-1
40373.244511767,1,4265,100,3940534,1
40374.531463817,1,4266,100,3936768,-1
40375.846576889,3,4242,100,3899459,1
40377.23630997,4,4258,100,3937394,1
40378.277801391,1,4267,100,3935030,-1
40379.114375041,1,4268,100,3934503,-1
40380.1559374,1,4269,100,3933018,1
40381.158835971,3,4256,100,3921349,-1
40381.69824527,4,4261,100,3936326,1
40382.442067593,3,4264,100,3951587,-1
40383.204491167,1,4270,100,3937457,1
40385.401525426,1,4271,100,3932215,1
40390.781145248,1,4272,100,3926042,1
40391.571689949,4,4257,100,3930451,1
40393.274191557,4,4241,100,3899373,-1
40393.849678966,1,4273,100,3919854,1
40395.003037891,4,4272,100,3926042,1
40396.226794515,1,4274,100,3922433,1
40397.093827822,1,4275,100,3923046,-1
40397.815996858,5,4274,100,3922433,1
40399.582970357,1,4276,100,3923122,1
40400.713243188,5,4262,100,3949227,-1
40401.751243049,1,4277,100,3921942,-1
40403.078336864,3,4269,100,3933018,1
40403.957744491,1,4278,100,3919831,-1
40404.597789515,3,4265,100,3940534,1
40405.536011162,3,4263,100,3946469,-1
40406.485346009,1,4279,100,3912538,-1
40407.029657694,4,4273,100,3919854,1
40407.681753969,1,4280,100,3923788,-1
40408.346390072,1,4281,100,3916926,1
40409.031279226,1,4282,100,3915373,1
40410.748439286,1,4283,100,3923398,-1
40412.095501891,1,4284,100,3921946,1
40412.682892783,1,4285,100,3916380,1
40413.968025355,3,4278,100,3919831,-1
40414.694188293,4,4281,100,3916926,1
40415.453532707,1,4286,100,3914059,1
40416.177230042,1,4287,100,3926139,1
40417.265150898,3,4267,100,3935030,-1
40418.260566879,1,4288,100,3935398,1
40418.809331866,1,4289,100,3933614,1
40419.407714825,1,4290,100,3937804,1
40420.296994288,1,4291,100,3950648,-1
40421.260505722,1,4292,100,3947444,-1
40422.325854154,1,4293,100,3937888,1
40423.622670809,3,4279,100,3912538,-1
40424.260462012,3,4283,100,3923398,-1
40425.699450377,1,4294,100,3944948,-1
40426.37614714,3,4288,100,3935398,1
40428.891620495,4,4266,100,3936768,-1
40429.805154486,4,4215,100,3942304,-1
40431.906845588,1,4295,100,3935198,-1
40432.713103341,3,4271,100,3932215,1
40433.662013555,4,4259,100,3934409,1
40434.146421047,1,4296,100,3927863,1
40435.310254711,1,4297,100,3922945,-1
40436.263275498,1,4298,100,3923776,1
40436.847996791,1,4299,100,3922619,1
40438.261553241,5,4292,100,3947444,-1
40439.628015916,4,4293,100,3937888,1
40441.050447593,1,4300,100,3922553,-1
40442.151481646,3,4270,100,3937457,1
40443.189260549,3,4299,100,3922619,1
40443.997055013,4,4290,100,3937804,1
40445.377838354,3,4295,100,3935198,-1
40446.683420959,1,4301,100,3931186,-1
40447.996473189,1,4302,100,3929154,1
40448.706209172,3,4291,100,3950648,-1
40449.932257097,3,4268,100,3934503,-1
40450.783364982,1,4303,100,3923477,-1
40451.405640172,1,4304,100,3918015,-1
40452.570017997,1,4305,100,3922135,-1
40454.838690448,3,4282,100,3915373,1
40455.986567821,1,4306,100,3923043,-1
40456.826588297,1,4307,100,3919843,1
40458.864884631,3,4275,100,3923046,-1
40459.404193215,1,4308,100,3927161,1
40459.925347175,1,4309,100,3928212,-1
40460.564848923,4,4280,100,3923788,-1
40461.550055501,4,4297,100,3922945,-1
40462.379454029,1,4310,100,3931399,1
40463.765887867,1,4311,100,3928178,1
40464.796211706,1,4312,100,3931260,1
40465.998343145,1,4313,100,3924598,1
40466.55048946,1,4314,100,3932071,1
40467.747845673,1,4315,100,3936565,1
40469.089158715,5,4312,100,3931260,1
40470.268734558,1,4316,100,3930514,1
40470.854358958,3,4311,100,3928178,1
40471.679019131,4,4304,100,3918015,-1
40472.639589354,3,4313,100,3924598,1
40474.419184569,1,4317,100,3920314,-1
40474.940556103,3,4300,100,3922553,-1
40476.244125896,3,4303,100,3923477,-1
40477.53699643,1,4318,100,3918061,1
40478.691734712,4,4289,100,3933614,1
40479.773953493,4,4316,100,3930514,1
40480.852459046,1,4319,100,3919812,-1
40481.447153426,1,4320,100,3922309,1
40482.304890189,3,4296,100,3927863,1
40483.480524016,1,4321,100,3921686,1
40484.24729744,3,4276,100,3923122,1
40485.664023897,3,4305,100,3922135,-1
40487.065806024,1,4322,100,3918947,-1
40488.213486707,1,4323,100,3921598,1
40489.399080585,4,4308,100,3927161,1
40491.203445211,3,4284,100,3921946,1
40493.225565099,3,4298,100,3923776,1
40493.781901198,1,4324,100,3935901,-1
40494.403432737,1,4325,100,3944795,1
40495.096377732,3,4317,100,3920314,-1
40497.119084393,1,4326,100,3927089,1
40498.115143031,1,4327,100,3927974,1
40499.4558439,3,4319,100,3919812,-1
40500.689027405,5,4315,100,3936565,1
40502.019025652,3,4322,100,3918947,-1
40502.562323173,1,4328,100,3937557,1
40503.912860098,5,4285,100,3916380,1
40505.223159817,4,4324,100,3935901,-1
40506.069357454,1,4329,100,3944382,1
40508.027688207,1,4330,100,3940814,1
40509.091830326,1,4331,100,3941613,1
40510.230205467,4,4294,100,3944948,-1
40511.036438834,4,4277,100,3921942,-1
40511.855237795,1,4332,100,3955781,-1
40514.574248663,1,4333,100,3954910,1
40515.34397896,3,4330,100,3940814,1
40516.176803485,1,4334,100,3952503,1
40517.513240375,3,4307,100,3919843,1
40518.186048847,3,4326,100,3927089,1
40518.985546632,1,4335,100,3944395,1
40520.405744897,4,4325,100,3944795,1
40521.0428883,1,4336,100,3948203,-1
40521.584630376,3,4318,100,3918061,1
40522.212506017,5,4331,100,3941613,1
40523.663665679,3,4302,100,3929154,1
40524.916345448,1,4337,100,3956577,1
40526.352928033,1,4338,100,3960028,-1
40527.545266334,1,4339,100,3952739,-1
40528.597894983,1,4340,100,3950237,1
40530.004342483,3,4334,100,3952503,1
40531.120971574,3,4338,100,3960028,-1
40532.970163118,3,4339,100,3952739,-1
40533.786482417,1,4341,100,3969594,-1
40535.1944431,3,4328,100,3937557,1
40535.881917573,1,4342,100,3971876,-1
40536.668161856,5,4301,100,3931186,-1
40537.258754416,1,4343,100,3964344,-1
40538.495623957,1,4344,100,3963370,1
40539.186950794,1,4345,100,3963279,1
40539.789029386,1,4346,100,3966787,1
40540.54618831,4,4332,100,3955781,-1
40541.52506714,1,4347,100,3967204,-1
40542.158576264,4,4343,100,3964344,-1
40543.430094046,3,4329,100,3944382,1
40544.086939497,1,4348,100,3963556,1
40545.221668599,1,4349,100,3963553,-1
40546.166808047,3,4340,100,3950237,1
40547.13388969,4,4345,100,3963279,1
40548.323840337,1,4350,100,3954735,1
40549.169286475,1,4351,100,3955606,1
40551.033921562,5,4341,100,3969594,-1
40552.346083863,5,4287,100,3926139,1
40553.170734453,4,4336,100,3948203,-1
40555.600428767,1,4352,100,3953663,1
40556.948996816,1,4353,100,3954964,-1
40558.300574487,1,4354,100,3953613,-1
40559.513241138,3,4306,100,3923043,-1
40560.255386699,1,4355,100,3949781,-1
40560.868031821,1,4356,100,3953418,1
40561.941386435,1,4357,100,3960504,-1
40562.628372759,3,4348,100,3963556,1
40563.89600048,1,4358,100,3946135,1
40564.76760603,3,4323,100,3921598,1
40565.634644483,1,4359,100,3945183,1
40566.958252807,1,4360,100,3941949,-1
40567.980988,1,4361,100,3939774,1
40569.250174458,1,4362,100,3939202,-1
40569.993019808,1,4363,100,3941095,1
40571.156366868,3,4361,100,3939774,1
40572.574899054,3,4349,100,3963553,-1
40573.183993323,4,4344,100,3963370,1
40574.174704074,1,4364,100,3953500,-1
40575.38340211,1,4365,100,3952858,-1
40576.771955021,5,4353,100,3954964,-1
40581.523027421,3,4355,100,3949781,-1
40582.045860686,4,4346,100,3966787,1
40583.331482837,3,4333,100,3954910,1
40583.86889098,3,4359,100,3945183,1
40584.928828717,1,4366,100,3968230,-1
40585.439192174,5,4350,100,3954735,1
40586.907984831,1,4367,100,3951642,-1
40587.588279782,1,4368,100,3948124,1
40588.253162472,3,4335,100,3944395,1
40589.083986419,3,4360,100,3941949,-1
40589.999521027,3,4342,100,3971876,-1
40591.413937553,3,4358,100,3946135,1
40592.60938132,1,4369,100,3944699,1
40593.168527737,1,4370,100,3948013,1
40594.960886033,3,4351,100,3955606,1
40596.278775728,1,4371,100,3954622,-1
40597.196960867,5,4369,100,3944699,1
40598.049633535,5,4347,100,3967204,-1
40598.821974845,1,4372,100,3947165,-1
40599.465966639,1,4373,100,3941289,1
40600.140476155,3,4309,100,3928212,-1
40601.414450856,4,4368,100,3948124,1
40602.668977032,1,4374,100,3944294,-1
40603.377470534,3,4366,100,3968230,-1
40604.571299626,5,4314,100,3932071,1
40605.263063111,1,4375,100,3938350,1
40606.126063527,3,4375,100,3938350,1
40607.080842418,3,4363,100,3941095,1
40608.359241269,3,4374,100,3944294,-1
40609.428997519,1,4376,100,3952374,-1
40610.006922964,1,4377,100,3957109,1
40611.372006197,1,4378,100,3959493,-1
40612.755593288,1,4379,100,3962589,-1
40613.818960638,1,4380,100,3961594,1
40615.090421801,1,4381,100,3967510,1
40616.324460501,1,4382,100,3975389,-1
40617.141079246,3,4310,100,3931399,1
40617.834490342,4,4357,100,3960504,-1
40618.438548251,1,4383,100,3988369,-1
40619.340816392,3,4327,100,3927974,1
40620.454265974,5,4372,100,3947165,-1
40622.194508473,3,4367,100,3951642,-1
40622.752880806,5,4373,100,3941289,1
40623.271388105,3,4364,100,3953500,-1
40624.379009014,1,4384,100,3998546,1
40626.541023632,1,4385,100,4001443,-1
40627.413886922,3,4380,100,3961594,1
40628.492081588,1,4386,100,4005651,1
40629.596299126,4,4385,100,4001443,-1
40630.743251579,1,4387,100,4015458,-1
40631.322923528,4,4383,100,3988369,-1
40632.630161671,1,4388,100,4022060,-1
40633.196003368,3,4377,100,3957109,1
40634.95211613,1,4389,100,4016704,-1
40635.724142162,3,4371,100,3954622,-1
40636.669558421,1,4390,100,4007136,1
40638.909709156,3,4379,100,3962589,-1
40639.854629251,1,4391,100,4004985,-1
40641.293648744,3,4384,100,3998546,1
40641.835683295,3,4376,100,3952374,-1
40642.853592438,1,4392,100,3999773,1
40646.119623398,1,4393,100,4001458,1
40646.98883485,4,4365,100,3952858,-1
40647.876780122,5,4390,100,4007136,1
40648.451080289,3,4388,100,4022060,-1
40649.038480413,3,4362,100,3939202,-1
40650.455102783,1,4394,100,3994792,1
40651.545639925,1,4395,100,4003023,1
40652.292766422,1,4396,100,4003133,-1
40653.529146261,1,4397,100,4001602,-1
40654.689876371,1,4398,100,3991721,1
40656.069693792,1,4399,100,3994430,1
40656.914606458,3,4398,100,3991721,1
40657.697995824,1,4400,100,3997658,-1
40658.646889652,4,4393,100,4001458,1
40659.693446385,1,4401,100,3997462,1
40660.235200335,1,4402,100,3995282,-1
40662.281780129,1,4403,100,3997643,1
40663.171525266,3,4337,100,3956577,1
40665.568111866,1,4404,100,4002040,1
40666.276041185,3,4321,100,3921686,1
40667.679040194,1,4405,100,4004960,-1
40668.62445553,3,4286,100,3914059,1
40669.236386863,1,4406,100,4004475,1
40670.670521062,1,4407,100,4012127,-1
40671.504066693,3,4402,100,3995282,-1
40672.296088203,4,4407,100,4012127,-1
40672.954112344,1,4408,100,4012166,1
40674.080735115,1,4409,100,4010013,-1
40674.646819206,3,4406,100,4004475,1
40675.790174155,3,4401,100,3997462,1
40676.617467671,4,4400,100,3997658,-1
40679.101949787,1,4410,100,3997128,1
40680.397758894,4,4397,100,4001602,-1
40681.310099266,3,4405,100,4004960,-1
40681.955337284,1,4411,100,4000043,-1
40683.343540959,1,4412,100,4004020,1
40684.797145212,1,4413,100,4008061,-1
40686.264044998,1,4414,100,4005834,1
40686.84056212,1,4415,100,4008502,1
40687.365633115,3,4415,100,4008502,1
40688.314105846,1,4416,100,4005796,-1
40689.294375857,1,4417,100,4007255,-1
40690.582109089,1,4418,100,4004617,-1
40691.896653164,1,4419,100,4008023,-1
40692.95594913,1,4420,100,4014325,-1
40694.344426844,1,4421,100,4005653,1
40695.378575663,3,4418,100,4004617,-1
40695.92786977,1,4422,100,4005731,1
40697.262930565,3,4356,100,3953418,1
40698.638874104,1,4423,100,4010286,-1
40699.781093113,4,4409,100,4010013,-1
40700.584503837,1,4424,100,4009746,1
40701.543141704,4,4420,100,4014325,-1
40702.921860952,4,4396,100,4003133,-1
40704.296769868,5,4354,100,3953613,-1
40706.725707259,1,4425,100,4006667,1
40708.098057082,3,4320,100,3922309,1
40709.416575874,1,4426,100,4003299,1
40710.588752062,1,4427,100,4007743,-1
40711.751819255,4,4408,100,4012166,1
40713.152335803,5,4426,100,4003299,1
40714.123313635,4,4424,100,4009746,1
40717.015249445,1,4428,100,3994477,-1
40717.779843736,1,4429,100,3993711,1
40719.174982896,3,4404,100,4002040,1
40720.189761338,1,4430,100,3997150,1
40721.233086668,1,4431,100,3999960,-1
40721.844905408,1,4432,100,3995145,1
40723.059071568,1,4433,100,3999041,-1
40724.826964673,1,4434,100,3989430,1
40725.690113192,1,4435,100,4004015,-1
40726.454208415,1,4436,100,3993342,1
40727.572086911,3,4428,100,3994477,-1
40728.479506778,3,4435,100,4004015,-1
40729.863422445,1,4437,100,3992138,1
40731.22048701,5,4370,100,3948013,1
40732.083371195,1,4438,100,3993018,-1
40732.905903007,1,4439,100,3997044,1
40734.235428557,4,4395,100,4003023,1
40736.640529737,1,4440,100,4001411,-1
40737.926555722,4,4433,100,3999041,-1
40738.987210147,1,4441,100,4000265,1
40740.216855952,1,4442,100,4004660,-1
40741.417013208,1,4443,100,3999731,-1
40742.506975679,1,4444,100,4006837,1
40743.021405476,1,4445,100,4008077,-1
40744.34581163,1,4446,100,4001859,-1
40745.221736243,1,4447,100,4006197,-1
40746.291815382,5,4447,100,4006197,-1
40746.867615059,4,4423,100,4010286,-1
40748.120141026,1,4448,100,4010342,-1
40749.547965284,1,4449,100,4006252,-1
40750.570581242,3,4443,100,3999731,-1
40751.369758856,3,4411,100,4000043,-1
40752.535793867,1,4450,100,3990444,1
40753.768342536,1,4451,100,3993502,1
40756.182135197,3,4432,100,3995145,1
40756.964060484,1,4452,100,3984505,1
40758.202456491,1,4453,100,3986825,-1
40759.346709207,1,4454,100,3983253,-1
40760.427791988,1,4455,100,3977672,1
40761.806590405,5,4419,100,4008023,-1
40762.94257409,4,4378,100,3959493,-1
40765.49782417,1,4456,100,3988962,-1
40766.612282527,1,4457,100,3991294,1
40767.929734624,5,4457,100,3991294,1
40770.135183678,3,4456,100,3988962,-1
40771.356862959,3,4441,100,4000265,1
40772.820792579,5,4451,100,3993502,1
40774.048411224,1,4458,100,3988427,-1
40774.995194476,1,4459,100,3989633,-1
40776.130551881,4,4410,100,3997128,1
40777.415248592,3,4386,100,4005651,1
40778.602348793,3,4442,100,4004660,-1
40779.106886682,3,4394,100,3994792,1
40779.765159239,1,4460,100,3998162,-1
40781.273399988,4,4425,100,4006667,1
40782.468188992,3,4389,100,4016704,-1
40783.790634237,1,4461,100,3993509,1
40784.402390417,1,4462,100,3995766,1
40785.089627428,5,4352,100,3953663,1
40787.369648547,1,4463,100,3989310,1
40788.712451919,3,4458,100,3988427,-1
40789.817784583,3,4453,100,3986825,-1
40790.50539857,1,4464,100,3987298,1
40792.670130335,1,4465,100,3986883,-1
40794.817850097,1,4466,100,3992440,1
40795.504536337,1,4467,100,3993134,1
40796.999055162,1,4468,100,3993077,1
40797.62172958,1,4469,100,3997035,-1
40799.755742032,1,4470,100,3996274,-1
40800.381493969,1,4471,100,3986402,1
40801.372159928,5,4450,100,3990444,1
40802.598120222,4,4382,100,3975389,-1
40803.625578088,1,4472,100,3985269,1
40804.552284709,1,4473,100,3990960,1
40805.982787769,1,4474,100,3995040,1
40806.547141484,1,4475,100,3997629,1
40807.866582896,1,4476,100,4000150,-1
40808.622797884,1,4477,100,4006633,-1
40811.074454576,3,4461,100,3993509,1
40812.134879535,3,4454,100,3983253,-1
40813.987528886,3,4437,100,3992138,1
40815.788974444,3,4462,100,3995766,1
40817.205548446,1,4478,100,3997440,-1
40817.79823456,4,4421,100,4005653,1
40819.193015177,1,4479,100,3994783,1
40820.522551007,3,4477,100,4006633,-1
40821.189312277,4,4399,100,3994430,1
40822.093702851,5,4448,100,4010342,-1
40824.085122854,3,4468,100,3993077,1
40824.951121676,3,4417,100,4007255,-1
40826.264501909,3,4467,100,3993134,1
40827.07681529,3,4465,100,3986883,-1
40828.465302314,4,4414,100,4005834,1
40829.792003413,4,4392,100,3999773,1
40830.717266483,1,4480,100,3990349,1
40831.67758006,3,4479,100,3994783,1
40832.227178832,5,4416,100,4005796,-1
40832.862970911,3,4464,100,3987298,1
40834.268988286,4,4474,100,3995040,1
40835.540444396,1,4481,100,3986786,1
40836.365000599,1,4482,100,3983647,1
40837.040938201,1,4483,100,3981031,1
40838.524363748,1,4484,100,3982263,-1
40839.922215112,3,4387,100,4015458,-1
40841.009712609,3,4431,100,3999960,-1
40841.818673315,3,4471,100,3986402,1
40842.550814685,4,4482,100,3983647,1
40843.530667581,3,4445,100,4008077,-1
40844.388053025,4,4444,100,4006837,1
40845.87469649,3,4452,100,3984505,1
40847.243701003,5,4469,100,3997035,-1
40848.626980458,3,4436,100,3993342,1
40849.65364064,3,4427,100,4007743,-1
40851.020557536,1,4485,100,3973733,-1
40852.360105648,1,4486,100,3968166,-1
40852.909128569,1,4487,100,3977888,-1
40853.981129835,3,4481,100,3986786,1
40854.669115651,3,4413,100,4008061,-1
40855.421934086,3,4422,100,4005731,1
40856.227672916,3,4486,100,3968166,-1
40857.468216644,3,4440,100,4001411,-1
40858.134121617,3,4483,100,3981031,1
40858.753047086,1,4488,100,3971705,-1
40859.943589224,3,4460,100,3998162,-1
40860.919804056,1,4489,100,3969418,1
40861.901701247,1,4490,100,3971487,-1
40862.529455155,1,4491,100,3968380,1
40863.349711492,1,4492,100,3962844,-1
40864.409042488,3,4429,100,3993711,1
40865.839305893,1,4493,100,3971333,-1
40867.130586695,3,4475,100,3997629,1
40867.825146475,1,4494,100,3973037,-1
40868.503278798,4,4430,100,3997150,1
40869.946345929,3,4391,100,4004985,-1
40870.715305772,4,4493,100,3971333,-1
40871.475963468,1,4495,100,3974593,1
40872.823820496,1,4496,100,3977650,-1
40874.940620482,4,4490,100,3971487,-1
40875.523277708,1,4497,100,3977574,-1
40876.760024661,3,4472,100,3985269,1
40877.551026867,1,4498,100,3982404,-1
40879.635099388,5,4455,100,3977672,1
40881.030494594,3,4487,100,3977888,-1
40881.795235133,1,4499,100,3986014,1
40882.345323086,4,4463,100,3989310,1
40882.932831091,5,4495,100,3974593,1
40884.253372965,4,4494,100,3973037,-1
40884.823045514,4,4498,100,3982404,-1
40886.138556321,1,4500,100,3975258,1
40886.774802279,1,4501,100,3987485,1
40887.885488044,4,4478,100,3997440,-1
40888.482721745,1,4502,100,4009979,-1
40889.906912485,3,4476,100,4000150,-1
40891.408510301,1,4503,100,4010533,1
40892.465561304,1,4504,100,4012890,-1
40893.722604095,3,4501,100,3987485,1
40894.304033586,1,4505,100,4010847,1
40895.809136282,1,4506,100,4008700,1
40897.100285942,1,4507,100,4004346,1
40898.371090956,1,4508,100,4015616,1
40899.871914054,1,4509,100,4019012,1
40901.3985982,1,4510,100,4018166,-1
40901.958044359,4,4488,100,3971705,-1
40903.009133264,4,4446,100,4001859,-1
40903.739572534,1,4511,100,4009666,1
40905.167498316,3,4510,100,4018166,-1
40906.045634104,5,4489,100,3969418,1
40906.937520216,1,4512,100,4011415,1
40908.269212636,3,4508,100,4015616,1
40909.587807068,3,4484,100,3982263,-1
40910.717386555,3,4503,100,4010533,1
40911.927071083,1,4513,100,4003207,1
40912.873139985,1,4514,100,4004783,1
40914.125952606,1,4515,100,4010152,-1
40915.621123001,1,4516,100,4004017,-1
40916.184774175,3,4449,100,4006252,-1
40916.754034184,3,4507,100,4004346,1
40917.318241299,5,4473,100,3990960,1
40917.991999196,1,4517,100,4009395,1
40919.212560083,1,4518,100,4013946,1
40919.82972955,1,4519,100,4013923,-1
40921.3496774,3,4381,100,3967510,1
40922.629922061,1,4520,100,4011520,1
40923.863378428,4,4485,100,3973733,-1
40924.819069578,1,4521,100,4015865,1
40926.35249181,3,4514,100,4004783,1
40927.342868447,3,4519,100,4013923,-1
40928.170219726,1,4522,100,4006797,-1
40929.135080653,1,4523,100,4000621,1
40929.862263653,1,4524,100,3999772,1
40931.138806843,3,4524,100,3999772,1
40932.267586602,3,4499,100,3986014,1
40933.516170424,1,4525,100,4011080,-1
40934.793205368,1,4526,100,4005529,1
40937.533812125,5,4520,100,4011520,1
40938.347319906,1,4527,100,4015035,-1
40939.821298419,4,4525,100,4011080,-1
40940.97391866,3,4500,100,3975258,1
40941.875820629,3,4518,100,4013946,1
40942.796317994,1,4528,100,4012954,-1
40943.982237774,1,4529,100,4008204,-1
40945.365688635,1,4530,100,4003932,1
40946.476418305,4,4505,100,4010847,1
40947.772356813,1,4531,100,3996846,1
40948.855615275,5,4438,100,3993018,-1
40950.323967009,1,4532,100,4004563,-1
40952.455313352,1,4533,100,3997460,1
40953.807821581,1,4534,100,3997544,1
40955.26480086,1,4535,100,3998021,1
40956.332139662,1,4536,100,3999985,-1
40957.507952794,1,4537,100,4000496,-1
40958.303205783,1,4538,100,3999350,-1
40959.494848198,1,4539,100,4003856,-1
40960.954204799,5,4526,100,4005529,1
40962.38050746,5,4517,100,4009395,1
40963.655112134,4,4515,100,4010152,-1
40964.745167004,3,4509,100,4019012,1
40965.843502783,1,4540,100,4018907,1
40966.454267849,5,4522,100,4006797,-1
40967.234797656,3,4534,100,3997544,1
40968.109338081,1,4541,100,4013456,1
40968.749365425,1,4542,100,4016464,1
40970.224080932,3,4528,100,4012954,-1
40971.981512119,3,4491,100,3968380,1
40972.979748025,4,4536,100,3999985,-1
40973.505635539,1,4543,100,4038327,1
40974.305974449,4,4532,100,4004563,-1
40975.463327705,4,4497,100,3977574,-1
40976.887468116,3,4496,100,3977650,-1
40977.541044629,4,4538,100,3999350,-1
40978.4445822,3,4540,100,4018907,1
40979.777594322,4,4539,100,4003856,-1
40981.218207112,1,4544,100,4036184,1
40981.940465428,1,4545,100,4040310,-1
40984.212488487,1,4546,100,4031850,1
40985.511751469,3,4439,100,3997044,1
40986.455797637,3,4545,100,4040310,-1
40987.447030554,1,4547,100,4036379,-1
40990.159976617,4,4502,100,4009979,-1
40991.386305661,3,4504,100,4012890,-1
40992.058070689,1,4548,100,4018966,1
40993.595433726,3,4533,100,3997460,1
40994.971417975,1,4549,100,4023128,-1
40995.68774273,1,4550,100,4022379,-1
40996.268416716,3,4537,100,4000496,-1
40997.432678749,1,4551,100,4022923,-1
40998.94306179,1,4552,100,4014146,1
40999.722047265,1,4553,100,4018578,-1
41000.509803125,3,4535,100,3998021,1
41002.690541761,1,4554,100,4020201,-1
41003.703664424,1,4555,200,4022419,-1
41004.453236054,3,4521,100,4015865,1
41005.160334672,1,4556,100,4022326,1
41005.893013916,1,4557,100,4029011,-1
41006.84346884,1,4558,100,4027288,-1
41007.561866855,1,4559,100,4024587,1
41008.850523456,3,4434,100,3989430,1
41010.264387212,3,4466,100,3992440,1
41011.200607662,3,4516,100,4004017,-1
41012.047524541,4,4529,100,4008204,-1
41012.885064649,1,4560,100,4037825,1
41013.823494415,3,4531,100,3996846,1
41014.466528994,3,4527,100,4015035,-1
41016.8253499,3,4546,100,4031850,1
41017.981239537,3,4560,100,4037825,1
41019.427351167,3,4513,100,4003207,1
41020.526444138,3,4543,100,4038327,1
41021.309976227,1,4561,100,4020945,-1
41022.779818859,1,4562,100,4016485,1
41023.768087262,3,4549,100,4023128,-1
41024.475068163,4,4559,100,4024587,1
41025.571566688,1,4563,100,4018275,1
41026.220498053,3,4548,100,4018966,1
41027.390222939,1,4564,100,4012261,1
41028.872143557,1,4565,100,4011188,1
41029.904147657,1,4566,100,4016765,-1
41030.429613607,1,4567,100,4012630,-1
41031.92462243,1,4568,100,4018410,-1
41033.393479777,3,4563,100,4018275,1
41034.340691085,1,4569,100,4014620,1
41035.051921402,1,4570,100,4006440,1
41036.585692265,4,4542,100,4016464,1
41037.474106254,1,4571,100,4014035,1
41039.80886258,1,4572,100,3995171,1
41041.089096327,4,4470,100,3996274,-1
41041.796550683,1,4573,100,4001671,-1
41042.583689797,1,4574,100,3995214,1
41043.546638031,1,4575,100,3990200,1
41045.03958688,1,4576,100,3991415,1
41045.751515478,3,4544,100,4036184,1
41046.354876782,1,4577,100,3992769,-1
41047.221290555,3,4565,100,4011188,1
41048.358278961,3,4552,100,4014146,1
41049.706760931,3,4562,100,4016485,1
41050.724758932,4,4530,100,4003932,1
41051.66318627,4,4569,100,4014620,1
41052.499070842,3,4575,100,3990200,1
41053.183870302,1,4578,100,4005551,1
41054.641022737,3,4561,100,4020945,-1
41055.592813409,1,4579,100,4011702,1
41056.399439242,1,4580,100,4004633,1
41057.853768951,1,4581,100,4012995,-1
41058.969299855,1,4582,100,4025446,1
41059.88271687,1,4583,100,4021110,1
41061.169307781,1,4584,100,4029269,-1
41062.139163425,5,4492,100,3962844,-1
41063.65675139,3,4541,100,4013456,1
41064.917324239,1,4585,100,4037415,-1
41065.92320734,3,4480,100,3990349,1
41066.992055296,1,4586,100,4031263,1
41067.689537411,3,4564,100,4012261,1
41068.760788082,3,4578,100,4005551,1
41069.657335479,3,4579,100,4011702,1
41070.337842223,1,4587,100,4031876,1
41071.650739471,3,4553,100,4018578,-1
41072.172711655,1,4588,100,4032916,-1
41073.115310879,1,4589,100,4035056,1
41073.76303372,3,4589,100,4035056,1
41074.752987181,3,4403,100,3997643,1
41076.183427769,1,4590,100,4022439,1
41076.851204128,1,4591,100,4031436,-1
41078.096793163,1,4592,100,4035885,-1
41079.366897823,1,4593,100,4036713,1
41080.117652339,4,4584,100,4029269,-1
41080.975851455,3,4577,100,3992769,-1
41081.532763005,4,4551,100,4022923,-1
41082.823575037,4,4555,200,4022419,-1
41084.0407526,1,4594,100,4045922,-1
41084.569370228,3,4573,100,4001671,-1
41085.762973536,1,4595,100,4054530,-1
41086.589117022,1,4596,100,4057660,-1
41087.195476468,5,4558,100,4027288,-1
41088.747296235,1,4597,100,4055043,-1
41089.720238228,3,4566,100,4016765,-1
41090.717305105,1,4598,100,4048562,1
41092.170241524,3,4588,100,4032916,-1
41092.886365376,3,4572,100,3995171,1
41093.608099139,1,4599,100,4044861,-1
41094.987613059,3,4597,100,4055043,-1
41096.033040672,1,4600,100,4041289,1
41097.327705556,1,4601,100,4045105,-1
41098.042167148,1,4602,100,4038721,1
41098.819312404,1,4603,100,4038604,-1
41100.232783479,1,4604,100,4033315,1
41101.240218539,1,4605,100,4040462,-1
41101.880827959,1,4606,100,4028297,1
41102.455275646,1,4607,100,4033037,-1
41103.86675375,1,4608,100,4028430,1
41104.639816685,4,4568,100,4018410,-1
41105.850233896,1,4609,100,4026572,1
41106.666197048,1,4610,100,4033206,-1
41108.090551184,1,4611,100,4029293,1
41108.622521178,1,4612,100,4040909,-1
41109.811900865,1,4613,100,4034646,-1
41110.950974396,4,4611,100,4029293,1
41111.581054522,1,4614,100,4022828,-1
41112.538132564,1,4615,100,4017765,1
41114.004930289,1,4616,100,4023088,-1
41115.553297567,1,4617,100,4015083,1
41117.501986425,1,4618,100,4008698,1
41120.428702358,1,4619,100,4009229,1
41121.810278136,3,4603,100,4038604,-1
41122.86599321,1,4620,100,4001028,1
41123.745383812,1,4621,100,3992991,1
41124.552416787,3,4550,100,4022379,-1
41125.680369263,1,4622,100,4001787,1
41127.107476242,4,4620,100,4001028,1
41128.322202465,3,4581,100,4012995,-1
41129.437907851,3,4612,100,4040909,-1
41130.806507598,1,4623,100,3991212,1
41131.420500427,1,4624,100,3993850,-1
41132.402617287,1,4625,100,3995857,-1
41133.227369457,4,4511,100,4009666,1
41134.354564449,3,4582,100,4025446,1
41135.808361909,3,4606,100,4028297,1
41136.623256273,4,4412,100,4004020,1
41137.485070049,1,4626,100,3998952,-1
41138.261629204,5,4626,100,3998952,-1
41139.80151374,3,4616,100,4023088,-1
41140.628718638,1,4627,100,3991567,1
41144.107610363,1,4628,100,3976201,-1
41145.439158168,3,4512,100,4011415,1
41146.256669128,1,4629,100,3973313,1
41147.14866492,3,4614,100,4022828,-1
41147.966370355,1,4630,100,3976462,1
41148.945915362,4,4587,100,4031876,1
41150.12089478,1,4631,100,3981543,1
41151.498257531,3,4609,100,4026572,1
41152.551092263,1,4632,100,3985933,1
41153.249269717,1,4633,100,3991260,-1
41154.110515252,4,4506,100,4008700,1
41155.549881114,3,4556,100,4022326,1
41157.750732366,1,4634,100,3995951,1
41158.827566555,1,4635,100,3991026,1
41159.382368789,3,4627,100,3991567,1
41160.70307883,4,4634,100,3995951,1
41161.649340228,1,4636,100,3993896,-1
41162.826582778,3,4567,100,4012630,-1
41163.368879951,5,4595,100,4054530,-1
41164.355055387,1,4637,100,3987801,-1
41165.619291038,5,4605,100,4040462,-1
41167.087683504,4,4628,100,3976201,-1
41167.802497822,3,4571,100,4014035,1
41168.576078788,1,4638,100,3976046,1
41169.156243068,1,4639,100,3972132,1
41169.812325971,1,4640,100,3968845,1
41170.728137819,1,4641,100,3977125,1
41172.14690185,1,4642,100,3984333,-1
41173.138029821,5,4586,100,4031263,1
41174.535729249,1,4643,100,3989005,-1
41176.052556587,1,4644,100,3986833,1
41177.167246799,1,4645,100,3986951,1
41178.531329916,5,4637,100,3987801,-1
41179.539042866,4,4645,100,3986951,1
41181.251912291,1,4646,100,3994314,1
41182.070179382,1,4647,100,3992744,-1
41183.155993752,3,4618,100,4008698,1
41183.920283388,1,4648,100,3992956,-1
41184.617135918,3,4613,100,4034646,-1
41186.15692121,3,4604,100,4033315,1
41187.016789966,1,4649,100,3989862,-1
41188.264017118,4,4600,100,4041289,1
41189.255351427,1,4650,100,3984104,1
41190.126730321,3,4523,100,4000621,1
41191.018644506,1,4651,100,3987116,1
41192.547386821,1,4652,100,3988210,1
41194.632399006,5,4591,100,4031436,-1
41196.912664745,1,4653,100,3988795,1
41198.411867697,3,4607,100,4033037,-1
41199.919049628,3,4602,100,4038721,1
41201.080335218,1,4654,100,3982049,-1
41202.328360253,1,4655,100,3972004,1
41203.351890939,5,4574,100,3995214,1
41204.249848776,1,4656,100,3982824,-1
41204.976294198,1,4657,100,3974621,1
41205.649705712,5,4623,100,3991212,1
41206.193738372,1,4658,100,3975322,-1
41206.805399519,3,4594,100,4045922,-1
41207.700340042,1,4659,100,3983123,-1
41208.270513895,1,4660,100,3976360,1
41209.337037052,1,4661,100,3980262,1
41210.755685733,5,4648,100,3992956,-1
41211.804968331,1,4662,100,3977520,1
41213.290845485,1,4663,100,3974187,-1
41214.272278941,4,4638,100,3976046,1
41215.100634388,1,4664,200,3975523,1
41215.645561058,3,4585,100,4037415,-1
41216.763818144,4,4570,100,4006440,1
41217.570982871,1,4665,100,3972451,1
41219.808492278,1,4666,100,3970156,1
41220.862577289,3,4630,100,3976462,1
41221.638406141,1,4667,100,3974211,1
41223.096244535,3,4629,100,3973313,1
41225.437781986,1,4668,100,3969562,1
41227.845276863,4,4665,100,3972451,1
41229.175067876,1,4669,100,3973133,-1
41230.008336319,1,4670,100,3973273,-1
41230.763257104,3,4644,100,3986833,1
41232.665424742,4,4662,100,3977520,1
41233.949476347,1,4671,100,3971628,-1
41235.274545927,5,4639,100,3972132,1
41236.316120417,3,4583,100,4021110,1
41237.104343014,4,4598,100,4048562,1
41238.063051852,1,4672,100,3981547,-1
41238.805844307,3,4655,100,3972004,1
41240.196613979,4,4615,100,4017765,1
41241.175298278,3,4622,100,4001787,1
41242.067044931,1,4673,100,3991073,-1
41242.64482575,1,4674,100,3986987,1
41243.983692681,3,4667,100,3974211,1
41244.555345583,1,4675,300,3990099,1
41245.78365139,1,4676,100,3981781,1
41246.598880961,1,4677,100,3986296,-1
41247.277200044,1,4678,100,3983199,1
41248.095252787,4,4593,100,4036713,1
41249.337212357,1,4679,100,3987716,-1
41250.304197604,1,4680,100,3992732,-1
41251.15791542,1,4681,100,3991045,1
41252.662539702,3,4617,100,4015083,1
41253.634352646,3,4660,100,3976360,1
41254.552587241,3,4621,100,3992991,1
41255.502914636,5,4681,100,3991045,1
41257.680717468,1,4682,100,4007321,1
41259.123428679,3,4640,100,3968845,1
41259.685607429,3,4647,100,3992744,-1
41261.59806608,5,4636,100,3993896,-1
41262.149850459,5,4608,100,4028430,1
41263.727266479,1,4683,100,4023626,-1
41264.889931571,1,4684,100,4019988,1
41265.989074824,1,4685,100,4024839,-1
41266.531974447,3,4649,100,3989862,-1
41268.041568828,1,4686,100,4020819,-1
41269.795691242,4,4554,100,4020201,-1
41271.044505585,1,4687,100,4021620,1
41273.146875566,1,4688,100,4018233,-1
41274.308445633,4,4684,100,4019988,1
41276.72324653,5,4632,100,3985933,1
41277.798006453,1,4689,100,4017835,-1
41278.937326514,1,4690,100,4009382,-1
41280.394123437,3,4652,100,3988210,1
41281.841475039,1,4691,100,4013499,1
41282.797844002,4,4459,100,3989633,-1
41283.846657922,1,4692,100,4017305,-1
41285.273647473,1,4693,100,4014506,1
41286.07580306,1,4694,100,4010837,-1
41286.750783013,1,4695,100,4013649,1
41287.775205639,4,4694,100,4010837,-1
41288.364837731,4,4679,100,3987716,-1
41289.837568103,4,4656,100,3982824,-1
41291.14968811,4,4624,100,3993850,-1
41292.264136279,3,4672,100,3981547,-1
41292.943444388,3,4695,100,4013649,1
41294.457654184,1,4696,100,4019711,1
41295.246817928,1,4697,100,4016329,1
41296.239887394,1,4698,100,4022867,-1
41296.914974101,3,4650,100,3984104,1
41297.907755184,3,4690,100,4009382,-1
41299.083282129,1,4699,100,4023225,-1
41300.175287389,1,4700,100,4015670,-1
41301.112551536,1,4701,100,4009482,1
41302.593277015,4,4669,100,3973133,-1
41304.035071146,3,4678,100,3983199,1
41305.21879697,3,4631,100,3981543,1
41307.933368493,3,4658,100,3975322,-1
41309.907432429,1,4702,100,4000400,1
41310.528314497,4,4643,100,3989005,-1
41311.702665209,1,4703,100,3995597,1
41312.595119891,3,4700,100,4015670,-1
41313.398041542,1,4704,100,4015276,-1
41314.111222532,4,4680,100,3992732,-1
41315.595795208,1,4705,100,4009292,-1
41317.803272011,3,4666,100,3970156,1
41318.989027571,1,4706,100,4011680,-1
41319.585172492,3,4664,200,3975523,1
41320.961535355,4,4654,100,3982049,-1
41322.119674818,1,4707,100,4007345,1
41324.445052638,1,4708,100,4017746,-1
41325.288888848,1,4709,100,4009005,1
41326.446687693,1,4710,100,4004767,-1
41327.189944111,5,4699,100,4023225,-1
41328.651800836,1,4711,100,4007191,1
41330.208619762,3,4703,100,3995597,1
41331.729458556,4,4670,100,3973273,-1
41333.286938129,3,4688,100,4018233,-1
41334.653422168,4,4671,100,3971628,-1
41335.487526914,1,4712,100,3997184,-1
41336.940078484,1,4713,100,3994570,1
41337.667214821,1,4714,100,4001298,1
41341.116735618,1,4715,100,3996835,-1
41342.569338926,3,4590,100,4022439,1
41343.501390804,3,4557,100,4029011,-1
41344.23687106,5,4691,100,4013499,1
41345.028722611,1,4716,100,3989635,1
41345.81204184,1,4717,100,3993583,1
41347.195358366,4,4687,100,4021620,1
41350.11750981,3,4676,100,3981781,1
41350.703706595,1,4718,100,3997710,1
41351.675788081,1,4719,100,3999883,1
41352.2861243,4,4719,100,3999883,1
41353.485946697,4,4625,100,3995857,-1
41354.610428915,1,4720,100,3996764,1
41355.736600849,1,4721,100,4002388,-1
41357.306810989,3,4707,100,4007345,1
41358.032948984,1,4722,100,4010758,1
41359.12932872,4,4696,100,4019711,1
41360.651587677,3,4601,100,4045105,-1
41361.897737532,4,4580,100,4004633,1
41363.312901887,3,4706,100,4011680,-1
41364.432603037,3,4599,100,4044861,-1
41365.279288557,1,4723,100,4002305,1
41367.005626785,1,4724,100,4015890,-1
41367.907588044,5,4689,100,4017835,-1
41369.000920918,4,4659,100,3983123,-1
41370.076789599,4,4693,100,4014506,1
41370.862600446,3,4675,300,3990099,1
41372.2347214,4,4705,100,4009292,-1
41373.599460076,5,4715,100,3996835,-1
41374.259982473,3,4702,100,4000400,1
41375.789272442,1,4725,100,4025460,1
41376.551743939,3,4683,100,4023626,-1
41377.814719291,4,4677,100,3986296,-1
41378.755107386,5,4641,100,3977125,1
41379.529920176,1,4726,100,4035879,-1
41381.015454942,3,4646,100,3994314,1
41383.911392651,1,4727,100,4028685,1
41384.608120041,1,4728,100,4026704,1
41385.216335223,3,4718,100,3997710,1
41386.12278438,3,4610,100,4033206,-1
41387.280956455,1,4729,100,4034917,-1
41388.219590616,3,4727,100,4028685,1
41389.81473991,1,4730,100,4033525,1
41391.110514221,3,4723,100,4002305,1
41392.203185289,4,4642,100,3984333,-1
41393.203335857,3,4726,100,4035879,-1
41394.72114038,3,4547,100,4036379,-1
41395.541862624,1,4731,100,4040302,1
41397.107459556,4,4633,100,3991260,-1
41397.717420929,1,4732,100,4025302,1
41399.126831111,1,4733,100,4030134,1
41400.308165878,5,4733,100,4030134,1
41401.014065621,1,4734,100,4037185,-1
41402.348083263,1,4735,100,4030833,1
41403.684506291,3,4673,100,3991073,-1
41404.864440824,1,4736,100,4029386,1
41406.182413146,1,4737,100,4031413,1
41408.278804535,3,4685,100,4024839,-1
41409.443126717,3,4724,100,4015890,-1
41410.64246113,3,4717,100,3993583,1
41411.287573886,1,4738,100,4032785,1
41412.373944394,1,4739,100,4029862,-1
41413.061701408,1,4740,100,4022022,1
41416.004239021,5,4729,100,4034917,-1
41416.656112297,1,4741,100,4018308,1
41417.743564956,3,4716,100,3989635,1
41419.261134428,1,4742,100,4027108,-1
41420.54716607,3,4653,100,3988795,1
41422.08306521,1,4743,100,4022325,1
41423.603502234,4,4725,100,4025460,1
41425.110416545,1,4744,100,4024736,1
41426.470749531,1,4745,100,4028652,-1
41427.249491139,4,4721,100,4002388,-1
41428.452041221,3,4730,100,4033525,1
41429.594128464,1,4746,100,4033688,-1
41430.920366893,1,4747,100,4031283,1
41432.183358824,1,4748,100,4033646,1
41433.259462714,4,4592,100,4035885,-1
41435.927663999,1,4749,100,4032873,1
41437.19249774,5,4722,100,4010758,1
41438.213537204,1,4750,100,4023675,1
41440.631424321,4,4737,100,4031413,1
41443.324324654,3,4686,100,4020819,-1
41444.116457162,3,4576,100,3991415,1
41444.665902104,1,4751,100,4025744,1
41446.229596745,1,4752,100,4028346,-1
41447.443832731,1,4753,100,4022512,-1
41448.879223987,1,4754,100,4022619,-1
41450.47152844,1,4755,100,4011537,-1
41451.88266513,3,4663,100,3974187,-1
41452.605944135,5,4749,100,4032873,1
41453.973511125,4,4735,100,4030833,1
41454.793052891,1,4756,100,4000512,1
41455.659130021,1,4757,100,4004203,-1
41456.321237117,1,4758,100,4001249,-1
41457.23960623,5,4745,100,4028652,-1
41458.334387773,4,4748,100,4033646,1
41458.898508446,3,4651,100,3987116,1
41460.238515837,5,4711,100,4007191,1
41461.597197346,1,4759,100,4010364,-1
41463.073669777,4,4738,100,4032785,1
41464.641684596,1,4760,100,4007596,1
41465.239581985,1,4761,100,4009108,-1
41465.813222414,3,4746,100,4033688,-1
41468.017570821,1,4762,100,4012442,-1
41469.506809606,1,4763,100,4007658,1
41470.265190996,1,4764,100,3999281,1
41471.299144964,1,4765,100,3999782,1
41472.750352861,1,4766,100,4000899,-1
41474.254637441,1,4767,100,4000766,-1
41475.74791845,3,4743,100,4022325,1
41476.821005643,4,4740,100,4022022,1
41477.445431474,5,4751,100,4025744,1
41478.171009913,3,4713,100,3994570,1
41479.066098889,1,4768,100,3995321,1
41479.868206002,3,4763,100,4007658,1
41480.991227653,3,4742,100,4027108,-1
41481.871249915,1,4769,100,4001672,1
41483.710924182,1,4770,100,4006439,-1
41484.824017529,1,4771,100,4009908,1
41488.389707596,3,4657,100,3974621,1
41489.949540303,3,4661,100,3980262,1
41490.943234662,3,4734,100,4037185,-1
41492.539619398,3,4708,100,4017746,-1
41493.764155651,4,4712,100,3997184,-1
41495.038611911,1,4772,100,4006409,-1
41495.650649156,1,4773,100,4004241,-1
41496.735208041,1,4774,100,4005882,-1
41497.399467637,3,4732,100,4025302,1
41498.484828592,4,4709,100,4009005,1
41499.860563569,4,4750,100,4023675,1
41501.230332531,1,4775,100,4006744,-1
41503.516777351,1,4776,100,3999095,1
41504.176951373,1,4777,100,4002634,1
41505.300864496,1,4778,100,4000770,-1
41506.457951833,1,4779,100,3990151,1
41507.895516913,5,4757,100,4004203,-1
41509.048779114,1,4780,100,3989108,1
41510.52419618,1,4781,100,3983906,1
41511.437002823,5,4714,100,4001298,1
41512.202695308,5,4756,100,4000512,1
41512.782212619,1,4782,100,3988346,-1
41513.436603057,1,4783,100,3979182,-1
41514.331661193,1,4784,100,3978993,1
41515.959076897,1,4785,100,3977272,-1
41516.848868128,3,4635,100,3991026,1
41518.145260149,4,4747,100,4031283,1
41518.880536299,3,4692,100,4017305,-1
41520.403920565,1,4786,100,3983836,1
41521.678849041,3,4767,100,4000766,-1
41522.708521483,1,4787,100,3985175,1
41523.697581012,1,4788,100,3986999,-1
41524.793284988,1,4789,100,3994149,-1
41526.722196676,5,4760,100,4007596,1
41528.197308601,3,4619,100,4009229,1
41528.796486787,1,4790,100,3977802,1
41529.472056777,4,4785,100,3977272,-1
41530.447546447,1,4791,100,3979502,1
41531.315396784,1,4792,100,3980019,1
41531.921812396,1,4793,100,3981232,1
41533.275975059,3,4790,100,3977802,1
41534.599648706,1,4794,100,3980754,1
41535.529534444,4,4771,100,4009908,1
41536.45448694,5,4782,100,3988346,-1
41537.4520826,3,4792,100,3980019,1
41538.881340483,5,4758,100,4001249,-1
41540.241641791,1,4795,100,3975202,1
41540.860755523,1,4796,100,3978039,-1
41545.235166227,1,4797,100,3980003,1
41546.159787186,1,4798,100,3989189,-1
41547.784909479,5,4752,100,4028346,-1
41548.710440022,3,4795,100,3975202,1
41549.94102238,4,4682,100,4007321,1
41551.247790886,5,4775,100,4006744,-1
41551.960838399,3,4744,100,4024736,1
41552.68850004,1,4799,100,3967572,1
41553.26778603,1,4800,100,3970900,-1
41554.671491274,1,4801,100,3967205,-1
41555.762895606,5,4596,100,4057660,-1
41557.621517888,1,4802,100,3962971,-1
41558.417633955,3,4786,100,3983836,1
41559.321704138,3,4776,100,3999095,1
41560.705637548,3,4796,100,3978039,-1
41561.414408703,1,4803,100,3960840,-1
41562.933250361,3,4736,100,4029386,1
41564.486990286,1,4804,100,3961942,-1
41565.704467245,1,4805,100,3960163,1
41566.76628274,3,4728,100,4026704,1
41567.656900164,3,4801,100,3967205,-1
41568.656433821,1,4806,100,3967415,1
41570.236891421,1,4807,100,3973879,-1
41571.615360174,3,4794,100,3980754,1
41573.18368023,1,4808,100,3968113,1
41574.739314537,1,4809,100,3973319,-1
41575.714813674,1,4810,100,3967594,1
41578.10149436,1,4811,100,3958818,1
41578.843150428,4,4741,100,4018308,1
41579.558369425,1,4812,100,3968050,-1
41580.131226093,4,4793,100,3981232,1
41581.455180385,5,4781,100,3983906,1
41582.356280706,4,4812,100,3968050,-1
41583.805318492,4,4768,100,3995321,1
41585.424602545,1,4813,100,3974368,-1
41586.26539148,3,4753,100,4022512,-1
41587.619456507,1,4814,100,3970715,1
41588.466814933,1,4815,100,3969994,1
41589.228861157,1,4816,100,3967276,1
41590.740488393,3,4805,100,3960163,1
41592.959298333,3,4803,100,3960840,-1
41594.227189727,1,4817,100,3966173,-1
41595.821444674,4,4811,100,3958818,1
41597.113424464,4,4816,100,3967276,1
41598.253542713,1,4818,100,3964967,-1
41598.838664601,3,4739,100,4029862,-1
41600.138634922,1,4819,100,3959829,1
41601.474615388,1,4820,100,3958062,1
41602.311045558,1,4821,100,3958928,-1
41606.245570866,3,4710,100,4004767,-1
41607.292858012,3,4797,100,3980003,1
41607.976520211,4,4697,100,4016329,1
41609.24226917,1,4822,100,3974015,1
41610.374005441,4,4731,100,4040302,1
41611.34584852,1,4823,100,3983637,-1
41612.946342097,1,4824,100,3982212,-1
41613.62525954,1,4825,100,3979012,1
41614.284290732,3,4823,100,3983637,-1
41615.409970102,1,4826,100,3982584,-1
41616.037266026,1,4827,100,3982119,1
41616.956454876,4,4804,100,3961942,-1
41618.129793021,4,4807,100,3973879,-1
41619.339589344,1,4828,100,3985575,-1
41620.559922828,5,4798,100,3989189,-1
41622.872744253,1,4829,100,3974199,1
41624.17175299,3,4802,100,3962971,-1
41625.424809674,1,4830,100,3958990,1
41626.989166409,4,4779,100,3990151,1
41628.477037098,4,4822,100,3974015,1
41630.117978783,4,4806,100,3967415,1
41630.777739461,1,4831,100,3962766,-1
41632.242326136,4,4799,100,3967572,1
41632.846256861,3,4830,100,3958990,1
41633.801320674,3,4825,100,3979012,1
41634.596118942,1,4832,100,3964129,-1
41635.333144792,3,4755,100,4011537,-1
41636.354898403,4,4784,100,3978993,1
41637.670553817,1,4833,100,3971561,1
41638.653388267,1,4834,100,3972094,-1
41640.282002101,1,4835,100,3972080,-1
41641.342832054,4,4832,100,3964129,-1
41641.982446893,3,4831,100,3962766,-1
41643.459790224,4,4764,100,3999281,1
41644.76885496,3,4809,100,3973319,-1
41646.01607271,3,4800,100,3970900,-1
41647.564845412,4,4668,100,3969562,1
41648.397514421,4,4810,100,3967594,1
41651.046578602,1,4836,100,3943957,-1
41652.108767732,1,4837,100,3947679,1
41653.268627264,3,4836,100,3943957,-1
41654.58908306,3,4720,100,3996764,1
41655.66042592,4,4787,100,3985175,1
41656.7132517,5,4814,100,3970715,1
41657.581842131,3,4815,100,3969994,1
41658.359278113,1,4838,100,3952943,-1
41659.149070384,1,4839,100,3951330,1
41660.329788992,1,4840,100,3948837,1
41661.506102621,1,4841,100,3954328,-1
41662.744264425,1,4842,100,3955246,1
41663.904809622,3,4777,100,4002634,1
41664.884684568,3,4840,100,3948837,1
41665.804269968,1,4843,100,3964233,-1
41666.703757565,5,4827,100,3982119,1
41667.397666007,5,4813,100,3974368,-1
41667.968087579,3,4698,100,4022867,-1
41669.110637023,1,4844,100,3950426,1
41670.45553116,4,4808,100,3968113,1
41671.607980513,1,4845,100,3972339,-1
41673.047139209,3,4824,100,3982212,-1
41673.962538233,1,4846,100,3964052,1
41675.21736228,1,4847,100,3966634,-1
41676.44925903,1,4848,100,3967738,-1
41677.973718746,3,4770,100,4006439,-1
41678.892990529,1,4849,100,3968964,1
41680.237544451,4,4838,100,3952943,-1
41681.538600961,1,4850,100,3974230,-1
41683.819157144,1,4851,100,3977371,1
41685.34993787,1,4852,100,3979533,-1
41686.189993111,1,4853,100,3975655,-1
41686.969348158,1,4854,100,3980490,-1
41687.688922634,1,4855,100,3968702,1
41688.354478627,3,4773,100,4004241,-1
41689.488296226,3,4842,100,3955246,1
41690.743986408,1,4856,100,3965738,-1
41692.404155868,4,4780,100,3989108,1
41693.509045735,1,4857,100,3969238,1
41694.926152424,1,4858,100,3978049,-1
41695.675270503,3,4835,100,3972080,-1
41696.239583799,1,4859,100,3975093,1
41697.724108706,4,4859,100,3975093,1
41698.612137553,1,4860,100,3975771,-1
41699.700983708,5,4856,100,3965738,-1
41701.020854757,1,4861,100,3974916,1
41701.816530964,1,4862,100,3982924,-1
41702.692467121,1,4863,100,3982165,-1
41704.208678112,4,4841,100,3954328,-1
41705.831518326,3,4851,100,3977371,1
41706.435283384,5,4852,100,3979533,-1
41709.170062656,1,4864,100,3976102,-1
41709.914039784,1,4865,100,3972017,-1
41710.917882514,5,4844,100,3950426,1
41712.543834438,5,4846,100,3964052,1
41713.220885822,3,4858,100,3978049,-1
41714.535293453,3,4789,100,3994149,-1
41715.299113487,3,4853,100,3975655,-1
41716.865728706,1,4866,100,3964025,1
41717.851919407,3,4854,100,3980490,-1
41718.635642711,1,4867,100,3965857,-1
41719.869115786,1,4868,100,3963895,-1
41720.661588609,5,4828,100,3985575,-1
41721.629745396,3,4839,100,3951330,1
41722.894228196,4,4867,100,3965857,-1
41724.512626141,3,4774,100,4005882,-1
41725.709703961,1,4869,100,3964647,1
41727.020847618,1,4870,100,3959382,1
41727.994407337,4,4821,100,3958928,-1
41729.151342893,3,4870,100,3959382,1
41730.793441331,1,4871,100,3959844,1
41732.346336978,1,4872,100,3956789,-1
41733.2722957,1,4873,100,3955224,-1
41734.829300739,1,4874,100,3959973,-1
41735.848574761,3,4848,100,3967738,-1
41736.718209567,3,4829,100,3974199,1
41737.483523292,3,4762,100,4012442,-1
41738.339978133,1,4875,100,3952764,1
41739.210611456,3,4769,100,4001672,1
41741.440968143,5,4862,100,3982924,-1
41742.749609319,3,4783,100,3979182,-1
41743.690768979,1,4876,100,3935220,1
41744.560588891,4,4857,100,3969238,1
41745.697124405,1,4877,100,3929229,-1
41747.24450272,1,4878,100,3928048,1
41748.183207418,3,4766,100,4000899,-1
41749.520382042,1,4879,100,3928099,-1
41751.376186612,1,4880,100,3915210,1
41752.110345488,1,4881,100,3914805,1
41753.048335223,1,4882,100,3912129,1
41754.223639756,4,4819,100,3959829,1
41755.740084033,1,4883,100,3908519,1
41756.352282899,1,4884,100,3907962,1
41756.937973833,4,4878,100,3928048,1
41757.716478062,1,4885,100,3908853,-1
41758.90618406,3,4754,100,4022619,-1
41760.165356504,3,4826,100,3982584,-1
41761.575532757,1,4886,100,3907427,1
41762.97902363,1,4887,100,3909047,1
41763.551184168,3,4778,100,4000770,-1
41764.594280786,1,4888,100,3914712,1
41766.160754076,3,4704,100,4015276,-1
41767.189009097,3,4887,100,3909047,1
41768.54337388,1,4889,100,3909712,1
41769.498387917,3,4872,100,3956789,-1
41770.446589234,1,4890,100,3912778,1
41771.889541715,1,4891,100,3912930,1
41773.195145491,3,4877,100,3929229,-1
41775.432177877,1,4892,100,3922812,1
41778.122471592,1,4893,100,3910582,-1
41779.262497084,3,4759,100,4010364,-1
41780.00061613,3,4869,100,3964647,1
41781.505964433,3,4871,100,3959844,1
41782.374662863,1,4894,100,3908502,-1
41783.702405883,3,4818,100,3964967,-1
41785.171632902,3,4837,100,3947679,1
41786.646421881,1,4895,100,3909095,1
41788.675544211,1,4896,100,3919966,-1
41789.748423937,1,4897,100,3920204,1
41791.306336517,3,4788,100,3986999,-1
41792.0130696,4,4861,100,3974916,1
41793.677451481,1,4898,100,3927187,-1
41794.380593213,4,4674,100,3986987,1
41795.681417809,3,4850,100,3974230,-1
41796.486921585,3,4701,100,4009482,1
41797.171438995,4,4896,100,3919966,-1
41798.596589897,3,4873,100,3955224,-1
41799.909304787,5,4845,100,3972339,-1
41801.481840874,3,4892,100,3922812,1
41802.188290057,1,4899,100,3913591,1
41805.231138618,3,4855,100,3968702,1
41806.482428119,1,4900,100,3911250,1
41807.239607094,3,4897,100,3920204,1
41808.574357134,4,4866,100,3964025,1
41809.334472625,1,4901,100,3916631,-1
41810.396480177,1,4902,100,3915121,1
41811.689899664,1,4903,100,3921962,-1
41813.133803624,1,4904,100,3925547,-1
41814.347316705,4,4903,100,3921962,-1
41815.299841921,1,4905,100,3925948,-1
41816.382927022,4,4765,100,3999782,1
41817.750833466,1,4906,100,3929574,-1
41819.291068166,3,4834,100,3972094,-1
41820.393419654,3,4885,100,3908853,-1
41821.854013001,3,4817,100,3966173,-1
41822.508994872,1,4907,100,3927435,1
41824.178806803,3,4891,100,3912930,1
41824.866425974,1,4908,100,3927356,-1
41825.595977747,1,4909,100,3927381,1
41826.527592966,3,4905,100,3925948,-1
41827.280036573,1,4910,100,3931094,1
41828.218927058,3,4909,100,3927381,1
41829.259794831,1,4911,100,3928110,-1
41830.667164385,1,4912,100,3925102,-1
41831.834699015,1,4913,100,3926099,-1
41835.269777642,1,4914,100,3912286,1
41835.86916655,1,4915,100,3911913,1
41836.592276598,1,4916,100,3908925,1
41837.47386371,1,4917,100,3905305,1
41838.570877876,5,4902,100,3915121,1
41839.256246638,3,4900,100,3911250,1
41840.664846261,1,4918,100,3907491,-1
41841.520785292,5,4876,100,3935220,1
41842.10222634,4,4849,100,3968964,1
41842.679009265,1,4919,100,3914267,-1
41843.682881431,3,4901,100,3916631,-1
41844.252258826,1,4920,100,3916509,1
41845.526958886,1,4921,100,3913289,1
41847.480417413,3,4919,100,3914267,-1
41849.151727647,1,4922,100,3918437,-1
41850.618185315,3,4917,100,3905305,1
41852.072525373,1,4923,100,3916497,-1
41853.406753149,5,4920,100,3916509,1
41854.428263916,1,4924,100,3920747,1
41855.642240965,1,4925,100,3914025,1
41856.888236314,3,4916,100,3908925,1
41859.077160927,1,4926,100,3911722,1
41860.478640651,1,4927,100,3924411,-1
41861.629793498,5,4911,100,3928110,-1
41862.496193133,5,4899,100,3913591,1
41863.398255141,3,4865,100,3972017,-1
41864.836812827,1,4928,100,3915469,1
41865.571449689,1,4929,100,3923042,1
41866.274714119,3,4907,100,3927435,1
41867.511488689,3,4924,100,3920747,1
41869.048588662,3,4890,100,3912778,1
41870.187913303,1,4930,100,3931861,-1
41871.508927833,5,4922,100,3918437,-1
41872.394110019,1,4931,100,3920059,1
41873.562635303,1,4932,100,3928999,-1
41875.131711662,1,4933,100,3929831,-1
41876.41362349,1,4934,100,3922793,1
41877.039065547,4,4893,100,3910582,-1
41878.036269614,3,4772,100,4006409,-1
41879.561591537,5,4926,100,3911722,1
41880.160562508,4,4932,100,3928999,-1
41881.405368878,4,4933,100,3929831,-1
41884.353511172,1,4935,100,3931185,1
41885.470642053,3,4843,100,3964233,-1
41886.209329361,3,4895,100,3909095,1
41887.389418939,3,4921,100,3913289,1
41888.490369868,3,4906,100,3929574,-1
41889.066741964,1,4936,100,3931169,1
41890.529852646,4,4791,100,3979502,1
41891.205128133,3,4894,100,3908502,-1
41892.621306663,3,4884,100,3907962,1
41894.032829305,4,4820,100,3958062,1
41894.900378594,1,4937,100,3919892,1
41896.063283128,4,4935,100,3931185,1
41897.523039711,4,4936,100,3931169,1
41898.860780889,3,4913,100,3926099,-1
41899.700959149,3,4914,100,3912286,1
41900.444799044,3,4931,100,3920059,1
41902.154305536,4,4910,100,3931094,1
41904.652456623,1,4938,100,3925107,1
41905.641759752,1,4939,100,3924281,1
41906.583188477,1,4940,100,3933848,-1
41907.527199844,1,4941,100,3930820,-1
41908.740767376,3,4923,100,3916497,-1
41910.833227355,1,4942,100,3932470,1
41911.752375293,3,4847,100,3966634,-1
41913.083487781,1,4943,100,3936479,-1
41914.026328915,5,4943,100,3936479,-1
41915.715227887,1,4944,100,3933520,1
41918.084300429,1,4945,100,3931569,-1
41919.271551091,3,4904,100,3925547,-1
41920.173173619,4,4875,100,3952764,1
41921.095085543,3,4833,100,3971561,1
41922.472096905,1,4946,100,3934997,1
41923.404903122,3,4883,100,3908519,1
41924.072734044,1,4947,100,3940163,-1
41925.688979187,3,4880,100,3915210,1
41926.865774825,1,4948,100,3942583,-1
41927.963200902,1,4949,100,3942387,-1
41929.557664563,1,4950,100,3939824,-1
41930.477890038,1,4951,100,3935980,1
41931.141934892,1,4952,100,3939489,1
41931.723299245,3,4888,100,3914712,1
41932.612871398,1,4953,100,3936872,1
41934.088467735,1,4954,100,3939844,1
41935.15652184,3,4881,100,3914805,1
41936.475235899,3,4928,100,3915469,1
41937.347437841,3,4940,100,3933848,-1
41938.718957691,4,4950,100,3939824,-1
41939.324525813,1,4955,100,3938635,1
41940.277920101,3,4947,100,3940163,-1
41941.955148016,1,4956,100,3931484,1
41942.645280753,1,4957,100,3933660,-1
41944.298810787,4,4954,100,3939844,1
41945.185900124,3,4925,100,3914025,1
41946.67595153,1,4958,100,3935080,-1
41947.618794423,4,4946,100,3934997,1
41949.275842557,1,4959,100,3924006,-1
41950.675634888,1,4960,100,3917224,1
41951.560492798,1,4961,100,3917160,1
41953.201018809,3,4955,100,3938635,1
41954.840617252,1,4962,100,3916321,-1
41956.337208831,1,4963,100,3916639,1
41957.746433571,1,4964,100,3916091,-1
41958.938623658,1,4965,100,3914701,1
41959.924959045,3,4864,100,3976102,-1
41961.225102046,1,4966,100,3911533,1
41962.743490335,1,4967,100,3914218,1
41964.050881919,1,4968,100,3917616,1
41965.474010034,3,4951,100,3935980,1
41967.147815046,1,4969,100,3912931,1
41968.443198317,1,4970,100,3917374,-1
41969.267322974,1,4971,100,3915448,-1
41969.882335589,4,4970,100,3917374,-1
41970.570775864,1,4972,100,3924658,-1
41971.471987977,1,4973,100,3925056,-1
41973.066585813,3,4889,100,3909712,1
41974.427934147,3,4963,100,3916639,1
41975.149221047,4,4938,100,3925107,1
41976.304859827,1,4974,100,3902714,1
41977.328208432,3,4930,100,3931861,-1
41978.93629778,1,4975,100,3909221,-1
41979.73896747,4,4944,100,3933520,1
41981.277154746,1,4976,100,3918091,-1
41984.515616196,3,4956,100,3931484,1
41985.212945343,1,4977,100,3908271,1
41986.93819987,1,4978,100,3909625,1
41987.594748486,1,4979,100,3910737,1
41988.713280937,1,4980,100,3919042,-1
41990.411019274,1,4981,100,3911061,1
41991.485956717,5,4975,100,3909221,-1
41992.512651016,1,4982,100,3902474,1
41993.882693197,4,4967,100,3914218,1
41996.063486785,1,4983,100,3910793,-1
41997.230530953,1,4984,100,3910904,-1
41998.940500801,5,4960,100,3917224,1
42001.870968078,1,4985,100,3913089,-1
42002.558570025,1,4986,100,3906121,1
42004.184732589,1,4987,100,3906374,1
42004.83067219,4,4965,100,3914701,1
42005.776906164,3,4912,100,3925102,-1
42006.569289094,3,4968,100,3917616,1
42007.294998232,5,4863,100,3982165,-1
42008.981266375,3,4949,100,3942387,-1
42010.68954591,3,4971,100,3915448,-1
42011.958990958,3,4915,100,3911913,1
42013.309678196,1,4988,100,3911500,-1
42014.83378547,3,4918,100,3907491,-1
42015.642409339,1,4989,100,3908302,1
42016.290161125,4,4988,100,3911500,-1
42017.855662554,1,4990,100,3912057,1
42019.398708468,3,4939,100,3924281,1
42020.01611285,1,4991,100,3905867,-1
42021.73503769,3,4983,100,3910793,-1
42022.778418077,3,4882,100,3912129,1
42024.262185436,3,4908,100,3927356,-1
42024.94423893,3,4978,100,3909625,1
42026.827762321,3,4937,100,3919892,1
42027.547300621,4,4929,100,3923042,1
42029.241267849,1,4992,100,3914188,1
42029.958199971,1,4993,100,3924495,-1
42031.098371249,5,4879,100,3928099,-1
42033.35540395,1,4994,100,3919601,1
42033.979026643,3,4977,100,3908271,1
42034.933133485,4,4991,100,3905867,-1
42035.984007738,1,4995,100,3917656,-1
42036.792439994,4,4985,100,3913089,-1
42037.846948695,1,4996,100,3916956,1
42038.846850735,1,4997,100,3929141,-1
42040.3737908,5,4952,100,3939489,1
42041.347692476,1,4998,100,3937576,-1
42043.820674472,5,4874,100,3959973,-1
42044.927677358,1,4999,100,3932733,1
42046.097487844,1,5000,100,3935534,-1
42046.716965581,3,4898,100,3927187,-1
42048.191952674,4,4984,100,3910904,-1
42049.817744076,1,5001,100,3926204,-1
42050.643767245,3,4964,100,3916091,-1
42051.49962337,4,4953,100,3936872,1
42052.206418509,4,4976,100,3918091,-1
42053.746435054,3,4959,100,3924006,-1
42055.111380128,1,5002,100,3921234,1
42056.425794183,1,5003,100,3917105,1
42059.435959068,4,4981,100,3911061,1
42060.634811613,1,5004,100,3896198,-1
42062.294121008,1,5005,100,3897074,-1
42063.572242994,1,5006,100,3894024,-1
42064.181712559,3,4961,100,3917160,1
42064.770179974,4,4982,100,3902474,1
42066.155963073,3,4973,100,3925056,-1
42067.450185211,4,4999,100,3932733,1
42068.050582475,1,5007,100,3906980,-1
42069.553312906,3,5002,100,3921234,1
42070.663851546,1,5008,100,3907395,-1
42071.47416969,1,5009,100,3913492,1
42073.577949737,1,5010,100,3924042,1
42074.746922199,5,4969,100,3912931,1
42076.249530272,3,4987,100,3906374,1
42076.968005327,3,4945,100,3931569,-1
42078.10423811,1,5011,100,3929679,1
42080.842516808,4,4957,100,3933660,-1
42082.344671553,3,5003,100,3917105,1
42083.047857731,5,4986,100,3906121,1
42084.633211707,1,5012,100,3948199,-1
42085.762683231,1,5013,100,3947550,-1
42088.07942115,5,4972,100,3924658,-1
42089.741624727,1,5014,100,3952230,-1
42090.786568889,1,5015,100,3949351,-1
42091.511489074,5,4886,100,3907427,1
42094.667122831,4,4993,100,3924495,-1
42095.285670489,4,4958,100,3935080,-1
42096.393241645,3,4974,100,3902714,1
42098.174745462,3,4934,100,3922793,1
42098.96847891,1,5016,100,3972222,-1
42099.639089051,1,5017,100,3967228,1
42101.295350048,3,4992,100,3914188,1
42102.488984525,5,4860,100,3975771,-1
42103.646974722,3,5014,100,3952230,-1
42105.211224115,3,4966,100,3911533,1
42106.070685625,1,5018,100,3973523,-1
42107.713253052,3,5013,100,3947550,-1
42109.580895196,5,4989,100,3908302,1
42110.760107496,1,5019,100,3968467,1
42112.280961392,1,5020,100,3972463,-1
42113.661699561,1,5021,100,3972216,-1
42114.484565759,5,4980,100,3919042,-1
42116.139337503,1,5022,100,3971806,1
42117.79161276,1,5023,100,3978253,-1
42119.475900028,4,5021,100,3972216,-1
42120.538071633,3,5010,100,3924042,1
42121.555406858,4,5018,100,3973523,-1
42122.901381425,1,5024,100,3987973,-1
42123.99476728,1,5025,100,3986692,-1
42124.854941859,3,4962,100,3916321,-1
42125.583809044,1,5026,100,3997204,1
42127.100736934,1,5027,100,3998880,1
42127.988651634,1,5028,100,4000395,1
42128.638711205,1,5029,100,4007569,-1
42130.042048367,1,5030,100,4001725,-1
42131.615045532,3,5001,100,3926204,-1
42134.391558701,1,5031,100,3988718,1
42135.35235783,1,5032,100,3988878,1
42136.532083108,4,4995,100,3917656,-1
42137.229856594,4,5006,100,3894024,-1
42138.489203174,3,5026,100,3997204,1
42141.074672945,1,5033,100,3980868,1
42142.619165357,4,5020,100,3972463,-1
42143.698383119,4,5015,100,3949351,-1
42144.943727897,3,5019,100,3968467,1
42145.915516352,5,4941,100,3930820,-1
42147.160732884,3,5029,100,4007569,-1
42148.803123633,1,5034,100,3991647,1
42149.613881658,5,4761,100,4009108,-1
42151.90550903,1,5035,100,3997370,-1
42153.299210852,1,5036,100,3999742,-1
42155.434360829,3,4990,100,3912057,1
42157.603509251,1,5037,100,3986590,1
42158.395641712,3,5027,100,3998880,1
42159.575302673,3,4994,100,3919601,1
42160.984103893,1,5038,100,3973825,1
42161.804400894,4,5032,100,3988878,1
42163.115653767,3,4942,100,3932470,1
42163.963940419,1,5039,100,3976785,-1
42164.824565706,5,5008,100,3907395,-1
42166.170980161,1,5040,100,3983084,-1
42167.174826239,4,5007,100,3906980,-1
42168.083512106,1,5041,100,3985969,-1
42168.743588756,5,5038,100,3973825,1
42173.639776721,1,5042,100,3991766,1
42176.409649132,3,4948,100,3942583,-1
42179.291360828,4,4997,100,3929141,-1
42181.040091974,1,5043,100,3997035,-1
42182.414031236,1,5044,100,3999918,1
42183.127862961,1,5045,100,3997562,1
42183.799348607,3,5044,100,3999918,1
42185.408509437,1,5046,100,3997253,-1
42186.128659066,5,5024,100,3987973,-1
42187.610113247,1,5047,100,3989016,-1
42188.450624622,4,5034,100,3991647,1
42189.230524314,1,5048,100,3986656,1
42190.733855068,1,5049,100,3983798,1
42192.173547468,1,5050,100,3985804,-1
42192.878248517,3,5012,100,3948199,-1
42193.476353173,3,5040,100,3983084,-1
42194.389331358,1,5051,100,3981143,-1
42195.101741682,1,5052,100,3980601,-1
42196.718398791,3,4998,100,3937576,-1
42198.412947945,1,5053,100,3985254,-1
42199.49380904,4,5005,100,3897074,-1
42201.163323251,1,5054,100,3984504,-1
42202.903825152,1,5055,100,3994740,-1
42204.108603941,1,5056,100,3992981,-1
42205.326303207,3,5053,100,3985254,-1
42206.685558086,4,5004,100,3896198,-1
42208.05649483,1,5057,100,3988340,-1
42209.032906145,3,5030,100,4001725,-1
42211.434795263,1,5058,100,3985428,-1
42212.11047813,4,5023,100,3978253,-1
42213.84025047,1,5059,100,3982482,1
42215.008942695,3,5043,100,3997035,-1
42216.006059841,1,5060,100,3984537,-1
42216.627546053,3,5031,100,3988718,1
42218.128584286,1,5061,100,3989918,1
42219.520725118,3,5045,100,3997562,1
42220.776938376,4,5016,100,3972222,-1
42221.783659775,1,5062,200,3979311,1
42222.7615033,3,4979,100,3910737,1
42223.602689923,1,5063,100,3991911,-1
42224.465316176,1,5064,100,3983258,-1
42226.126665053,1,5065,100,3979050,1
42227.048999165,3,5046,100,3997253,-1
42228.172137819,5,5058,100,3985428,-1
42229.667489214,4,5042,100,3991766,1
42230.960356005,5,5065,100,3979050,1
42231.767241083,5,5055,100,3994740,-1
42233.260356229,1,5066,100,3987738,1
42234.419779353,3,5060,100,3984537,-1
42235.528183926,4,5051,100,3981143,-1
42236.225589571,5,5061,100,3989918,1
42237.8659672,1,5067,100,3973898,1
42240.492400219,1,5068,100,3975175,-1
42243.550592146,1,5069,100,3982164,1
42246.789116334,4,4927,100,3924411,-1
42248.091206746,1,5070,100,3976413,1
42248.786115696,4,5054,100,3984504,-1
42249.64663366,4,5068,100,3975175,-1
42251.083673323,3,5067,100,3973898,1
42252.651869219,3,5069,100,3982164,1
42254.222958787,1,5071,100,3980037,1
42255.750991528,4,5041,100,3985969,-1
42256.731308074,1,5072,100,3978638,1
42258.154740152,5,5039,100,3976785,-1
42259.850370047,4,5052,100,3980601,-1
42261.153390031,3,5025,100,3986692,-1
42262.665027303,5,5048,100,3986656,1
42263.959115886,3,5056,100,3992981,-1
42265.7174051,1,5073,100,3983489,1
42267.091370532,5,5000,100,3935534,-1
42268.38014084,3,5022,100,3971806,1
42269.986206123,4,5047,100,3989016,-1
42271.685233377,4,5050,100,3985804,-1
42273.44167685,3,5028,100,4000395,1
42275.171226296,1,5074,100,3988196,1
42276.066870061,5,5037,100,3986590,1
42277.41831842,1,5075,100,3998221,-1
42279.137881764,1,5076,100,4003035,-1
42280.443205843,1,5077,100,4003029,-1
42282.036048486,1,5078,100,4001661,1
42283.689355674,4,4868,100,3963895,-1
42285.409037796,1,5079,100,4009394,1
42286.271152317,4,5064,100,3983258,-1
42287.462081392,3,5072,100,3978638,1
42288.556265946,1,5080,100,4020353,-1
42289.962981847,3,5059,100,3982482,1
42291.845355871,3,4996,100,3916956,1
42292.90387685,1,5081,100,4024872,-1
42293.59454623,1,5082,100,4021992,1
42294.28372157,1,5083,100,4017618,1
42295.629500749,5,5073,100,3983489,1
42296.79009914,5,5063,100,3991911,-1
42298.316978158,1,5084,100,4015590,1
42300.00310833,4,5035,100,3997370,-1
42301.587901949,1,5085,100,4021515,1
42302.602182877,5,5009,100,3913492,1
42304.295800443,1,5086,100,4024358,-1
42305.184960305,1,5087,100,4018081,1
42306.003158942,3,5075,100,3998221,-1
42307.100048571,3,5079,100,4009394,1
42307.916528851,1,5088,100,4016957,1
42308.527096598,1,5089,100,4025125,1
42309.86258266,1,5090,100,4028628,1
42310.969891718,1,5091,100,4023022,1
42311.891751943,3,5087,100,4018081,1
42312.566814378,3,5066,100,3987738,1
42314.133882326,1,5092,100,4030706,1
42315.562095502,1,5093,100,4032595,1
42318.206213032,3,5088,100,4016957,1
42319.333348644,1,5094,100,4040185,1
42320.261366101,1,5095,100,4052225,-1
42320.933203163,3,5033,100,3980868,1
42322.694084453,4,5077,100,4003029,-1
42324.056520544,4,5036,100,3999742,-1
42325.580927331,4,5095,100,4052225,-1
42326.497067782,3,5071,100,3980037,1
42327.883945857,1,5096,100,4056862,1
42329.904598664,1,5097,100,4059064,-1
42331.283817925,1,5098,100,4059482,-1
42333.064326261,4,5057,100,3988340,-1
42334.745532207,1,5099,100,4052351,-1
42336.000749952,1,5100,100,4046721,-1
42337.029695853,4,5096,100,4056862,1
42337.986732588,1,5101,100,4042596,1
42338.917746099,1,5102,100,4043572,1
42340.56052698,1,5103,100,4043261,-1
42341.483862722,1,5104,100,4038609,1
42342.961126918,3,5086,100,4024358,-1
42344.122519577,3,5100,100,4046721,-1
42344.946828436,1,5105,100,4038165,-1
42345.980207412,3,5017,100,3967228,1
42347.10087469,1,5106,100,4037874,1
42348.842844172,3,5101,100,4042596,1
42349.636931858,5,5097,100,4059064,-1
42350.555444337,1,5107,100,4038663,-1
42352.240670459,5,5090,100,4028628,1
42353.579903989,1,5108,100,4038599,1
42355.057575451,1,5109,100,4039938,1
42356.57249987,3,5092,100,4030706,1
42357.694187144,3,5076,100,4003035,-1
42358.458908547,3,5109,100,4039938,1
42359.63469898,4,5081,100,4024872,-1
42360.793579286,4,5105,100,4038165,-1
42362.073023071,4,5099,100,4052351,-1
42363.844388421,1,5110,100,4044270,1
42364.672985541,3,5083,100,4017618,1
42366.446230077,1,5111,100,4046159,1
42367.169166715,3,5108,100,4038599,1
42368.837558829,1,5112,100,4045921,1
42370.11682425,1,5113,100,4042580,-1
42371.281810523,3,5080,100,4020353,-1
42373.068444094,3,5106,100,4037874,1
42374.469332831,1,5114,100,4035539,-1
42375.5763568,3,5089,100,4025125,1
42376.78477107,3,5094,100,4040185,1
42377.739522542,4,5111,100,4046159,1
42378.621591252,1,5115,100,4032507,-1
42379.977779129,1,5116,100,4030935,-1
42380.666603163,3,5110,100,4044270,1
42381.71507772,4,5102,100,4043572,1
42383.277453004,4,5116,100,4030935,-1
42384.096792585,1,5117,100,4027332,-1
42385.433523627,3,5091,100,4023022,1
42386.226067135,3,5084,100,4015590,1
42387.860632304,1,5118,100,4016439,1
42388.541950828,3,5114,100,4035539,-1
42390.312597996,4,5082,100,4021992,1
42391.365273891,4,5112,100,4045921,1
42392.196025698,1,5119,100,4030441,-1
42393.463429022,3,5074,100,3988196,1
42395.035348535,4,5104,100,4038609,1
42396.807466609,3,5103,100,4043261,-1
42398.378329388,3,5119,100,4030441,-1
42400.178686635,1,5120,100,4027248,-1
42400.844024895,4,5085,100,4021515,1
42401.669974187,4,5093,100,4032595,1
42403.26995889,5,5117,100,4027332,-1
42404.501902172,1,5121,100,4009046,-1
42405.307106484,4,5118,100,4016439,1
42406.813324458,3,5107,100,4038663,-1
42408.03243784,5,5078,100,4001661,1
42409.801153184,3,5049,100,3983798,1
42410.744802081,1,5122,100,4020016,1
42411.84591284,3,5070,100,3976413,1
42412.886497332,1,5123,100,4021718,1
42415.508127903,4,5121,100,4009046,-1
42417.266616664,1,5124,100,4031195,1
42418.101818921,4,5124,100,4031195,1
42418.963076116,4,5122,100,4020016,1
42419.71717911,1,5125,100,4015992,1
42420.703282323,4,5125,100,4015992,1
42421.394709542,5,5011,100,3929679,1
42423.10323202,3,5098,100,4059482,-1
42424.646154802,1,5126,100,4015590,-1
42425.715994032,5,5062,100,3979311,1
42427.117944101,1,5127,100,4014800,-1
42428.335361051,1,5128,100,4005346,1
42430.130409484,4,5127,100,4014800,-1
42430.74998277,3,5128,100,4005346,1
42431.364955378,4,5123,100,4021718,1
42432.392776146,1,5129,100,4009762,-1
42433.535054473,1,5130,100,4011240,1
42435.100724098,1,5131,100,4006421,-1
42436.006414169,1,5132,100,4004573,1
42436.856177659,4,5129,100,4009762,-1
42438.22252354,1,5133,100,4014742,1
42438.98205136,3,5115,100,4032507,-1
42440.258430126,1,5134,100,4015097,-1
42441.149733618,1,5135,100,4019968,-1
42442.49742492,1,5136,100,4017972,-1
42443.400932046,1,5137,100,4012679,1
42444.137587755,1,5138,100,4011631,1
42445.732704196,1,5139,100,4006835,1
42446.498919102,5,5137,100,4012679,1
42447.315718627,1,5140,100,4004861,1
42448.48832188,1,5141,100,4008004,-1
42449.528223372,5,5139,100,4006835,1
42450.30071849,3,5113,100,4042580,-1
42451.383145657,5,5062,100,3979311,1
42453.139658271,3,5131,100,4006421,-1
42454.008531304,1,5142,100,3990200,-1
42455.152211545,1,5143,100,3988511,1
42457.006827086,3,5141,100,4008004,-1
42457.708702453,4,5140,100,4004861,1
42460.799319364,1,5144,100,3991796,1
42462.406234077,3,5130,100,4011240,1
42465.245414103,1,5145,100,3983347,-1
42466.967896621,1,5146,100,3983597,-1
42467.95076578,4,5144,100,3991796,1
42469.265272299,3,5145,100,3983347,-1
42470.52580126,1,5147,100,3976674,-1
42472.088742271,3,5136,100,4017972,-1
42473.888728411,3,5134,100,4015097,-1
42475.441869084,1,5148,100,3963082,-1
42477.159423611,1,5149,100,3959181,1
42478.051066118,3,5126,100,4015590,-1
42478.899564313,1,5150,100,3967509,-1
42480.704545447,1,5151,100,3969341,-1
42481.973781066,5,5120,100,4027248,-1
42483.201668854,1,5152,100,3967816,1
42484.957154448,1,5153,100,3967661,1
42486.272324537,1,5154,100,3971102,1
42487.462681186,3,5148,100,3963082,-1
42489.018668024,1,5155,100,3974100,1
42490.760867405,1,5156,100,3971590,1
42491.740798938,1,5157,100,3975515,1
42493.075852158,1,5158,100,3973455,-1
42494.536591242,5,5152,100,3967816,1
42495.285638679,1,5159,100,3979148,1
42496.577805533,4,5146,100,3983597,-1
42497.297533566,5,5132,100,4004573,1
42498.03853416,4,5147,100,3976674,-1
42499.846003368,4,5158,100,3973455,-1
42501.648013871,1,5160,100,3981209,1
42503.039484317,1,5161,100,3976078,1
42504.332756326,3,5142,100,3990200,-1
42505.889929772,5,5161,100,3976078,1
42507.300713389,4,5138,100,4011631,1
42508.70299062,3,5150,100,3967509,-1
42510.467696272,3,5154,100,3971102,1
42511.995606585,5,5143,100,3988511,1
42512.742150964,1,5162,100,3993999,-1
42513.467589035,1,5163,100,3994643,1
42514.089223017,1,5164,100,3994471,-1
42515.17178285,4,5163,100,3994643,1
42516.936312197,3,5133,100,4014742,1
42517.878563588,1,5165,100,3992317,-1
42518.834127436,3,5157,100,3975515,1
42520.536715826,1,5166,100,3986619,1
42521.332852723,1,5167,100,3987235,-1
42522.134374615,1,5168,100,3986509,1
42522.892521017,4,5167,100,3987235,-1
42526.229210658,1,5169,100,3991240,-1
42527.537496183,3,5169,100,3991240,-1
42529.62333247,3,5165,100,3992317,-1
42531.185295963,1,5170,100,4003254,-1
42532.784921317,1,5171,100,4004661,1
42533.889250621,4,5151,100,3969341,-1
42535.959696869,3,5149,100,3959181,1
42537.156637109,1,5172,100,4008863,-1
42538.371330583,1,5173,100,4001337,-1
42539.310405146,5,5135,100,4019968,-1
42540.377709771,3,5171,100,4004661,1
42542.118225587,1,5174,100,4006511,-1
42543.011189651,1,5175,100,4007934,1
42543.70295286,1,5176,100,4016166,1
42545.349547549,1,5177,100,4005169,1
42546.141605219,4,5164,100,3994471,-1
42546.845682174,1,5178,100,4017507,-1
42547.49370034,4,5170,100,4003254,-1
42549.302316512,1,5179,100,4012374,1
42550.750416373,3,5153,100,3967661,1
42551.434990876,1,5180,100,4021844,1
42552.410236231,1,5181,200,4024231,1
42553.499343879,1,5182,100,4019126,1
42555.711632526,1,5183,100,4029024,-1
42559.154634424,4,5172,100,4008863,-1
42560.354122771,1,5184,100,4032209,-1
42561.277501665,4,5184,100,4032209,-1
42562.683828955,4,5173,100,4001337,-1
42564.372847377,3,5177,100,4005169,1
42565.081314012,3,5182,100,4019126,1
42565.931339135,1,5185,100,4013414,1
42567.316979006,1,5186,100,4011704,1
42568.183207092,1,5187,100,4016699,-1
42568.817554457,3,5155,100,3974100,1
42569.501319942,5,5180,100,4021844,1
42570.227279844,1,5188,100,4006492,-1
42571.484993335,1,5189,100,4009526,-1
42572.26975897,1,5190,100,4009244,-1
42573.630579234,1,5191,100,4013561,-1
42574.973715479,1,5192,100,4010972,-1
42576.751662471,3,5187,100,4016699,-1
42579.810680246,3,5192,100,4010972,-1
42581.440825963,1,5193,100,4009113,1
42583.716451704,3,5190,100,4009244,-1
42584.665714965,1,5194,100,4011058,-1
42586.009996469,1,5195,100,4005396,1
42586.98155007,1,5196,100,4016550,1
42588.424651142,3,5160,100,3981209,1
42590.179024783,1,5197,100,4020210,-1
42591.35817817,1,5198,100,4024833,-1
42592.854088437,1,5199,100,4023361,1
42594.383400186,5,5176,100,4016166,1
42595.355216937,1,5200,100,4019063,1
42596.521936735,3,5185,100,4013414,1
42597.216578123,1,5201,100,4019351,-1
42598.22852882,1,5202,100,4015281,-1
42602.801638138,1,5203,100,4016643,1
42603.572557458,5,5199,100,4023361,1
42605.075151002,3,5195,100,4005396,1
42606.502925655,1,5204,100,4013033,-1
42607.711443938,1,5205,100,4011599,-1
42608.446424705,5,5156,100,3971590,1
42609.549304227,1,5206,100,4005298,1
42610.207648125,3,5162,100,3993999,-1
42611.317777115,1,5207,100,4012191,-1
42612.480236882,1,5208,100,4006475,-1
42613.309749125,4,5188,100,4006492,-1
42614.346296486,3,5204,100,4013033,-1
42615.771163175,1,5209,100,4001640,1
42617.425656582,1,5210,100,3997842,1
42618.540345333,1,5211,100,3998754,1
42619.459653194,1,5212,100,3989178,1
42620.958996929,1,5213,100,3998203,-1
42621.62470034,1,5214,100,3993108,-1
42622.274530189,4,5196,100,4016550,1
42623.296909574,3,5193,100,4009113,1
42625.036491522,1,5215,100,4004122,-1
42626.5981326,1,5216,100,4000986,-1
42627.861160573,1,5217,100,4005563,1
42628.817804834,1,5218,100,4010809,1
42629.612889888,3,5168,100,3986509,1
42632.47042534,1,5219,100,4012492,-1
42634.201509555,1,5220,100,4005723,1
42636.888545348,1,5221,100,4013123,-1
42640.384688412,1,5222,100,4012546,1
42641.010463286,3,5218,100,4010809,1
42643.819598624,1,5223,100,4005072,1
42646.638367654,3,5219,100,4012492,-1
42648.811863079,3,5194,100,4011058,-1
42650.354622428,1,5224,100,4000128,1
42651.464313585,4,5181,100,4024231,1
42652.261539959,5,5179,100,4012374,1
42652.892002424,5,5203,100,4016643,1
42653.812589377,1,5225,100,3994900,-1
42654.55035216,1,5226,100,3990703,1
42656.03538712,1,5227,100,3995640,-1
42657.75634421,1,5228,100,4001261,-1
42658.897490141,3,5213,100,3998203,-1
42660.464614027,1,5229,100,3998805,1
42661.179364174,4,5214,100,3993108,-1
42664.537960519,3,5226,100,3990703,1
42666.053182484,3,5186,100,4011704,1
42667.629756614,3,5229,100,3998805,1
42668.540875204,1,5230,100,3992299,-1
42669.370683428,3,5200,100,4019063,1
42670.23266292,4,5209,100,4001640,1
42671.369891955,4,5222,100,4012546,1
42672.658169857,4,5210,100,3997842,1
42673.448431275,1,5231,100,4000230,-1
42674.75437074,1,5232,100,4001755,1
42676.200884402,3,5183,100,4029024,-1
42677.314041353,3,5216,100,4000986,-1
42678.762810054,3,5232,100,4001755,1
42679.790715391,1,5233,100,3998165,1
42680.919872763,1,5234,100,3996162,1
42681.724373101,1,5235,100,3993977,-1
42682.648742502,1,5236,100,3991376,1
42683.579788603,1,5237,100,3987165,-1
42685.188851802,1,5238,100,3990636,1
42686.179085714,4,5234,100,3996162,1
42687.593428338,1,5239,100,3996955,-1
42689.404622118,5,5175,100,4007934,1
42690.68898063,1,5240,100,4003035,-1
42692.271017152,1,5241,100,4004198,-1
42693.122871186,1,5242,100,4003996,1
42693.746472785,1,5243,100,4011603,1
42694.537315996,3,5238,100,3990636,1
42696.196395482,1,5244,100,4020580,-1
42697.546991959,4,5230,100,3992299,-1
42698.698576433,4,5181,100,4024231,1
42700.187306202,5,5208,100,4006475,-1
42701.017315737,1,5245,100,4021224,1
42704.111738646,3,5189,100,4009526,-1
42705.727532999,4,5241,100,4004198,-1
42706.54751036,1,5246,100,4032572,-1
42707.652038852,1,5247,100,4036478,-1
42710.408360146,3,5178,100,4017507,-1
42712.167934455,1,5248,100,4021365,1
42712.819959553,1,5249,100,4028634,1
42714.422178483,1,5250,100,4028570,1
42715.338462348,5,5231,100,4000230,-1
42716.328442889,1,5251,100,4028376,1
42717.313440743,3,5236,100,3991376,1
42718.934978044,1,5252,100,4032135,1
42719.704040794,1,5253,100,4031178,-1
42720.435685326,3,5242,100,4003996,1
42721.525232876,1,5254,100,4027383,1
42723.978512827,3,5235,100,3993977,-1
42724.645272456,3,5159,100,3979148,1
42726.396905487,3,5246,100,4032572,-1
42727.940772168,3,5245,100,4021224,1
42729.406232247,3,5237,100,3987165,-1
42731.389488324,1,5255,100,4022545,-1
42732.122716938,3,5201,100,4019351,-1
42732.777445925,3,5197,100,4020210,-1
42733.506259774,3,5252,100,4032135,1
42734.496424473,4,5215,100,4004122,-1
42736.81914541,3,5217,100,4005563,1
42738.365792022,1,5256,100,4021916,1
42739.587886313,1,5257,100,4022082,1
42740.514297027,1,5258,100,4021732,-1
42742.155825532,1,5259,100,4014047,1
42743.359497096,3,5247,100,4036478,-1
42744.46073615,4,5225,100,3994900,-1
42745.105879841,1,5260,100,4014049,1
42746.636922777,5,5255,100,4022545,-1
42748.495471092,1,5261,100,4011353,1
42749.9157022,3,5239,100,3996955,-1
42751.070226102,3,5240,100,4003035,-1
42752.131980308,5,5205,100,4011599,-1
42753.398797862,3,5174,100,4006511,-1
42754.661360106,3,5228,100,4001261,-1
42755.285597132,1,5262,100,4010354,1
42756.044542153,5,5233,100,3998165,1
42757.118488144,1,5263,100,4003431,-1
42762.619153856,1,5264,100,3996223,1
42763.743114175,1,5265,100,4001316,-1
42765.559748926,1,5266,100,4000508,-1
42766.472845669,1,5267,100,3998954,-1
42770.14919369,3,5262,100,4010354,1
42771.218970215,1,5268,100,4003241,-1
42772.949997172,1,5269,100,3999973,1
42774.619473004,5,5261,100,4011353,1
42776.581320451,5,5259,100,4014047,1
42777.902042726,1,5270,100,3995174,-1
42779.015543337,4,5211,100,3998754,1
42780.116273203,4,5270,100,3995174,-1
42781.513478208,1,5271,100,4002553,-1
42784.228571179,4,5254,100,4027383,1
42785.15399482,3,5260,100,4014049,1
42786.137816466,1,5272,100,3993134,-1
42787.493832908,1,5273,100,3990008,-1
42788.21167332,1,5274,100,3990362,1
42789.764979804,3,5248,100,4021365,1
42790.459810364,1,5275,100,3988747,-1
42791.861922286,4,5250,100,4028570,1
42793.238014441,1,5276,100,3983144,1
42794.264298233,1,5277,100,3980929,1
42795.317875573,1,5278,100,3985529,-1
42797.078357468,4,5264,100,3996223,1
42797.933577986,4,5220,100,4005723,1
42798.746352808,4,5251,100,4028376,1
42801.245056398,1,5279,100,3989668,1
42803.491317711,1,5280,100,3983936,-1
42804.690826076,3,5258,100,4021732,-1
42805.729500555,3,5166,100,3986619,1
42806.845045458,4,5243,100,4011603,1
42807.634148646,1,5281,100,3971401,1
42809.31574431,1,5282,100,3980077,-1
42810.858260392,1,5283,100,3982886,-1
42811.632448824,4,5269,100,3999973,1
42813.380572684,5,5227,100,3995640,-1
42815.150709911,1,5284,100,3983879,1
42816.561938946,3,5272,100,3993134,-1
42817.400954735,5,5191,100,4013561,-1
42818.450947391,4,5279,100,3989668,1
42819.652611605,1,5285,100,3978010,-1
42821.245661858,3,5283,100,3982886,-1
42821.886734991,1,5286,100,3977851,-1
42822.55097134,1,5287,100,3980208,1
42824.309546471,3,5223,100,4005072,1
42827.094874732,3,5271,100,4002553,-1
42828.783460914,1,5288,100,3980494,1
42829.606134172,1,5289,100,3981974,1
42830.711423397,3,5286,100,3977851,-1
42832.39374976,1,5290,100,3987085,1
42834.041743704,5,5221,100,4013123,-1
42835.471527749,1,5291,100,3984862,-1
42836.724623594,1,5292,100,3985719,-1
42837.726590705,1,5293,100,3986482,-1
42839.50527798,1,5294,100,3982621,-1
42841.102121241,3,5294,100,3982621,-1
42841.751335454,3,5291,100,3984862,-1
42846.335433374,4,5289,100,3981974,1
42848.091387163,4,5290,100,3987085,1
42849.446136913,3,5275,100,3988747,-1
42850.425710339,3,5253,100,4031178,-1
42852.060592879,3,5224,100,4000128,1
42853.375214554,3,5257,100,4022082,1
42855.138069152,1,5295,100,3964013,1
42856.057013611,4,5284,100,3983879,1
42857.580278915,4,5288,100,3980494,1
42859.330821667,4,5277,100,3980929,1
42861.061417905,5,5295,100,3964013,1
42862.345976413,1,5296,100,3943596,1
42863.777462707,3,5249,100,4028634,1
42865.277690522,1,5297,100,3944971,1
42866.092489974,1,5298,100,3942824,1
42867.231820751,1,5299,100,3949844,1
42868.879412199,1,5300,100,3949260,1
42869.917334282,3,5296,100,3943596,1
42870.943367272,1,5301,100,3950523,-1
42872.457218328,3,5274,100,3990362,1
42873.360814442,1,5302,100,3946089,1
42874.303734499,1,5303,100,3955047,-1
42876.085508648,3,5267,100,3998954,-1
42877.962640118,4,5301,100,3950523,-1
42879.809354961,5,5266,100,4000508,-1
42880.961286405,3,5263,100,4003431,-1
42881.896097063,4,5256,100,4021916,1
42883.331769266,3,5285,100,3978010,-1
42884.834035114,4,5276,100,3983144,1
42886.216090413,4,5212,100,3989178,1
42887.030895586,1,5304,100,3947716,1
42888.422064249,1,5305,100,3946079,-1
42889.124423081,1,5306,100,3945101,-1
42890.065427159,3,5298,100,3942824,1
42891.758174127,3,5207,100,4012191,-1
42892.872089878,1,5307,100,3939085,1
42894.490814765,1,5308,100,3934022,-1
42896.003000851,5,5202,100,4015281,-1
42899.581280544,4,5206,100,4005298,1
42900.515980428,1,5309,100,3938656,1
42902.282418683,4,5297,100,3944971,1
42904.064255318,3,5309,100,3938656,1
42905.467405062,5,5244,100,4020580,-1
42906.123771534,1,5310,100,3938172,-1
42906.888777794,1,5311,100,3934577,-1
42908.618063889,4,5302,100,3946089,1
42910.963130333,3,5282,100,3980077,-1
42912.730336147,4,5287,100,3980208,1
42913.744462763,3,5306,100,3945101,-1
42914.812587837,5,5303,100,3955047,-1
42917.258070378,4,5299,100,3949844,1
42918.44291293,1,5312,100,3940803,1
42920.099480872,4,5281,100,3971401,1
42921.008074559,3,5308,100,3934022,-1
42921.664371397,1,5313,100,3939423,1
42922.905033975,1,5314,100,3942909,-1
42924.115338104,3,5312,100,3940803,1
42925.880488724,4,5313,100,3939423,1
42929.163754685,4,5304,100,3947716,1
42930.674446171,1,5315,100,3932124,1
42932.453862481,1,5316,100,3925652,1
42933.307478136,1,5317,100,3918181,1
42934.662346,3,5300,100,3949260,1
42935.899988398,3,5305,100,3946079,-1
42937.165580488,3,5311,100,3934577,-1
42938.052123042,5,5310,100,3938172,-1
42939.452613451,4,5316,100,3925652,1
42940.649563326,3,5293,100,3986482,-1
42942.469725584,1,5318,100,3919243,-1
42943.398905319,5,5318,100,3919243,-1
42944.082797875,3,5317,100,3918181,1
42945.537074846,3,5292,100,3985719,-1
42947.301478314,3,5315,100,3932124,1
42949.083113703,3,5278,100,3985529,-1
42949.807777812,3,5307,100,3939085,1
42951.400050998,1,5319,100,3915934,1
42953.80873648,4,5319,100,3915934,1
42955.559998161,3,5314,100,3942909,-1
42957.442621278,1,5320,100,3913291,-1
42958.382512639,1,5321,100,3907481,1
42959.483368057,1,5322,100,3917911,-1
42960.452606963,1,5323,100,3914464,1
42961.450040426,1,5324,100,3913991,1
42962.714168307,1,5325,100,3902075,1
42963.512233282,4,5323,100,3914464,1
42965.409253346,1,5326,100,3899726,-1
42966.519202195,3,5322,100,3917911,-1
42969.40609496,1,5327,100,3905751,-1
42970.9623563,1,5328,100,3899522,1
42971.754274884,4,5326,100,3899726,-1
42974.513860822,4,5328,100,3899522,1
42975.843325307,1,5329,100,3901729,1
42976.670271141,1,5330,100,3903353,-1
42977.858329325,3,5268,100,4003241,-1
42982.316779372,3,5265,100,4001316,-1
42983.694552045,5,5198,100,4024833,-1
42985.006097197,3,5320,100,3913291,-1
42985.869207958,3,5280,100,3983936,-1
42987.016358134,1,5331,100,3917352,-1
42987.941034739,1,5332,100,3912800,1
42989.692023358,3,5325,100,3902075,1
42991.362715636,1,5333,100,3917047,-1
42992.940379795,3,5329,100,3901729,1
42994.307613512,1,5334,100,3912619,1
42995.998062938,1,5335,100,3915282,-1
42997.290599959,1,5336,100,3928640,-1
42998.924443949,4,5336,100,3928640,-1
43000.046919874,1,5337,100,3927409,-1
43001.414895533,1,5338,100,3933950,1
43002.342492365,4,5338,100,3933950,1
43006.046687234,3,5332,100,3912800,1
43007.900028586,3,5333,100,3917047,-1
43009.207413491,3,5337,100,3927409,-1
43010.948047271,1,5339,100,3931074,-1
43012.102319701,1,5340,100,3932922,1
43013.674783342,1,5341,100,3942446,-1
43015.251933626,3,5340,100,3932922,1
43016.676583857,3,5327,100,3905751,-1
43017.855199735,1,5342,100,3949942,1
43019.166602731,1,5343,100,3951604,1
43021.771287566,4,5341,100,3942446,-1
43023.085489412,5,5335,100,3915282,-1
43024.657095508,3,5273,100,3990008,-1
43025.869852322,4,5330,100,3903353,-1
43027.505922899,4,5339,100,3931074,-1
43029.060007248,3,5331,100,3917352,-1
43030.504836185,3,5343,100,3951604,1
43032.275868173,1,5344,100,3978670,1
43033.173574728,1,5345,100,3973325,1
43034.861466144,1,5346,100,3973312,1
43035.827846287,3,5334,100,3912619,1
43037.989376055,4,5344,100,3978670,1
43038.979193458,1,5347,100,3972115,-1
43040.494513743,1,5348,100,3966998,-1
43041.863716085,1,5349,100,3970768,1
43043.411021491,3,5321,100,3907481,1
43045.146320471,4,5348,100,3966998,-1
43046.114626436,1,5350,100,3982280,-1
43047.908693739,4,5347,100,3972115,-1
43049.125674996,1,5351,100,3985960,-1
43050.874820816,1,5352,100,3984622,-1
43051.566883906,3,5346,100,3973312,1
43052.61307755,3,5351,100,3985960,-1
43056.104240136,5,5342,100,3949942,1
43057.792605725,3,5324,100,3913991,1
43059.577717224,1,5353,100,3969218,-1
43060.821384998,3,5353,100,3969218,-1
43062.638641086,1,5354,100,3972557,-1
43064.36748413,3,5354,100,3972557,-1
43067.303943362,1,5355,100,3962711,1
43068.471725068,1,5356,100,3964610,-1
43069.975447449,4,5349,100,3970768,1
43071.589409668,1,5357,100,3959374,1
43072.800320816,3,5357,100,3959374,1
43074.423759295,3,5352,100,3984622,-1
43076.290996934,4,5355,100,3962711,1
43078.072976596,4,5345,100,3973325,1
43079.671177968,3,5356,100,3964610,-1
43080.415146638,1,5358,100,3968974,1
43081.524081931,4,5358,100,3968974,1
43082.313384714,1,5359,100,3976083,-1
43083.994514596,1,5360,100,3977637,-1
43085.71113564,3,5359,100,3976083,-1
43087.342669534,1,5361,100,3978306,-1
43088.280571858,1,5362,100,3965739,-1
43089.377572598,1,5363,100,3962517,-1
43090.852276282,3,5362,100,3965739,-1
43091.716426154,3,5363,100,3962517,-1
43092.930720427,1,5364,100,3960406,-1
43093.650786512,1,5365,100,3956136,-1
43095.509161178,3,5365,100,3956136,-1
43097.237624825,1,5366,100,3950701,-1
43098.838568626,1,5367,100,3940234,1
43101.15925762,3,5361,100,3978306,-1
43102.213717,1,5368,100,3948676,1
43103.316092201,1,5369,100,3942373,-1
43104.654234683,3,5360,100,3977637,-1
43105.939406515,1,5370,100,3951337,-1
43106.777992274,3,5369,100,3942373,-1
43108.053803089,4,5368,100,3948676,1
43109.734453107,3,5370,100,3951337,-1
43111.975068904,5,5364,100,3960406,-1
43113.771167767,3,5350,100,3982280,-1
43115.22982689,1,5371,100,3933372,1
43116.96264399,3,5371,100,3933372,1
43118.384507876,3,5367,100,3940234,1
43119.624191166,4,5366,100,3950701,-1
43121.042119166,1,5372,100,3942735,1
43122.16648811,4,5372,100,3942735,1
43123.467467526,1,5373,100,3933377,-1
43126.146052401,1,5374,100,3937328,-1
43127.485221039,3,5374,100,3937328,-1
43128.901732779,4,5373,100,3933377,-1
43129.719084336,1,5375,100,3932748,1
43131.275511342,1,5376,100,3928034,1
43132.938736265,1,5377,100,3932079,-1
43134.52993396,3,5375,100,3932748,1
43135.347399805,4,5376,100,3928034,1
43136.152712429,3,5377,100,3932079,-1
43137.408374564,1,5378,100,3923057,-1
43139.058026997,3,5378,100,3923057,-1
43140.552540662,1,5379,100,3919255,1
43142.120444566,1,5380,100,3923456,1
43142.883040061,1,5381,100,3919023,1
43144.651433255,3,5380,100,3923456,1
43146.580729415,5,5379,100,3919255,1
43148.400829363,3,5381,100,3919023,1
43149.982788116,1,5382,100,3919132,-1
43151.586592439,3,5382,100,3919132,-1
43152.699654809,1,5383,100,3912852,1
43154.311604533,1,5384,100,3916831,-1
43155.222086787,5,5384,100,3916831,-1
43156.734504357,3,5383,100,3912852,1
43158.271028273,1,5385,100,3905921,-1
43159.037021662,1,5386,100,3908216,-1
43160.501812483,1,5387,100,3905965,-1
43161.757503544,1,5388,100,3903047,-1
43163.45650096,3,5386,100,3908216,-1
43164.739295826,4,5387,100,3905965,-1
43166.421936066,1,5389,100,3903086,-1
43168.002278914,5,5389,100,3903086,-1
43169.394385162,1,5390,100,3904846,-1
43171.219030387,1,5391,100,3905339,-1
43173.192506177,1,5392,100,3900748,1
43174.979665017,5,5388,100,3903047,-1
43176.039872044,1,5393,100,3904497,1
43176.854989276,3,5390,100,3904846,-1
43177.97254018,3,5385,100,3905921,-1
43179.566600112,1,5394,100,3909017,-1
43180.438980263,1,5395,100,3904129,1
43181.586131941,5,5392,100,3900748,1
43183.003116614,1,5396,100,3907384,-1
43184.117977754,4,5395,100,3904129,1
43185.405077494,1,5397,100,3905566,-1
43186.672386793,4,5393,100,3904497,1
43188.211309901,1,5398,100,3893543,1
43190.880117544,3,5397,100,3905566,-1
43192.127130223,1,5399,100,3898467,1
43193.901867776,3,5399,100,3898467,1
43195.444225325,3,5391,100,3905339,-1
43196.58559362,1,5400,100,3892249,1
43197.782026579,4,5398,100,3893543,1
43199.430695278,1,5401,100,3904045,1
43200.766048559,1,5402,100,3908753,1
43202.432860699,4,5402,100,3908753,1
43203.788826123,1,5403,100,3910700,-1
43205.365711687,4,5396,100,3907384,-1
43206.101360675,5,5403,100,3910700,-1
43208.0516572,1,5404,100,3910277,1
43209.639933505,1,5405,100,3915817,-1
43210.503671046,3,5394,100,3909017,-1
43211.351460973,3,5401,100,3904045,1
43212.977055619,4,5405,100,3915817,-1
43214.617299891,3,5400,100,3892249,1
43216.43685701,1,5406,100,3931577,-1
43217.372933435,3,5404,100,3910277,1
43220.181528337,3,5406,100,3931577,-1
43220.999276013,1,5407,100,3922370,1
43222.789585472,1,5408,100,3929303,-1
43224.0446396,1,5409,100,3933725,-1
43226.666358461,5,5407,100,3922370,1
43227.717132357,3,5409,100,3933725,-1
43229.6488928,1,5410,100,3933507,1
43231.459066476,1,5411,100,3929718,1
43232.337260414,3,5408,100,3929303,-1
43233.522923982,1,5412,100,3937318,-1
43235.059114211,1,5413,100,3938665,1
43235.877533302,5,5410,100,3933507,1
43237.230992105,1,5414,100,3948828,1
43238.866531518,5,5411,100,3929718,1
43240.290611876,3,5414,100,3948828,1
43241.465701131,1,5415,100,3947335,1
43242.129098144,5,5413,100,3938665,1
43244.466694718,1,5416,100,3951417,-1
43245.686184016,1,5417,100,3953752,1
43247.151419596,1,5418,100,3954278,1
43249.046123635,1,5419,100,3955069,-1
43250.444062116,4,5416,100,3951417,-1
43251.421327985,5,5417,100,3953752,1
43253.269276639,1,5420,100,3968375,-1
43254.59170075,1,5421,100,3966834,-1
43255.585424074,1,5422,100,3973594,-1
43256.317038466,3,5418,100,3954278,1
43257.828500023,1,5423,100,3970812,1
43258.530680528,1,5424,100,3970506,-1
43259.269266743,5,5423,100,3970812,1
43260.463078815,4,5412,100,3937318,-1
43262.147988527,4,5419,100,3955069,-1
43264.19471834,1,5425,100,3968746,-1
43264.9490138,1,5426,100,3974564,-1
43266.681964073,3,5421,100,3966834,-1
43268.281389891,3,5422,100,3973594,-1
43269.469973442,4,5425,100,3968746,-1
43270.693487796,3,5426,100,3974564,-1
43271.556468689,1,5427,100,3965433,-1
43273.457035792,1,5428,100,3960326,1
43274.165241948,4,5427,100,3965433,-1
43275.694648287,1,5429,100,3968032,-1
43277.228793755,1,5430,100,3972045,-1
43278.746410407,3,5428,100,3960326,1
43279.502870215,3,5415,100,3947335,1
43281.05715644,4,5429,100,3968032,-1
43282.022654258,1,5431,100,3949292,1
43285.504232037,1,5432,100,3949908,-1
43287.436390889,4,5432,100,3949908,-1
43288.373107237,3,5431,100,3949292,1
43289.243682162,4,5424,100,3970506,-1
43290.368342686,4,5420,100,3968375,-1
43291.271958296,1,5433,100,3956372,-1
43292.453977882,3,5433,100,3956372,-1
43293.668425053,3,5430,100,3972045,-1
43295.238483341,1,5434,100,3964916,-1
43297.069525351,3,5434,100,3964916,-1
43298.856156621,1,5435,100,3966858,1
43301.525204226,3,5435,100,3966858,1
43302.44728854,1,5436,100,3977698,1
43304.147093958,1,5437,100,3970434,1
43308.198048821,1,5438,100,3966833,-1
43309.506388723,5,5436,100,3977698,1
43310.179364492,3,5438,100,3966833,-1
43310.914492369,4,5437,100,3970434,1
43312.463053206,1,5439,100,3969905,-1
43313.943081212,1,5440,100,3961930,1
43315.10311116,1,5441,100,3966457,-1
43316.637753758,1,5442,100,3962442,-1
43318.577172301,5,5440,100,3961930,1
43322.348766341,1,5443,100,3957573,1
43323.53790367,5,5441,100,3966457,-1
43324.876309508,1,5444,100,3968003,-1
43326.644633972,1,5445,100,3963462,1
43328.444046572,4,5445,100,3963462,1
43329.181123353,1,5446,100,3957735,-1
43331.054058016,4,5443,100,3957573,1
43332.625036596,3,5446,100,3957735,-1
43333.623940508,4,5442,100,3962442,-1
43336.194988041,4,5444,100,3968003,-1
43336.933975102,1,5447,100,3948604,1
43337.598457677,1,5448,100,3961392,1
43339.07737683,1,5449,100,3958973,-1
43340.322984923,3,5449,100,3958973,-1
43343.837979849,4,5448,100,3961392,1
43345.24082771,1,5450,200,3956737,-1
43346.558562847,1,5451,100,3956110,-1
43347.457270477,4,5450,100,3956737,-1
43348.118829562,1,5452,100,3954127,1
43349.268040044,1,5453,100,3953376,1
43350.390456301,1,5454,100,3947655,1
43351.676461123,3,5439,100,3969905,-1
43353.573602186,5,5447,100,3948604,1
43355.388750726,1,5455,100,3947052,-1
43357.088187835,3,5452,100,3954127,1
43358.088534447,1,5456,100,3951142,-1
43359.479647288,1,5457,100,3953278,1
43360.144069539,4,5455,100,3947052,-1
43361.749463478,1,5458,100,3951292,-1
43363.568593688,3,5458,100,3951292,-1
43364.568570923,1,5459,100,3950493,1
43366.140503721,5,5454,100,3947655,1
43367.059059864,1,5460,100,3940134,1
43368.598348143,1,5461,100,3942627,-1
43370.04047025,4,5459,100,3950493,1
43371.152657987,4,5457,100,3953278,1
43372.801538214,4,5451,100,3956110,-1
43374.093301212,4,5461,100,3942627,-1
43375.162433503,4,5456,100,3951142,-1
43376.375747504,1,5462,100,3950362,1
43377.093940022,1,5463,100,3948970,1
43377.75127008,4,5453,100,3953376,1
43378.894407581,4,5462,100,3950362,1
43379.874989227,1,5464,100,3944352,-1
43381.796320087,4,5463,100,3948970,1
43383.58721007,3,5464,100,3944352,-1
43384.812423934,4,5450,100,3956737,-1
43385.480610929,1,5465,100,3953617,-1
43386.432684118,1,5466,100,3943759,1
43387.535801435,1,5467,100,3942982,-1
43389.246262273,4,5467,100,3942982,-1
43390.761746607,1,5468,100,3958231,-1
43392.46439057,4,5465,100,3953617,-1
43393.437261577,5,5460,100,3940134,1
43394.719406871,1,5469,100,3952422,-1
43395.807491198,4,5469,100,3952422,-1
43396.524834583,1,5470,100,3960840,1
43397.337361277,4,5470,100,3960840,1
43398.404428328,1,5471,100,3951419,1
43399.184302563,1,5472,100,3942427,1
43400.195180832,1,5473,100,3942147,-1
43401.268024445,3,5473,100,3942147,-1
43402.225225758,1,5474,100,3942594,1
43403.808814664,1,5475,100,3933500,1
43405.226248274,1,5476,100,3937935,-1
43406.23772089,3,5476,100,3937935,-1
43407.372359053,5,5471,100,3951419,1
43409.297892628,1,5477,100,3924827,1
43411.090484013,4,5477,100,3924827,1
43412.22303064,1,5478,100,3924500,-1
43414.002519285,3,5468,100,3958231,-1
43416.205393453,1,5479,100,3914821,1
43417.097450216,1,5480,100,3913661,-1
43418.339390538,1,5481,100,3910122,1
43419.047035946,1,5482,100,3914628,-1
43420.501366523,1,5483,100,3917578,-1
43421.493351287,4,5475,100,3933500,1
43422.415197098,4,5482,100,3914628,-1
43423.879226175,3,5479,100,3914821,1
43424.56412207,1,5484,100,3912925,1
43425.335922103,1,5485,100,3911218,1
43428.406998354,1,5486,100,3912390,1
43430.381445742,1,5487,100,3913948,-1
43431.636463225,1,5488,100,3912593,-1
43433.439256266,5,5466,100,3943759,1
43434.690899243,3,5488,100,3912593,-1
43436.127003154,5,5474,100,3942594,1
43436.959431421,1,5489,100,3897631,1
43438.499388532,4,5484,100,3912925,1
43440.365709536,5,5489,100,3897631,1
43441.163217402,1,5490,100,3900190,1
43442.528584217,3,5485,100,3911218,1
43445.287540004,1,5491,100,3901280,1
43446.904538222,1,5492,100,3901300,-1
43447.710926469,3,5486,100,3912390,1
43449.401030956,1,5493,100,3907253,1
43450.466879076,1,5494,100,3908256,1
43451.549837618,1,5495,100,3914187,-1
43452.915053998,3,5472,100,3942427,1
43453.801731206,4,5492,100,3901300,-1
43455.270870105,1,5496,100,3909521,1
43456.645836497,1,5497,100,3912088,-1
43458.117335463,1,5498,100,3911997,1
43459.052465307,1,5499,100,3903449,1
43460.788313095,1,5500,100,3911312,-1
43461.609065721,1,5501,100,3910739,-1
43462.765256983,1,5502,100,3902489,1
43464.438605469,3,5494,100,3908256,1
43466.057854667,5,5480,100,3913661,-1
43467.741323114,1,5503,100,3903013,1
43469.709166897,5,5499,100,3903449,1
43470.48117301,1,5504,100,3905709,-1
43472.147241251,4,5498,100,3911997,1
43473.749673162,4,5490,100,3900190,1
43475.558088093,3,5495,100,3914187,-1
43477.382173193,5,5493,100,3907253,1
43479.238310394,1,5505,100,3901980,1
43481.163956558,1,5506,100,3903728,1
43482.121553491,3,5502,100,3902489,1
43483.824957481,3,5491,100,3901280,1
43485.620434273,3,5506,100,3903728,1
43486.493511073,3,5504,100,3905709,-1
43487.911673126,1,5507,100,3895021,1
43489.30511869,1,5508,100,3896291,-1
43490.733882107,3,5496,100,3909521,1
43492.179569994,1,5509,100,3892117,-1
43493.816267371,3,5483,100,3917578,-1
43496.803274953,1,5510,100,3886330,-1
43498.678624166,5,5487,100,3913948,-1
43500.19328281,5,5510,100,3886330,-1
43501.557419389,4,5507,100,3895021,1
43504.815819055,4,5503,100,3903013,1
43505.80632625,3,5509,100,3892117,-1
43507.557246825,3,5481,100,3910122,1
43508.288275268,4,5505,100,3901980,1
43509.023156193,1,5511,100,3887147,-1
43510.637259459,5,5497,100,3912088,-1
43512.541672813,3,5508,100,3896291,-1
43513.837762214,5,5501,100,3910739,-1
43515.771951019,1,5512,100,3878897,-1
43517.041666789,4,5511,100,3887147,-1
43518.243164583,5,5512,100,3878897,-1
43519.47504499,1,5513,100,3855063,-1
43520.35981966,1,5514,100,3856603,1
43521.390240673,3,5478,100,3924500,-1
43523.353934483,1,5515,100,3860465,-1
43524.690249633,1,5516,100,3863911,1
43526.066264196,1,5517,100,3858167,1
43527.260992072,1,5518,100,3862643,-1
43528.515144624,3,5517,100,3858167,1
43530.456155257,1,5519,100,3860323,1
43531.908211859,3,5515,100,3860465,-1
43534.804732005,1,5520,100,3862105,1
43536.398937744,4,5516,100,3863911,1
43537.927177314,1,5521,100,3857608,1
43540.537819644,1,5522,100,3851939,-1
43541.793814351,1,5523,100,3851631,-1
43543.135634323,4,5514,100,3856603,1
43543.852926666,4,5521,100,3857608,1
43544.737675372,1,5524,100,3843461,1
43546.054455297,3,5518,100,3862643,-1
43547.746673737,5,5522,100,3851939,-1
43548.8346137,3,5500,100,3911312,-1
43550.008192481,3,5520,100,3862105,1
43550.708221194,1,5525,100,3846605,1
43551.701539767,1,5526,100,3841034,1
43553.109491301,1,5527,100,3841491,-1
43555.061700382,3,5524,100,3843461,1
43556.818458458,3,5513,100,3855063,-1
43558.04784611,4,5519,100,3860323,1
43559.131999658,1,5528,100,3828578,1
43559.829888405,1,5529,100,3836197,-1
43561.660705092,3,5523,100,3851631,-1
43562.700550989,4,5526,100,3841034,1
43565.493284202,3,5529,100,3836197,-1
43566.917776822,3,5528,100,3828578,1
43567.737755485,1,5530,100,3811870,1
43568.777868876,3,5527,100,3841491,-1
43570.086129961,1,5531,100,3813115,1
43571.68448178,1,5532,100,3816416,-1
43572.920490978,4,5525,100,3846605,1
43573.925441621,1,5533,100,3808869,-1
43575.086540354,4,5531,100,3813115,1
43576.351638618,3,5530,100,3811870,1
43577.217822995,3,5532,100,3816416,-1
43578.318617719,1,5534,100,3792591,1
43578.987794147,1,5535,100,3797759,-1
43579.968415095,4,5533,100,3808869,-1
43581.036738687,5,5534,100,3792591,1
43581.808999976,3,5535,100,3797759,-1
43582.767437126,1,5536,100,3801881,-1
43584.275808571,4,5536,100,3801881,-1
43585.272585897,1,5537,100,3788317,1
43586.435309584,1,5538,100,3791775,-1
43587.581729483,4,5537,100,3788317,1
43588.456029611,5,5538,100,3791775,-1
43590.130115735,1,5539,100,3794810,1
43592.109049516,5,5539,100,3794810,1
43593.504463385,1,5540,100,3800366,-1
43594.958180821,4,5540,100,3800366,-1
43595.971258538,1,5541,100,3795569,1
43596.759963958,1,5542,100,3789446,1
43598.593081995,3,5541,100,3795569,1
43599.896682162,3,5542,100,3789446,1
43601.624761693,1,5543,100,3786856,1
43602.618187289,1,5544,100,3785715,-1
43603.901655059,3,5543,100,3786856,1
43605.513799586,3,5544,100,3785715,-1
43606.869008818,1,5545,100,3795547,-1
43607.685278441,3,5545,100,3795547,-1
43609.453518724,1,5546,100,3794217,-1
43612.507781036,1,5547,100,3782623,1
43614.176865199,1,5548,100,3787828,-1
43615.414738964,1,5549,100,3778037,1
43617.191642324,1,5550,100,3786237,-1
43617.955986864,1,5551,100,3789294,-1
43621.7384932,1,5552,100,3789166,1
43622.636796253,3,5546,100,3794217,-1
43623.702697188,5,5548,100,3787828,-1
43626.288702368,1,5553,100,3787779,1
43627.855372152,1,5554,100,3778468,1
43631.303621199,3,5551,100,3789294,-1
43632.281498344,4,5553,100,3787779,1
43634.129967397,1,5555,100,3783667,-1
43637.416915106,4,5549,100,3778037,1
43638.175978351,3,5555,100,3783667,-1
43638.926979888,1,5556,100,3785807,-1
43640.898059653,3,5556,100,3785807,-1
43641.67443565,4,5554,100,3778468,1
43643.608475905,3,5552,100,3789166,1
43644.512528753,3,5550,100,3786237,-1
43646.197564092,1,5557,100,3775189,1
43647.435739717,1,5558,100,3774476,-1
43650.097895667,3,5547,100,3782623,1
43651.726254206,1,5559,100,3755663,-1
43653.017539268,1,5560,100,3755038,-1
43654.257304459,1,5561,100,3758509,-1
43655.330800914,3,5559,100,3755663,-1
43657.872988968,3,5560,100,3755038,-1
43658.580554027,5,5558,100,3774476,-1
43659.323631095,3,5561,100,3758509,-1
43661.224777093,1,5562,100,3764382,1
43662.847439629,1,5563,100,3765486,1
43664.059475953,4,5557,100,3775189,1
43665.122736034,1,5564,100,3772893,1
43666.219765733,1,5565,100,3779382,-1
43667.148368727,3,5563,100,3765486,1
43668.872230591,5,5562,100,3764382,1
43669.695585829,3,5564,100,3772893,1
43671.41600178,5,5565,100,3779382,-1
43672.141911391,1,5566,100,3776429,1
43673.798873197,1,5567,100,3770341,1
43675.108549079,1,5568,100,3771707,1
43676.178586643,3,5566,100,3776429,1
43677.043469823,4,5568,100,3771707,1
43678.166858934,3,5567,100,3770341,1
43680.143040672,1,5569,100,3767079,1
43681.22457021,4,5569,100,3767079,1
43682.50202678,1,5570,100,3781026,-1
43683.667722135,4,5570,100,3781026,-1
43685.248407318,1,5571,100,3785761,1
43687.160124033,4,5571,100,3785761,1
43688.670993885,1,5572,100,3788338,-1
43690.395809344,4,5572,100,3788338,-1
43691.189210988,1,5573,100,3791962,1
43692.845333856,4,5573,100,3791962,1
43694.1595141,1,5574,100,3802463,-1
43696.509904062,4,5574,100,3802463,-1
43697.327470518,1,5575,100,3794765,1
43698.763461482,1,5576,100,3798792,1
43699.670289689,3,5575,100,3794765,1
43702.495340547,3,5576,100,3798792,1
43704.482850508,1,5577,100,3804151,1
43706.224733888,1,5578,100,3804109,1
43707.962071001,3,5578,100,3804109,1
43710.158592274,1,5579,100,3815273,1
43711.228969889,1,5580,100,3814419,-1
43712.445567718,3,5579,100,3815273,1
43713.731153672,1,5581,100,3814982,1
43715.131881894,1,5582,100,3811175,1
43716.477319806,1,5583,100,3813891,1
43718.367144727,4,5580,100,3814419,-1
43719.600028298,5,5582,100,3811175,1
43721.61625382,3,5581,100,3814982,1
43723.120210803,4,5577,100,3804151,1
43724.249108316,3,5583,100,3813891,1
43726.228630299,1,5584,100,3835808,-1
43727.370932714,3,5584,100,3835808,-1
43728.319499423,1,5585,100,3828590,1
43729.388343581,5,5585,100,3828590,1
43730.441992043,1,5586,100,3833437,1
43732.165773781,3,5586,100,3833437,1
43733.762991463,1,5587,100,3831878,-1
43736.705878236,4,5587,100,3831878,-1
43738.220864562,1,5588,100,3826215,1
43739.305623483,3,5588,100,3826215,1
43740.492024721,1,5589,100,3817127,-1
43741.633755521,1,5590,100,3821212,-1
43743.568908294,3,5589,100,3817127,-1
43745.018931207,1,5591,100,3815300,-1
43746.196208705,3,5591,100,3815300,-1
43747.078837849,3,5590,100,3821212,-1
43748.941368072,1,5592,100,3818890,-1
43749.81354809,3,5592,100,3818890,-1
43751.061953009,1,5593,100,3817433,-1
43753.840229936,1,5594,100,3821806,1
43755.425689252,3,5593,100,3817433,-1
43756.739844516,1,5595,100,3831921,-1
43757.927684043,3,5594,100,3821806,1
43760.645185411,1,5596,100,3831618,-1
43762.391297405,1,5597,100,3831653,-1
43763.523542214,1,5598,100,3836700,1
43764.250439275,1,5599,100,3835615,-1
43766.06481965,4,5596,100,3831618,-1
43766.74739185,1,5600,100,3832868,-1
43769.359075977,1,5601,100,3824626,1
43771.200453074,1,5602,100,3830601,-1
43772.916480335,1,5603,100,3824428,-1
43773.59662471,3,5598,100,3836700,1
43775.953831102,1,5604,100,3830485,-1
43777.425748125,1,5605,100,3833570,1
43778.683939485,5,5600,100,3832868,-1
43780.2676342,4,5603,100,3824428,-1
43783.105463377,1,5606,100,3838569,-1
43784.8697243,1,5607,100,3840382,-1
43785.917049878,3,5605,100,3833570,1
43787.264583143,1,5608,100,3845215,1
43788.473674606,3,5601,100,3824626,1
43789.587174105,3,5604,100,3830485,-1
43791.019553164,1,5609,100,3839280,-1
43792.413734661,1,5610,100,3848060,1
43793.725948673,5,5602,100,3830601,-1
43795.469948855,4,5607,100,3840382,-1
43798.999878387,5,5599,100,3835615,-1
43799.821492863,1,5611,100,3830795,1
43800.662192815,1,5612,100,3824817,1
43801.869533333,1,5613,100,3826965,1
43803.748307561,1,5614,100,3827994,1
43805.379633956,4,5613,100,3826965,1
43806.449999825,1,5615,100,3829611,1
43807.525967323,1,5616,100,3835604,-1
43809.406840024,3,5611,100,3830795,1
43810.301195012,4,5610,100,3848060,1
43811.906215119,1,5617,100,3836809,1
43812.775395878,1,5618,100,3840259,-1
43814.698069091,5,5608,100,3845215,1
43815.525842917,1,5619,100,3830983,1
43816.415442443,3,5595,100,3831921,-1
43817.171241698,1,5620,100,3838611,-1
43819.12028191,1,5621,100,3840842,-1
43821.818918093,5,5621,100,3840842,-1
43822.646568447,3,5609,100,3839280,-1
43823.963670808,5,5616,100,3835604,-1
43825.23700517,3,5615,100,3829611,1
43827.212196783,5,5618,100,3840259,-1
43828.535518775,3,5597,100,3831653,-1
43830.285302326,3,5617,100,3836809,1
43831.336321077,3,5619,100,3830983,1
43833.120538532,3,5614,100,3827994,1
43833.813574926,3,5606,100,3838569,-1
43834.721130169,1,5622,100,3836262,1
43836.682061459,5,5620,100,3838611,-1
43838.318359214,5,5612,100,3824817,1
43840.169266424,3,5622,100,3836262,1
43841.419672055,1,5623,100,3830626,1
43843.241129982,1,5624,100,3833915,-1
43845.119252272,3,5623,100,3830626,1
43846.357853366,3,5624,100,3833915,-1
43848.16748031,1,5625,100,3826422,-1
43849.997840063,5,5625,100,3826422,-1
43851.580419239,1,5626,100,3830325,-1
43853.122172663,3,5626,100,3830325,-1
43853.851432176,1,5627,100,3819235,1
43855.269312442,1,5628,100,3823897,-1
43856.647988711,1,5629,100,3817300,1
43857.706092427,5,5627,100,3819235,1
43858.882444674,1,5630,100,3816066,1
43860.102866957,1,5631,100,3817340,1
43863.426426761,1,5632,100,3818197,1
43865.191728147,3,5631,100,3817340,1
43866.333715118,4,5629,100,3817300,1
43867.421871516,1,5633,100,3821364,1
43868.822484402,1,5634,100,3826081,-1
43870.0958152,5,5634,100,3826081,-1
43871.554194722,3,5633,100,3821364,1
43873.524625835,1,5635,100,3816846,1
43875.479774204,4,5630,100,3816066,1
43877.505407382,3,5635,100,3816846,1
43879.150712759,1,5636,100,3813645,1
43880.276585989,5,5632,100,3818197,1
43882.008311692,1,5637,100,3809470,-1
43882.96672892,1,5638,100,3807524,1
43884.103828022,3,5638,100,3807524,1
43884.890007751,3,5636,100,3813645,1
43886.796380232,1,5639,100,3819454,-1
43888.103705663,3,5639,100,3819454,-1
43889.562194453,1,5640,100,3819512,-1
43890.513598658,3,5628,100,3823897,-1
43891.4724776,3,5640,100,3819512,-1
43892.730764653,1,5641,100,3824185,1
43893.879370505,1,5642,100,3833918,-1
43894.652431104,3,5641,100,3824185,1
43895.857232659,4,5637,100,3809470,-1
43896.858263546,1,5643,100,3838091,-1
43898.132828542,1,5644,100,3840931,-1
43899.037256091,3,5644,100,3840931,-1
43901.704204131,1,5645,100,3855732,-1
43903.511500449,1,5646,100,3850327,1
43906.463889185,3,5645,100,3855732,-1
43907.505196155,3,5646,100,3850327,1
43908.377374775,1,5647,100,3847356,-1
43910.843454343,3,5642,100,3833918,-1
43911.845728329,4,5643,100,3838091,-1
43912.842462362,1,5648,100,3847391,-1
43917.730638807,4,5648,100,3847391,-1
43919.530671284,3,5647,100,3847356,-1
43920.413910362,1,5649,100,3829215,1
43921.846444748,3,5649,100,3829215,1
43922.553641624,1,5650,100,3824556,1
43923.568902886,4,5650,100,3824556,1
43925.314368645,1,5651,100,3820406,1
43926.239463755,1,5652,100,3820825,1
43927.682769307,1,5653,100,3822505,1
43928.527356765,1,5654,100,3832527,-1
43929.462472888,4,5654,100,3832527,-1
43930.985336868,1,5655,100,3830125,-1
43931.881301364,4,5655,100,3830125,-1
43933.508913546,3,5653,100,3822505,1
43934.969214825,1,5656,100,3821456,-1
43936.622499676,3,5651,100,3820406,1
43937.746795459,1,5657,100,3824618,-1
43939.462389166,3,5656,100,3821456,-1
43940.721172533,3,5652,100,3820825,1
43942.592381842,5,5657,100,3824618,-1
43943.851933985,1,5658,100,3812076,1
43946.655814703,5,5658,100,3812076,1
43947.982082853,1,5659,100,3819661,1
43949.060025811,4,5659,100,3819661,1
43950.816255471,1,5660,100,3819559,1
43952.238632676,1,5661,100,3814619,1
43953.426449274,1,5662,100,3814829,-1
43954.111545769,3,5662,100,3814829,-1
43955.781979069,1,5663,100,3812194,1
43957.567344057,4,5660,100,3819559,1
43958.888234213,4,5661,100,3814619,1
43960.517694537,1,5664,100,3823248,1
43961.559406077,3,5664,100,3823248,1
43963.011396159,3,5663,100,3812194,1
43963.982911462,1,5665,100,3811183,-1
43964.832419904,1,5666,100,3814925,-1
43966.755953104,1,5667,100,3809365,1
43967.954442863,1,5668,100,3811078,1
43970.00606662,1,5669,100,3805351,-1
43970.702906208,1,5670,100,3808895,-1
43972.058958776,3,5667,100,3809365,1
43973.278172311,1,5671,100,3805273,-1
43974.121936103,1,5672,100,3807529,-1
43976.167001322,5,5666,100,3814925,-1
43977.021365014,4,5669,100,3805351,-1
43978.540812781,5,5668,100,3811078,1
43979.725171363,4,5665,100,3811183,-1
43980.834702871,3,5672,100,3807529,-1
43982.607232884,1,5673,100,3810034,1
43985.491674962,1,5674,100,3810150,-1
43987.331233229,1,5675,100,3807182,1
43989.211950253,3,5673,100,3810034,1
43991.440949611,4,5675,100,3807182,1
43993.143141034,4,5671,100,3805273,-1
43994.634115241,1,5676,100,3819950,-1
43996.592798898,1,5677,100,3816889,-1
43997.79729059,5,5676,100,3819950,-1
43999.826547687,1,5678,100,3815389,-1
44001.365878801,1,5679,100,3816602,-1
44002.057430932,1,5680,100,3821170,-1
44003.33950603,3,5679,100,3816602,-1
44006.500820508,1,5681,100,3824270,-1
44007.204789553,3,5677,100,3816889,-1
44008.743974883,4,5674,100,3810150,-1
44009.66270656,1,5682,100,3829422,1
44013.063129765,1,5683,100,3832834,-1
44014.473367534,1,5684,100,3831830,1
44015.601269075,1,5685,100,3830953,1
44017.487901421,1,5686,100,3840283,1
44019.039974076,1,5687,100,3843721,1
44020.125781395,1,5688,100,3840804,1
44023.893257279,3,5685,100,3830953,1
44024.948476935,3,5680,100,3821170,-1
44026.832247188,4,5670,100,3808895,-1
44027.74931537,1,5689,100,3856343,1
44028.872701438,1,5690,100,3860918,-1
44030.121423384,1,5691,100,3858112,-1
44032.127890496,1,5692,100,3857947,-1
44035.082398763,5,5689,100,3856343,1
44036.052392622,1,5693,100,3858456,-1
44038.74520259,1,5694,100,3857046,1
44040.517253467,3,5684,100,3831830,1
44042.45745093,1,5695,100,3862846,1
44044.036522183,5,5678,100,3815389,-1
44045.627130249,4,5681,100,3824270,-1
44047.450263342,1,5696,100,3855898,1
44048.972922395,3,5687,100,3843721,1
44050.087991745,1,5697,100,3844497,1
44051.780869543,3,5690,100,3860918,-1
44054.912952372,1,5698,100,3841057,1
44056.707344799,1,5699,100,3846298,-1
44057.705391389,1,5700,100,3833835,1
44059.701592793,1,5701,100,3841448,1
44062.224199669,1,5702,100,3842398,1
44063.619867954,1,5703,100,3844154,1
44065.675031269,3,5703,100,3844154,1
44067.004839156,1,5704,100,3848158,-1
44070.092582561,1,5705,100,3836211,-1
44071.977084347,1,5706,100,3843811,-1
44073.84395972,3,5698,100,3841057,1
44074.711484699,1,5707,100,3833565,-1
44077.209707604,1,5708,100,3836474,-1
44078.069048552,1,5709,100,3828274,1
44079.592447469,1,5710,100,3835114,1
44081.442150544,1,5711,100,3833849,1
44082.466024294,3,5686,100,3840283,1
44084.149814978,5,5711,100,3833849,1
44085.18078825,5,5682,100,3829422,1
44086.573049811,1,5712,100,3832105,1
44089.868816846,1,5713,100,3832007,-1
44091.364139022,1,5714,100,3832324,-1
44093.393794377,1,5715,100,3828998,1
44094.778684363,5,5697,100,3844497,1
44096.434786603,1,5716,100,3828130,1
44097.985634437,1,5717,100,3827333,1
44099.378137909,4,5696,100,3855898,1
44100.935165414,1,5718,100,3839552,-1
44102.215969413,1,5719,100,3842719,1
44104.161995975,1,5720,100,3845541,-1
44105.051132306,3,5700,100,3833835,1
44106.820310131,3,5706,100,3843811,-1
44108.288776978,3,5693,100,3858456,-1
44110.06484073,3,5712,100,3832105,1
44111.95252063,1,5721,100,3846351,-1
44113.920016609,1,5722,100,3837219,-1
44115.404177087,3,5721,100,3846351,-1
44117.185806254,1,5723,100,3844548,-1
44119.038908572,1,5724,100,3846661,-1
44120.332929842,5,5708,100,3836474,-1
44121.810655585,5,5694,100,3857046,1
44123.816282468,1,5725,100,3851354,1
44125.108908234,1,5726,100,3855775,1
44127.555169011,1,5727,100,3864569,-1
44129.240581665,1,5728,100,3862965,1
44130.178992278,3,5692,100,3857947,-1
44132.539988505,1,5729,100,3872422,-1
44133.355519053,1,5730,100,3866903,1
44134.602780598,4,5720,100,3845541,-1
44136.67119857,1,5731,100,3868895,-1
44137.556736445,3,5713,100,3832007,-1
44138.421325515,5,5714,100,3832324,-1
44139.347609007,4,5722,100,3837219,-1
44142.261456958,5,5710,100,3835114,1
44147.347896461,3,5717,100,3827333,1
44148.69355209,1,5732,100,3874760,1
44149.882787432,4,5707,100,3833565,-1
44151.870725902,5,5695,100,3862846,1
44153.38336072,4,5729,100,3872422,-1
44155.163061873,1,5733,100,3877945,1
44156.769131589,3,5702,100,3842398,1
44158.798122547,3,5725,100,3851354,1
44160.702782893,3,5701,100,3841448,1
44162.142941094,4,5699,100,3846298,-1
44163.409543099,1,5734,100,3877403,1
44164.771646139,1,5735,100,3879701,-1
44166.224829585,4,5691,100,3858112,-1
44167.339385634,1,5736,100,3880312,1
44169.120372962,1,5737,100,3881844,1
44170.846734375,1,5738,100,3880111,1
44172.092029299,3,5731,100,3868895,-1
44172.815414584,1,5739,100,3884134,-1
44174.639944585,1,5740,100,3883181,-1
44176.627020391,1,5741,100,3876158,1
44177.894219494,1,5742,100,3876700,1
44178.708314399,3,5716,100,3828130,1
44179.727922122,3,5739,100,3884134,-1
44182.410248822,3,5719,100,3842719,1
44184.031605945,4,5723,100,3844548,-1
44185.636512024,1,5743,100,3869692,1
44187.69347729,3,5715,100,3828998,1
44188.755790665,4,5705,100,3836211,-1
44191.601181302,3,5730,100,3866903,1
44192.667784277,4,5727,100,3864569,-1
44193.388083321,1,5744,100,3875955,-1
44195.308489105,1,5745,100,3869334,-1
44197.99062431,1,5746,100,3859866,1
44199.425328179,1,5747,100,3870437,-1
44200.542885461,1,5748,500,3867845,-1
44203.941375165,3,5724,100,3846661,-1
44204.934653601,3,5734,100,3877403,1
44206.448990157,4,5736,100,3880312,1
44208.066474053,4,5743,100,3869692,1
44209.98768589,1,5749,100,3865169,1
44212.011558752,1,5750,100,3867172,1
44213.877085919,1,5751,100,3873375,1
44214.655840445,3,5688,100,3840804,1
44215.400552645,3,5741,100,3876158,1
44216.746250953,1,5752,100,3871638,1
44217.498128947,1,5753,100,3876007,-1
44218.23066256,3,5753,100,3876007,-1
44219.426766872,1,5754,100,3876829,-1
44220.210902494,3,5733,100,3877945,1
44221.64048275,1,5755,100,3871259,1
44223.183940453,5,5683,100,3832834,-1
44224.411296044,3,5709,100,3828274,1
44225.989620498,5,5754,100,3876829,-1
44227.155445749,4,5748,200,3867845,-1
44228.53656348,3,5750,100,3867172,1
44231.199290992,3,5748,300,3867845,-1
44232.871081487,1,5756,100,3888092,-1
44233.87120289,1,5757,100,3888215,-1
44234.689949742,3,5704,100,3848158,-1
44236.136317633,1,5758,100,3885677,1
44240.106184476,1,5759,100,3884287,-1
44241.977770835,1,5760,100,3890169,-1
44243.884289248,1,5761,100,3888027,-1
44245.330493196,1,5762,100,3883366,1
44247.217376492,3,5749,100,3865169,1
44248.039463581,1,5763,100,3889737,1
44249.484193267,1,5764,100,3898192,-1
44250.210958498,1,5765,100,3891749,1
44251.077197808,4,5765,100,3891749,1
44252.016083526,1,5766,100,3892554,-1
44253.395280072,4,5761,100,3888027,-1
44254.902133342,3,5737,100,3881844,1
44256.17541947,1,5767,100,3889640,1
44257.268608889,1,5768,100,3893986,-1
44259.263169536,1,5769,100,3899116,-1
44261.161082222,4,5766,100,3892554,-1
44262.539521077,1,5770,100,3895541,1
44263.944001686,1,5771,100,3896070,-1
44265.391864483,3,5738,100,3880111,1
44267.278826474,1,5772,100,3902504,-1
44269.217543694,3,5728,100,3862965,1
44271.134025453,1,5773,100,3908958,-1
44272.498621884,1,5774,100,3907605,1
44274.362135001,3,5732,100,3874760,1
44276.454113027,5,5760,100,3890169,-1
44278.283682078,5,5759,100,3884287,-1
44280.269478756,1,5775,100,3907686,-1
44282.136536902,1,5776,100,3910038,-1
44283.970520367,1,5777,100,3909233,-1
44285.608173697,4,5756,100,3888092,-1
44287.236912379,1,5778,100,3909956,-1
44289.323083007,1,5779,100,3909684,1
44290.263090931,5,5718,100,3839552,-1
44291.32766798,1,5780,100,3902322,1
44292.798091271,3,5779,100,3909684,1
44295.3821243,1,5781,100,3904285,1
44297.308236119,3,5747,100,3870437,-1
44300.703644142,3,5763,100,3889737,1
44302.06832379,1,5782,100,3907215,1
44303.602413286,3,5726,100,3855775,1
44305.179330151,1,5783,100,3910541,-1
44306.41675701,4,5775,100,3907686,-1
44308.037800176,3,5780,100,3902322,1
44310.029509304,1,5784,100,3920178,1
44312.585994264,3,5752,100,3871638,1
44316.00106458,3,5767,100,3889640,1
44317.848368491,1,5785,100,3914971,1
44320.270312471,3,5782,100,3907215,1
44322.093724497,1,5786,100,3920362,-1
44323.606450005,4,5778,100,3909956,-1
44324.96159763,5,5771,100,3896070,-1
44326.660847764,1,5787,100,3910656,-1
44328.632409549,3,5785,100,3914971,1
44330.305392123,3,5745,100,3869334,-1
44332.102477802,3,5786,100,3920362,-1
44333.9711583,4,5740,100,3883181,-1
44335.59868629,3,5757,100,3888215,-1
44337.627973297,3,5783,100,3910541,-1
44339.305978679,1,5788,100,3918091,1
44341.132903889,4,5788,100,3918091,1
44343.059558251,3,5770,100,3895541,1
44344.475582214,1,5789,100,3918819,-1
44345.974704493,5,5768,100,3893986,-1
44346.993332451,3,5781,100,3904285,1
44348.029813327,3,5773,100,3908958,-1
44349.027505706,3,5758,100,3885677,1
44350.661138423,3,5777,100,3909233,-1
44352.632620225,5,5751,100,3873375,1
44354.242595449,1,5790,100,3905671,1
44355.408609932,1,5791,100,3905423,-1
44356.344867223,1,5792,100,3909760,1
44358.962407498,3,5746,100,3859866,1
44359.938736516,1,5793,100,3915689,-1
44361.693350501,4,5791,100,3905423,-1
44363.359148198,1,5794,100,3934179,-1
44364.334033003,1,5795,100,3926589,-1
44365.042766139,3,5755,100,3871259,1
44367.040585452,1,5796,100,3919036,1
44367.825520878,1,5797,100,3920982,1
44369.25150963,3,5787,100,3910656,-1
44371.822103666,1,5798,100,3935123,1
44373.849717469,1,5799,100,3934997,-1
44374.842594623,1,5800,100,3937725,-1
44376.28392095,5,5796,100,3919036,1
44377.874058086,1,5801,100,3929383,1
44379.860223003,1,5802,100,3938699,1
44380.935603873,5,5774,100,3907605,1
44381.902364307,3,5793,100,3915689,-1
44383.258782168,4,5769,100,3899116,-1
44384.372126582,3,5802,100,3938699,1
44386.278985686,1,5803,100,3942503,1
44387.683773003,4,5735,100,3879701,-1
44390.924213863,1,5804,100,3938241,-1
44391.880288507,1,5805,100,3939591,1
44392.988276648,1,5806,100,3941119,-1
44394.685577157,1,5807,100,3937297,1
44395.931664575,3,5784,100,3920178,1
44397.092723813,1,5808,100,3933900,1
44397.881288271,3,5798,100,3935123,1
44398.656189373,1,5809,100,3940105,-1
44400.639357516,4,5795,100,3926589,-1
44402.142967083,1,5810,100,3957616,-1
44404.081207153,4,5772,100,3902504,-1
44405.936612306,1,5811,100,3965235,-1
44406.701701192,5,5776,100,3910038,-1
44407.747354843,3,5742,100,3876700,1
44409.365717304,1,5812,100,3966524,-1
44410.931494013,1,5813,100,3969377,-1
44411.777779547,1,5814,100,3970247,-1
44413.781838259,1,5815,100,3969773,-1
44415.30888235,3,5794,100,3934179,-1
44417.254971739,1,5816,100,3972253,-1
44420.755112805,4,5806,100,3941119,-1
44422.373275134,3,5809,100,3940105,-1
44423.57999018,3,5804,100,3938241,-1
44424.873600307,1,5817,100,3964537,1
44426.671109623,1,5818,100,3968599,-1
44428.430238926,4,5812,100,3966524,-1
44429.921740597,1,5819,100,3965138,1
44431.991566102,1,5820,100,3971557,1
44432.894522223,1,5821,100,3968555,1
44434.754055896,1,5822,100,3976323,-1
44436.053732692,1,5823,100,3975855,-1
44437.352518132,1,5824,100,3969764,-1
44440.029552429,5,5815,100,3969773,-1
44440.869519691,1,5825,100,3967323,1
44441.855659688,3,5805,100,3939591,1
44443.674997183,4,5819,100,3965138,1
44445.213969336,3,5803,100,3942503,1
44447.687772986,1,5826,100,3972757,-1
44449.670935586,1,5827,100,3968568,-1
44450.572686294,4,5764,100,3898192,-1
44451.954077145,5,5744,100,3875955,-1
44453.595085675,1,5828,100,3969945,1
44454.86699509,3,5799,100,3934997,-1
44456.594157819,3,5808,100,3933900,1
44458.202822846,4,5820,100,3971557,1
44459.491708254,1,5829,100,3963530,-1
44461.387271204,3,5818,100,3968599,-1
44462.668122024,3,5827,100,3968568,-1
44463.628494437,3,5826,100,3972757,-1
44464.494294773,1,5830,100,3969739,1
44465.456960247,1,5831,100,3961695,1
44466.984171791,1,5832,100,3970758,-1
44468.479319055,1,5833,100,3972747,-1
44469.217877496,1,5834,100,3968359,-1
44470.836898812,1,5835,200,3961383,1
44472.405126601,1,5836,100,3963959,-1
44473.687305891,3,5834,100,3968359,-1
44475.684191103,4,5800,100,3937725,-1
44476.94673516,1,5837,100,3971170,1
44478.72001534,1,5838,100,3963892,1
44480.978929794,5,5829,100,3963530,-1
44481.727690443,1,5839,100,3968256,-1
44485.403279981,3,5830,100,3969739,1
44486.605391924,1,5840,100,3961047,-1
44487.895883125,1,5841,100,3966067,-1
44489.671738721,4,5837,100,3971170,1
44491.532688868,1,5842,100,3971917,-1
44493.282171745,1,5843,100,3974343,-1
44494.716688564,3,5762,100,3883366,1
44496.209060549,5,5824,100,3969764,-1
44498.419091883,4,5841,100,3966067,-1
44499.198849128,3,5843,100,3974343,-1
44500.394027529,4,5823,100,3975855,-1
44502.197975881,1,5844,100,3976197,1
44503.831255724,1,5845,100,3973495,-1
44504.845225394,1,5846,100,3964874,-1
44506.878316319,5,5797,100,3920982,1
44507.698431158,3,5807,100,3937297,1
44509.797247054,3,5835,200,3961383,1
44510.896264738,1,5847,100,3967171,1
44512.456288613,3,5801,100,3929383,1
44513.877098014,3,5821,100,3968555,1
44514.677773353,1,5848,100,3979548,1
44515.640842709,4,5832,100,3970758,-1
44516.377961989,1,5849,100,3970185,1
44518.020627211,1,5850,100,3971870,1
44519.944745478,5,5790,100,3905671,1
44521.135869057,1,5851,100,3973431,1
44523.169150107,3,5850,100,3971870,1
44525.273710438,3,5840,100,3961047,-1
44526.180237833,5,5844,100,3976197,1
44527.208315226,1,5852,100,3995647,-1
44528.087027378,3,5789,100,3918819,-1
44530.134360453,1,5853,100,3985517,1
44532.014477308,1,5854,100,3985844,-1
44534.065139647,1,5855,100,3989801,1
44535.182170602,1,5856,100,3990424,-1
44535.941268228,4,5839,100,3968256,-1
44538.063279187,5,5831,100,3961695,1
44539.320438651,1,5857,100,3991150,1
44541.432188839,3,5845,100,3973495,-1
44542.799977295,1,5858,100,3987128,1
44544.541559683,1,5859,100,3990232,-1
44545.322549662,5,5855,100,3989801,1
44546.661015228,3,5859,100,3990232,-1
44548.199985989,3,5852,100,3995647,-1
44551.042419582,4,5816,100,3972253,-1
44554.663052963,1,5860,100,3988251,-1
44555.39237237,5,5848,100,3979548,1
44556.270169957,4,5822,100,3976323,-1
44557.486659798,1,5861,100,3994682,-1
44558.868704265,3,5817,100,3964537,1
44559.844433127,1,5862,100,3986673,1
44561.454513377,3,5851,100,3973431,1
44562.485845023,1,5863,100,3989928,1
44564.336557862,1,5864,100,3988318,-1
44565.047320815,1,5865,100,3983369,1
44567.954476364,3,5860,100,3988251,-1
44569.583320906,4,5836,100,3963959,-1
44570.806832273,5,5838,100,3963892,1
44575.744421085,5,5856,100,3990424,-1
44577.325597942,3,5833,100,3972747,-1
44579.449632863,1,5866,100,3975158,-1
44580.372001954,4,5814,100,3970247,-1
44581.571875595,3,5862,100,3986673,1
44583.665612057,3,5864,100,3988318,-1
44585.103662542,3,5853,100,3985517,1
44586.874898871,1,5867,100,3979067,-1
44587.60401091,4,5846,100,3964874,-1
44588.85593928,3,5865,100,3983369,1
44589.711065299,3,5857,100,3991150,1
44591.545841888,1,5868,100,3972034,1
44594.188189693,4,5810,100,3957616,-1
44595.171147836,5,5828,100,3969945,1
44596.304624261,4,5863,100,3989928,1
44597.312878727,3,5854,100,3985844,-1
44598.476401324,3,5792,100,3909760,1
44599.364953552,4,5849,100,3970185,1
44600.775918825,5,5842,100,3971917,-1
44602.145137333,5,5811,100,3965235,-1
44602.984993242,1,5869,100,3934351,1
44604.798461558,3,5867,100,3979067,-1
44606.210965594,3,5861,100,3994682,-1
44608.291758362,5,5813,100,3969377,-1
44609.150227541,3,5869,100,3934351,1
44610.436966015,5,5825,100,3967323,1
44612.021878079,1,5870,100,3939102,1
44613.777488204,3,5847,100,3967171,1
44615.147277089,1,5871,100,3938972,1
44616.357885242,1,5872,100,3946795,1
44617.488314031,1,5873,100,3949630,-1
44619.218832531,1,5874,100,3950001,-1
44620.947035292,4,5870,100,3939102,1
44621.666246836,1,5875,100,3940258,-1
44623.579976441,1,5876,100,3936639,-1
44624.630683284,4,5876,100,3936639,-1
44625.800846234,1,5877,100,3939440,1
44627.12622566,4,5875,100,3940258,-1
44627.934376247,3,5873,100,3949630,-1
44629.887840381,1,5878,100,3939593,-1
44631.933332373,1,5879,100,3944846,-1
44633.458250236,1,5880,100,3942350,-1
44635.096403808,1,5881,100,3938748,-1
44635.980283036,4,5879,100,3944846,-1
44637.018588046,1,5882,100,3944376,1
44639.010914484,1,5883,100,3941218,1
44641.087987333,5,5880,100,3942350,-1
44643.073187048,1,5884,100,3949787,1
44645.764928211,1,5885,100,3945693,1
44646.851218894,1,5886,100,3945992,-1
44647.602038336,3,5883,100,3941218,1
44649.721345299,1,5887,100,3955353,-1
44650.451985173,1,5888,100,3945146,1
44651.924391158,1,5889,100,3937308,1
44652.931890603,5,5885,100,3945693,1
44653.724756556,1,5890,100,3934802,1
44655.345041592,5,5874,100,3950001,-1
44657.381096956,1,5891,100,3935986,1
44658.127862976,3,5886,100,3945992,-1
44659.18512825,1,5892,100,3928434,1
44660.159562425,1,5893,100,3932683,1
44660.977974014,3,5878,100,3939593,-1
44661.954207147,1,5894,100,3947672,1
44663.500797077,1,5895,100,3950729,1
44664.704688325,1,5896,100,3946266,1
44666.143249785,3,5895,100,3950729,1
44667.90579619,1,5897,100,3950130,1
44669.857402482,5,5868,100,3972034,1
44671.721354114,1,5898,100,3952684,-1
44673.722233624,3,5887,100,3955353,-1
44675.097102332,3,5858,100,3987128,1
44676.462045053,1,5899,100,3958007,-1
44677.476030617,3,5888,100,3945146,1
44680.080224114,4,5881,100,3938748,-1
44681.661574265,3,5896,100,3946266,1
44682.397330249,3,5899,100,3958007,-1
44683.131614523,1,5900,100,3943881,1
44684.492340716,1,5901,100,3946367,1
44686.591786055,1,5902,100,3947643,1
44688.012391605,5,5893,100,3932683,1
44689.633187846,1,5903,100,3963507,-1
44690.86171898,3,5872,100,3946795,1
44694.558483607,1,5904,100,3964853,-1
44695.321394988,1,5905,100,3959050,-1
44696.75485404,1,5906,100,3957862,-1
44697.768881071,4,5906,100,3957862,-1
44699.021860693,5,5884,100,3949787,1
44700.265475022,4,5898,100,3952684,-1
44701.135694548,4,5905,100,3959050,-1
44701.864321436,1,5907,100,3961739,1
44705.23572417,1,5908,100,3968793,-1
44706.650352659,1,5909,100,3971167,1
44707.682765183,1,5910,100,3971438,-1
44708.824428577,1,5911,100,3974858,-1
44709.969605339,5,5911,100,3974858,-1
44712.554981983,4,5904,100,3964853,-1
44715.117800935,1,5912,100,3979797,-1
44716.768841799,1,5913,100,3977241,-1
44720.43572541,4,5866,100,3975158,-1
44721.505858153,3,5891,100,3935986,1
44722.928772352,4,5913,100,3977241,-1
44723.818152741,3,5882,100,3944376,1
44725.917506558,1,5914,100,3975798,-1
44726.880054602,4,5910,100,3971438,-1
44727.6400403,1,5915,100,3978469,-1
44729.516370279,1,5916,100,3980688,-1
44731.218481807,1,5917,100,3978096,1
44731.954118023,3,5890,100,3934802,1
44733.149829394,3,5897,100,3950130,1
44734.601410455,4,5903,100,3963507,-1
44735.722823313,1,5918,100,3966643,1
44736.697990185,1,5919,100,3978608,-1
44738.357813203,4,5917,100,3978096,1
44739.133781916,4,5908,100,3968793,-1
44741.197615994,3,5894,100,3947672,1
44741.955611353,1,5920,100,3965284,1
44742.845736593,5,5900,100,3943881,1
44744.349081016,4,5918,100,3966643,1
44745.112833681,1,5921,100,3972619,-1
44747.218465796,4,5914,100,3975798,-1
44749.087443229,1,5922,100,3971641,1
44751.01055741,3,5877,100,3939440,1
44752.852112506,1,5923,100,3978580,-1
44754.453279078,5,5923,100,3978580,-1
44756.143630179,3,5871,100,3938972,1
44756.880410901,3,5921,100,3972619,-1
44758.517616645,3,5915,100,3978469,-1
44759.772735485,5,5919,100,3978608,-1
44761.667924146,1,5924,100,3968330,1
44763.749550401,3,5901,100,3946367,1
44764.563465443,4,5922,100,3971641,1
44765.946793433,1,5925,100,3961344,1
44767.952406927,1,5926,100,3963292,-1
44769.601453467,5,5889,100,3937308,1
44771.373492121,5,5909,100,3971167,1
44772.697629912,3,5902,100,3947643,1
44773.943247518,1,5927,100,3963494,-1
44775.53875767,1,5928,100,3961739,1
44776.669525739,3,5927,100,3963494,-1
44777.652720176,1,5929,100,3966981,1
44778.895067201,5,5929,100,3966981,1
44780.284673893,3,5912,100,3979797,-1
44781.321171997,5,5907,100,3961739,1
44782.215471651,1,5930,100,3965692,-1
44785.814156767,3,5930,100,3965692,-1
44787.604312209,1,5931,100,3970268,-1
44789.558870023,1,5932,100,3974452,-1
44791.024511206,3,5926,100,3963292,-1
44792.052456855,4,5924,100,3968330,1
44793.326352799,5,5920,100,3965284,1
44795.268186733,4,5931,100,3970268,-1
44796.33785129,1,5933,100,3960131,1
44798.379725443,5,5892,100,3928434,1
44799.603345299,5,5928,100,3961739,1
44800.960284368,1,5934,100,3958516,1
44803.090319274,5,5916,100,3980688,-1
44804.141839728,1,5935,100,3964795,1
44805.147826948,1,5936,100,3969207,-1
44806.948417885,3,5932,100,3974452,-1
44808.271559843,1,5937,100,3956559,1
44809.098467781,1,5938,100,3955172,-1
44810.482192218,1,5939,100,3954113,-1
44812.697223824,3,5936,100,3969207,-1
44814.470795319,1,5940,100,3958003,-1
44819.837633308,5,5934,100,3958516,1
44821.599612794,1,5941,100,3961539,-1
44823.611762957,1,5942,100,3958580,1
44825.693970762,1,5943,100,3958997,-1
44826.638260422,1,5944,100,3964769,-1
44828.433453956,5,5925,100,3961344,1
44830.28638004,1,5945,100,3963965,1
44832.228154218,1,5946,100,3973794,-1
44836.020376645,5,5939,100,3954113,-1
44837.365520399,4,5944,100,3964769,-1
44838.788081904,4,5938,100,3955172,-1
44839.980566679,1,5947,100,3968334,-1
44840.934883339,4,5947,100,3968334,-1
44841.843630772,5,5933,100,3960131,1
44843.991725825,3,5937,100,3956559,1
44845.081325769,4,5940,100,3958003,-1
44846.764943708,1,5948,100,3980606,-1
44850.029064646,1,5949,100,3978204,1
44852.057425512,3,5948,100,3980606,-1
44853.610869632,1,5950,100,3982663,1
44856.804196962,1,5951,100,3980128,-1
44858.818236569,3,5941,100,3961539,-1
44859.568209087,3,5942,100,3958580,1
44861.234309265,1,5952,100,3984477,-1
44864.149133322,1,5953,100,3983315,1
44865.03078107,4,5952,100,3984477,-1
44867.143930151,4,5943,100,3958997,-1
44868.841984035,5,5935,100,3964795,1
44870.559967992,1,5954,100,3976596,1
44871.554945124,5,5953,100,3983315,1
44873.350623146,3,5946,100,3973794,-1
44874.62566161,4,5951,100,3980128,-1
44875.454245819,4,5945,100,3963965,1
44876.87007334,4,5950,100,3982663,1
44877.669468049,4,5954,100,3976596,1
44878.625517199,4,5949,100,3978204,1
44880.603580596,1,5955,100,3992086,-1
44884.589312224,3,5955,100,3992086,-1
44885.907570584,1,5956,100,3977842,-1
44887.749476283,1,5957,100,3975789,1
44888.53324752,1,5958,100,3976319,-1
44889.586306984,1,5959,100,3978563,1
44890.800109538,4,5958,100,3976319,-1
44892.527146093,3,5959,100,3978563,1
44893.558509468,4,5956,100,3977842,-1
44894.743200508,1,5960,100,3978521,1
44896.075076721,1,5961,100,3973681,1
44897.875626932,3,5957,100,3975789,1
44898.99166746,3,5961,100,3973681,1
44900.690552696,1,5962,100,3969040,-1
44901.530192131,1,5963,100,3961998,-1
44903.09280218,5,5963,100,3961998,-1
44904.842710306,1,5964,100,3963592,-1
44906.036817413,4,5960,100,3978521,1
44906.825434507,5,5964,100,3963592,-1
44908.144219497,4,5962,100,3969040,-1
44909.855502602,1,5965,100,3963007,-1
44910.63163078,4,5965,100,3963007,-1
44911.580504661,1,5966,100,3957815,1
44912.853569059,1,5967,100,3963932,-1
44914.621833414,1,5968,100,3954049,1
44915.465280588,4,5966,100,3957815,1
44917.914597418,5,5967,100,3963932,-1
44918.702969365,3,5968,100,3954049,1
44919.959356403,1,5969,100,3953379,-1
44921.168056269,1,5970,100,3945393,1
44923.232888221,1,5971,100,3945074,1
44924.368779966,4,5971,100,3945074,1
44925.505692236,1,5972,100,3939552,1
44927.073050579,4,5970,100,3945393,1
44928.224297933,3,5972,100,3939552,1
44929.490468292,1,5973,100,3935095,1
44930.851506888,1,5974,100,3938775,-1
44931.903638414,3,5969,100,3953379,-1
44933.393924559,3,5973,100,3935095,1
44936.910092049,1,5975,100,3937454,1
44937.746643388,1,5976,100,3941393,-1
44939.322691672,5,5975,100,3937454,1
44940.098956844,1,5977,100,3938157,1
44941.592565309,1,5978,100,3943735,-1
44943.295806823,1,5979,100,3940764,-1
44945.064330319,3,5976,100,3941393,-1
44946.646295797,1,5980,100,3932099,1
44949.043867645,4,5980,100,3932099,1
44950.071851239,1,5981,100,3932842,-1
44951.184292382,3,5979,100,3940764,-1
44952.378113294,5,5981,100,3932842,-1
44954.465877235,4,5977,100,3938157,1
44955.524774885,3,5974,100,3938775,-1
44956.611070673,4,5978,100,3943735,-1
44958.608978485,1,5982,100,3918441,-1
44960.765350478,1,5983,100,3917907,-1
44962.818802127,5,5983,100,3917907,-1
44963.596202587,4,5982,100,3918441,-1
44964.703186825,1,5984,100,3922004,1
44966.241623401,1,5985,100,3915881,-1
44968.105823191,4,5984,100,3922004,1
44969.410395228,1,5986,100,3904723,1
44971.441358583,3,5986,100,3904723,1
44972.667048535,1,5987,100,3909439,-1
44974.782497891,1,5988,100,3906235,-1
44976.361827039,4,5988,100,3906235,-1
44977.674369312,1,5989,100,3919876,-1
44979.242535136,1,5990,100,3915021,1
44981.280204493,3,5990,100,3915021,1
44982.998597886,1,5991,100,3919375,1
44984.723861128,5,5989,100,3919876,-1
44987.198290746,4,5985,100,3915881,-1
44988.992705221,1,5992,100,3927182,-1
44990.521102236,5,5992,100,3927182,-1
44991.478296656,4,5987,100,3909439,-1
44992.926623119,1,5993,100,3922555,1
44994.908310256,3,5993,100,3922555,1
44996.199409429,4,5991,100,3919375,1
44997.238985559,1,5994,100,3946020,-1
44998.755000265,3,5994,100,3946020,-1
45000.437814163,1,5995,100,3956083,-1
45001.614359003,1,5996,100,3957655,-1
45002.508283627,1,5997,100,3961078,-1
45003.619362218,3,5995,100,3956083,-1
45004.497232429,1,5998,100,3956244,1
45005.627954059,3,5997,100,3961078,-1
45006.888260101,1,5999,100,3964536,-1
45008.687727002,1,6000,100,3963244,-1
45010.555729037,1,6001,100,3962376,-1
45011.923088591,5,6000,100,3963244,-1
45013.661762601,3,6001,100,3962376,-1
45015.070353383,1,6002,100,3954234,1
45015.827058017,3,6002,100,3954234,1
45016.671706898,3,5996,100,3957655,-1
45018.247755289,1,6003,100,3951989,-1
45019.349624102,4,5998,100,3956244,1
45021.413894658,5,6003,100,3951989,-1
45023.229842526,3,5999,100,3964536,-1
45024.093545184,1,6004,100,3943643,1
45025.504822208,3,6004,100,3943643,1
45026.320307593,1,6005,100,3948712,1
45028.048578869,1,6006,100,3941069,1
45030.068500859,1,6007,100,3940166,1
45031.060830816,1,6008,100,3936763,1
45032.035679467,3,6005,100,3948712,1
45034.004007118,3,6006,100,3941069,1
45034.745142513,3,6008,100,3936763,1
45036.392332017,4,6007,100,3940166,1
45037.256576922,1,6009,100,3940091,-1
45038.497698296,1,6010,100,3940029,1
45040.548044142,3,6009,100,3940091,-1
45042.683717718,1,6011,100,3941293,-1
45043.597465314,1,6012,100,3936858,-1
45045.491835323,3,6012,100,3936858,-1
45046.597562455,5,6010,100,3940029,1
45047.602217111,4,6011,100,3941293,-1
45048.55784113,1,6013,100,3920567,1
45052.621005303,1,6014,100,3928624,-1
45054.335081933,3,6014,100,3928624,-1
45055.991853908,1,6015,100,3935579,-1
45057.297853417,1,6016,100,3935412,-1
45059.010893848,4,6015,100,3935579,-1
45060.046683475,3,6013,100,3920567,1
45061.214967863,1,6017,100,3946502,1
45062.191911751,1,6018,100,3942075,1
45064.128045594,5,6018,100,3942075,1
45066.257467744,1,6019,100,3939772,-1
45067.342791198,3,6017,100,3946502,1
45069.509128268,1,6020,100,3935828,1
45070.758255131,3,6020,100,3935828,1
45072.514514974,1,6021,100,3947275,1
45074.137580489,1,6022,100,3951606,-1
45075.38962859,3,6022,100,3951606,-1
45076.226577017,3,6019,100,3939772,-1
45077.083839836,1,6023,100,3938450,1
45079.115874493,3,6023,100,3938450,1
45080.327378465,4,6021,100,3947275,1
45081.437607687,4,6016,100,3935412,-1
45082.374095055,1,6024,100,3947875,1
45083.877492549,4,6024,100,3947875,1
45084.745321854,1,6025,100,3950621,-1
45086.217520167,1,6026,100,3949368,1
45087.897269461,3,6025,100,3950621,-1
45089.22763686,1,6027,100,3947015,1
45090.920360588,3,6026,100,3949368,1
45093.037393346,4,6027,100,3947015,1
45094.773047772,1,6028,100,3954021,-1
45096.143178326,1,6029,100,3953376,1
45098.10059183,1,6030,100,3952512,1
45100.06281661,3,6029,100,3953376,1
45103.325162779,1,6031,100,3956254,-1
45104.596836305,1,6032,100,3952817,1
45105.898459965,4,6030,100,3952512,1
45107.89029265,3,6031,100,3956254,-1
45108.952379141,3,6028,100,3954021,-1
45111.296138258,1,6033,100,3945628,-1
45115.061135292,5,6032,100,3952817,1
45115.886809066,3,6033,100,3945628,-1
45116.713312887,1,6034,100,3945220,1
45118.00819675,1,6035,100,3952463,-1
45120.631909135,4,6035,100,3952463,-1
45121.373516619,1,6036,100,3945493,1
45123.200913758,4,6036,100,3945493,1
45124.910431785,3,6034,100,3945220,1
45125.921892104,1,6037,100,3955870,-1
45127.469438035,1,6038,100,3952906,1
45128.924753386,1,6039,100,3953007,1
45130.216684385,1,6040,100,3969634,-1
45131.027379629,3,6039,100,3953007,1
45131.969941802,1,6041,100,3962142,-1
45133.51653418,1,6042,100,3953807,1
45134.858518028,3,6037,100,3955870,-1
45136.961707297,1,6043,100,3955461,1
45138.694868097,4,6043,100,3955461,1
45141.755117167,3,6038,100,3952906,1
45143.583033716,3,6042,100,3953807,1
45144.859409606,1,6044,100,3946696,1
45146.752779228,3,6044,100,3946696,1
45148.72203498,1,6045,100,3944119,-1
45149.996232297,4,6040,100,3969634,-1
45150.985785577,3,6045,100,3944119,-1
45152.302779732,4,6041,100,3962142,-1
45153.537823759,1,6046,100,3941279,-1
45154.803190337,3,6046,100,3941279,-1
45156.719602666,1,6047,100,3930667,-1
45158.339897017,3,6047,100,3930667,-1
45159.45822133,1,6048,100,3932579,-1
45162.253928062,1,6049,100,3930748,-1
45163.214303603,4,6048,100,3932579,-1
45165.05600691,5,6049,100,3930748,-1
45166.031460866,1,6050,100,3931665,-1
45166.901247393,1,6051,100,3928075,-1
45167.88051462,1,6052,100,3929101,-1
45168.851251775,1,6053,100,3929082,-1
45170.393482801,3,6050,100,3931665,-1
45172.422449441,1,6054,100,3931461,1
45173.911273731,4,6052,100,3929101,-1
45174.700200227,1,6055,100,3931065,1
45176.435066062,4,6055,100,3931065,1
45177.989777464,1,6056,100,3929588,1
45180.789275246,3,6053,100,3929082,-1
45182.534650139,3,6054,100,3931461,1
45185.207112613,3,6051,100,3928075,-1
45186.142174471,1,6057,100,3923730,-1
45189.646809378,3,6056,100,3929588,1
45191.323183994,5,6057,100,3923730,-1
45193.44357002,1,6058,100,3921548,-1
45194.770622833,3,6058,100,3921548,-1
45196.749367367,1,6059,100,3914815,-1
45198.223826859,4,6059,100,3914815,-1
45199.150258474,1,6060,100,3914935,1
45200.547259313,1,6061,100,3913081,1
45201.27521137,1,6062,100,3915559,1
45203.840179149,4,6061,100,3913081,1
45204.777994501,1,6063,100,3914921,1
45206.536324685,1,6064,100,3913761,-1
45208.416674871,3,6064,100,3913761,-1
45209.945323624,5,6060,100,3914935,1
45210.916572702,4,6062,100,3915559,1
45212.540651611,4,6063,100,3914921,1
45214.565241392,1,6065,100,3903457,1
45216.684980604,3,6065,100,3903457,1
45218.559457265,1,6066,100,3906672,1
45219.96847569,4,6066,100,3906672,1
45221.651906664,1,6067,100,3910810,-1
45223.161082085,1,6068,100,3912563,-1
45224.085239518,1,6069,100,3910736,-1
45225.249038123,1,6070,100,3909411,1
45227.160740276,3,6067,100,3910810,-1
45229.356805267,1,6071,100,3912875,-1
45232.461324753,3,6068,100,3912563,-1
45234.042647855,5,6071,100,3912875,-1
45235.244947808,1,6072,100,3893008,-1
45238.149176935,1,6073,100,3899025,-1
45239.209437476,4,6072,100,3893008,-1
45240.253383549,1,6074,100,3893056,-1
45241.713109567,3,6069,100,3910736,-1
45243.091973805,1,6075,100,3894243,1
45244.671015903,1,6076,100,3902008,-1
45245.885511489,1,6077,100,3897798,-1
45247.968631488,4,6074,100,3893056,-1
45249.890561634,4,6070,100,3909411,1
45251.544978011,1,6078,100,3894254,1
45253.102865225,1,6079,100,3888823,-1
45253.969338443,3,6075,100,3894243,1
45255.125443513,1,6080,100,3895077,-1
45257.153350937,3,6073,100,3899025,-1
45258.168656013,1,6081,100,3894933,1
45260.269252193,1,6082,100,3895123,1
45261.314714406,3,6077,100,3897798,-1
45262.98691168,1,6083,100,3897149,1
45263.937058052,3,6079,100,3888823,-1
45265.442517702,4,6082,100,3895123,1
45266.421340395,1,6084,100,3892409,-1
45267.617401037,1,6085,100,3893174,-1
45269.78411327,3,6081,100,3894933,1
45271.386083885,1,6086,100,3892525,1
45272.330216186,1,6087,100,3889683,1
45273.533161265,4,6083,100,3897149,1
45274.78192791,1,6088,100,3890934,1
45276.607052996,1,6089,100,3885408,1
45278.691910097,4,6084,100,3892409,-1
45282.593062745,4,6085,100,3893174,-1
45284.321394572,3,6076,100,3902008,-1
45286.436235811,4,6088,100,3890934,1
45287.267569776,3,6078,100,3894254,1
45289.251064129,1,6090,100,3888654,-1
45293.786985339,3,6080,100,3895077,-1
45294.812832137,4,6086,100,3892525,1
45295.751041297,3,6089,100,3885408,1
45296.830373254,5,6090,100,3888654,-1
45298.148877377,4,6087,100,3889683,1
45299.884430236,1,6091,100,3886006,1
45301.314840895,3,6091,100,3886006,1
45302.395400794,1,6092,100,3887327,-1
45303.840957162,1,6093,100,3885246,-1
45305.115575451,1,6094,100,3887262,-1
45306.181648673,1,6095,100,3889167,-1
45307.912669142,1,6096,100,3880129,1
45308.797473053,1,6097,100,3879835,1
45310.710474068,3,6095,100,3889167,-1
45311.988619918,3,6092,100,3887327,-1
45313.022502516,1,6098,100,3885455,1
45314.448469065,3,6096,100,3880129,1
45316.23250356,3,6094,100,3887262,-1
45318.245011356,5,6098,100,3885455,1
45319.603281418,5,6093,100,3885246,-1
45322.376097923,3,6097,100,3879835,1
45323.129755908,1,6099,100,3896831,-1
45324.482064005,1,6100,100,3898757,-1
45326.131568685,3,6100,100,3898757,-1
45326.929829476,1,6101,100,3896723,1
45328.684107262,4,6101,100,3896723,1
45329.96245761,3,6099,100,3896831,-1
45331.705302666,1,6102,100,3899489,1
45332.988725684,1,6103,100,3908517,-1
45335.181125244,1,6104,100,3909611,-1
45336.648318988,3,6102,100,3899489,1
45338.976117065,3,6103,100,3908517,-1
45340.635803578,1,6105,100,3909424,1
45342.165112448,3,6105,100,3909424,1
45343.777978692,3,6104,100,3909611,-1
45344.904992209,1,6106,100,3914438,1
45346.92097588,3,6106,100,3914438,1
45348.60276288,1,6107,100,3915995,-1
45350.991162386,1,6108,100,3918507,1
45352.001039663,3,6107,100,3915995,-1
45353.341741401,5,6108,100,3918507,1
45354.785052547,1,6109,100,3926876,-1
45356.723141801,4,6109,100,3926876,-1
45358.536300463,1,6110,100,3936604,-1
45359.339979749,1,6111,100,3933927,1
45360.757838177,4,6110,100,3936604,-1
45362.926482405,4,6111,100,3933927,1
45364.988946802,1,6112,100,3935728,1
45366.201395098,1,6113,100,3932785,1
45368.332203792,1,6114,100,3929178,-1
45369.665837468,1,6115,100,3924987,1
45371.834305479,1,6116,100,3920639,-1
45373.54183349,3,6113,100,3932785,1
45374.975566642,3,6116,100,3920639,-1
45376.950425036,1,6117,100,3927913,1
45377.887380454,3,6114,100,3929178,-1
45379.61135923,1,6118,100,3924924,1
45381.558001163,3,6112,100,3935728,1
45382.666828981,1,6119,100,3925042,-1
45384.620185049,5,6117,100,3927913,1
45387.666868886,3,6115,100,3924987,1
45389.487881952,5,6118,100,3924924,1
45390.404400723,4,6119,100,3925042,-1
45391.915102454,1,6120,100,3930763,-1
45393.697568286,3,6120,100,3930763,-1
45395.523197443,1,6121,100,3930444,-1
45398.438330379,4,6121,100,3930444,-1
45399.752329211,1,6122,100,3922853,1
45401.178308302,3,6122,100,3922853,1
45402.79278831,1,6123,100,3926727,-1
45404.725929062,1,6124,100,3915039,1
45406.692415116,1,6125,100,3919274,1
45407.497276959,3,6124,100,3915039,1
45408.351966158,1,6126,100,3913730,1
45409.670092221,1,6127,100,3921154,-1
45410.639169856,1,6128,100,3923311,-1
45412.40775721,1,6129,100,3916667,-1
45413.29477313,4,6126,100,3913730,1
45415.708841123,3,6129,100,3916667,-1
45418.223540819,3,6127,100,3921154,-1
45419.803251818,1,6130,100,3925703,1
45421.637504453,1,6131,100,3935107,-1
45422.49340848,3,6131,100,3935107,-1
45424.22227265,3,6125,100,3919274,1
45426.332296585,3,6128,100,3923311,-1
45427.742211483,1,6132,100,3933721,1
45429.375417817,4,6123,100,3926727,-1
45432.332024006,1,6133,100,3938728,-1
45433.322373559,1,6134,100,3942301,-1
45434.666129372,4,6133,100,3938728,-1
45435.938436976,3,6132,100,3933721,1
45437.174002523,1,6135,100,3930920,1
45438.815154857,4,6135,100,3930920,1
45439.84248722,1,6136,100,3919122,1
45441.699072257,3,6134,100,3942301,-1
45446.369774269,5,6136,100,3919122,1
45447.564574348,1,6137,100,3922160,1
45448.376761181,3,6130,100,3925703,1
45449.670146249,3,6137,100,3922160,1
45451.170296627,1,6138,100,3921315,1
45452.5998676,1,6139,100,3916485,1
45453.452294411,1,6140,100,3918225,-1
45454.340871175,3,6139,100,3916485,1
45455.088879043,4,6138,100,3921315,1
45457.099757642,4,6140,100,3918225,-1
45458.108584097,1,6141,100,3926019,-1
45460.017155512,5,6141,100,3926019,-1
45462.114534861,1,6142,100,3933405,1
45463.627038941,1,6143,100,3937136,1
45464.362379091,1,6144,100,3933795,1
45465.350707746,5,6142,100,3933405,1
45466.791097329,3,6144,100,3933795,1
45468.884778221,1,6145,100,3938022,-1
45472.038122062,1,6146,100,3942629,1
45473.243711681,1,6147,100,3950317,-1
45474.355416255,5,6145,100,3938022,-1
45475.572634554,1,6148,100,3936655,-1
45476.958056806,3,6143,100,3937136,1
45479.096285781,1,6149,100,3936015,-1
45480.39847623,1,6150,100,3921468,1
45482.228214563,3,6147,100,3950317,-1
45484.378137113,3,6149,100,3936015,-1
45485.213949539,4,6146,100,3942629,1
45486.960406055,3,6148,100,3936655,-1
45489.060079997,3,6150,100,3921468,1
45491.031327496,1,6151,100,3925053,1
45492.715417062,3,6151,100,3925053,1
45494.760120478,1,6152,100,3928974,1
45496.729098632,1,6153,100,3930555,1
45499.557168862,1,6154,100,3927824,1
45500.441391289,1,6155,100,3923913,-1
45501.942054848,4,6154,100,3927824,1
45503.252407212,3,6152,100,3928974,1
45505.055017202,3,6155,100,3923913,-1
45506.975830107,3,6153,100,3930555,1
45508.148218181,1,6156,100,3914466,1
45508.964993844,1,6157,100,3916167,1
45511.029831077,3,6156,100,3914466,1
45513.009800475,3,6157,100,3916167,1
45514.083638921,1,6158,100,3909973,-1
45515.968927883,1,6159,100,3901545,-1
45517.223395133,1,6160,100,3900859,-1
45521.297241625,4,6159,100,3901545,-1
45524.095509139,3,6158,100,3909973,-1
45525.52023439,1,6161,100,3902943,-1
45526.86798751,3,6161,100,3902943,-1
45527.726219929,1,6162,100,3915711,-1
45528.69872165,3,6162,100,3915711,-1
45529.779875263,4,6160,100,3900859,-1
45531.340990656,1,6163,100,3916672,-1
45532.933730211,3,6163,100,3916672,-1
45534.816205052,1,6164,100,3913976,1
45539.467978327,5,6164,100,3913976,1
45540.839458405,1,6165,100,3919764,1
45541.791181183,3,6165,100,3919764,1
45543.413146454,1,6166,100,3920819,-1
45545.462629476,1,6167,100,3914336,1
45546.630038688,1,6168,100,3915936,1
45548.621818595,1,6169,100,3919065,-1
45549.646099066,3,6167,100,3914336,1
45550.895469772,1,6170,100,3908454,1
45552.096147639,1,6171,100,3912311,1
45553.73865538,1,6172,100,3913172,-1
45555.197692107,1,6173,100,3915969,-1
45556.941245507,3,6168,100,3915936,1
45557.918308332,4,6171,100,3912311,1
45559.638000888,1,6174,100,3911266,-1
45561.822532741,1,6175,100,3908741,1
45563.273796722,1,6176,100,3910241,1
45564.219747928,4,6175,100,3908741,1
45565.116669315,1,6177,100,3910324,1
45566.099342536,3,6166,100,3920819,-1
45567.436533162,1,6178,100,3910896,1
45569.796485449,4,6172,100,3913172,-1
45571.894491418,1,6179,100,3919157,-1
45573.906118243,1,6180,100,3917244,-1
45575.362580327,3,6169,100,3919065,-1
45576.632243067,1,6181,100,3911333,-1
45578.669620089,3,6170,100,3908454,1
45580.306080243,3,6176,100,3910241,1
45582.397363466,3,6174,100,3911266,-1
45584.162798092,1,6182,100,3920056,-1
45585.626522954,1,6183,100,3923363,-1
45587.681504062,1,6184,100,3922660,-1
45589.63031197,5,6180,100,3917244,-1
45590.699520459,3,6184,100,3922660,-1
45591.941162526,4,6181,100,3911333,-1
45593.14202942,4,6173,100,3915969,-1
45595.306485028,1,6185,100,3922213,-1
45596.479334794,3,6179,100,3919157,-1
45597.960543885,1,6186,100,3926201,-1
45602.032092399,1,6187,100,3923938,1
45603.624113184,4,6187,100,3923938,1
45604.565643342,1,6188,100,3920935,1
45606.124344633,3,6188,100,3920935,1
45607.114683316,1,6189,100,3920007,-1
45611.03023151,1,6190,100,3914976,1
45611.988354488,3,6185,100,3922213,-1
45613.231429399,4,6178,100,3910896,1
45614.929630148,5,6190,100,3914976,1
45616.214831831,3,6189,100,3920007,-1
45617.175159297,1,6191,100,3915705,-1
45617.956667511,4,6182,100,3920056,-1
45620.945721499,1,6192,100,3915956,-1
45622.69322054,3,6191,100,3915705,-1
45624.486221976,1,6193,100,3906488,1
45625.253736919,4,6177,100,3910324,1
45626.435243925,1,6194,100,3903320,-1
45628.536375154,1,6195,100,3903407,1
45629.974805615,1,6196,100,3904245,1
45631.233683821,3,6193,100,3906488,1
45632.243851128,3,6196,100,3904245,1
45634.409452212,1,6197,100,3906887,1
45637.132078728,3,6186,100,3926201,-1
45638.96934615,1,6198,100,3923679,-1
45640.774104669,4,6194,100,3903320,-1
45642.332236613,4,6198,100,3923679,-1
45644.147066269,3,6183,100,3923363,-1
45646.254022516,1,6199,100,3920570,1
45647.798047515,4,6192,100,3915956,-1
45648.973188505,3,6197,100,3906887,1
45649.960719085,4,6195,100,3903407,1
45651.796282785,1,6200,100,3928410,1
45653.331801559,3,6199,100,3920570,1
45655.258515096,1,6201,100,3933096,-1
45656.117380282,3,6201,100,3933096,-1
45658.247833417,4,6200,100,3928410,1
45659.318780127,1,6202,100,3925652,1
45662.197672043,4,6202,100,3925652,1
45663.959504158,1,6203,100,3915993,1
45665.076142433,1,6204,100,3919787,-1
45666.370621305,1,6205,100,3930035,1
45668.384665159,1,6206,100,3930649,1
45669.319273353,3,6205,100,3930035,1
45670.817626915,4,6206,100,3930649,1
45672.906766604,1,6207,100,3929353,-1
45674.426342692,1,6208,100,3928648,-1
45675.331216159,1,6209,100,3928469,-1
45676.946768916,3,6203,100,3915993,1
45678.534046817,5,6209,100,3928469,-1
45680.537914835,3,6207,100,3929353,-1
45681.605984433,1,6210,100,3920601,-1
45683.075613907,1,6211,100,3918023,1
45685.005170685,3,6208,100,3928648,-1
45686.342254026,1,6212,100,3914989,-1
45688.1649076,1,6213,100,3913543,-1
45689.909946735,3,6204,100,3919787,-1
45690.915455299,4,6211,100,3918023,1
45692.208040446,5,6213,100,3913543,-1
45693.004336059,4,6210,100,3920601,-1
45694.704953546,1,6214,100,3899416,1
45696.83920331,3,6212,100,3914989,-1
45698.23308948,1,6215,100,3908559,-1
45700.3963454,4,6215,100,3908559,-1
45702.182160791,3,6214,100,3899416,1
45703.300802297,1,6216,100,3915819,-1
45705.29021997,1,6217,100,3917642,1
45707.102178121,3,6217,100,3917642,1
45708.159797321,1,6218,100,3917409,-1
45709.953208718,1,6219,100,3924427,-1
45711.215062007,4,6218,100,3917409,-1
45712.077241082,1,6220,100,3919476,-1
45714.032983819,4,6216,100,3915819,-1
45714.828977352,3,6220,100,3919476,-1
45716.386825575,3,6219,100,3924427,-1
45717.838565938,1,6221,100,3907719,-1
45718.687593586,1,6222,100,3904983,-1
45722.481469885,3,6221,100,3907719,-1
45724.036553137,1,6223,100,3893990,1
45725.910226252,3,6223,100,3893990,1
45726.792444055,1,6224,100,3897680,1
45727.791996303,1,6225,100,3903546,-1
45728.833284504,1,6226,100,3904342,1
45729.743297566,4,6225,100,3903546,-1
45730.934578936,3,6222,100,3904983,-1
45732.601224762,3,6226,100,3904342,1
45733.93929012,5,6224,100,3897680,1
45735.389898663,1,6227,100,3908311,-1
45736.499542729,1,6228,100,3910253,-1
45737.456243646,1,6229,100,3904634,1
45738.901769382,3,6229,100,3904634,1
45740.928846715,1,6230,100,3904905,1
45743.105366911,3,6230,100,3904905,1
45744.881199516,1,6231,200,3910322,1
45746.879884491,1,6232,100,3920185,-1
45748.239864133,4,6227,100,3908311,-1
45749.60416065,4,6232,100,3920185,-1
45750.694667294,1,6233,100,3919890,-1
45754.059266239,3,6228,100,3910253,-1
45755.064522802,4,6231,100,3910322,1
45756.129938259,3,6233,100,3919890,-1
45757.531318513,4,6231,100,3910322,1
45759.078651223,1,6234,200,3932136,-1
45760.956066053,3,6234,200,3932136,-1
45762.032026363,1,6235,100,3916502,1
45763.799395704,1,6236,100,3924203,1
45765.873483249,3,6235,100,3916502,1
45767.386485736,4,6236,100,3924203,1
45768.906441354,1,6237,100,3938489,1
45769.959300056,4,6237,100,3938489,1
45771.804490547,1,6238,100,3930593,-1
45773.800526137,3,6238,100,3930593,-1
45775.808363677,1,6239,100,3931325,1
45776.558181005,1,6240,100,3935654,-1
45779.797223371,1,6241,200,3940536,1
45780.818750191,1,6242,100,3940915,1
45782.392614867,3,6241,200,3940536,1
45784.541293135,4,6242,100,3940915,1
45785.517703763,1,6243,100,3937521,-1
45786.691907915,3,6239,100,3931325,1
45788.937805128,1,6244,100,3933808,-1
45790.500673654,1,6245,100,3927793,1
45791.865733975,1,6246,100,3926919,1
45793.523577439,1,6247,100,3942590,-1
45796.646334099,3,6245,100,3927793,1
45798.783534689,3,6243,100,3937521,-1
45800.364346431,3,6247,100,3942590,-1
45802.536419469,1,6248,100,3957866,-1
45803.81881421,4,6240,100,3935654,-1
45806.812815254,1,6249,100,3965699,-1
45808.415736495,3,6248,100,3957866,-1
45809.663134822,1,6250,100,3961174,-1
45810.524088136,5,6250,100,3961174,-1
45812.373230646,3,6249,100,3965699,-1
45813.451756872,3,6244,100,3933808,-1
45814.288179152,1,6251,100,3964034,-1
45819.247978151,4,6246,100,3926919,1
45821.025350652,1,6252,100,3950916,1
45824.915968212,3,6251,100,3964034,-1
45828.471456154,5,6252,100,3950916,1
45829.396354183,1,6253,100,3965244,-1
45830.596061794,3,6253,100,3965244,-1
45832.378659546,1,6254,100,3955532,1
45833.900877477,4,6254,100,3955532,1
45835.240855139,1,6255,100,3956379,1
45838.606598782,1,6256,100,3963635,-1
45840.558255682,4,6256,100,3963635,-1
45842.388752384,1,6257,100,3959298,-1
45843.302416159,4,6257,100,3959298,-1
45844.290806357,3,6255,100,3956379,1
45845.140676911,1,6258,100,3956316,-1
45846.407628289,5,6258,100,3956316,-1
45848.125559418,1,6259,100,3951788,1
45850.093415108,1,6260,100,3960441,-1
45853.435928127,3,6259,100,3951788,1
45854.321815193,4,6260,100,3960441,-1
45856.372145879,1,6261,200,3962643,-1
45857.715976505,1,6262,100,3961082,-1
45858.609032967,1,6263,100,3958871,-1
45860.748948903,3,6261,200,3962643,-1
45862.343614928,1,6264,100,3956926,1
45863.943992282,4,6264,100,3956926,1
45865.027595409,1,6265,100,3954129,-1
45865.792515304,1,6266,100,3958192,1
45867.455082851,3,6262,100,3961082,-1
45868.210393806,1,6267,100,3955692,1
45870.276232955,4,6263,100,3958871,-1
45871.19250569,4,6265,100,3954129,-1
45873.022656317,1,6268,100,3964701,-1
45875.183755425,1,6269,100,3963348,-1
45876.747274612,1,6270,100,3965235,1
45877.900093858,3,6267,100,3955692,1
45878.800743114,5,6270,100,3965235,1
45880.372962445,5,6268,100,3964701,-1
45882.548103387,5,6266,100,3958192,1
45884.545468664,1,6271,100,3976649,1
45887.440402429,4,6269,100,3963348,-1
45888.468462017,3,6271,100,3976649,1
45889.719523137,1,6272,100,3978792,1
45891.371027088,3,6272,100,3978792,1
45892.836785518,1,6273,100,3971376,1
45894.34003796,1,6274,100,3965608,1
45895.888771851,4,6273,100,3971376,1
45896.784283641,4,6274,100,3965608,1
45898.692701718,1,6275,100,3965082,1
45900.101326997,1,6276,100,3970175,1
45900.939575028,3,6275,100,3965082,1
45901.884932679,4,6276,100,3970175,1
45903.079170632,1,6277,100,3970435,1
45905.08265902,1,6278,100,3969606,-1
45906.677762682,1,6279,100,3975846,-1
45907.867203401,3,6279,100,3975846,-1
45908.941560794,1,6280,100,3976283,1
45910.980119968,1,6281,100,3975324,1
45912.293339563,1,6282,100,3977860,-1
45913.689683058,3,6282,100,3977860,-1
45915.235906723,3,6281,100,3975324,1
45917.112727851,1,6283,100,3984317,-1
45918.248130727,1,6284,100,3983899,-1
45920.356555491,3,6280,100,3976283,1
45921.399371635,3,6283,100,3984317,-1
45922.521174039,3,6277,100,3970435,1
45924.482393668,1,6285,100,3983166,1
45925.320461358,3,6285,100,3983166,1
45926.366611335,1,6286,100,3985556,-1
45929.762705449,1,6287,100,3982573,1
45930.729790477,1,6288,100,3983437,1
45932.570394175,3,6288,100,3983437,1
45933.664705865,1,6289,100,3985158,1
45934.689402963,4,6289,100,3985158,1
45936.812586807,1,6290,100,3979924,1
45938.180261348,3,6287,100,3982573,1
45939.180646314,5,6284,100,3983899,-1
45940.824325907,4,6278,100,3969606,-1
45944.811946483,5,6290,100,3979924,1
45946.326781075,1,6291,100,3972269,-1
45947.168608717,1,6292,100,3974349,-1
45948.819087192,1,6293,100,3976461,1
45949.802708677,1,6294,100,3981805,-1
45951.984225649,3,6293,100,3976461,1
45954.051552774,4,6291,100,3972269,-1
45955.375107821,3,6294,100,3981805,-1
45956.203079424,4,6286,100,3985556,-1
45958.008327043,3,6292,100,3974349,-1
45958.874280236,1,6295,100,3960651,1
45960.232532207,3,6295,100,3960651,1
45961.498652497,1,6296,100,3961734,1
45963.361258164,1,6297,100,3964051,-1
45964.716138827,3,6296,100,3961734,1
45966.31146701,4,6297,100,3964051,-1
45968.299080573,1,6298,100,3964228,-1
45970.501499495,4,6298,100,3964228,-1
45971.928053733,1,6299,100,3956943,1
45972.961992886,1,6300,100,3951714,1
45974.821999119,4,6299,100,3956943,1
45976.020079712,3,6300,100,3951714,1
45977.405117367,1,6301,100,3954380,1
45979.188549733,4,6301,100,3954380,1
45980.65753077,1,6302,100,3947353,1
45982.778147206,3,6302,100,3947353,1
45983.870422825,1,6303,100,3952552,1
45986.632596727,5,6303,100,3952552,1
45988.468076131,1,6304,100,3950104,-1
45989.361335815,4,6304,100,3950104,-1
45990.992026088,1,6305,100,3945646,-1
45993.936577881,1,6306,100,3953471,-1
45995.470805076,1,6307,100,3952766,-1
45996.907451862,1,6308,100,3945833,-1
45998.838214933,4,6307,100,3952766,-1
45999.694960597,1,6309,100,3947011,-1
46001.315833513,1,6310,100,3949941,-1
46002.983622221,1,6311,100,3941983,1
46004.653252764,1,6312,100,3938908,-1
46005.891255056,5,6308,100,3945833,-1
46007.325356677,3,6311,100,3941983,1
46008.418375506,5,6312,100,3938908,-1
46010.401910501,4,6306,100,3953471,-1
46011.703230824,1,6313,100,3954687,1
46012.9408461,4,6309,100,3947011,-1
46013.707932893,1,6314,100,3953874,-1
46015.683357923,1,6315,100,3956015,1
46016.929614613,1,6316,100,3960414,-1
46019.106978406,1,6317,100,3954794,-1
46020.04738026,3,6314,100,3953874,-1
46022.729527125,1,6318,100,3939470,1
46024.545147277,3,6318,100,3939470,1
46026.074141205,5,6313,100,3954687,1
46027.343395474,5,6310,100,3949941,-1
46029.422507579,4,6315,100,3956015,1
46030.627856013,1,6319,100,3929942,-1
46032.017034059,3,6319,100,3929942,-1
46032.885884553,4,6316,100,3960414,-1
46034.667240669,1,6320,100,3922745,1
46036.391336639,3,6317,100,3954794,-1
46038.178272446,3,6305,100,3945646,-1
46039.656678379,3,6320,100,3922745,1
46040.907536072,1,6321,100,3931100,-1
46043.775658568,3,6321,100,3931100,-1
46045.892027405,1,6322,100,3927303,1
46047.075751954,3,6322,100,3927303,1
46048.256831781,1,6323,100,3924250,-1
46050.038845684,1,6324,100,3915295,1
46052.165859697,1,6325,100,3915680,1
46053.139102244,3,6325,100,3915680,1
46053.878078611,1,6326,100,3913468,1
46054.746366604,1,6327,100,3923970,1
46055.96589712,4,6323,100,3924250,-1
46057.820440831,4,6324,100,3915295,1
46059.305883274,1,6328,100,3936520,-1
46061.463051219,3,6326,100,3913468,1
46063.226317273,1,6329,100,3940434,-1
46064.821786771,1,6330,100,3935426,1
46066.720946903,3,6330,100,3935426,1
46067.732688923,1,6331,100,3941237,-1
46069.241290451,1,6332,100,3934955,1
46070.082110353,1,6333,100,3940120,1
46072.23034094,3,6333,100,3940120,1
46074.185398688,3,6331,100,3941237,-1
46075.76727689,1,6334,100,3937872,1
46077.319533289,5,6334,100,3937872,1
46078.276965713,1,6335,100,3943722,1
46081.11453378,5,6328,100,3936520,-1
46082.864063491,1,6336,100,3945839,-1
46084.703541337,1,6337,100,3938495,1
46085.853675965,1,6338,100,3934441,1
46086.701460865,1,6339,100,3941749,-1
46088.204664897,1,6340,100,3934993,1
46089.909324478,3,6329,100,3940434,-1
46090.762871082,3,6339,100,3941749,-1
46092.238793572,1,6341,100,3932388,-1
46093.217013694,1,6342,100,3929097,1
46095.139657866,5,6340,100,3934993,1
46097.032996491,3,6336,100,3945839,-1
46098.336880001,4,6341,100,3932388,-1
46099.643473848,4,6335,100,3943722,1
46100.703582813,3,6332,100,3934955,1
46101.787707932,3,6338,100,3934441,1
46103.950757166,1,6343,100,3936060,1
46104.987054657,1,6344,100,3943685,-1
46107.117099314,1,6345,100,3943219,-1
46108.666005186,5,6345,100,3943219,-1
46110.236960559,1,6346,100,3939638,-1
46111.696300124,1,6347,100,3937598,1
46114.67244919,1,6348,100,3928592,-1
46115.812354565,3,6346,100,3939638,-1
46117.705980172,1,6349,100,3928672,-1
46119.893384407,1,6350,100,3919378,1
46121.569170362,1,6351,100,3921097,1
46122.774078902,5,6337,100,3938495,1
46124.9442663,4,6342,100,3929097,1
46126.669371887,3,6349,100,3928672,-1
46128.249576838,4,6343,100,3936060,1
46129.210442747,3,6348,100,3928592,-1
46130.944698473,1,6352,100,3922761,1
46131.948847941,3,6327,100,3923970,1
46132.799529949,1,6353,100,3916714,-1
46134.073850527,5,6351,100,3921097,1
46136.123643496,3,6352,100,3922761,1
46137.54973284,4,6347,100,3937598,1
46139.500471519,4,6353,100,3916714,-1
46140.957273704,1,6354,100,3920986,1
46142.802091739,3,6350,100,3919378,1
46144.894932083,1,6355,100,3924038,-1
46145.880168666,4,6355,100,3924038,-1
46146.873288429,3,6354,100,3920986,1
46147.986190886,5,6344,100,3943685,-1
46149.767906507,1,6356,100,3923391,-1
46152.43398306,3,6356,100,3923391,-1
46153.638727216,1,6357,100,3925437,-1
46155.481594321,3,6357,100,3925437,-1
46156.499221235,1,6358,100,3924436,-1
46157.624328514,3,6358,100,3924436,-1
46158.852703858,1,6359,100,3919993,1
46161.95829942,5,6359,100,3919993,1
46164.001789781,1,6360,100,3918225,1
46166.860510396,1,6361,100,3923033,1
46167.600917615,3,6360,100,3918225,1
46168.547904402,3,6361,100,3923033,1
46170.040736577,1,6362,100,3918831,1
46172.20187899,3,6362,100,3918831,1
46173.875983455,1,6363,100,3919508,1
46174.949951693,5,6363,100,3919508,1
46176.649030927,1,6364,100,3928518,-1
46177.863236139,1,6365,100,3929797,-1
46180.656646314,3,6364,100,3928518,-1
46182.653893793,3,6365,100,3929797,-1
46183.399503878,1,6366,100,3918704,1
46184.197247447,1,6367,100,3918384,-1
46186.084540644,4,6367,100,3918384,-1
46188.143025274,1,6368,100,3917645,1
46189.080534987,4,6368,100,3917645,1
46189.978286532,3,6366,100,3918704,1
46191.325020216,1,6369,100,3907715,1
46193.053499204,3,6369,100,3907715,1
46194.193840712,1,6370,100,3917205,1
46195.977877928,3,6370,100,3917205,1
46196.898662795,1,6371,100,3917265,1
46197.723591364,1,6372,100,3910081,1
46199.09465672,4,6371,100,3917265,1
46199.94468379,1,6373,100,3914064,1
46200.712671919,5,6372,100,3910081,1
46202.790172858,4,6373,100,3914064,1
46204.397641704,1,6374,100,3914673,-1
46206.04208824,4,6374,100,3914673,-1
46208.16665655,1,6375,100,3913648,1
46210.225348213,3,6375,100,3913648,1
46211.647227955,1,6376,100,3897851,1
46213.045268497,3,6376,100,3897851,1
46213.946110239,1,6377,100,3897149,-1
46216.01967262,1,6378,100,3896965,-1
46217.516789831,5,6377,100,3897149,-1
46219.058164808,4,6378,100,3896965,-1
46220.041297794,1,6379,100,3895674,1
46222.196290156,4,6379,100,3895674,1
46223.014353471,1,6380,100,3894318,1
46223.790317281,1,6381,100,3898085,-1
46226.823908338,1,6382,100,3890672,-1
46228.003175506,3,6380,100,3894318,1
46229.465866123,1,6383,100,3892666,-1
46230.311113466,3,6383,100,3892666,-1
46231.102096142,4,6382,100,3890672,-1
46232.696473859,1,6384,100,3893472,-1
46233.687088655,1,6385,100,3889013,1
46234.837074578,3,6385,100,3889013,1
46236.403458887,1,6386,100,3898261,-1
46237.695157112,5,6386,100,3898261,-1
46239.616671519,1,6387,100,3897801,1
46241.116272406,4,6384,100,3893472,-1
46242.022368815,3,6387,100,3897801,1
46242.918527251,4,6381,100,3898085,-1
46244.684590062,1,6388,100,3911233,1
46246.419382827,3,6388,100,3911233,1
46247.292033701,1,6389,100,3909755,-1
46250.221264165,5,6389,100,3909755,-1
46251.553145642,1,6390,100,3914268,1
46252.304351646,1,6391,100,3913568,1
46254.354041768,3,6390,100,3914268,1
46255.68193626,3,6391,100,3913568,1
46256.837067073,1,6392,100,3931831,1
46258.00827902,1,6393,100,3933713,1
46260.675760371,1,6394,100,3935811,-1
46262.248769321,1,6395,100,3932061,1
46263.579260408,1,6396,100,3938640,-1
46264.609183923,3,6396,100,3938640,-1
46266.322869934,3,6393,100,3933713,1
46268.011367096,3,6395,100,3932061,1
46269.62116203,1,6397,200,3937460,-1
46270.675518895,1,6398,100,3939727,1
46272.211985782,5,6397,100,3937460,-1
46274.23027362,3,6398,100,3939727,1
46275.412383255,3,6392,100,3931831,1
46276.192870753,4,6394,100,3935811,-1
46278.135985127,4,6397,100,3937460,-1
46279.881825571,1,6399,100,3912693,1
46281.267976853,4,6399,100,3912693,1
46282.376853705,1,6400,100,3918158,-1
46283.761231,1,6401,100,3917369,-1
46285.470940302,3,6400,100,3918158,-1
46287.613448204,1,6402,100,3913220,-1
46289.044029378,1,6403,100,3912128,1
46289.991992422,1,6404,100,3907549,1
46291.228742448,1,6405,100,3917433,-1
46292.800685943,3,6404,100,3907549,1
46294.272440411,3,6403,100,3912128,1
46296.282932801,4,6402,100,3913220,-1
46297.518191364,1,6406,100,3906207,-1
46299.260400903,4,6401,100,3917369,-1
46300.610764629,3,6405,100,3917433,-1
46301.620952561,3,6406,100,3906207,-1
46303.373080779,1,6407,100,3912674,-1
46305.019876042,1,6408,100,3917851,1
46307.086997807,1,6409,100,3924399,-1
46308.767254048,3,6409,100,3924399,-1
46310.542935104,4,6407,100,3912674,-1
46311.61390107,1,6410,100,3927067,1
46313.569485468,3,6408,100,3917851,1
46315.096210184,1,6411,100,3931974,1
46316.226500093,4,6411,100,3931974,1
46318.02264367,4,6410,100,3927067,1
46319.644558172,1,6412,100,3928151,1
46321.787967947,5,6412,100,3928151,1
46323.511698722,1,6413,100,3928089,-1
46325.157170571,3,6413,100,3928089,-1
46326.046565271,1,6414,100,3925629,-1
46327.587191889,3,6414,100,3925629,-1
46329.024367019,1,6415,100,3917915,-1
46330.448864752,1,6416,100,3917341,-1
46332.544187081,5,6416,100,3917341,-1
46334.562655832,1,6417,100,3913339,1
46337.755086714,1,6418,100,3907032,-1
46339.677482485,1,6419,100,3910159,1
46341.24565064,5,6415,100,3917915,-1
46343.349852956,3,6417,100,3913339,1
46345.303045249,1,6420,100,3902766,-1
46346.276476223,3,6419,100,3910159,1
46348.383162185,3,6418,100,3907032,-1
46349.85007066,4,6420,100,3902766,-1
46350.896945859,1,6421,100,3901901,-1
46352.966151206,4,6421,100,3901901,-1
46354.825457856,1,6422,100,3891572,-1
46356.835314394,1,6423,100,3899527,-1
46357.941409508,1,6424,100,3893195,-1
46360.112452946,4,6424,100,3893195,-1
46363.438988174,5,6422,100,3891572,-1
46365.857773812,5,6423,100,3899527,-1
46367.899683782,1,6425,100,3894788,1
46371.534041872,3,6425,100,3894788,1
46372.264911397,1,6426,100,3901936,-1
46373.097799599,1,6427,100,3900565,-1
46373.908387916,3,6426,100,3901936,-1
46375.82944786,1,6428,100,3899407,1
46377.124507871,4,6428,100,3899407,1
46378.911900368,1,6429,100,3894808,-1
46380.540019841,3,6429,100,3894808,-1
46381.933532491,1,6430,100,3905705,1
46383.52260476,1,6431,100,3902779,-1
46385.655240203,1,6432,100,3903926,-1
46386.790719595,3,6432,100,3903926,-1
46388.839177329,5,6427,100,3900565,-1
46390.70964485,1,6433,100,3909313,1
46392.607071208,3,6431,100,3902779,-1
46393.976265611,1,6434,100,3915965,-1
46395.912554981,4,6434,100,3915965,-1
46397.046213994,3,6430,100,3905705,1
46397.858230061,1,6435,100,3922127,-1
46399.815215126,5,6435,100,3922127,-1
46401.507504729,3,6433,100,3909313,1
46402.791381945,1,6436,100,3908760,-1
46405.046141085,4,6436,100,3908760,-1
46406.616852754,1,6437,100,3904021,-1
46408.099137624,3,6437,100,3904021,-1
46409.773301882,1,6438,100,3908230,-1
46411.421793045,1,6439,100,3906612,-1
46412.623404839,3,6438,100,3908230,-1
46414.522191698,3,6439,100,3906612,-1
46415.528976707,1,6440,100,3912161,-1
46417.092718591,4,6440,100,3912161,-1
46418.057468911,1,6441,100,3908503,-1
46420.107258007,3,6441,100,3908503,-1
46422.25359802,1,6442,100,3906006,1
46424.05956441,4,6442,100,3906006,1
46425.452532983,1,6443,100,3892426,-1
46426.310527754,1,6444,100,3884200,-1
46428.328050508,1,6445,100,3890792,1
46430.012155561,1,6446,100,3886873,1
46432.067907144,1,6447,100,3880854,1
46433.625061572,3,6446,100,3886873,1
46435.72542791,1,6448,100,3880157,1
46436.831099262,1,6449,100,3878788,1
46437.976942679,1,6450,100,3876937,1
46438.91935913,4,6447,100,3880854,1
46440.886327608,4,6444,100,3884200,-1
46442.060293103,3,6449,100,3878788,1
46444.071301899,1,6451,100,3887551,-1
46445.847086393,3,6445,100,3890792,1
46447.923182302,3,6450,100,3876937,1
46449.965144061,1,6452,100,3884831,-1
46451.805692671,1,6453,100,3881623,1
46452.609962289,1,6454,100,3886799,-1
46454.125757092,1,6455,100,3877168,-1
46456.180781642,3,6455,100,3877168,-1
46458.185769279,4,6453,100,3881623,1
46459.735414811,1,6456,100,3881977,1
46461.41786287,1,6457,100,3889208,1
46463.481956628,4,6457,100,3889208,1
46464.226037279,1,6458,100,3885975,1
46465.369348872,1,6459,100,3883685,1
46467.106678939,4,6458,100,3885975,1
46469.258859242,1,6460,100,3883890,1
46471.280576943,1,6461,100,3888164,-1
46473.211114557,3,6443,100,3892426,-1
46474.843504851,4,6459,100,3883685,1
46477.655233789,1,6462,100,3889751,-1
46479.071637565,3,6456,100,3881977,1
46481.015238923,3,6452,100,3884831,-1
46482.685160047,3,6461,100,3888164,-1
46483.938425422,1,6463,100,3910733,1
46484.725717866,3,6451,100,3887551,-1
46486.086531676,3,6460,100,3883890,1
46487.138324274,1,6464,100,3908174,1
46488.940892062,1,6465,100,3913316,-1
46490.125717106,1,6466,100,3908657,1
46491.033566191,4,6462,100,3889751,-1
46493.149072246,1,6467,100,3920332,1
46494.525863052,4,6454,100,3886799,-1
46495.568655373,3,6448,100,3880157,1
46497.423465658,3,6465,100,3913316,-1
46498.761638675,3,6464,100,3908174,1
46502.51351804,1,6468,100,3938497,1
46503.513541605,1,6469,100,3942580,1
46504.982955343,3,6466,100,3908657,1
46505.767697547,1,6470,100,3944940,1
46506.674630233,1,6471,100,3956795,-1
46508.522057023,4,6470,100,3944940,1
46509.262174375,5,6471,100,3956795,-1
46511.25305578,1,6472,100,3954307,1
46512.57797323,4,6472,100,3954307,1
46513.438620401,1,6473,100,3961172,-1
46514.52255244,5,6469,100,3942580,1
46515.70638144,3,6467,100,3920332,1
46516.761194653,1,6474,100,3956269,1
46517.579912758,1,6475,100,3956744,1
46518.734604427,3,6474,100,3956269,1
46520.106404133,3,6475,100,3956744,1
46522.153213036,1,6476,100,3959029,-1
46523.368019849,3,6476,100,3959029,-1
46524.514429567,1,6477,100,3953925,1
46525.933340801,1,6478,100,3964309,-1
46527.947121814,3,6478,100,3964309,-1
46529.197517759,3,6473,100,3961172,-1
46530.150187601,5,6468,100,3938497,1
46531.442767292,5,6477,100,3953925,1
46533.286820942,1,6479,100,3951474,1
46534.357578187,3,6463,100,3910733,1
46535.427021674,5,6479,100,3951474,1
46536.779947197,1,6480,100,3957251,1
46538.744912395,1,6481,100,3955358,-1
46542.069136314,1,6482,100,3954321,-1
46542.985063714,5,6482,100,3954321,-1
46543.854376107,3,6480,100,3957251,1
46544.783887569,1,6483,100,3960206,-1
46546.131498671,3,6481,100,3955358,-1
46547.823511251,1,6484,100,3956322,-1
46549.821996363,1,6485,100,3956063,-1
46551.849810342,3,6484,100,3956322,-1
46553.630187904,4,6483,100,3960206,-1
46555.368609315,4,6485,100,3956063,-1
46557.257214738,1,6486,100,3955451,1
46558.892004606,4,6486,100,3955451,1
46559.729830161,1,6487,100,3957609,1
46561.555354763,1,6488,100,3957189,-1
46562.435998832,4,6488,100,3957189,-1
46563.345375199,1,6489,100,3958673,1
46564.07898639,1,6490,100,3956089,-1
46567.410633882,4,6489,100,3958673,1
46569.401829769,1,6491,100,3963750,-1
46571.17890199,3,6490,100,3956089,-1
46572.787425969,1,6492,100,3955603,1
46573.867436172,4,6491,100,3963750,-1
46574.883269072,1,6493,100,3963176,1
46576.245421352,1,6494,100,3964284,1
46577.071203532,4,6494,100,3964284,1
46578.972868791,3,6493,100,3963176,1
46580.564958037,1,6495,100,3974899,1
46581.346708052,5,6495,100,3974899,1
46582.684248728,1,6496,100,3971148,1
46584.322357159,3,6496,100,3971148,1
46587.099932849,3,6487,100,3957609,1
46587.96733452,4,6492,100,3955603,1
46589.400738274,1,6497,100,3967712,-1
46591.307701911,3,6497,100,3967712,-1
46592.996529599,1,6498,100,3961826,1
46594.506054119,5,6498,100,3961826,1
46596.546026151,1,6499,100,3969438,-1
46598.014069915,3,6499,100,3969438,-1
46599.803159466,1,6500,100,3969292,-1
46600.966063418,1,6501,100,3973249,-1
46602.58349237,1,6502,100,3973307,-1
46603.360276194,1,6503,100,3970443,-1
46604.851641796,3,6500,100,3969292,-1
46608.099984596,1,6504,100,3966362,1
46609.824030973,1,6505,100,3965353,1
46611.831741085,1,6506,100,3965713,-1
46612.910249551,1,6507,100,3965873,-1
46614.927680566,4,6506,100,3965713,-1
46616.384820783,3,6505,100,3965353,1
46620.129979151,3,6507,100,3965873,-1
46622.184952141,1,6508,100,3958289,-1
46623.205682993,1,6509,100,3958128,1
46624.107797185,1,6510,100,3964159,1
46625.459075328,3,6510,100,3964159,1
46626.824469633,4,6504,100,3966362,1
46627.987777799,3,6502,100,3973307,-1
46629.838735549,5,6508,100,3958289,-1
46631.947212914,1,6511,100,3963155,-1
46633.720869064,1,6512,100,3967286,-1
46635.711440808,3,6501,100,3973249,-1
46637.487281192,1,6513,100,3960619,-1
46640.08488824,1,6514,100,3958242,1
46640.971783286,1,6515,100,3958906,1
46642.610161469,3,6511,100,3963155,-1
46644.020916419,1,6516,100,3968748,-1
46645.698875142,3,6512,100,3967286,-1
46647.215071341,3,6503,100,3970443,-1
46648.831779318,3,6513,100,3960619,-1
46650.190546196,5,6515,100,3958906,1
46651.237196493,1,6517,100,3958159,1
46652.704595573,1,6518,100,3958846,-1
46653.845907012,1,6519,100,3958313,-1
46655.144279288,3,6516,100,3968748,-1
46656.805314545,3,6509,100,3958128,1
46658.687745365,3,6514,100,3958242,1
46660.733162863,4,6517,100,3958159,1
46662.542276532,4,6518,100,3958846,-1
46663.388513863,4,6519,100,3958313,-1
46665.209078514,1,6520,100,3947226,1
46666.452689198,4,6520,100,3947226,1
46667.780597766,1,6521,100,3961760,-1
46668.627384256,4,6521,100,3961760,-1
46670.154262193,1,6522,100,3952620,1
46672.320289997,1,6523,100,3954163,-1
46673.926514704,3,6523,100,3954163,-1
46675.317507727,1,6524,100,3956685,-1
46676.113427632,3,6522,100,3952620,1
46676.934956755,4,6524,100,3956685,-1
46678.491087505,1,6525,100,3965600,-1
46680.442228975,1,6526,100,3967800,-1
46681.782290094,3,6525,100,3965600,-1
46683.149526617,4,6526,100,3967800,-1
46684.284007437,1,6527,100,3956839,1
46685.476931386,1,6528,100,3962759,1
46686.815367169,1,6529,100,3970947,1
46688.689208888,1,6530,100,3960895,1
46690.805510531,1,6531,100,3964678,-1
46693.469069342,3,6531,100,3964678,-1
46694.864047518,1,6532,100,3968883,1
46696.136381651,1,6533,100,3971077,-1
46698.011886257,3,6533,100,3971077,-1
46699.487817926,5,6529,100,3970947,1
46700.620944727,4,6530,100,3960895,1
46702.651824207,3,6527,100,3956839,1
46704.309875582,1,6534,100,3954785,-1
46705.581774132,4,6528,100,3962759,1
46707.525928954,4,6532,100,3968883,1
46708.736790567,4,6534,100,3954785,-1
46710.707886092,1,6535,100,3946839,1
46711.633533096,1,6536,100,3945824,-1
46712.428542616,1,6537,100,3950304,-1
46714.307671407,3,6537,100,3950304,-1
46715.431068542,5,6536,100,3945824,-1
46719.249062147,1,6538,100,3939115,-1
46720.351143067,3,6535,100,3946839,1
46721.245140633,4,6538,100,3939115,-1
46723.013325656,1,6539,100,3929527,1
46723.921650845,1,6540,100,3930139,1
46725.412394194,3,6540,100,3930139,1
46727.487767779,1,6541,100,3948845,-1
46732.271922209,1,6542,100,3942945,1
46733.045445719,1,6543,100,3945413,1
46734.9154935,5,6543,100,3945413,1
46736.512000019,1,6544,100,3945787,-1
46738.4326506,3,6544,100,3945787,-1
46739.413158411,4,6542,100,3942945,1
46741.453170561,1,6545,100,3931146,1
46742.81210106,3,6545,100,3931146,1
46744.268317608,5,6539,100,3929527,1
46745.919892432,3,6541,100,3948845,-1
46748.048909539,1,6546,100,3955036,-1
46749.752722727,3,6546,100,3955036,-1
46751.646911461,1,6547,100,3949356,1
46752.724624835,3,6547,100,3949356,1
46754.82367915,1,6548,100,3945480,1
46756.776809999,3,6548,100,3945480,1
46758.282628985,1,6549,100,3949078,-1
46759.049282256,5,6549,100,3949078,-1
46759.904374036,1,6550,100,3954317,1
46760.642160404,3,6550,100,3954317,1
46762.630695456,1,6551,100,3949116,1
46763.830299503,1,6552,100,3941072,-1
46765.78203173,1,6553,100,3939817,-1
46766.969561714,1,6554,100,3948135,-1
46768.411665598,1,6555,100,3948211,-1
46769.674841783,1,6556,100,3946115,-1
46770.912105993,1,6557,100,3954720,1
46772.13832617,1,6558,100,3958938,-1
46774.24242661,1,6559,100,3957598,-1
46775.899566042,1,6560,100,3950697,1
46777.784447277,1,6561,100,3955178,1
46778.809274975,1,6562,100,3964855,-1
46780.155969812,1,6563,100,3972623,-1
46782.077014592,1,6564,100,3975908,1
46783.110660131,5,6562,100,3964855,-1
46784.636431554,3,6559,100,3957598,-1
46786.068595225,4,6554,100,3948135,-1
46788.17687582,1,6565,100,3960494,1
46789.215707057,1,6566,100,3958746,1
46790.776293391,1,6567,100,3965032,-1
46793.318352487,3,6560,100,3950697,1
46794.181965896,5,6565,100,3960494,1
46795.362050552,3,6567,100,3965032,-1
46797.477538593,1,6568,100,3960901,1
46801.016929113,3,6551,100,3949116,1
46801.904534053,4,6556,100,3946115,-1
46803.206647872,4,6564,100,3975908,1
46805.134523254,4,6553,100,3939817,-1
46806.415580753,5,6568,100,3960901,1
46808.198713798,1,6569,100,3972885,1
46809.552916904,1,6570,100,3975903,-1
46810.372827462,1,6571,100,3974664,-1
46811.52542245,1,6572,100,3973261,-1
46813.168015544,1,6573,100,3975792,-1
46814.703390686,3,6573,100,3975792,-1
46815.507497221,3,6555,100,3948211,-1
46817.64436214,1,6574,100,3972577,-1
46818.816006566,1,6575,100,3971780,1
46819.927042426,1,6576,100,3971214,1
46821.889491608,5,6558,100,3958938,-1
46823.655356344,4,6572,100,3973261,-1
46825.781735787,4,6574,100,3972577,-1
46827.824915023,3,6566,100,3958746,1
46828.874150464,1,6577,100,3970444,1
46830.803943919,4,6575,100,3971780,1
46832.010911939,3,6561,100,3955178,1
46833.062355506,4,6552,100,3941072,-1
46833.997523571,1,6578,100,3976055,1
46835.963293154,4,6563,100,3972623,-1
46837.4957489,1,6579,100,3987021,-1
46838.506557563,5,6570,100,3975903,-1
46839.505293734,1,6580,100,3982240,1
46840.977263198,1,6581,100,3982061,1
46842.866360041,5,6557,100,3954720,1
46844.899408129,3,6578,100,3976055,1
46846.686291018,3,6580,100,3982240,1
46848.760282733,5,6571,100,3974664,-1
46849.777069576,5,6579,100,3987021,-1
46851.087871727,3,6581,100,3982061,1
46853.098971461,3,6577,100,3970444,1
46853.867616306,4,6576,100,3971214,1
46855.417131486,4,6569,100,3972885,1
46856.654393773,1,6582,100,3959763,1
46857.962984231,1,6583,100,3957978,-1
46858.755254203,1,6584,100,3955208,1
46860.117283317,3,6582,100,3959763,1
46861.975277779,4,6583,100,3957978,-1
46865.078419301,1,6585,100,3959244,1
46866.884298865,1,6586,100,3963881,-1
46868.029280023,1,6587,100,3967968,-1
46869.623830029,1,6588,100,3967607,-1
46870.745646327,1,6589,100,3972310,-1
46871.901320648,1,6590,100,3965991,1
46873.285729932,4,6590,100,3965991,1
46877.304666308,5,6584,100,3955208,1
46878.384576564,3,6585,100,3959244,1
46879.332509199,4,6589,100,3972310,-1
46880.169404246,5,6586,100,3963881,-1
46881.095657309,3,6587,100,3967968,-1
46883.85981488,1,6591,100,3954632,1
46886.976161097,3,6588,100,3967607,-1
46888.832722402,1,6592,100,3959936,1
46889.910867786,1,6593,100,3958793,-1
46890.741915804,1,6594,100,3955535,-1
46894.323956651,4,6592,100,3959936,1
46897.97970551,4,6594,100,3955535,-1
46899.363579469,1,6595,100,3958174,-1
46901.303116564,3,6593,100,3958793,-1
46905.148617094,3,6591,100,3954632,1
46906.169055371,1,6596,100,3957948,-1
46907.3568471,1,6597,100,3956897,-1
46909.374150728,3,6595,100,3958174,-1
46910.935127412,3,6596,100,3957948,-1
46911.994937244,5,6597,100,3956897,-1
46913.810211737,1,6598,100,3968240,1
46915.474041797,3,6598,100,3968240,1
46917.409811383,1,6599,100,3971860,-1
46919.176304994,3,6599,100,3971860,-1
46920.059281977,1,6600,100,3969501,-1
46921.6818281,1,6601,100,3969567,-1
46922.636910121,1,6602,100,3972670,-1
46923.740275594,4,6601,100,3969567,-1
46925.044339749,5,6600,100,3969501,-1
46926.761124872,3,6602,100,3972670,-1
46928.866165008,1,6603,100,3950542,1
46930.097302537,4,6603,100,3950542,1
46931.418188297,1,6604,100,3936029,1
46933.796248088,1,6605,100,3933072,1
46934.725477815,4,6604,100,3936029,1
46936.821830059,1,6606,100,3941239,-1
46938.615077512,3,6605,100,3933072,1
46940.595948836,3,6606,100,3941239,-1
46942.085797781,1,6607,100,3946910,-1
46943.346391143,5,6607,100,3946910,-1
46944.635309536,1,6608,100,3945653,1
46945.532181622,1,6609,100,3940893,1
46946.552418822,1,6610,100,3956196,-1
46947.297875935,3,6609,100,3940893,1
46948.150425374,1,6611,100,3953574,1
46949.957018481,3,6610,100,3956196,-1
46951.644549934,4,6611,100,3953574,1
46952.727000828,5,6608,100,3945653,1
46954.508924643,1,6612,100,3973752,1
46955.839551474,3,6612,100,3973752,1
46957.916895103,1,6613,100,3990325,1
46959.993689458,3,6613,100,3990325,1
46961.410788145,1,6614,100,3978565,1
46963.248920431,1,6615,100,3977784,1
46965.152589643,3,6615,100,3977784,1
46968.627228151,3,6614,100,3978565,1
46969.585308067,1,6616,100,3982880,1
46972.664692795,4,6616,100,3982880,1
46974.476161114,1,6617,100,3981027,1
46975.388070509,4,6617,100,3981027,1
46976.806841286,1,6618,100,3978034,1
46978.719440097,1,6619,100,3981805,-1
46980.006081693,1,6620,100,3979987,1
46981.653330048,3,6618,100,3978034,1
46983.350841758,3,6620,100,3979987,1
46985.32502786,4,6619,100,3981805,-1
46986.474120708,1,6621,100,3985093,1
46988.569605109,1,6622,100,3983283,1
46990.400015914,4,6622,100,3983283,1
46991.558114876,1,6623,100,3975524,1
46992.626918545,3,6621,100,3985093,1
46994.446442901,3,6623,100,3975524,1
46995.921545752,1,6624,100,3970131,1
46997.613619551,5,6624,100,3970131,1
46998.684708736,1,6625,100,3969205,1
47000.110418768,3,6625,100,3969205,1
47000.843829492,1,6626,100,3971233,1
47002.588526013,3,6626,100,3971233,1
47003.509482215,1,6627,100,3968434,1
47004.743146052,3,6627,100,3968434,1
47006.389306945,1,6628,100,3974611,-1
47007.770035864,1,6629,100,3965666,-1
47008.525640162,3,6629,100,3965666,-1
47009.686736659,3,6628,100,3974611,-1
47010.430680674,1,6630,100,3946287,1
47011.966475899,3,6630,100,3946287,1
47014.002409403,1,6631,100,3943550,1
47014.783173597,3,6631,100,3943550,1
47015.682514165,1,6632,100,3946564,-1
47018.254712974,1,6633,100,3936220,1
47019.103645735,3,6632,100,3946564,-1
47019.995521924,5,6633,100,3936220,1
47021.596549585,1,6634,100,3955527,-1
47022.669432826,3,6634,100,3955527,-1
47024.351622305,1,6635,100,3955587,1
47025.478294157,1,6636,100,3958293,-1
47027.208764079,3,6636,100,3958293,-1
47029.096185652,1,6637,100,3959565,-1
47029.957518367,1,6638,100,3948736,1
47032.911501471,3,6638,100,3948736,1
47034.17047253,1,6639,100,3951483,1
47035.470913457,1,6640,100,3950621,1
47037.06004958,3,6637,100,3959565,-1
47038.624816329,1,6641,100,3951497,-1
47040.362722356,3,6639,100,3951483,1
47043.179208281,4,6640,100,3950621,1
47043.941796269,1,6642,100,3931826,-1
47045.190046115,1,6643,100,3936288,1
47046.535117569,1,6644,100,3937683,-1
47047.987583795,1,6645,100,3940402,1
47049.855621099,3,6644,100,3937683,-1
47051.834466163,1,6646,100,3948522,-1
47052.647600773,5,6642,100,3931826,-1
47054.0218413,4,6641,100,3951497,-1
47055.849759275,3,6646,100,3948522,-1
47057.198034636,1,6647,100,3949054,-1
47059.106411059,5,6647,100,3949054,-1
47059.873138653,3,6635,100,3955587,1
47061.695803869,1,6648,100,3950091,1
47063.04836707,1,6649,100,3950315,-1
47064.884217727,3,6643,100,3936288,1
47065.950332547,1,6650,100,3949840,1
47067.249765404,3,6650,100,3949840,1
47069.237549169,1,6651,100,3946736,1
47070.48581527,3,6645,100,3940402,1
47072.075815503,3,6649,100,3950315,-1
47073.140366181,5,6648,100,3950091,1
47074.409485882,4,6651,100,3946736,1
47076.139822716,1,6652,100,3951209,1
47079.495340009,1,6653,100,3952794,-1
47081.599973566,1,6654,100,3951441,1
47084.648319879,3,6653,100,3952794,-1
47085.616875782,3,6652,100,3951209,1
47086.676118175,4,6654,100,3951441,1
47088.588225657,1,6655,100,3938087,-1
47089.775928662,3,6655,100,3938087,-1
47091.848554961,1,6656,100,3935433,-1
47093.377091337,1,6657,100,3933765,-1
47094.594443202,3,6656,100,3935433,-1
47095.919414146,1,6658,100,3919126,-1
47096.844213033,1,6659,100,3923463,-1
47097.754840897,1,6660,100,3925972,-1
47099.369662226,3,6660,100,3925972,-1
47100.995025258,4,6658,100,3919126,-1
47102.237054382,1,6661,100,3909764,1
47103.635550805,4,6661,100,3909764,1
47105.51346349,1,6662,100,3928230,-1
47107.25935656,1,6663,100,3925972,1
47109.245361815,1,6664,100,3929643,-1
47110.257959295,3,6662,100,3928230,-1
47111.225680615,3,6664,100,3929643,-1
47113.359250398,5,6659,100,3923463,-1
47115.448711431,5,6657,100,3933765,-1
47117.058557242,1,6665,100,3917399,1
47117.783979137,4,6665,100,3917399,1
47119.32065008,4,6663,100,3925972,1
47120.608665875,1,6666,100,3913686,1
47122.058418033,4,6666,100,3913686,1
47123.706001466,1,6667,100,3907008,1
47126.354407536,4,6667,100,3907008,1
47127.763813974,1,6668,100,3910419,-1
47129.831883594,4,6668,100,3910419,-1
47131.276613837,1,6669,100,3911900,-1
47135.284424483,1,6670,100,3917190,-1
47137.260841597,5,6669,100,3911900,-1
47139.356163812,3,6670,100,3917190,-1
47140.841769795,1,6671,100,3911758,1
47142.21367422,1,6672,100,3911786,-1
47142.955187459,1,6673,100,3900854,1
47144.786272586,3,6673,100,3900854,1
47146.078086888,1,6674,100,3902825,-1
47148.094049553,5,6674,100,3902825,-1
47149.001062603,3,6671,100,3911758,1
47150.205857451,3,6672,100,3911786,-1
47152.304428027,1,6675,100,3914098,-1
47153.274381721,1,6676,100,3913081,-1
47154.629030823,3,6676,100,3913081,-1
47156.678260529,1,6677,100,3905731,-1
47157.476637803,3,6675,100,3914098,-1
47158.52473267,4,6677,100,3905731,-1
47159.967336772,1,6678,100,3907442,-1
47161.476445166,3,6678,100,3907442,-1
47163.037032755,1,6679,100,3914353,-1
47167.388451195,1,6680,100,3906707,1
47168.904990723,3,6680,100,3906707,1
47170.715408422,4,6679,100,3914353,-1
47172.093272338,1,6681,100,3919263,-1
47173.838633268,5,6681,100,3919263,-1
47174.997698435,1,6682,100,3923974,1
47176.255148037,1,6683,100,3929581,-1
47178.787725455,1,6684,100,3921790,-1
47180.704221396,1,6685,100,3921739,-1
47183.717166911,5,6685,100,3921739,-1
47184.573533511,1,6686,100,3930458,-1
47185.59336437,1,6687,100,3926494,-1
47187.630447379,1,6688,100,3927712,-1
47189.705760944,3,6684,100,3921790,-1
47190.689425249,3,6687,100,3926494,-1
47192.019574012,3,6682,100,3923974,1
47193.826505855,1,6689,100,3931775,1
47194.631766097,1,6690,100,3935143,1
47196.172377822,1,6691,100,3933311,-1
47200.108619871,3,6691,100,3933311,-1
47201.453312073,1,6692,100,3935823,-1
47203.516829059,1,6693,100,3937339,-1
47205.599280185,1,6694,100,3935820,1
47206.962185496,1,6695,100,3938415,1
47208.479768963,3,6690,100,3935143,1
47211.976091258,1,6696,100,3947875,-1
47213.044659466,5,6686,100,3930458,-1
47214.31493718,4,6683,100,3929581,-1
47216.191268458,3,6695,100,3938415,1
47217.864884651,3,6689,100,3931775,1
47220.781926578,5,6694,100,3935820,1
47222.274234019,1,6697,100,3935430,-1
47223.440788404,1,6698,100,3933114,1
47224.978687417,1,6699,100,3933670,1
47225.724764186,1,6700,100,3937981,1
47227.270711352,3,6692,100,3935823,-1
47228.828935094,1,6701,100,3935679,1
47230.644673219,3,6696,100,3947875,-1
47232.425755367,3,6700,100,3937981,1
47233.910780636,1,6702,100,3929889,-1
47235.885070464,1,6703,100,3931513,-1
47237.382607978,4,6701,100,3935679,1
47239.165559413,3,6702,100,3929889,-1
47240.791763438,1,6704,100,3937030,1
47241.912276571,1,6705,100,3934763,1
47243.54847125,3,6688,100,3927712,-1
47244.684183063,3,6703,100,3931513,-1
47246.482908195,4,6693,100,3937339,-1
47247.923844842,3,6698,100,3933114,1
47248.956508069,3,6697,100,3935430,-1
47251.05198253,5,6699,100,3933670,1
47251.88918638,5,6705,100,3934763,1
47252.600336356,3,6704,100,3937030,1
47253.860824763,1,6706,100,3943153,1
47255.272211085,3,6706,100,3943153,1
47256.756401809,1,6707,100,3937026,-1
47257.579972894,1,6708,100,3936153,-1
47258.786186464,3,6708,100,3936153,-1
47260.653200818,1,6709,100,3927041,1
47261.588984308,3,6707,100,3937026,-1
47262.837898328,1,6710,100,3940444,-1
47264.801883784,3,6709,100,3927041,1
47265.89025291,1,6711,100,3933329,1
47266.673232142,1,6712,100,3939623,-1
47267.724080861,4,6712,100,3939623,-1
47268.45410824,3,6710,100,3940444,-1
47270.189776589,1,6713,100,3934568,-1
47271.582045752,1,6714,100,3924623,1
47272.695522108,1,6715,100,3920317,1
47273.722067716,5,6713,100,3934568,-1
47274.685394867,1,6716,100,3920396,-1
47276.772877988,5,6714,100,3924623,1
47277.628478422,1,6717,100,3912526,1
47279.784684088,3,6715,100,3920317,1
47280.75863848,4,6711,100,3933329,1
47281.893459576,1,6718,100,3912963,1
47283.067495004,4,6718,100,3912963,1
47284.272647254,4,6717,100,3912526,1
47285.705002352,1,6719,100,3917370,-1
47289.938483362,1,6720,100,3916969,1
47291.276321721,1,6721,100,3918732,1
47292.067471729,1,6722,100,3918800,-1
47293.978155761,3,6719,100,3917370,-1
47295.68127689,3,6722,100,3918800,-1
47296.588147515,4,6720,100,3916969,1
47298.119685023,4,6721,100,3918732,1
47299.433363397,3,6716,100,3920396,-1
47301.26745925,1,6723,100,3913308,1
47302.946312643,1,6724,100,3910683,1
47304.303560162,3,6724,100,3910683,1
47306.091989843,3,6723,100,3913308,1
47307.481356756,1,6725,100,3916396,1
47309.025679539,3,6725,100,3916396,1
47310.066067837,1,6726,100,3914958,1
47311.802740456,4,6726,100,3914958,1
47313.446702431,1,6727,100,3919749,-1
47315.153911735,1,6728,100,3919243,1
47316.946741363,1,6729,100,3917125,1
47317.745635104,1,6730,100,3920666,-1
47319.447030212,4,6728,100,3919243,1
47320.804624527,4,6729,100,3917125,1
47322.592728896,3,6727,100,3919749,-1
47324.453536639,1,6731,100,3918419,-1
47326.112189746,3,6731,100,3918419,-1
47327.691576713,4,6730,100,3920666,-1
47329.016844177,1,6732,100,3916633,1
47329.926194177,1,6733,100,3913332,1
47331.574515399,4,6732,100,3916633,1
47332.494492506,3,6733,100,3913332,1
47334.102809168,1,6734,100,3916696,-1
47335.581880015,5,6734,100,3916696,-1
47336.593007745,1,6735,100,3917950,1
47338.595906094,1,6736,100,3909730,-1
47340.272935776,1,6737,100,3912597,-1
47341.556846674,1,6738,100,3916507,-1
47343.60848795,3,6737,100,3912597,-1
47344.521979992,1,6739,100,3922913,1
47345.227235357,5,6738,100,3916507,-1
47346.429376486,3,6739,100,3922913,1
47348.253365869,4,6736,100,3909730,-1
47349.227723264,3,6735,100,3917950,1
47350.616670425,1,6740,100,3924432,1
47351.381664441,3,6740,100,3924432,1
47352.343915311,1,6741,100,3930467,-1
47353.701556087,1,6742,100,3938183,1
47355.492960237,1,6743,100,3938785,-1
47357.048531534,1,6744,100,3936180,1
47358.752782705,3,6744,100,3936180,1
47360.690061281,3,6743,100,3938785,-1
47361.974224247,5,6742,100,3938183,1
47363.241792052,1,6745,100,3926573,1
47365.005247011,3,6741,100,3930467,-1
47365.810351264,1,6746,100,3921163,1
47366.977824903,1,6747,100,3917222,1
47368.808317877,1,6748,100,3904419,1
47370.877642145,1,6749,100,3901434,-1
47372.45862297,3,6746,100,3921163,1
47373.696919838,3,6745,100,3926573,1
47375.471677005,4,6747,100,3917222,1
47377.960354965,1,6750,100,3906320,1
47379.865271345,3,6749,100,3901434,-1
47381.87402838,1,6751,200,3901909,-1
47383.302017601,3,6750,100,3906320,1
47386.267712305,1,6752,100,3901575,-1
47387.889925673,1,6753,100,3899917,1
47389.841720498,3,6753,100,3899917,1
47391.198742502,5,6748,100,3904419,1
47393.116458297,1,6754,100,3906877,-1
47395.065264464,1,6755,100,3909420,1
47396.721566543,3,6754,100,3906877,-1
47397.642245347,4,6752,100,3901575,-1
47399.724156463,1,6756,100,3910216,-1
47401.3922956,2,6751,100,3901909,-1
47402.784386946,1,6757,100,3905265,-1
47404.133375408,1,6758,100,3902898,-1
47405.051055589,3,6751,100,3901909,-1
47406.143900379,5,6755,100,3909420,1
47407.998039172,1,6759,100,3906300,-1
47410.310014148,1,6760,100,3908090,1
47411.232359008,1,6761,100,3912481,-1
47411.963989185,3,6760,100,3908090,1
47412.903367894,3,6758,100,3902898,-1
47414.173948239,1,6762,100,3914890,1
47417.575197875,1,6763,100,3921780,1
47421.553313503,3,6757,100,3905265,-1
47423.04762616,1,6764,100,3918965,1
47424.232919334,4,6759,100,3906300,-1
47426.300655198,5,6761,100,3912481,-1
47427.439347282,4,6763,100,3921780,1
47428.640503125,1,6765,100,3920227,1
47429.424723949,4,6756,100,3910216,-1
47431.247473792,3,6764,100,3918965,1
47432.80197061,1,6766,100,3924992,1
47434.382878229,1,6767,100,3933042,-1
47435.898987882,4,6766,100,3924992,1
47437.220444595,4,6765,100,3920227,1
47438.762778945,1,6768,100,3916539,1
47440.63853457,1,6769,100,3917002,-1
47441.611407485,4,6768,100,3916539,1
47442.798201829,1,6770,100,3912318,1
47444.534643028,3,6767,100,3933042,-1
47445.340321366,4,6762,100,3914890,1
47447.157821492,5,6770,100,3912318,1
47448.909536923,3,6769,100,3917002,-1
47449.997563743,1,6771,100,3924591,1
47451.042824896,5,6771,100,3924591,1
47452.505620478,1,6772,100,3935202,-1
47453.344296584,3,6772,100,3935202,-1
47454.668541026,1,6773,100,3930058,1
47456.23285366,1,6774,100,3935469,-1
47457.210543679,1,6775,100,3936116,-1
47458.157884565,1,6776,100,3928012,1
47458.86812008,3,6775,100,3936116,-1
47459.600044276,3,6773,100,3930058,1
47461.404391427,1,6777,100,3936116,-1
47463.006448091,1,6778,100,3931254,1
47464.938546434,4,6776,100,3928012,1
47466.816330185,4,6778,100,3931254,1
47468.788917621,1,6779,100,3929491,-1
47469.871864901,1,6780,100,3935414,-1
47470.907305582,1,6781,100,3928824,1
47472.142963458,1,6782,100,3928087,1
47473.06709898,1,6783,100,3924576,1
47474.376912315,1,6784,100,3929401,-1
47475.225231744,3,6781,100,3928824,1
47477.284745885,3,6779,100,3929491,-1
47479.074747112,3,6777,100,3936116,-1
47480.374556448,1,6785,100,3923529,1
47481.192813041,1,6786,100,3924539,-1
47482.06680729,3,6786,100,3924539,-1
47482.795692298,4,6785,100,3923529,1
47485.107130107,3,6784,100,3929401,-1
47485.947341386,1,6787,100,3923411,1
47487.246738847,1,6788,100,3921485,1
47488.462523374,3,6782,100,3928087,1
47489.4932671,1,6789,100,3933812,1
47491.240063525,5,6780,100,3935414,-1
47493.28038781,1,6790,100,3950135,-1
47494.01584268,1,6791,100,3950269,1
47494.968992,1,6792,100,3949833,1
47496.200852886,1,6793,100,3954872,-1
47497.607375051,1,6794,100,3954069,1
47499.164197283,4,6790,100,3950135,-1
47500.372095351,1,6795,100,3952825,1
47501.190580951,1,6796,100,3953017,1
47502.282238337,1,6797,100,3954552,1
47505.354955949,3,6797,100,3954552,1
47506.979231143,1,6798,100,3948530,1
47508.75620501,3,6793,100,3954872,-1
47510.576503274,4,6794,100,3954069,1
47512.051896339,5,6791,100,3950269,1
47514.07445959,1,6799,100,3945648,1
47517.552495303,1,6800,100,3948598,-1
47518.846378222,3,6796,100,3953017,1
47520.341514642,4,6792,100,3949833,1
47522.144985029,1,6801,100,3943086,1
47525.984777841,1,6802,100,3948829,-1
47527.180861215,1,6803,100,3949266,-1
47527.929231921,4,6803,100,3949266,-1
47529.723597004,3,6798,100,3948530,1
47531.323027689,5,6789,100,3933812,1
47532.626465427,5,6800,100,3948598,-1
47533.578811053,3,6801,100,3943086,1
47534.466233616,3,6795,100,3952825,1
47535.592289817,1,6804,100,3940065,-1
47536.830925787,1,6805,100,3934574,1
47538.151313997,1,6806,100,3933548,1
47539.930355669,1,6807,100,3936011,-1
47541.167027351,3,6799,100,3945648,1
47542.883596506,4,6806,100,3933548,1
47545.757934552,3,6787,100,3923411,1
47547.620181871,4,6783,100,3924576,1
47548.991051171,1,6808,100,3924484,-1
47549.875709941,3,6802,100,3948829,-1
47551.080408367,3,6808,100,3924484,-1
47552.151506295,5,6804,100,3940065,-1
47554.189387651,4,6788,100,3921485,1
47555.490247275,5,6774,100,3935469,-1
47556.797852743,1,6809,100,3924622,-1
47558.701325834,3,6807,100,3936011,-1
47559.807646014,4,6809,100,3924622,-1
47562.452512826,5,6805,100,3934574,1
47563.672715759,1,6810,100,3923377,-1
47564.549950535,1,6811,100,3929165,-1
47568.398903189,3,6811,100,3929165,-1
47569.478461471,1,6812,100,3940186,-1
47570.540187438,3,6810,100,3923377,-1
47571.972186636,1,6813,100,3927740,1
47574.029331004,1,6814,100,3934284,1
47575.937222425,4,6814,100,3934284,1
47577.631375615,1,6815,100,3936842,1
47578.520089104,1,6816,100,3938889,1
47580.159930979,3,6812,100,3940186,-1
47582.023417998,4,6813,100,3927740,1
47583.419394361,3,6816,100,3938889,1
47585.338394027,5,6815,100,3936842,1
47586.766994822,1,6817,100,3972744,-1
47588.373862332,1,6818,100,3973850,-1
47589.378368336,3,6817,100,3972744,-1
47590.529451073,1,6819,100,3977827,-1
47592.083826015,1,6820,100,3976919,-1
47594.053751239,5,6820,100,3976919,-1
47595.206511914,3,6818,100,3973850,-1
47596.9287674,5,6819,100,3977827,-1
47597.93648412,1,6821,100,3972059,1
47599.66826503,5,6821,100,3972059,1
47600.910533467,1,6822,100,3981262,1
47602.431886358,4,6822,100,3981262,1
47603.601498334,1,6823,100,3980714,-1
47604.765873714,1,6824,100,3978046,1
47606.594555243,1,6825,100,3981877,-1
47608.489880388,1,6826,100,3984190,-1
47609.81503803,3,6826,100,3984190,-1
47611.225060917,3,6825,100,3981877,-1
47612.13478117,3,6824,100,3978046,1
47613.248040247,4,6823,100,3980714,-1
47614.90099264,1,6827,100,3997112,-1
47616.023382087,3,6827,100,3997112,-1
47618.02736302,1,6828,100,3999609,-1
47619.361718684,3,6828,100,3999609,-1
47621.049276254,1,6829,100,4001984,-1
47621.836643804,4,6829,100,4001984,-1
47623.242043607,1,6830,100,4003302,1
47627.800069223,1,6831,100,3996034,1
47628.552136708,3,6830,100,4003302,1
47630.11501761,1,6832,100,3991864,1
47631.919648971,1,6833,100,3991127,1
47635.173584874,1,6834,100,3988999,1
47636.297239253,4,6831,100,3996034,1
47637.470446259,1,6835,100,3988208,1
47638.46825045,1,6836,100,3990313,-1
47640.201521366,3,6835,100,3988208,1
47642.07113932,5,6836,100,3990313,-1
47644.022682176,1,6837,100,3989044,1
47645.632652997,1,6838,100,3984040,1
47647.140495152,3,6838,100,3984040,1
47648.155092531,4,6837,100,3989044,1
47649.370789557,3,6834,100,3988999,1
47650.076554729,3,6833,100,3991127,1
47650.97165969,1,6839,100,3978912,1
47652.210516859,1,6840,100,3986838,-1
47653.640387676,1,6841,100,3982532,1
47656.097412803,1,6842,100,3979474,1
47657.571496211,3,6839,100,3978912,1
47658.906036454,3,6841,100,3982532,1
47663.486907576,1,6843,100,3967337,1
47664.867547316,3,6840,100,3986838,-1
47666.323365186,1,6844,100,3953876,-1
47668.290057223,3,6844,100,3953876,-1
47669.029624218,1,6845,100,3951582,-1
47671.009926179,1,6846,100,3954581,-1
47672.554100274,5,6846,100,3954581,-1
47673.367114358,4,6845,100,3951582,-1
47674.223245183,1,6847,100,3973417,1
47675.564097049,3,6847,100,3973417,1
47676.599632151,1,6848,100,3974063,1
47678.603763686,5,6832,100,3991864,1
47680.529957637,4,6842,100,3979474,1
47681.304293412,4,6848,100,3974063,1
47682.354026395,1,6849,100,3969583,1
47683.502755782,3,6843,100,3967337,1
47684.296239472,5,6849,100,3969583,1
47684.990661503,1,6850,100,3963374,-1
47685.77945099,3,6850,100,3963374,-1
47687.761022103,1,6851,100,3957819,1
47689.296962259,1,6852,100,3963426,-1
47690.344409922,1,6853,100,3965073,-1
47693.421222852,3,6852,100,3963426,-1
47694.720222711,5,6853,100,3965073,-1
47695.67343592,4,6851,100,3957819,1
47697.156796693,1,6854,100,3962473,-1
47699.888570883,1,6855,100,3959507,1
47701.761559806,3,6855,100,3959507,1
47703.463301233,1,6856,100,3956734,-1
47705.371013931,3,6856,100,3956734,-1
47707.065820486,1,6857,100,3950459,1
47707.983990933,1,6858,100,3950208,-1
47709.88397995,1,6859,100,3956834,-1
47710.597142878,5,6857,100,3950459,1
47712.572974876,5,6858,100,3950208,-1
47715.846707599,3,6854,100,3962473,-1
47717.260328819,1,6860,100,3966498,-1
47718.950312402,1,6861,100,3960178,1
47720.727495566,1,6862,100,3963847,1
47721.573244971,5,6860,100,3966498,-1
47722.424642605,3,6862,100,3963847,1
47723.224344426,3,6861,100,3960178,1
47724.859610472,3,6859,100,3956834,-1
47725.889384737,1,6863,100,3970246,1
47727.394304394,4,6863,100,3970246,1
47729.17171555,1,6864,100,3981344,-1
47730.291977182,3,6864,100,3981344,-1
47731.488299749,1,6865,100,3981013,1
47732.877402427,3,6865,100,3981013,1
47734.469606432,1,6866,100,3979623,1
47736.398439793,4,6866,100,3979623,1
47737.683123463,1,6867,100,3982131,-1
47739.141792488,1,6868,100,3978656,-1
47740.450631539,5,6868,100,3978656,-1
47742.006618676,3,6867,100,3982131,-1
47743.633610715,1,6869,100,3973709,1
47748.839878724,4,6869,100,3973709,1
47749.928407461,1,6870,100,3961936,-1
47751.80816372,1,6871,100,3955526,1
47753.757770621,1,6872,100,3953770,-1
47755.581712481,3,6871,100,3955526,1
47757.784615119,3,6872,100,3953770,-1
47759.363982779,3,6870,100,3961936,-1
47761.3251621,1,6873,100,3954062,1
47762.559936293,1,6874,100,3964597,-1
47764.567556407,3,6874,100,3964597,-1
47765.821687077,4,6873,100,3954062,1
47767.320882389,1,6875,100,3951238,1
47768.820745251,3,6875,100,3951238,1
47769.585527734,1,6876,100,3942218,-1
47771.295052489,3,6876,100,3942218,-1
47772.277298575,1,6877,100,3946470,-1
47774.852882162,4,6877,100,3946470,-1
47776.431901791,1,6878,100,3959847,-1
47777.633614472,1,6879,100,3963465,-1
47779.087672501,1,6880,100,3964106,1
47780.287164102,3,6878,100,3959847,-1
47781.155738488,1,6881,100,3967794,-1
47782.716586952,1,6882,100,3971706,-1
47784.309470747,3,6882,100,3971706,-1
47786.363729565,5,6880,100,3964106,1
47788.166755611,1,6883,100,3970691,-1
47789.233223472,1,6884,100,3972869,-1
47790.529516358,4,6883,100,3970691,-1
47792.029171361,1,6885,100,3974019,-1
47794.667830228,3,6879,100,3963465,-1
47796.492615751,1,6886,100,3980089,1
47798.336358729,3,6881,100,3967794,-1
47799.065767686,5,6886,100,3980089,1
47801.864660135,1,6887,100,3979452,-1
47803.695126361,5,6887,100,3979452,-1
47805.478497664,3,6885,100,3974019,-1
47807.283274371,1,6888,100,3976964,-1
47808.515990943,3,6884,100,3972869,-1
47810.546226535,1,6889,100,3971086,1
47811.269358009,1,6890,100,3974767,1
47812.062756282,4,6889,100,3971086,1
47813.726638935,1,6891,100,3978229,1
47815.358005116,5,6890,100,3974767,1
47817.309022709,3,6891,100,3978229,1
47818.448379484,1,6892,100,3983546,-1
47819.242450583,1,6893,100,3989177,1
47820.060852965,4,6892,100,3983546,-1
47821.581877809,1,6894,100,3990813,-1
47823.33760584,5,6893,100,3989177,1
47825.215053342,5,6888,100,3976964,-1
47826.765254101,1,6895,100,3986787,1
47828.231541969,1,6896,100,3990468,-1
47831.882492995,5,6895,100,3986787,1
47833.255878648,4,6896,100,3990468,-1
47835.217931874,1,6897,100,3996180,1
47836.739290598,1,6898,100,3997500,-1
47837.682545195,4,6897,100,3996180,1
47838.643654417,1,6899,100,3999295,-1
47840.373492318,3,6898,100,3997500,-1
47842.362936747,3,6899,100,3999295,-1
47843.09867009,3,6894,100,3990813,-1
47844.125419775,1,6900,100,4000189,-1
47845.287259884,1,6901,100,3994821,1
47847.261433805,3,6900,100,4000189,-1
47848.976279747,1,6902,100,3988165,-1
47850.81736747,1,6903,100,3982692,-1
47852.614745307,4,6901,100,3994821,1
47853.345071423,1,6904,100,3979412,1
47855.205351151,3,6902,100,3988165,-1
47857.193267445,1,6905,100,3987343,1
47858.83684126,4,6903,100,3982692,-1
47862.21268987,1,6906,100,3984191,1
47863.759675387,4,6905,100,3987343,1
47865.029036586,4,6904,100,3979412,1
47866.58082673,1,6907,100,3975708,1
47867.95193909,3,6906,100,3984191,1
47868.712074713,3,6907,100,3975708,1
47870.611595555,1,6908,100,3980314,1
47871.511926497,1,6909,100,3976383,1
47872.873469733,1,6910,100,3983914,1
47874.874464049,1,6911,100,3986410,-1
47876.000976457,3,6910,100,3983914,1
47879.05150411,1,6912,100,3980717,-1
47880.841490849,3,6912,100,3980717,-1
47881.547150857,4,6911,100,3986410,-1
47885.292501046,3,6909,100,3976383,1
47887.248061603,4,6908,100,3980314,1
47889.287510671,1,6913,100,3994168,-1
47890.25161276,1,6914,100,3989665,1
47891.283682735,3,6913,100,3994168,-1
47893.29808338,3,6914,100,3989665,1
47894.805584816,1,6915,100,3982639,1
47895.727192457,1,6916,100,3981634,1
47896.604319545,3,6915,100,3982639,1
47897.97842056,3,6916,100,3981634,1
47899.572491472,1,6917,100,3982155,1
47900.836534461,1,6918,100,3976428,-1
47903.988433095,1,6919,100,3979763,1
47904.883531231,1,6920,100,3983438,1
47906.707512628,1,6921,100,3984192,-1
47908.35505525,3,6917,100,3982155,1
47910.128887102,1,6922,100,3983349,-1
47912.160455988,1,6923,100,3992633,-1
47914.035155171,1,6924,100,3995952,-1
47915.87393056,1,6925,100,3991478,1
47916.775063933,3,6919,100,3979763,1
47918.347814209,1,6926,100,3988998,-1
47919.211719361,4,6926,100,3988998,-1
47921.292926796,3,6921,100,3984192,-1
47923.037176358,1,6927,100,3997450,-1
47924.836490489,3,6927,100,3997450,-1
47925.730913414,4,6922,100,3983349,-1
47927.843482883,3,6924,100,3995952,-1
47928.619974275,1,6928,100,3989082,1
47931.501280229,1,6929,100,3997574,1
47932.472987163,1,6930,100,3999889,1
47933.777661547,1,6931,100,4003170,-1
47934.542532371,3,6931,100,4003170,-1
47935.64583101,5,6923,100,3992633,-1
47938.105579641,5,6920,100,3983438,1
47939.66106652,1,6932,100,3997597,1
47940.622710845,4,6932,100,3997597,1
47941.786537348,5,6929,100,3997574,1
47942.932913835,1,6933,100,3999172,-1
47944.845250909,1,6934,100,3996934,-1
47945.965955612,1,6935,100,3989974,-1
47946.935173198,1,6936,100,3987929,-1
47948.960188344,1,6937,100,3988124,1
47951.836409246,1,6938,100,3991881,1
47953.312156592,1,6939,100,3990767,-1
47954.184448989,4,6918,100,3976428,-1
47955.094241613,1,6940,100,3992213,1
47956.863096231,1,6941,100,3980484,1
47958.407395595,5,6938,100,3991881,1
47959.206110298,4,6925,100,3991478,1
47961.555122333,1,6942,100,3973434,1
47963.301731629,1,6943,100,3971476,1
47965.334766515,1,6944,100,3971646,1
47966.893302452,5,6944,100,3971646,1
47968.026738417,1,6945,100,3976455,-1
47968.914418094,1,6946,100,3971223,-1
47970.669501967,4,6928,100,3989082,1
47972.134037061,4,6942,100,3973434,1
47973.835661192,3,6940,100,3992213,1
47974.609499812,3,6941,100,3980484,1
47975.479478553,1,6947,100,3965943,-1
47977.069915515,4,6947,100,3965943,-1
47978.721409205,3,6945,100,3976455,-1
47980.63233592,5,6933,100,3999172,-1
47981.821527658,3,6936,100,3987929,-1
47982.893591555,3,6939,100,3990767,-1
47983.585030298,1,6948,100,3955375,1
47985.017732405,1,6949,100,3960371,-1
47986.524223509,1,6950,100,3952112,-1
47989.0030415,5,6950,100,3952112,-1
47990.842973277,3,6935,100,3989974,-1
47992.853097972,3,6948,100,3955375,1
47993.605051983,5,6949,100,3960371,-1
47995.613188335,3,6943,100,3971476,1
47996.976113144,1,6951,100,3962689,-1
47999.388462022,3,6951,100,3962689,-1
48000.297300627,1,6952,100,3954978,1
48002.20835989,3,6952,100,3954978,1
48004.145311955,3,6946,100,3971223,-1
48005.932663812,1,6953,100,3950780,1
48006.72292731,4,6930,100,3999889,1
48008.019508238,5,6937,100,3988124,1
48009.02592526,5,6953,100,3950780,1
48011.499008787,3,6934,100,3996934,-1
48013.466968088,1,6954,100,3956771,-1
48015.078827821,3,6954,100,3956771,-1
48016.034952401,1,6955,100,3958005,-1
48017.551756942,3,6955,100,3958005,-1
48019.091378403,1,6956,100,3957913,-1
48021.040016392,1,6957,100,3954971,-1
48023.004848464,3,6957,100,3954971,-1
48023.828403888,4,6956,100,3957913,-1
48025.529462828,1,6958,100,3950403,-1
48026.635079935,4,6958,100,3950403,-1
48028.147329111,1,6959,100,3950935,-1
48029.590432243,1,6960,100,3957239,-1
48033.008211552,3,6959,100,3950935,-1
48034.32122958,4,6960,100,3957239,-1
48035.25451108,1,6961,100,3968204,-1
48037.685228582,3,6961,100,3968204,-1
48039.485319831,1,6962,100,3960500,1
48040.340221588,3,6962,100,3960500,1
48041.263124047,1,6963,100,3964807,-1
48042.491266355,1,6964,100,3956924,1
48043.917674581,4,6963,100,3964807,-1
48045.182514708,5,6964,100,3956924,1
48046.968615273,1,6965,100,3953940,1
48048.70469124,1,6966,100,3960964,-1
48049.756815641,1,6967,100,3954874,1
48050.93678904,4,6965,100,3953940,1
48051.786097021,3,6966,100,3960964,-1
48053.426214963,4,6967,100,3954874,1
48054.435249599,1,6968,100,3956108,-1
48056.118925238,1,6969,100,3953655,-1
48057.047394303,1,6970,100,3949044,1
48060.157535699,1,6971,100,3953214,-1
48062.032419216,5,6971,100,3953214,-1
48063.203218214,4,6970,100,3949044,1
48064.671007721,1,6972,100,3949804,-1
48065.450989917,1,6973,100,3953217,1
48066.789881663,1,6974,100,3951589,1
48067.831979776,4,6974,100,3951589,1
48069.075795102,1,6975,100,3951617,-1
48071.001081861,4,6973,100,3953217,1
48072.687637935,1,6976,100,3949739,-1
48074.189993028,3,6968,100,3956108,-1
48075.605640326,4,6975,100,3951617,-1
48077.597929026,4,6972,100,3949804,-1
48081.165856343,1,6977,100,3925738,1
48082.307251823,1,6978,100,3922641,-1
48083.007830958,3,6969,100,3953655,-1
48083.703274936,5,6977,100,3925738,1
48084.869154943,1,6979,100,3922244,-1
48086.831310589,1,6980,100,3924073,-1
48088.02961295,1,6981,100,3931881,-1
48089.461029145,3,6980,100,3924073,-1
48090.95605254,3,6978,100,3922641,-1
48092.111020028,1,6982,100,3936609,-1
48093.367889439,3,6976,100,3949739,-1
48094.851713379,5,6979,100,3922244,-1
48095.754828752,4,6982,100,3936609,-1
48097.169501896,4,6981,100,3931881,-1
48098.342806377,1,6983,100,3935521,-1
48100.021967802,5,6983,100,3935521,-1
48101.314901078,1,6984,100,3929988,1
48103.220360678,4,6984,100,3929988,1
48104.871333271,1,6985,100,3927521,1
48106.627097696,1,6986,100,3929748,-1
48107.889721916,1,6987,100,3920730,1
48110.19455811,1,6988,100,3920867,-1
48112.110326623,3,6985,100,3927521,1
48114.066292102,3,6988,100,3920867,-1
48115.381188786,5,6986,100,3929748,-1
48117.213548775,5,6987,100,3920730,1
48118.893109095,1,6989,100,3926157,-1
48120.868897831,3,6989,100,3926157,-1
48122.733201028,1,6990,100,3922234,1
48126.592374127,5,6990,100,3922234,1
48127.728973288,1,6991,100,3917666,1
48129.586942304,4,6991,100,3917666,1
48131.120336134,1,6992,100,3925366,-1
48132.357376002,1,6993,100,3915301,1
48133.095359097,5,6992,100,3925366,-1
48136.891720389,1,6994,100,3918554,-1
48138.105069671,3,6994,100,3918554,-1
48139.181733373,1,6995,100,3925287,1
48140.742780986,1,6996,100,3921659,-1
48141.543417599,4,6995,100,3925287,1
48142.474056386,1,6997,100,3919492,1
48144.195597795,3,6996,100,3921659,-1
48145.492972396,1,6998,100,3924860,-1
48146.288598197,1,6999,100,3924439,-1
48147.100902374,1,7000,100,3933137,-1
48148.701230151,4,6999,100,3924439,-1
48149.647797353,1,7001,100,3922665,-1
48150.680966391,3,6997,100,3919492,1
48152.251932182,1,7002,100,3922197,1
48154.136066421,1,7003,100,3926459,1
48155.183557987,1,7004,100,3930445,-1
48156.120511919,1,7005,100,3929363,1
48157.218635685,3,6993,100,3915301,1
48158.626582728,1,7006,100,3922648,-1
48159.351438536,4,7005,100,3929363,1
48161.221519877,1,7007,100,3920833,-1
48162.91384619,1,7008,100,3924248,-1
48164.219911252,3,7003,100,3926459,1
48166.063219407,1,7009,100,3915688,1
48167.974084937,4,6998,100,3924860,-1
48169.565034598,3,7002,100,3922197,1
48171.415636522,1,7010,200,3930129,1
48172.247080209,5,7001,100,3922665,-1
48172.99503078,5,7008,100,3924248,-1
48173.72029991,1,7011,100,3922058,1
48174.806853192,1,7012,100,3915645,1
48176.748544225,3,7006,100,3922648,-1
48179.449096734,3,7007,100,3920833,-1
48180.367564489,1,7013,100,3922701,-1
48181.584566542,1,7014,100,3931357,-1
48183.059730737,3,7009,100,3915688,1
48184.5280986,1,7015,100,3921503,-1
48185.226774834,3,7010,200,3930129,1
48187.136614864,1,7016,100,3926646,-1
48189.084640751,1,7017,100,3924552,-1
48189.905810825,4,7011,100,3922058,1
48191.762392967,4,7015,100,3921503,-1
48193.186300997,1,7018,100,3921390,1
48195.002709435,1,7019,100,3932674,1
48195.931209799,3,7004,100,3930445,-1
48197.935413867,1,7020,100,3939657,1
48199.444294135,1,7021,100,3939002,-1
48200.670611965,1,7022,100,3936591,1
48202.661329186,3,7012,100,3915645,1
48205.984069796,3,7020,100,3939657,1
48209.352531165,3,7021,100,3939002,-1
48211.338164734,3,7016,100,3926646,-1
48212.969967784,5,7000,100,3933137,-1
48214.67181525,1,7023,100,3949531,-1
48216.445420324,3,7019,100,3932674,1
48217.654699453,4,7023,100,3949531,-1
48219.65185396,1,7024,100,3949903,1
48221.198429655,4,7017,100,3924552,-1
48221.985162545,3,7022,100,3936591,1
48223.134484661,1,7025,100,3965991,-1
48224.832897038,3,7024,100,3949903,1
48226.506013086,3,7014,100,3931357,-1
48227.55366057,3,7025,100,3965991,-1
48228.233742245,1,7026,100,3958073,-1
48229.282874098,3,7018,100,3921390,1
48231.013147884,1,7027,100,3972153,-1
48233.527878311,3,7013,100,3922701,-1
48235.293902805,1,7028,100,3968198,1
48236.912366034,1,7029,100,3973648,-1
48237.876146014,4,7029,100,3973648,-1
48239.556120366,1,7030,100,3968882,1
48240.790045056,1,7031,100,3972418,1
48242.423688051,1,7032,100,3969502,-1
48243.633968727,3,7030,100,3968882,1
48245.339633871,1,7033,100,3976312,1
48247.212774633,4,7026,100,3958073,-1
48249.190810905,5,7033,100,3976312,1
48250.669839584,1,7034,100,3980641,-1
48253.534697063,1,7035,100,3989476,-1
48255.039754028,5,7032,100,3969502,-1
48255.778613626,4,7034,100,3980641,-1
48257.163709198,4,7027,100,3972153,-1
48259.015467912,4,7031,100,3972418,1
48260.781746254,3,7035,100,3989476,-1
48261.716414777,1,7036,100,3979172,1
48262.71698723,1,7037,100,3987675,-1
48263.590410843,1,7038,100,3980300,-1
48265.334996515,4,7036,100,3979172,1
48266.64775819,4,7037,100,3987675,-1
48267.626224596,3,7038,100,3980300,-1
48270.469634477,4,7028,100,3968198,1
48271.797830623,1,7039,100,3989085,-1
48273.087066311,4,7039,100,3989085,-1
48274.063729855,1,7040,100,3987220,1
48275.327904704,1,7041,100,3982574,1
48276.627171249,3,7040,100,3987220,1
48279.834223973,3,7041,100,3982574,1
48281.207687109,1,7042,100,3980956,-1
48282.7565855,5,7042,100,3980956,-1
48284.051469162,1,7043,100,3978901,1
48285.601227971,4,7043,100,3978901,1
48287.389364721,1,7044,100,3975383,-1
48290.429919881,3,7044,100,3975383,-1
48292.05014688,1,7045,100,3966270,-1
48293.805470028,1,7046,100,3961705,1
48294.615267124,1,7047,100,3960829,1
48296.296050008,3,7045,100,3966270,-1
48298.088269964,5,7047,100,3960829,1
48299.576733859,1,7048,100,3956059,1
48302.300715579,3,7046,100,3961705,1
48303.53167998,1,7049,100,3936255,1
48304.459420276,3,7049,100,3936255,1
48305.908883817,1,7050,100,3939902,1
48306.644093604,3,7050,100,3939902,1
48308.463755988,3,7048,100,3956059,1
48309.224715524,1,7051,100,3944611,1
48310.756260515,5,7051,100,3944611,1
48312.008641985,1,7052,100,3942033,1
48312.811370688,1,7053,100,3940381,1
48314.055524929,3,7053,100,3940381,1
48315.389660316,1,7054,100,3951754,1
48316.854119869,4,7054,100,3951754,1
48318.236777603,5,7052,100,3942033,1
48319.249479982,1,7055,100,3955506,-1
48321.107972852,3,7055,100,3955506,-1
48322.88901866,1,7056,100,3956338,1
48324.660323563,3,7056,100,3956338,1
48326.312167039,1,7057,100,3955096,-1
48327.945767933,4,7057,100,3955096,-1
48328.69206967,1,7058,100,3962005,-1
48330.085139915,3,7058,100,3962005,-1
48331.928076484,1,7059,100,3949174,-1
48333.023295322,1,7060,100,3944394,1
48333.9642206,3,7060,100,3944394,1
48335.51660136,1,7061,100,3947872,-1
48337.231349059,1,7062,100,3942721,1
48338.647099956,1,7063,100,3945477,-1
48339.914240055,1,7064,100,3939484,1
48341.757865003,4,7064,100,3939484,1
48342.505152572,1,7065,100,3935603,-1
48344.263978303,3,7062,100,3942721,1
48345.808317918,5,7059,100,3949174,-1
48347.607230148,1,7066,100,3925679,1
48349.120932633,1,7067,100,3921917,1
48351.044239875,1,7068,100,3926441,-1
48351.999668974,1,7069,100,3918626,1
48352.734238747,5,7063,100,3945477,-1
48353.68718699,1,7070,100,3925683,1
48355.527326206,4,7066,100,3925679,1
48359.452392787,1,7071,100,3919091,1
48361.230840788,1,7072,100,3925420,-1
48363.54870052,1,7073,100,3914267,-1
48365.311271639,1,7074,100,3915344,1
48367.237084447,1,7075,100,3914040,-1
48368.871980804,4,7074,100,3915344,1
48371.550252873,3,7070,100,3925683,1
48373.101889384,1,7076,100,3908437,-1
48374.286099514,1,7077,100,3903074,-1
48376.017115376,1,7078,100,3896563,1
48377.062913883,1,7079,100,3898896,1
48378.048277446,4,7069,100,3918626,1
48379.929438898,1,7080,100,3900044,-1
48382.66115299,3,7061,100,3947872,-1
48383.616288042,3,7078,100,3896563,1
48385.113077331,3,7075,100,3914040,-1
48387.415260193,4,7071,100,3919091,1
48389.194651172,3,7067,100,3921917,1
48390.167654863,1,7081,100,3900412,1
48390.863375608,3,7073,100,3914267,-1
48392.368703787,1,7082,100,3899229,1
48394.060213236,3,7076,100,3908437,-1
48395.65169826,1,7083,100,3893731,1
48396.383932043,1,7084,100,3893543,-1
48397.511371024,1,7085,100,3893471,1
48399.385627121,3,7072,100,3925420,-1
48400.695248935,1,7086,100,3884288,-1
48402.085145243,1,7087,100,3881163,-1
48403.515612066,1,7088,100,3876522,1
48404.893049228,1,7089,100,3873491,1
48406.409325118,1,7090,100,3878371,-1
48408.067067005,1,7091,100,3874206,1
48409.97091932,4,7085,100,3893471,1
48411.306374131,1,7092,100,3876667,-1
48413.295102493,1,7093,100,3883813,-1
48414.692229554,3,7083,100,3893731,1
48416.038922108,1,7094,100,3893030,-1
48417.08495149,4,7079,100,3898896,1
48418.582916788,1,7095,100,3888983,1
48419.466695032,4,7090,100,3878371,-1
48420.845917141,1,7096,100,3890445,1
48421.838460179,3,7082,100,3899229,1
48422.970762788,1,7097,100,3890260,1
48424.308060178,5,7088,100,3876522,1
48425.588782911,1,7098,100,3882779,1
48426.822061303,3,7095,100,3888983,1
48428.586658583,3,7077,100,3903074,-1
48430.269457364,1,7099,100,3881705,-1
48432.053315045,1,7100,100,3882758,-1
48432.883086993,1,7101,100,3877016,-1
48434.488571796,4,7096,100,3890445,1
48436.230000057,1,7102,100,3875104,-1
48438.020818161,3,7093,100,3883813,-1
48439.135069993,3,7087,100,3881163,-1
48440.206782994,4,7098,100,3882779,1
48441.386265988,3,7065,100,3935603,-1
48443.001973908,5,7081,100,3900412,1
48444.736741783,1,7103,100,3863354,1
48445.535079518,1,7104,100,3869688,-1
48446.210775662,1,7105,100,3872057,-1
48447.733984576,3,7104,100,3869688,-1
48448.400632033,3,7102,100,3875104,-1
48449.089613378,1,7106,100,3868409,1
48451.049133279,1,7107,100,3871422,1
48452.408388082,5,7105,100,3872057,-1
48453.360864293,3,7091,100,3874206,1
48454.217947787,1,7108,100,3883906,-1
48456.086571478,3,7108,100,3883906,-1
48457.559158015,1,7109,100,3889221,-1
48458.424045274,3,7099,100,3881705,-1
48461.141348219,1,7110,100,3885829,-1
48462.842959862,3,7086,100,3884288,-1
48463.64363323,4,7092,100,3876667,-1
48467.19325721,1,7111,100,3880958,1
48469.038224193,1,7112,100,3881564,-1
48470.044873064,1,7113,100,3875203,1
48470.869323897,3,7094,100,3893030,-1
48471.879338687,4,7097,100,3890260,1
48472.607758783,3,7112,100,3881564,-1
48474.048658687,5,7101,100,3877016,-1
48475.675622392,1,7114,100,3873199,1
48476.639090568,3,7109,100,3889221,-1
48479.906449203,1,7115,100,3880607,-1
48481.60979735,3,7110,100,3885829,-1
48484.036635243,1,7116,100,3880216,-1
48485.527835567,1,7117,100,3876948,1
48488.392840127,4,7116,100,3880216,-1
48490.036943201,5,7117,100,3876948,1
48491.027554884,3,7107,100,3871422,1
48491.873787227,4,7100,100,3882758,-1
48493.292854124,1,7118,100,3895684,1
48494.601563392,5,7115,100,3880607,-1
48495.542236476,4,7084,100,3893543,-1
48496.74639864,3,7114,100,3873199,1
48498.180397446,1,7119,100,3901386,-1
48499.304198373,1,7120,100,3900057,-1
48500.390548165,3,7113,100,3875203,1
48501.485465933,3,7111,100,3880958,1
48503.171145907,4,7106,100,3868409,1
48504.777288305,1,7121,100,3898326,-1
48506.709280423,1,7122,100,3892597,-1
48508.513192967,1,7123,100,3891258,1
48510.20606418,4,7123,100,3891258,1
48511.858433551,1,7124,100,3887685,1
48514.837541589,1,7125,100,3893011,-1
48515.525357241,4,7121,100,3898326,-1
48516.236447895,1,7126,100,3897963,1
48517.765747184,1,7127,100,3897427,1
48519.222753504,3,7080,100,3900044,-1
48520.026897997,4,7118,100,3895684,1
48520.830665118,4,7124,100,3887685,1
48522.493276138,1,7128,100,3884766,1
48523.964743977,1,7129,100,3881530,1
48525.355278405,3,7103,100,3863354,1
48526.040828868,5,7122,100,3892597,-1
48527.596829368,1,7130,100,3898809,-1
48528.292640219,3,7129,100,3881530,1
48529.155935388,1,7131,100,3899763,1
48530.048950645,1,7132,100,3905490,-1
48530.723953583,3,7127,100,3897427,1
48532.408465438,1,7133,100,3907629,1
48533.255313277,1,7134,100,3909560,1
48534.741413197,3,7126,100,3897963,1
48536.670983693,5,7120,100,3900057,-1
48538.085935185,1,7135,100,3908979,1
48542.272146897,1,7136,100,3918904,-1
48544.008292412,1,7137,100,3922053,-1
48545.669960345,4,7125,100,3893011,-1
48547.598658334,4,7130,100,3898809,-1
48548.929672895,1,7138,100,3916805,1
48552.546426314,1,7139,100,3920551,-1
48553.322900062,1,7140,100,3918557,1
48555.801532107,3,7137,100,3922053,-1
48557.413003311,4,7138,100,3916805,1
48559.31293647,4,7119,100,3901386,-1
48560.458643732,3,7139,100,3920551,-1
48561.839887157,1,7141,100,3912389,1
48563.451822724,1,7142,100,3918200,1
48564.304701548,3,7131,100,3899763,1
48567.867811206,3,7089,100,3873491,1
48568.529482795,4,7132,100,3905490,-1
48570.112196325,1,7143,100,3916657,1
48571.263413263,3,7068,100,3926441,-1
48574.342924078,3,7143,100,3916657,1
48576.219406073,4,7142,100,3918200,1
48577.334759695,4,7136,100,3918904,-1
48578.346829596,1,7144,100,3916718,-1
48579.866643305,5,7128,100,3884766,1
48580.802104738,1,7145,100,3914502,-1
48581.864942465,1,7146,100,3919696,-1
48583.666610675,5,7146,100,3919696,-1
48584.874072097,1,7147,100,3920412,1
48586.120508572,1,7148,100,3931522,-1
48587.837441164,5,7133,100,3907629,1
48589.010995399,1,7149,100,3922277,1
48589.934863666,3,7148,100,3931522,-1
48590.665625211,1,7150,100,3922135,1
48592.567201628,1,7151,100,3925425,1
48593.757586981,3,7140,100,3918557,1
48594.689319852,1,7152,100,3921943,-1
48596.382643699,1,7153,100,3923732,-1
48598.226111975,1,7154,100,3917234,1
48599.677093379,1,7155,100,3913386,1
48601.106374811,1,7156,100,3917256,-1
48602.758426844,1,7157,100,3920562,1
48603.716029253,1,7158,100,3928595,-1
48604.892841054,1,7159,100,3922328,1
48606.353547977,1,7160,100,3922134,-1
48608.030016627,4,7147,100,3920412,1
48609.147551538,3,7154,100,3917234,1
48610.358371153,5,7145,100,3914502,-1
48612.240330777,3,7144,100,3916718,-1
48614.150603899,4,7157,100,3920562,1
48615.496085918,5,7151,100,3925425,1
48618.302145206,3,7135,100,3908979,1
48618.962900836,4,7153,100,3923732,-1
48620.026088232,1,7161,100,3925245,1
48621.240068113,1,7162,100,3924835,-1
48623.078470789,5,7162,100,3924835,-1
48624.771286584,1,7163,100,3916943,1
48626.537029846,3,7160,100,3922134,-1
48627.505625534,1,7164,100,3918929,-1
48628.827670994,1,7165,100,3916430,-1
48633.184373269,1,7166,100,3924884,1
48634.578696623,1,7167,100,3925912,1
48636.064252473,1,7168,100,3939188,-1
48637.352673744,3,7149,100,3922277,1
48638.949064558,3,7152,100,3921943,-1
48642.744913076,3,7164,100,3918929,-1
48645.671680016,1,7169,100,3946494,-1
48647.320959055,1,7170,100,3950782,-1
48648.934323092,4,7168,100,3939188,-1
48650.107628305,4,7169,100,3946494,-1
48651.330978127,5,7163,100,3916943,1
48652.608827101,3,7134,100,3909560,1
48653.832025141,1,7171,100,3937482,-1
48654.718093768,3,7170,100,3950782,-1
48655.568883842,1,7172,100,3930585,1
48656.710162458,1,7173,100,3926107,-1
48658.396165331,1,7174,100,3928951,1
48660.153652826,3,7167,100,3925912,1
48662.595074215,5,7141,100,3912389,1
48663.775894115,3,7156,100,3917256,-1
48664.709433386,1,7175,100,3947490,-1
48666.104973924,3,7161,100,3925245,1
48667.37937926,3,7158,100,3928595,-1
48668.080449334,1,7176,100,3946873,-1
48669.8843776,3,7176,100,3946873,-1
48671.696547333,1,7177,100,3959551,-1
48673.44348439,3,7166,100,3924884,1
48674.087270817,3,7172,100,3930585,1
48675.187405215,5,7173,100,3926107,-1
48675.841477277,3,7150,100,3922135,1
48677.494204443,3,7175,100,3947490,-1
48680.632027596,1,7178,100,3967942,-1
48681.783590079,1,7179,100,3954881,1
48682.854081576,1,7180,100,3959736,-1
48684.570426943,1,7181,100,3962665,-1
48685.762004171,1,7182,100,3964058,1
48687.85552686,1,7183,100,3966372,1
48689.209875321,1,7184,100,3964806,1
48690.813693052,3,7177,100,3959551,-1
48692.073605305,5,7179,100,3954881,1
48696.237328809,3,7182,100,3964058,1
48697.992417426,1,7185,100,3972438,-1
48699.376958744,1,7186,100,3975327,-1
48701.151580607,1,7187,100,3976522,-1
48702.346561745,4,7180,100,3959736,-1
48703.193490273,3,7186,100,3975327,-1
48704.154475061,3,7181,100,3962665,-1
48705.844916389,3,7184,100,3964806,1
48707.302489597,3,7185,100,3972438,-1
48708.328321659,1,7188,100,3966378,-1
48709.775920668,3,7159,100,3922328,1
48711.616357061,4,7171,100,3937482,-1
48712.733021677,4,7178,100,3967942,-1
48714.461825009,3,7174,100,3928951,1
48716.203312325,4,7188,100,3966378,-1
48717.081777411,3,7187,100,3976522,-1
48718.862094417,1,7189,100,3979415,-1
48720.015015715,1,7190,100,3984523,-1
48721.123998841,1,7191,100,3985907,1
48722.732328721,3,7183,100,3966372,1
48723.976171567,1,7192,100,3987273,1
48725.437857454,4,7165,100,3916430,-1
48726.295831725,3,7192,100,3987273,1
48727.168060169,3,7189,100,3979415,-1
48729.348531798,3,7190,100,3984523,-1
48730.605267651,1,7193,100,3987283,1
48732.009933173,1,7194,100,3988378,-1
48733.003166713,4,7194,100,3988378,-1
48734.826834184,1,7195,200,3991295,1
48735.697695243,1,7196,100,3988336,1
48736.72554241,3,7155,100,3913386,1
48737.487499844,1,7197,100,3999333,-1
48738.898777018,1,7198,100,4000286,-1
48739.925699098,3,7198,100,4000286,-1
48740.783476887,1,7199,100,4014839,-1
48741.805542249,5,7191,100,3985907,1
48743.135067805,1,7200,100,4004390,1
48744.994729009,5,7195,100,3991295,1
48746.71299705,1,7201,100,4013466,1
48748.51269055,3,7196,100,3988336,1
48750.065890227,3,7200,100,4004390,1
48750.863402832,1,7202,100,3993309,1
48751.523770345,3,7202,100,3993309,1
48752.777123545,3,7193,100,3987283,1
48753.492974461,3,7201,100,4013466,1
48755.260122205,3,7199,100,4014839,-1
48757.015023061,3,7195,100,3991295,1
48757.969003078,4,7197,100,3999333,-1
48759.80163243,1,7203,100,3980094,1
48760.781258419,5,7203,100,3980094,1
48762.672698831,1,7204,100,3994637,-1
48764.516387442,3,7204,100,3994637,-1
48765.643118959,1,7205,100,3992422,-1
48766.608741636,3,7205,100,3992422,-1
48767.349978591,1,7206,100,3982961,1
48768.02030787,1,7207,100,3986035,-1
48769.457326223,1,7208,100,3984975,1
48770.699563021,4,7207,100,3986035,-1
48772.439139136,1,7209,100,3986397,-1
48773.455671144,3,7206,100,3982961,1
48774.813967929,3,7209,100,3986397,-1
48775.52338741,5,7208,100,3984975,1
48776.926122777,1,7210,100,3988612,1
48780.169755151,3,7210,100,3988612,1
48781.096444958,1,7211,100,3981056,1
48781.853126119,1,7212,100,3985678,-1
48782.744626178,1,7213,100,3985286,-1
48783.975358642,3,7213,100,3985286,-1
48784.874531906,1,7214,100,3976284,1
48786.033285936,3,7212,100,3985678,-1
48786.888881859,1,7215,100,3981107,-1
48787.819582282,1,7216,100,3973091,-1
48788.651396749,3,7211,100,3981056,1
48789.911936504,1,7217,100,3965327,-1
48790.665695005,5,7215,100,3981107,-1
48791.461262247,1,7218,100,3964682,-1
48793.312958534,4,7214,100,3976284,1
48794.737271586,1,7219,100,3950050,1
48796.291456547,4,7219,100,3950050,1
48797.016279943,1,7220,100,3948282,1
48798.542147987,1,7221,100,3946108,-1
48799.568258132,3,7217,100,3965327,-1
48801.357517485,4,7220,100,3948282,1
48803.208565607,1,7222,100,3945181,-1
48804.357390186,3,7222,100,3945181,-1
48805.781326026,5,7216,100,3973091,-1
48806.444422385,1,7223,100,3930371,-1
48807.087038058,4,7223,100,3930371,-1
48808.709054571,4,7218,100,3964682,-1
48809.693921066,5,7221,100,3946108,-1
48810.418101608,1,7224,100,3927199,1
48812.295806625,3,7224,100,3927199,1
48813.718451517,1,7225,100,3927956,1
48814.574353694,3,7225,100,3927956,1
48815.7154719,1,7226,100,3920835,1
48817.416327792,4,7226,100,3920835,1
48818.983198314,1,7227,100,3928849,1
48820.870464992,4,7227,100,3928849,1
48821.862732128,1,7228,100,3932558,1
48823.42199823,4,7228,100,3932558,1
48824.878412767,1,7229,100,3922838,1
48826.287878195,3,7229,100,3922838,1
48827.972927937,1,7230,100,3932293,-1
48830.373420248,3,7230,100,3932293,-1
48831.513330329,1,7231,100,3928796,-1
48832.204344865,3,7231,100,3928796,-1
48832.927576601,1,7232,100,3936917,-1
48833.791132,4,7232,100,3936917,-1
48834.753486111,1,7233,100,3934313,1
48836.217255713,4,7233,100,3934313,1
48837.95538933,1,7234,100,3949905,1
48842.266073118,1,7235,100,3940163,1
48844.044777768,3,7234,100,3949905,1
48845.165984612,1,7236,100,3937956,1
48846.145458208,1,7237,100,3940833,-1
48847.487702069,1,7238,100,3935903,-1
48848.930128017,3,7237,100,3940833,-1
48850.201982805,3,7236,100,3937956,1
48851.254502638,1,7239,100,3929433,1
48852.634507213,1,7240,100,3934254,-1
48853.414186582,1,7241,100,3939345,-1
48856.7044488,1,7242,100,3946385,-1
48857.925427487,5,7235,100,3940163,1
48859.3123594,1,7243,100,3942325,1
48860.73718427,4,7243,100,3942325,1
48861.623559515,4,7238,100,3935903,-1
48863.145254889,1,7244,100,3942870,-1
48864.37262416,1,7245,100,3945729,1
48866.147745757,3,7244,100,3942870,-1
48867.487191838,4,7241,100,3939345,-1
48869.063689346,1,7246,100,3934674,-1
48870.490868363,3,7240,100,3934254,-1
48871.916623981,1,7247,100,3928872,-1
48873.604009867,1,7248,100,3922888,-1
48874.841666657,3,7239,100,3929433,1
48875.494529859,1,7249,100,3922238,-1
48876.214007341,3,7247,100,3928872,-1
48877.15213879,1,7250,100,3928347,-1
48878.749221073,3,7249,100,3922238,-1
48880.258417632,1,7251,100,3913305,1
48882.091807711,1,7252,100,3923454,-1
48883.247151073,5,7250,100,3928347,-1
48884.386049876,1,7253,100,3922331,-1
48885.848363285,1,7254,100,3924373,-1
48887.139448583,1,7255,100,3922453,-1
48888.227903707,3,7248,100,3922888,-1
48889.300421735,5,7245,100,3945729,1
48890.212339386,1,7256,100,3923555,-1
48891.257373608,3,7254,100,3924373,-1
48891.903181721,1,7257,100,3920419,1
48893.268220438,1,7258,100,3924220,-1
48896.022644254,3,7246,100,3934674,-1
48896.84895308,1,7259,100,3922940,1
48897.571234113,4,7252,100,3923454,-1
48898.39102044,3,7257,100,3920419,1
48899.614475991,5,7258,100,3924220,-1
48901.195977855,5,7259,100,3922940,1
48902.249386949,1,7260,100,3923544,1
48903.247714215,1,7261,100,3926274,1
48905.094827802,3,7260,100,3923544,1
48905.928608176,4,7261,100,3926274,1
48906.823289996,1,7262,100,3917899,-1
48907.664553335,4,7251,100,3913305,1
48908.695327204,5,7256,100,3923555,-1
48911.42075322,1,7263,100,3928999,-1
48912.105106334,3,7255,100,3922453,-1
48914.105277275,1,7264,100,3924296,-1
48915.60295664,1,7265,100,3915970,1
48917.005258693,1,7266,100,3920733,-1
48918.661770502,3,7264,100,3924296,-1
48919.583399294,1,7267,100,3909831,1
48920.338575269,3,7267,100,3909831,1
48921.908589489,3,7253,100,3922331,-1
48923.632223822,3,7242,100,3946385,-1
48924.425007898,4,7265,100,3915970,1
48925.763088227,3,7262,100,3917899,-1
48926.87592325,1,7268,100,3903005,1
48928.365116433,1,7269,100,3909782,-1
48930.025445717,4,7268,100,3903005,1
48931.074646553,3,7269,100,3909782,-1
48934.365802853,3,7266,100,3920733,-1
48935.429471037,1,7270,100,3903885,1
48937.264950769,3,7263,100,3928999,-1
48938.038326488,1,7271,100,3910017,1
48939.31083398,5,7270,100,3903885,1
48940.072908852,5,7271,100,3910017,1
48941.874522163,1,7272,100,3896144,-1
48942.871022937,3,7272,100,3896144,-1
48943.652103979,1,7273,100,3903761,1
48944.951458432,1,7274,100,3896881,1
48946.725179749,4,7273,100,3903761,1
48947.875655829,5,7274,100,3896881,1
48949.061656822,1,7275,100,3892020,1
48952.074000027,3,7275,100,3892020,1
48953.54924306,1,7276,100,3894461,1
48954.418209734,1,7277,100,3897360,-1
48955.153889356,4,7277,100,3897360,-1
48956.335549465,1,7278,100,3901966,-1
48958.027768926,3,7276,100,3894461,1
48959.026829416,1,7279,100,3897766,1
48959.904792736,1,7280,100,3897159,1
48960.87235239,5,7280,100,3897159,1
48961.547393587,3,7278,100,3901966,-1
48963.263091148,1,7281,100,3910181,-1
48964.250525864,1,7282,100,3901756,1
48965.907896892,4,7282,100,3901756,1
48967.162463109,1,7283,100,3909827,-1
48968.875956112,3,7279,100,3897766,1
48969.994544558,3,7281,100,3910181,-1
48970.621038784,1,7284,100,3913719,-1
48971.985304591,3,7284,100,3913719,-1
48973.765207791,1,7285,100,3915521,-1
48975.08653466,4,7283,100,3909827,-1
48976.039562517,3,7285,100,3915521,-1
48977.19167456,1,7286,100,3912526,1
48980.724341015,3,7286,100,3912526,1
48982.513077497,1,7287,100,3903106,1
48983.745821608,4,7287,100,3903106,1
48985.069676406,1,7288,100,3908953,1
48985.995412206,1,7289,100,3911979,1
48987.489975695,3,7288,100,3908953,1
48988.194713929,1,7290,100,3913791,-1
48989.999995245,1,7291,100,3913157,-1
48991.303583618,1,7292,100,3913780,-1
48992.544920953,1,7293,100,3909055,-1
48993.329042432,3,7290,100,3913791,-1
48994.839509302,1,7294,100,3904685,-1
48995.686971238,3,7292,100,3913780,-1
48996.326015582,3,7291,100,3913157,-1
48997.37635129,5,7293,100,3909055,-1
48998.902880395,3,7294,100,3904685,-1
49000.355294254,1,7295,100,3910183,1
49002.200652251,1,7296,100,3915112,-1
49003.133180821,1,7297,100,3909185,1
49004.912249838,3,7295,100,3910183,1
49006.071104054,1,7298,100,3915857,-1
49007.303473498,1,7299,100,3919640,1
49008.826634198,1,7300,200,3921243,-1
49010.556318178,1,7301,100,3918368,1
49011.231745654,3,7299,100,3919640,1
49012.417989505,1,7302,100,3918670,1
49013.33822009,1,7303,100,3919651,-1
49014.120679243,4,7301,100,3918368,1
49015.34229327,4,7298,100,3915857,-1
49016.17738045,1,7304,100,3916981,1
49017.781036377,1,7305,100,3919518,1
49019.589407666,1,7306,100,3922271,-1
49020.765514934,1,7307,100,3919242,1
49026.7747755,1,7308,100,3913552,-1
49027.792705329,1,7309,100,3923378,-1
49028.84807916,3,7308,100,3913552,-1
49029.647688761,3,7307,100,3919242,1
49030.979698697,1,7310,100,3926283,-1
49032.182522833,1,7311,100,3924357,1
49033.039314293,3,7306,100,3922271,-1
49033.90363963,1,7312,100,3931615,-1
49035.342483238,1,7313,100,3931689,-1
49036.732958365,1,7314,100,3926201,1
49038.135636677,3,7312,100,3931615,-1
49039.813022307,3,7300,200,3921243,-1
49040.527021109,1,7315,100,3922929,1
49041.153518426,4,7309,100,3923378,-1
49042.155646608,4,7314,100,3926201,1
49043.741907754,4,7303,100,3919651,-1
49044.692330578,5,7313,100,3931689,-1
49045.473684403,3,7304,100,3916981,1
49046.64926409,1,7316,100,3936205,-1
49047.679912467,1,7317,100,3927086,-1
49048.45456085,1,7318,100,3930824,1
49051.946535222,4,7318,100,3930824,1
49054.069953404,3,7289,100,3911979,1
49055.715854783,1,7319,100,3940322,1
49057.34161795,3,7305,100,3919518,1
49058.335697702,1,7320,100,3941301,1
49059.085512525,4,7317,100,3927086,-1
49060.751276766,3,7296,100,3915112,-1
49061.408114468,3,7302,100,3918670,1
49062.695010007,1,7321,100,3932934,1
49064.234858436,3,7316,100,3936205,-1
49065.609053109,3,7320,100,3941301,1
49067.304559058,1,7322,100,3936764,1
49068.669228111,4,7310,100,3926283,-1
49069.782329373,5,7297,100,3909185,1
49070.792323695,3,7322,100,3936764,1
49071.71805012,1,7323,100,3936411,1
49073.532572291,3,7321,100,3932934,1
49075.09994948,4,7319,100,3940322,1
49077.711514028,3,7323,100,3936411,1
49080.866070744,4,7311,100,3924357,1
49082.686661285,3,7315,100,3922929,1
49083.947132909,1,7324,100,3935702,-1
49085.629873873,4,7324,100,3935702,-1
49086.92376463,1,7325,100,3927038,1
49087.904229134,3,7325,100,3927038,1
49089.187829317,1,7326,100,3927329,-1
49091.686743742,3,7326,100,3927329,-1
49093.114037821,1,7327,100,3913733,1
49094.824206647,3,7327,100,3913733,1
49096.531287285,1,7328,100,3915146,-1
49098.243786527,4,7328,100,3915146,-1
49098.891370722,1,7329,100,3910027,-1
49100.005534894,1,7330,100,3907421,-1
49101.758915297,1,7331,100,3904337,-1
49103.543779941,1,7332,100,3907457,1
49105.20456125,4,7331,100,3904337,-1
49107.036062183,4,7330,100,3907421,-1
49107.943964023,4,7332,100,3907457,1
49109.769416141,3,7329,100,3910027,-1
49111.411021099,1,7333,100,3913564,-1
49113.212294445,3,7333,100,3913564,-1
49113.839095109,1,7334,100,3913383,1
49114.784910802,1,7335,100,3917631,-1
49116.340168106,5,7334,100,3913383,1
49117.440429583,1,7336,100,3925576,1
49118.290048571,1,7337,100,3923422,-1
49118.944446363,3,7337,100,3923422,-1
49120.159573833,3,7336,100,3925576,1
49121.106563001,5,7335,100,3917631,-1
49122.369099757,1,7338,100,3914704,1
49123.905839152,4,7338,100,3914704,1
49125.415341647,1,7339,100,3914496,1
49126.698771074,5,7339,100,3914496,1
49128.08871723,1,7340,100,3911656,1
49129.294984758,1,7341,100,3913122,-1
49130.461503036,3,7341,100,3913122,-1
49131.979269559,1,7342,100,3909469,-1
49132.868698386,1,7343,100,3914898,-1
49133.538653521,3,7340,100,3911656,1
49134.988355777,1,7344,100,3911628,-1
49135.706111999,3,7344,100,3911628,-1
49136.79119845,4,7343,100,3914898,-1
49138.227967114,1,7345,100,3918640,-1
49140.49071753,1,7346,100,3905598,-1
49141.564715047,1,7347,100,3907180,-1
49143.806451131,1,7348,100,3897508,1
49144.662844835,3,7342,100,3909469,-1
49146.055210418,1,7349,100,3908129,-1
49147.373361355,4,7345,100,3918640,-1
49148.457140431,4,7348,100,3897508,1
49149.636298607,3,7347,100,3907180,-1
49151.047293921,1,7350,100,3894546,1
49152.880592988,3,7346,100,3905598,-1
49154.355895543,1,7351,100,3899593,-1
49155.857174789,3,7350,100,3894546,1
49157.355305962,3,7349,100,3908129,-1
49158.372262312,1,7352,100,3900147,-1
49158.994215038,5,7352,100,3900147,-1
49160.460816266,3,7351,100,3899593,-1
49161.90128076,1,7353,100,3886321,1
49162.518200861,1,7354,100,3889373,-1
49163.95692482,5,7353,100,3886321,1
49164.766527569,3,7354,100,3889373,-1
49165.920476034,1,7355,100,3885955,-1
49167.507614306,1,7356,100,3885511,-1
49168.459117986,4,7355,100,3885955,-1
49170.25184909,4,7356,100,3885511,-1
49170.876414246,1,7357,100,3881885,-1
49171.698308093,3,7357,100,3881885,-1
49173.074410961,1,7358,100,3879202,1
49174.517695247,1,7359,100,3878318,1
49175.975599594,5,7359,100,3878318,1
49177.596792756,3,7358,100,3879202,1
49178.818510183,1,7360,100,3878616,-1
49180.313648697,3,7360,100,3878616,-1
49181.636219323,1,7361,100,3872931,-1
49182.797183779,5,7361,100,3872931,-1
49184.048284368,1,7362,100,3880992,1
49184.772626843,4,7362,100,3880992,1
49185.975114367,1,7363,100,3877403,1
49187.119826467,3,7363,100,3877403,1
49188.93686498,1,7364,100,3889514,1
49190.763104109,3,7364,100,3889514,1
49192.097797228,1,7365,100,3892043,-1
49193.775487088,3,7365,100,3892043,-1
49195.355530481,1,7366,100,3884837,-1
49198.308826988,1,7367,100,3886943,-1
49199.48198129,1,7368,100,3877924,1
49200.863174136,5,7366,100,3884837,-1
49201.710323511,3,7367,100,3886943,-1
49203.53575214,1,7369,100,3888818,-1
49205.370908952,1,7370,100,3888587,1
49206.956340317,5,7369,100,3888818,-1
49207.592460376,3,7368,100,3877924,1
49208.756375383,3,7370,100,3888587,1
49209.734035994,1,7371,100,3888576,1
49211.537556475,4,7371,100,3888576,1
49213.186139798,1,7372,100,3878876,1
49213.808511461,3,7372,100,3878876,1
49215.160865617,1,7373,100,3870517,-1
49216.381420607,1,7374,100,3872046,1
49218.002934259,1,7375,100,3874741,-1
49219.651680122,1,7376,100,3879533,1
49220.888414246,3,7374,100,3872046,1
49222.158111369,1,7377,100,3871069,1
49223.76212877,1,7378,100,3875521,1
49224.606160347,3,7373,100,3870517,-1
49226.191701818,1,7379,100,3875966,1
49227.15653813,3,7377,100,3871069,1
49228.571319961,3,7376,100,3879533,1
49230.252573292,1,7380,100,3867657,-1
49231.594541274,5,7375,100,3874741,-1
49232.76590968,1,7381,100,3865196,-1
49234.553687658,3,7379,100,3875966,1
49235.939843032,3,7378,100,3875521,1
49236.703006471,3,7380,100,3867657,-1
49237.564930801,1,7382,100,3859356,1
49238.823420559,3,7382,100,3859356,1
49242.599529823,1,7383,100,3865422,-1
49243.217529705,1,7384,100,3870862,-1
49244.825099184,4,7381,100,3865196,-1
49246.511732591,1,7385,100,3876341,-1
49248.009960608,5,7384,100,3870862,-1
49249.269380496,3,7385,100,3876341,-1
49251.002531958,1,7386,100,3878301,1
49252.129080869,4,7383,100,3865422,-1
49255.179969614,4,7386,100,3878301,1
49256.584700593,1,7387,100,3883416,1
49257.780123061,5,7387,100,3883416,1
49259.088092087,1,7388,100,3887020,1
49260.362222971,3,7388,100,3887020,1
49261.183754648,1,7389,100,3889227,1
49262.012472064,1,7390,100,3897199,-1
49263.346250108,1,7391,100,3902914,-1
49264.08445115,3,7391,100,3902914,-1
49265.513655783,1,7392,100,3896290,-1
49266.237211111,1,7393,100,3890979,1
49267.420296059,1,7394,100,3892191,-1
49269.521175099,1,7395,100,3892711,1
49270.754835705,1,7396,100,3890611,-1
49272.167452265,3,7394,100,3892191,-1
49274.537695246,1,7397,100,3894646,-1
49276.063422705,1,7398,100,3898398,1
49276.92484109,3,7396,100,3890611,-1
49277.916512006,3,7395,100,3892711,1
49279.216835042,1,7399,100,3899665,1
49280.040154327,1,7400,100,3903291,-1
49280.864708596,4,7390,100,3897199,-1
49282.334596588,3,7389,100,3889227,1
49283.711518866,1,7401,100,3913512,-1
49284.477943974,1,7402,100,3911373,-1
49285.599021028,3,7399,100,3899665,1
49286.217160585,1,7403,100,3907496,-1
49287.092008138,1,7404,100,3910450,1
49288.179199367,1,7405,100,3911666,1
49289.217901807,1,7406,100,3904897,-1
49290.139843012,1,7407,100,3907339,-1
49291.631520785,3,7393,100,3890979,1
49293.253646057,4,7400,100,3903291,-1
49294.551823661,3,7397,100,3894646,-1
49295.94956229,1,7408,100,3896780,1
49297.061869134,3,7406,100,3904897,-1
49298.053707307,4,7392,100,3896290,-1
49298.687711986,1,7409,100,3900345,1
49299.822696188,5,7398,100,3898398,1
49300.642079936,4,7405,100,3911666,1
49301.919015071,1,7410,100,3897234,1
49302.677120471,1,7411,100,3902353,-1
49304.193438663,1,7412,100,3895538,1
49304.936010542,4,7411,100,3902353,-1
49306.752889911,3,7410,100,3897234,1
49308.328637341,1,7413,100,3906722,-1
49309.338711917,4,7404,100,3910450,1
49310.311237265,3,7402,100,3911373,-1
49311.086588502,1,7414,100,3904449,1
49312.694743635,4,7403,100,3907496,-1
49313.642375345,5,7412,100,3895538,1
49314.858776274,1,7415,100,3909925,1
49315.529057673,3,7413,100,3906722,-1
49317.0638855,1,7416,100,3905457,-1
49318.200972729,4,7416,100,3905457,-1
49319.282195014,1,7417,100,3902356,1
49320.106996569,4,7414,100,3904449,1
49320.960885896,1,7418,100,3901234,-1
49322.074317589,4,7418,100,3901234,-1
49324.321717119,1,7419,100,3907800,-1
49326.684450823,3,7407,100,3907339,-1
49327.463285805,3,7409,100,3900345,1
49329.032698354,4,7417,100,3902356,1
49330.540241609,1,7420,100,3896761,1
49332.745194805,3,7415,100,3909925,1
49334.046363562,4,7408,100,3896780,1
49335.003727163,1,7421,100,3884104,1
49335.703218527,1,7422,100,3885810,-1
49337.515740552,1,7423,100,3882479,1
49338.914155254,1,7424,100,3886980,-1
49340.386493301,1,7425,100,3885934,1
49342.012191654,1,7426,100,3894550,-1
49342.744161081,1,7427,100,3900666,-1
49344.137690237,1,7428,100,3891809,1
49346.768245423,1,7429,100,3906528,-1
49347.934656901,1,7430,100,3904214,1
49348.938647918,1,7431,100,3907849,1
49349.912734584,4,7426,100,3894550,-1
49351.630241365,1,7432,100,3905737,-1
49352.63709444,3,7430,100,3904214,1
49354.072323549,3,7428,100,3891809,1
49356.831704184,3,7425,100,3885934,1
49360.381968347,4,7419,100,3907800,-1
49361.936044022,3,7432,100,3905737,-1
49362.598407463,4,7427,100,3900666,-1
49363.278808595,4,7431,100,3907849,1
49364.453731645,3,7423,100,3882479,1
49365.847064864,1,7433,100,3908264,-1
49369.155610624,1,7434,100,3911793,-1
49370.616584546,4,7422,100,3885810,-1
49371.888997961,5,7429,100,3906528,-1
49372.981727576,1,7435,100,3912777,-1
49374.64257775,1,7436,100,3914059,-1
49376.169678394,4,7424,100,3886980,-1
49377.735367259,1,7437,100,3919579,-1
49378.982461656,3,7433,100,3908264,-1
49380.292637961,1,7438,100,3910355,-1
49381.981610806,1,7439,100,3911215,1
49382.872569252,1,7440,100,3913551,1
49384.267894782,1,7441,100,3918023,-1
49385.997877902,3,7401,100,3913512,-1
49387.639274473,5,7435,100,3912777,-1
49389.819049807,1,7442,100,3923843,1
49390.58112117,1,7443,100,3931649,-1
49391.202044367,4,7437,100,3919579,-1
49392.920873694,3,7420,100,3896761,1
49394.291582794,1,7444,100,3941497,-1
49395.393686963,1,7445,100,3933923,1
49397.373160748,1,7446,100,3942260,-1
49399.131800671,3,7443,100,3931649,-1
49399.838893219,1,7447,100,3937596,1
49401.301378456,1,7448,100,3945553,1
49404.425334536,1,7449,100,3946878,-1
49406.197458491,1,7450,100,3942830,-1
49407.219181162,1,7451,100,3943090,-1
49408.890366487,1,7452,100,3943665,1
49410.382013186,1,7453,100,3937647,1
49413.483598265,1,7454,100,3931380,1
49414.798603581,3,7434,100,3911793,-1
49416.691820649,1,7455,100,3929746,-1
49417.888394245,1,7456,100,3928420,1
49418.574965944,1,7457,100,3924890,1
49419.583227901,1,7458,100,3921286,1
49421.349666733,5,7439,100,3911215,1
49422.046892502,3,7440,100,3913551,1
49423.83981521,1,7459,100,3926294,-1
49425.553246885,1,7460,100,3925252,1
49426.237262879,5,7449,100,3946878,-1
49428.322188222,1,7461,100,3926785,1
49430.063603379,3,7458,100,3921286,1
49431.312491888,1,7462,100,3927956,-1
49434.476897362,1,7463,100,3925085,1
49436.66560936,4,7436,100,3914059,-1
49437.281482839,1,7464,100,3926057,1
49438.084929056,4,7461,100,3926785,1
49438.834150406,4,7454,100,3931380,1
49441.032386681,1,7465,100,3928604,1
49442.721242723,1,7466,100,3925295,1
49444.093672694,1,7467,100,3932386,-1
49445.318225833,5,7462,100,3927956,-1
49445.97492932,1,7468,100,3933760,-1
49447.378946838,1,7469,100,3926175,1
49448.414914969,1,7470,100,3928180,1
49449.375316672,4,7464,100,3926057,1
49450.820777135,4,7445,100,3933923,1
49451.949243192,1,7471,100,3921099,-1
49452.741730617,1,7472,100,3924329,-1
49454.246489331,1,7473,100,3916581,1
49455.829746965,3,7448,100,3945553,1
49456.984430948,1,7474,100,3919975,1
49458.166186406,3,7456,100,3928420,1
49458.809336552,4,7453,100,3937647,1
49460.136085955,3,7457,100,3924890,1
49461.881101045,1,7475,100,3918559,1
49462.959333459,1,7476,100,3914883,-1
49464.304103796,1,7477,100,3911294,-1
49467.639142961,5,7452,100,3943665,1
49468.428216238,3,7447,100,3937596,1
49469.617771229,3,7474,100,3919975,1
49471.280549045,3,7476,100,3914883,-1
49471.895765409,3,7460,100,3925252,1
49473.210028072,1,7478,100,3915099,1
49474.890270519,3,7477,100,3911294,-1
49475.853172081,1,7479,100,3915623,1
49478.567465985,3,7450,100,3942830,-1
49479.89620618,1,7480,100,3923281,1
49481.150286749,1,7481,100,3933088,-1
49482.215625761,1,7482,100,3934924,-1
49483.463035029,3,7438,100,3910355,-1
49485.022095944,1,7483,100,3932012,1
49486.232513528,3,7473,100,3916581,1
49487.085900393,3,7471,100,3921099,-1
49487.791257401,3,7421,100,3884104,1
49489.172034248,3,7455,100,3929746,-1
49490.660468707,1,7484,100,3933917,1
49491.641542619,1,7485,100,3930710,1
49493.146364664,4,7441,100,3918023,-1
49494.191636208,3,7478,100,3915099,1
49495.903193558,1,7486,100,3925082,-1
49497.161573284,1,7487,100,3918450,-1
49500.343454397,1,7488,100,3916548,-1
49501.226755668,1,7489,100,3917619,1
49502.529165835,1,7490,100,3922557,1
49503.489563237,3,7470,100,3928180,1
49504.90895009,4,7489,100,3917619,1
49505.852973412,4,7466,100,3925295,1
49506.514203833,3,7486,100,3925082,-1
49508.359866378,4,7442,100,3923843,1
49509.102462275,1,7491,100,3912409,-1
49510.243688257,4,7488,100,3916548,-1
49511.543078418,1,7492,100,3916179,1
49512.158715292,4,7475,100,3918559,1
49512.827500111,1,7493,100,3912987,-1
49514.11006794,3,7492,100,3916179,1
49515.293517699,1,7494,100,3915806,1
49516.199792988,4,7485,100,3930710,1
49517.090088457,1,7495,100,3927936,-1
49518.415473563,4,7472,100,3924329,-1
49519.368310622,3,7451,100,3943090,-1
49520.137234935,4,7463,100,3925085,1
49521.55287685,5,7482,100,3934924,-1
49523.218409123,5,7483,100,3932012,1
49524.287124603,4,7491,100,3912409,-1
49525.697984431,1,7496,100,3926547,1
49526.311664888,1,7497,100,3931304,-1
49527.464319687,5,7490,100,3922557,1
49528.186066877,5,7496,100,3926547,1
49529.358710841,4,7487,100,3918450,-1
49530.553313361,3,7467,100,3932386,-1
49532.269095015,1,7498,100,3928565,-1
49533.695911045,4,7484,100,3933917,1
49534.981093492,3,7493,100,3912987,-1
49535.956011952,3,7465,100,3928604,1
49537.239644152,1,7499,100,3930778,-1
49538.823691473,3,7459,100,3926294,-1
49540.117704082,1,7500,100,3925819,1
49541.516209869,4,7469,100,3926175,1
49542.462514809,1,7501,100,3923691,-1
49543.332999788,1,7502,100,3926793,1
49543.963097976,4,7501,100,3923691,-1
49545.705946171,3,7502,100,3926793,1
49547.110529685,4,7480,100,3923281,1
49548.169639422,1,7503,100,3923767,1
49548.946201478,3,7444,100,3941497,-1
49550.512964508,3,7500,100,3925819,1
49552.140467581,3,7494,100,3915806,1
49552.893307724,1,7504,100,3927647,-1
49553.537703055,5,7468,100,3933760,-1
49554.131075218,4,7503,100,3923767,1
49554.788541384,3,7481,100,3933088,-1
49556.298967644,1,7505,100,3931305,1
49557.943224159,1,7506,100,3934409,1
49559.588581937,1,7507,100,3943726,-1
49561.129027376,3,7495,100,3927936,-1
49562.185730438,4,7504,100,3927647,-1
49563.883956744,4,7506,100,3934409,1
49565.124804185,4,7498,100,3928565,-1
49566.415772849,1,7508,100,3940993,-1
49567.506686654,1,7509,100,3942626,1
49568.117307516,4,7508,100,3940993,-1
49569.520537573,1,7510,100,3935340,1
49571.100460433,3,7505,100,3931305,1
49572.235780441,1,7511,100,3938566,-1
49573.95342071,1,7512,100,3931685,-1
49574.923429258,1,7513,100,3933762,1
49575.902876521,3,7510,100,3935340,1
49577.316931297,5,7509,100,3942626,1
49579.027885286,1,7514,100,3923027,1
49579.956858375,3,7497,100,3931304,-1
49581.386735816,1,7515,100,3919982,-1
49582.764530154,1,7516,100,3925244,-1
49583.921563788,3,7446,100,3942260,-1
49585.088306446,3,7511,100,3938566,-1
49586.644571316,1,7517,100,3923407,-1
49589.62591211,3,7479,100,3915623,1
49590.499552386,4,7515,100,3919982,-1
49591.935277327,3,7507,100,3943726,-1
49592.92344574,3,7517,100,3923407,-1
49594.200504136,1,7518,100,3921682,1
49595.210147299,1,7519,100,3921495,-1
49596.212578764,1,7520,100,3918784,1
49597.865090926,1,7521,100,3915600,1
49600.523039185,3,7519,100,3921495,-1
49601.550466163,4,7513,100,3933762,1
49602.836679681,5,7516,100,3925244,-1
49604.541698186,1,7522,100,3927044,1
49605.734893448,1,7523,100,3924410,1
49606.574976388,1,7524,100,3924193,1
49608.762244868,1,7525,100,3917355,1
49609.759481367,3,7522,100,3927044,1
49611.511049787,3,7525,100,3917355,1
49612.781546848,1,7526,100,3919910,-1
49614.403307476,1,7527,100,3915087,1
49615.411924183,1,7528,100,3914701,1
49616.523756344,1,7529,100,3921024,1
49617.304807432,3,7528,100,3914701,1
49618.213897726,3,7529,100,3921024,1
49618.852218686,4,7524,100,3924193,1
49620.29146462,1,7530,100,3918356,-1
49621.23125978,1,7531,100,3916608,-1
49622.91855218,5,7531,100,3916608,-1
49625.504716085,3,7499,100,3930778,-1
49626.344444668,4,7526,100,3919910,-1
49627.495593567,1,7532,100,3927437,-1
49628.698399826,3,7530,100,3918356,-1
49629.379906969,1,7533,100,3923638,1
49630.261402733,1,7534,100,3926286,-1
49631.734248602,3,7532,100,3927437,-1
49632.754432813,1,7535,100,3917515,-1
49634.318243556,3,7534,100,3926286,-1
49635.223074292,5,7527,100,3915087,1
49636.870375576,4,7520,100,3918784,1
49638.22477755,1,7536,100,3919022,-1
49639.50641098,4,7518,100,3921682,1
49640.554069816,1,7537,100,3914356,1
49642.068290459,1,7538,100,3913954,1
49644.751020745,1,7539,100,3910537,1
49647.233054459,4,7514,100,3923027,1
49647.915491211,4,7536,100,3919022,-1
49650.396949227,1,7540,100,3934116,-1
49651.530941313,1,7541,100,3946602,-1
49652.375815281,4,7512,100,3931685,-1
49654.619709503,3,7533,100,3923638,1
49656.13089619,3,7540,100,3934116,-1
49657.680064735,3,7535,100,3917515,-1
49659.092796691,1,7542,100,3935679,-1
49660.781916509,1,7543,100,3929329,1
49662.520451613,1,7544,100,3937394,-1
49663.407598416,3,7523,100,3924410,1
49665.06659096,4,7543,100,3929329,1
49665.747834857,1,7545,100,3936994,-1
49667.478777524,1,7546,100,3934915,1
49670.542724141,3,7541,100,3946602,-1
49671.593223444,4,7546,100,3934915,1
49672.635873652,1,7547,100,3934457,-1
49673.532950436,4,7544,100,3937394,-1
49674.941802005,1,7548,100,3932831,1
49675.844340274,4,7548,100,3932831,1
49677.534316057,3,7545,100,3936994,-1
49678.418090224,1,7549,100,3922706,1
49679.787786056,1,7550,100,3933383,1
49680.702740481,4,7550,100,3933383,1
49683.5238186,1,7551,100,3930519,-1
49684.529606789,1,7552,100,3919770,1
49686.112613859,1,7553,200,3920400,-1
49686.965294433,1,7554,100,3913531,1
49688.605834595,3,7549,100,3922706,1
49689.509901668,3,7537,100,3914356,1
49690.870588709,3,7553,200,3920400,-1
49692.333204697,3,7538,100,3913954,1
49693.431503773,1,7555,100,3934911,-1
49696.54079059,3,7542,100,3935679,-1
49698.025942378,3,7521,100,3915600,1
49699.512832514,1,7556,100,3931784,1
49701.208449818,4,7555,100,3934911,-1
49702.084998862,1,7557,100,3938193,-1
49703.752530728,1,7558,100,3933394,1
49704.8797455,5,7556,100,3931784,1
49706.089194073,1,7559,100,3942305,1
49707.039388982,1,7560,100,3949460,-1
49707.882999921,3,7559,100,3942305,1
49708.846985266,1,7561,100,3934405,1
49710.305854574,3,7551,100,3930519,-1
49711.187037638,3,7560,100,3949460,-1
49712.328735582,1,7562,100,3931620,-1
49713.836642147,5,7552,100,3919770,1
49714.655306388,3,7547,100,3934457,-1
49715.980062402,3,7562,100,3931620,-1
49717.170605533,1,7563,100,3913403,1
49718.276197544,3,7554,100,3913531,1
49719.768582131,1,7564,100,3912970,1
49720.732356056,3,7557,100,3938193,-1
49722.015910726,1,7565,100,3918170,-1
49722.997712002,1,7566,100,3911827,-1
49724.333469209,1,7567,100,3908072,1
49725.316476916,1,7568,100,3911060,1
49726.431572415,3,7539,100,3910537,1
49727.350800959,1,7569,100,3910701,-1
49727.96423202,5,7564,100,3912970,1
49729.092682599,3,7566,100,3911827,-1
49730.594128949,1,7570,100,3888938,1
49731.926975639,1,7571,100,3884488,1
49733.114081982,3,7567,100,3908072,1
49733.815699119,1,7572,100,3891085,1
49734.79280529,3,7558,100,3933394,1
49735.942183153,3,7565,100,3918170,-1
49736.57452294,4,7561,100,3934405,1
49737.368742724,1,7573,100,3892857,1
49737.957998568,1,7574,100,3898828,1
49739.531429545,1,7575,100,3897033,-1
49740.37300143,4,7563,100,3913403,1
49741.618410503,1,7576,100,3885616,1
49742.245483798,3,7572,100,3891085,1
49743.695532432,4,7568,100,3911060,1
49745.421344931,4,7574,100,3898828,1
49746.420374769,4,7573,100,3892857,1
49747.88963261,1,7577,100,3884899,1
49750.018992286,3,7577,100,3884899,1
49751.188041382,3,7575,100,3897033,-1
49752.529942484,1,7578,100,3886854,1
49753.952646083,4,7571,100,3884488,1
49755.309833676,1,7579,100,3904089,-1
49756.000275613,5,7570,100,3888938,1
49757.618593507,5,7579,100,3904089,-1
49759.655427235,1,7580,100,3906002,-1
49761.053995981,1,7581,100,3897068,1
49761.889101617,3,7580,100,3906002,-1
49763.381033608,3,7578,100,3886854,1
49765.004719244,1,7582,100,3897080,1
49766.347908369,3,7576,100,3885616,1
49767.323204557,3,7582,100,3897080,1
49770.065393139,4,7581,100,3897068,1
49771.073359757,1,7583,100,3903372,-1
49772.064976016,1,7584,100,3906384,-1
49772.753690932,3,7584,100,3906384,-1
49773.723600441,5,7583,100,3903372,-1
49774.811134849,5,7569,100,3910701,-1
49776.453130809,1,7585,100,3899145,1
49777.252661034,1,7586,100,3899364,-1
49778.355824867,4,7585,100,3899145,1
49779.078643865,1,7587,100,3885113,1
49781.560533132,3,7586,100,3899364,-1
49782.495978726,3,7587,100,3885113,1
49783.146561093,1,7588,100,3896438,1
49784.484093243,5,7588,100,3896438,1
49785.141714822,1,7589,100,3900878,-1
49786.591744764,3,7589,100,3900878,-1
49787.425009213,1,7590,100,3910356,-1
49788.311978934,1,7591,100,3907375,-1
49789.749012869,1,7592,100,3903820,1
49790.605201156,3,7590,100,3910356,-1
49791.94982237,3,7591,100,3907375,-1
49793.479080626,3,7592,100,3903820,1
49794.193016961,1,7593,100,3902361,1
49795.198958488,1,7594,100,3907766,-1
49795.86287125,3,7593,100,3902361,1
49796.890619003,1,7595,100,3898396,1
49797.469177477,3,7594,100,3907766,-1
49798.439406213,1,7596,100,3905166,-1
49799.910741615,1,7597,100,3909871,-1
49801.539999609,1,7598,100,3905607,1
49802.252193685,3,7595,100,3898396,1
49803.322098439,4,7598,100,3905607,1
49805.174232012,1,7599,100,3896833,1
49806.222511333,1,7600,100,3902065,1
49807.801758923,3,7597,100,3909871,-1
49808.63107367,4,7596,100,3905166,-1
49809.865892124,5,7599,100,3896833,1
49810.805500902,1,7601,100,3911368,-1
49811.473233403,5,7600,100,3902065,1
49812.704938498,3,7601,100,3911368,-1
49813.61928397,1,7602,100,3903945,-1
49814.702261158,1,7603,100,3899242,-1
49815.967110301,4,7603,100,3899242,-1
49817.012123747,3,7602,100,3903945,-1
49818.645922845,1,7604,100,3904392,-1
49819.564303914,1,7605,100,3895500,1
49820.986916175,1,7606,100,3892650,-1
49822.641546746,4,7605,100,3895500,1
49823.55240353,1,7607,100,3892951,1
49824.961774465,1,7608,100,3889434,-1
49826.254775778,1,7609,100,3887635,-1
49827.861634726,3,7609,100,3887635,-1
49828.89948218,5,7608,100,3889434,-1
49830.156409742,3,7607,100,3892951,1
49831.153149466,1,7610,100,3882367,1
49832.081851677,1,7611,100,3879215,1
49833.085570198,1,7612,100,3879582,-1
49834.046562139,5,7611,100,3879215,1
49835.598538038,1,7613,100,3898697,1
49836.808996103,3,7613,100,3898697,1
49838.51937605,1,7614,100,3893751,1
49839.984528027,3,7610,100,3882367,1
49840.912773673,3,7604,100,3904392,-1
49842.355719585,3,7614,100,3893751,1
49842.969850777,1,7615,100,3900664,1
49843.963299366,1,7616,100,3899304,1
49845.486168008,3,7615,100,3900664,1
49847.107923262,5,7606,100,3892650,-1
49847.937768188,4,7612,100,3879582,-1
49849.635839946,3,7616,100,3899304,1
49850.879948202,1,7617,100,3907808,-1
49851.938504694,4,7617,100,3907808,-1
49853.084551021,1,7618,100,3900622,-1
49853.865842511,1,7619,100,3899766,1
49855.377420601,1,7620,100,3897341,1
49857.057307558,4,7620,100,3897341,1
49858.052728323,3,7619,100,3899766,1
49859.065307337,5,7618,100,3900622,-1
49860.553461903,1,7621,100,3901323,1
49862.262275057,4,7621,100,3901323,1
49863.689079312,1,7622,100,3908645,1
49864.907760265,4,7622,100,3908645,1
49865.81446286,1,7623,100,3916122,1
49867.221448249,3,7623,100,3916122,1
49868.083819468,1,7624,100,3925924,-1
49868.905630667,3,7624,100,3925924,-1
49869.624699238,1,7625,100,3929628,1
49871.313801394,3,7625,100,3929628,1
49872.181913382,1,7626,100,3934686,1
49873.059199612,1,7627,100,3936906,1
49874.692760679,3,7627,100,3936906,1
49875.763294443,3,7626,100,3934686,1
49877.263648533,1,7628,100,3946700,-1
49878.395217958,1,7629,100,3942021,-1
49878.976827571,1,7630,100,3941628,1
49880.459494364,3,7629,100,3942021,-1
49881.85395319,3,7628,100,3946700,-1
49883.286433855,1,7631,100,3953961,-1
49884.132214596,3,7631,100,3953961,-1
49885.819162347,1,7632,100,3948966,1
49886.840577087,1,7633,100,3950403,-1
49888.54417252,1,7634,100,3952162,1
49889.309000191,1,7635,100,3944565,1
49890.398651262,1,7636,100,3947747,-1
49891.825899813,1,7637,100,3942903,1
49892.750416717,3,7636,100,3947747,-1
49893.358208248,3,7635,100,3944565,1
49894.143852454,1,7638,300,3944279,-1
49895.500695436,3,7637,100,3942903,1
49897.14080943,3,7632,100,3948966,1
49898.340606255,4,7634,100,3952162,1
49899.636517382,2,7638,100,3944279,-1
49901.034201359,3,7633,100,3950403,-1
49901.735857956,1,7639,100,3928514,-1
49902.808765226,3,7639,100,3928514,-1
49903.86442314,1,7640,100,3925093,-1
49905.123481544,1,7641,100,3926781,1
49905.762682096,1,7642,100,3930635,-1
49907.070374802,5,7640,100,3925093,-1
49908.505927418,1,7643,100,3923718,1
49909.491094805,5,7642,100,3930635,-1
49910.897756469,4,7630,100,3941628,1
49912.242860171,1,7644,100,3919951,1
49913.1878151,3,7643,100,3923718,1
49914.23207863,1,7645,100,3920644,-1
49914.972655324,1,7646,100,3921803,1
49916.283671114,5,7638,100,3944279,-1
49917.304256797,5,7641,100,3926781,1
49918.98064376,3,7638,100,3944279,-1
49921.479258699,5,7644,100,3919951,1
49923.072726607,4,7645,100,3920644,-1
49925.847868712,1,7647,100,3919299,1
49928.475935073,4,7646,100,3921803,1
49929.781199566,3,7647,100,3919299,1
49930.679239097,1,7648,100,3918015,1
49932.106849539,1,7649,100,3919488,1
49932.877150273,3,7648,100,3918015,1
49934.287906242,1,7650,100,3916454,1
49936.165681012,4,7650,100,3916454,1
49936.99222724,5,7649,100,3919488,1
49938.39920661,1,7651,100,3895503,1
49939.65700309,1,7652,100,3897916,1
49941.087802487,1,7653,100,3897642,1
49942.285282122,3,7651,100,3895503,1
49943.430201869,4,7652,100,3897916,1
49945.926200634,4,7653,100,3897642,1
49947.412815663,1,7654,100,3906435,1
49948.404216301,3,7654,100,3906435,1
49949.624562438,1,7655,100,3904050,1
49952.957913741,1,7656,100,3906058,-1
49954.06990654,3,7655,100,3904050,1
49954.988549853,1,7657,100,3905439,1
49958.736373194,3,7657,100,3905439,1
49959.559979919,1,7658,100,3906007,-1
49961.077069797,1,7659,100,3904733,1
49962.296482216,4,7656,100,3906058,-1
49963.884533908,4,7659,100,3904733,1
49965.059634481,4,7658,100,3906007,-1
49966.083759762,1,7660,100,3902529,-1
49966.658306986,3,7660,100,3902529,-1
49967.3872376,1,7661,100,3900706,1
49968.454745566,1,7662,100,3897589,1
49969.166247534,1,7663,100,3897569,1
49970.468891191,4,7663,100,3897569,1
49971.563511429,4,7661,100,3900706,1
49974.109686741,1,7664,100,3901936,1
49977.803080742,1,7665,100,3910071,1
49979.38623643,5,7665,100,3910071,1
49980.238130142,1,7666,100,3907274,1
49980.907271993,4,7666,100,3907274,1
49982.455131635,4,7664,100,3901936,1
49983.990391121,3,7662,100,3897589,1
49985.546746356,1,7667,100,3887153,1
49986.853337389,3,7667,100,3887153,1
49988.441276852,1,7668,100,3888550,1
49989.939110565,1,7669,100,3891403,-1
49991.498500126,4,7669,100,3891403,-1
49992.585376083,1,7670,100,3895795,1
49993.873314246,3,7670,100,3895795,1
49995.161789728,1,7671,100,3902195,-1
49996.411474781,1,7672,100,3894201,1
49997.832875559,3,7672,100,3894201,1
49998.794364323,4,7668,100,3888550,1
49999.647561702,1,7673,100,3895558,-1
50000.258694596,1,7674,100,3884972,1
50001.027715236,1,7675,100,3888326,-1
50002.583489341,3,7673,100,3895558,-1
50003.572366652,3,7674,100,3884972,1
50004.810325967,4,7671,100,3902195,-1
50005.776000876,4,7675,100,3888326,-1
50006.776979933,1,7676,100,3890450,-1
50007.408360511,1,7677,100,3883657,1
50010.245552366,4,7676,100,3890450,-1
50010.861548787,3,7677,100,3883657,1
50011.963446805,1,7678,100,3895424,1
50013.205720979,4,7678,100,3895424,1
50014.89371815,1,7679,100,3901788,-1
50016.083172229,3,7679,100,3901788,-1
50016.844557048,1,7680,100,3901176,1
50018.491254269,1,7681,100,3903886,1
50019.845821353,1,7682,100,3902234,1
50021.216591032,4,7681,100,3903886,1
50021.786645595,3,7682,100,3902234,1
50023.245656213,4,7680,100,3901176,1
50024.65062827,1,7683,100,3912652,-1
50025.290747775,5,7683,100,3912652,-1
50026.091519842,1,7684,100,3904789,-1
50026.850178212,3,7684,100,3904789,-1
50027.551528605,1,7685,100,3901056,1
50028.484349782,3,7685,100,3901056,1
50029.180013024,1,7686,100,3911169,-1
50029.841356199,1,7687,100,3909896,-1
50030.633664122,1,7688,100,3900981,1
50031.814554735,4,7687,100,3909896,-1
50033.109450065,3,7686,100,3911169,-1
50033.813694704,4,7688,100,3900981,1
50035.137482621,1,7689,100,3896471,1
50036.053270639,1,7690,100,3895615,-1
50039.025646455,1,7691,100,3902712,-1
50039.895417135,1,7692,100,3899571,1
50041.457252477,4,7690,100,3895615,-1
50042.432497166,1,7693,100,3906967,-1
50043.806847336,5,7693,100,3906967,-1
50045.487756595,3,7692,100,3899571,1
50046.898119895,4,7691,100,3902712,-1
50047.93920696,3,7689,100,3896471,1
50049.377445498,1,7694,100,3910034,-1
50050.287919417,1,7695,100,3909664,1
50051.005135582,4,7694,100,3910034,-1
50051.76652407,3,7695,100,3909664,1
50053.157394207,1,7696,100,3912288,1
50053.863872252,3,7696,100,3912288,1
50055.428374026,1,7697,100,3910972,-1
50056.860897966,5,7697,100,3910972,-1
50058.190197867,1,7698,100,3900311,1
50060.331565679,1,7699,100,3906295,-1
50060.941162018,1,7700,100,3908659,-1
50063.971347246,1,7701,100,3899130,-1
50065.078283498,4,7698,100,3900311,1
50066.593439663,1,7702,100,3902298,-1
50067.791895025,1,7703,100,3897516,-1
50068.604347229,1,7704,100,3899354,-1
50070.261092156,3,7701,100,3899130,-1
50071.602106839,1,7705,200,3903987,-1
50072.965905909,4,7704,100,3899354,-1
50074.17190199,1,7706,100,3893209,1
50075.228035955,4,7703,100,3897516,-1
50076.774176253,3,7702,100,3902298,-1
50080.262575758,1,7707,100,3910834,-1
50081.568844522,5,7707,100,3910834,-1
50082.707453689,1,7708,100,3904783,1
50083.806742454,3,7708,100,3904783,1
50084.422758732,5,7700,100,3908659,-1
50085.218760349,3,7705,200,3903987,-1
50087.997393284,3,7699,100,3906295,-1
50089.554641387,4,7706,100,3893209,1
50090.609098817,1,7709,100,3904186,-1
50091.978607607,1,7710,100,3899508,1
50094.271310314,1,7711,100,3899103,-1
50095.219218375,3,7711,100,3899103,-1
50098.736356788,1,7712,100,3908793,1
50100.037300411,3,7712,100,3908793,1
50101.23509371,5,7710,100,3899508,1
50102.76612579,1,7713,100,3917645,1
50103.354752846,3,7713,100,3917645,1
50104.491956609,1,7714,100,3915979,1
50106.058008148,5,7714,100,3915979,1
50108.636079805,1,7715,100,3919661,1
50110.269777686,3,7709,100,3904186,-1
50111.076158862,1,7716,100,3927792,1
50112.285108348,4,7715,100,3919661,1
50112.942013659,3,7716,100,3927792,1
50113.754832867,1,7717,100,3932380,1
50114.81598187,1,7718,100,3932130,1
50117.131333617,1,7719,100,3933535,1
50118.648663905,4,7719,100,3933535,1
50119.522904109,3,7718,100,3932130,1
50120.954586266,1,7720,100,3934126,1
50121.547556369,1,7721,100,3944709,1
50122.546506502,1,7722,100,3943484,1
50125.351283581,1,7723,100,3952898,1
50126.720846311,3,7717,100,3932380,1
50128.162691823,1,7724,100,3963267,-1
50129.685297058,3,7722,100,3943484,1
50131.521542951,5,7723,100,3952898,1
50132.660272056,3,7724,100,3963267,-1
50133.894542512,1,7725,100,3952155,1
50135.056831074,1,7726,100,3952890,-1
50135.912458046,1,7727,100,3949315,-1
50137.179923306,4,7725,100,3952155,1
50138.196952873,1,7728,100,3938907,1
50138.797204382,1,7729,100,3941724,-1
50139.504622453,1,7730,100,3931469,1
50140.27963167,1,7731,100,3932090,-1
50141.702704004,3,7729,100,3941724,-1
50144.938273202,4,7721,100,3944709,1
50145.633641114,1,7732,100,3927407,1
50147.191288813,1,7733,100,3919556,-1
50148.411380945,1,7734,100,3920836,-1
50149.784113613,3,7727,100,3949315,-1
50151.060546101,4,7734,100,3920836,-1
50152.109708329,1,7735,100,3926225,1
50153.002678541,3,7732,100,3927407,1
50154.332289073,4,7733,100,3919556,-1
50154.995425285,1,7736,100,3918760,1
50156.44710819,1,7737,100,3917467,1
50158.111386996,3,7728,100,3938907,1
50158.67059712,1,7738,100,3922352,-1
50159.238025497,1,7739,100,3917161,-1
50160.360002102,1,7740,100,3923111,-1
50161.963090185,1,7741,100,3924414,-1
50163.078974365,1,7742,100,3928259,-1
50165.151071088,1,7743,100,3937210,-1
50166.68516936,5,7740,100,3923111,-1
50168.00186043,1,7744,100,3934834,1
50169.107571557,1,7745,100,3930826,1
50170.748441211,3,7737,100,3917467,1
50171.526681645,3,7742,100,3928259,-1
50172.826113841,1,7746,100,3937207,-1
50173.790909018,3,7736,100,3918760,1
50174.575080669,3,7731,100,3932090,-1
50176.015885274,1,7747,100,3926074,1
50177.085976297,3,7745,100,3930826,1
50178.208419031,3,7730,100,3931469,1
50179.184015156,5,7744,100,3934834,1
50180.685711761,1,7748,100,3919793,-1
50181.454746994,1,7749,100,3918811,-1
50182.19934204,3,7748,100,3919793,-1
50182.86837452,1,7750,100,3913957,1
50183.783720916,3,7747,100,3926074,1
50184.685575565,1,7751,100,3914981,-1
50185.865759437,1,7752,100,3915690,-1
50186.777007954,1,7753,100,3913670,1
50188.189830808,1,7754,100,3917196,1
50190.883694039,1,7755,100,3906894,1
50191.604736498,3,7743,100,3937210,-1
50193.066690667,1,7756,100,3913020,1
50194.257151048,4,7756,100,3913020,1
50195.540485632,1,7757,100,3915056,-1
50196.309779698,1,7758,100,3914889,-1
50197.586632608,1,7759,100,3917494,1
50199.860631689,4,7757,100,3915056,-1
50200.724518018,1,7760,100,3925819,-1
50202.017643422,1,7761,100,3917993,1
50204.348812284,3,7754,100,3917196,1
50205.265423515,4,7720,100,3934126,1
50206.740389803,1,7762,100,3930414,-1
50207.861741367,3,7759,100,3917494,1
50208.933780567,4,7741,100,3924414,-1
50209.617758713,1,7763,100,3925016,1
50211.16725799,4,7751,100,3914981,-1
50212.30421996,1,7764,100,3920457,1
50213.847607574,1,7765,100,3921244,1
50214.976305414,3,7763,100,3925016,1
50215.601763052,1,7766,100,3935106,-1
50217.248661959,5,7766,100,3935106,-1
50218.036469891,3,7758,100,3914889,-1
50218.643661708,4,7738,100,3922352,-1
50219.353594613,1,7767,100,3941929,-1
50221.645797868,3,7755,100,3906894,1
50222.373149256,1,7768,100,3940134,-1
50223.439479241,3,7762,100,3930414,-1
50224.063042886,1,7769,100,3938148,-1
50225.518756967,1,7770,100,3939442,-1
50227.009843251,3,7764,100,3920457,1
50228.13311643,1,7771,100,3931201,1
50228.797332781,3,7761,100,3917993,1
50229.745904338,3,7768,100,3940134,-1
50231.281941752,1,7772,100,3929780,1
50232.880916068,1,7773,100,3934235,1
50234.141173272,4,7746,100,3937207,-1
50234.704303383,1,7774,100,3944333,1
50235.352391922,1,7775,100,3942489,-1
50236.872084977,3,7735,100,3926225,1
50238.125241947,1,7776,100,3950674,-1
50239.068938514,3,7774,100,3944333,1
50240.556914755,1,7777,100,3963946,1
50241.131454291,1,7778,100,3958467,1
50242.322475298,4,7769,100,3938148,-1
50243.051855818,1,7779,100,3956456,1
50244.665546712,1,7780,100,3961805,1
50245.259830344,3,7770,100,3939442,-1
50246.009136914,1,7781,100,3949347,1
50247.407922923,4,7749,100,3918811,-1
50248.481427057,5,7767,100,3941929,-1
50249.975294736,1,7782,100,3951047,1
50250.715151968,1,7783,100,3956998,1
50251.771319068,3,7775,100,3942489,-1
50254.074738778,4,7726,100,3952890,-1
50254.815569682,1,7784,100,3951548,1
50256.238133904,1,7785,100,3956405,1
50257.411837318,3,7783,100,3956998,1
50258.765529369,3,7780,100,3961805,1
50261.048032963,3,7753,100,3913670,1
50261.691938248,1,7786,100,3963132,-1
50263.983875412,5,7785,100,3956405,1
50264.584564313,4,7776,100,3950674,-1
50265.955265261,1,7787,100,3968956,-1
50267.376482476,3,7760,100,3925819,-1
50268.369444049,1,7788,100,3973822,-1
50269.185711602,3,7779,100,3956456,1
50270.62107615,4,7788,100,3973822,-1
50271.390613355,1,7789,100,3972076,1
50271.95863808,3,7739,100,3917161,-1
50273.292328174,1,7790,100,3966152,1
50274.584347886,1,7791,100,3966513,-1
50275.18399692,1,7792,100,3966673,-1
50276.222135136,1,7793,100,3960488,1
50277.398999008,1,7794,100,3962774,-1
50278.550988625,4,7778,100,3958467,1
50279.526905136,5,7771,100,3931201,1
50280.220449387,1,7795,100,3962319,-1
50280.847990938,3,7782,100,3951047,1
50282.866685676,1,7796,100,3954541,1
50283.856349869,4,7790,100,3966152,1
50285.029356668,1,7797,100,3957331,1
50286.52871803,3,7797,100,3957331,1
50287.339154996,3,7786,100,3963132,-1
50288.624984352,1,7798,100,3963139,-1
50290.063504587,1,7799,100,3961187,-1
50290.8801174,1,7800,100,3961695,1
50291.876647525,1,7801,100,3970383,-1
50292.507999293,3,7750,100,3913957,1
50293.888025673,1,7802,100,3979399,-1
50294.597174339,3,7765,100,3921244,1
50295.239339809,4,7801,100,3970383,-1
50296.056752404,4,7795,100,3962319,-1
50296.740261144,3,7787,100,3968956,-1
50297.756730048,1,7803,100,3968087,-1
50299.384700347,1,7804,100,3969768,1
50300.679858824,1,7805,100,3971905,-1
50302.111120148,1,7806,100,3973977,-1
50303.458084258,3,7791,100,3966513,-1
50304.582976167,3,7804,100,3969768,1
50305.679327901,4,7805,100,3971905,-1
50307.280322665,3,7796,100,3954541,1
50308.772239519,1,7807,100,3982820,-1
50309.406507886,1,7808,100,3983706,-1
50310.509091163,3,7798,100,3963139,-1
50312.006872814,3,7807,100,3982820,-1
50313.006159374,5,7800,100,3961695,1
50314.641694536,1,7809,100,3965797,1
50315.942376574,1,7810,100,3968944,1
50317.14892458,1,7811,100,3976172,-1
50319.878875194,1,7812,100,3969832,1
50320.970815908,1,7813,100,3971697,1
50321.762306514,3,7799,100,3961187,-1
50323.300333573,1,7814,100,3977684,1
50323.942169309,1,7815,100,3978281,-1
50324.555982381,3,7802,100,3979399,-1
50325.933362686,3,7794,100,3962774,-1
50328.49975607,1,7816,100,3981177,-1
50329.163787141,1,7817,100,3980677,1
50330.040780968,3,7792,100,3966673,-1
50331.159036781,4,7814,100,3977684,1
50332.092521919,4,7806,100,3973977,-1
50333.000443228,1,7818,100,3974176,1
50334.465156313,5,7809,100,3965797,1
50336.027019931,1,7819,100,3978961,-1
50336.673371198,5,7817,100,3980677,1
50337.841945459,3,7784,100,3951548,1
50339.575677591,1,7820,100,3974752,1
50340.294566497,4,7803,100,3968087,-1
50341.205643891,4,7752,100,3915690,-1
50342.705124917,1,7821,100,3974290,1
50343.491733545,1,7822,100,3973761,1
50345.025535334,4,7820,100,3974752,1
50346.311209983,1,7823,100,3977655,-1
50346.932201109,3,7789,100,3972076,1
50348.417148456,3,7810,100,3968944,1
50349.010606807,1,7824,100,3977478,-1
50350.113607024,1,7825,100,3975843,1
50350.703720154,5,7811,100,3976172,-1
50351.990894031,4,7824,100,3977478,-1
50354.713692501,3,7821,100,3974290,1
50355.661083213,3,7812,100,3969832,1
50356.967646721,1,7826,100,3980284,-1
50359.685977128,1,7827,100,3987457,-1
50361.041560745,3,7773,100,3934235,1
50361.918251429,5,7815,100,3978281,-1
50362.677174773,3,7772,100,3929780,1
50363.255317351,1,7828,100,3990662,-1
50365.821643301,4,7819,100,3978961,-1
50367.394743355,1,7829,100,3979514,1
50369.017955926,1,7830,100,3983204,-1
50370.200412381,3,7828,100,3990662,-1
50371.182016884,1,7831,100,3988904,-1
50372.638969208,4,7816,100,3981177,-1
50374.088845641,4,7830,100,3983204,-1
50375.458684161,1,7832,100,3979597,-1
50376.865121532,5,7793,100,3960488,1
50378.146032123,5,7829,100,3979514,1
50378.806881267,4,7832,100,3979597,-1
50379.665825427,3,7822,100,3973761,1
50380.801045455,4,7825,100,3975843,1
50381.411519939,5,7777,100,3963946,1
50382.189567705,3,7831,100,3988904,-1
50383.780493928,3,7818,100,3974176,1
50385.130154523,1,7833,100,3975565,1
50386.417994752,4,7823,100,3977655,-1
50387.608639114,1,7834,100,3979979,-1
50389.187621975,4,7826,100,3980284,-1
50391.15470137,3,7808,100,3983706,-1
50391.828030145,5,7781,100,3949347,1
50393.251998072,1,7835,100,3967177,-1
50394.672525531,3,7827,100,3987457,-1
50395.277300826,1,7836,100,3962881,1
50395.823684098,1,7837,100,3954509,1
50398.384523361,3,7833,100,3975565,1
50399.576837072,4,7836,100,3962881,1
50400.919566333,4,7837,100,3954509,1
50402.485282429,1,7838,100,3948154,1
50404.686111257,4,7813,100,3971697,1
50405.370085033,3,7834,100,3979979,-1
50406.478171388,3,7835,100,3967177,-1
50407.130986229,1,7839,100,3951982,1
50408.469476407,3,7839,100,3951982,1
50409.532497144,3,7838,100,3948154,1
50410.751807909,1,7840,100,3951612,1
50411.95399689,1,7841,100,3950729,1
50413.705610908,1,7842,100,3953493,-1
50415.100035779,3,7840,100,3951612,1
50416.07466853,4,7842,100,3953493,-1
50418.255474292,1,7843,100,3958583,1
50419.861767382,4,7843,100,3958583,1
50422.594180933,1,7844,100,3963788,-1
50423.247789258,5,7841,100,3950729,1
50424.403135255,1,7845,100,3975370,-1
50425.814735353,4,7845,100,3975370,-1
50426.822070684,1,7846,100,3973915,-1
50427.810033704,3,7844,100,3963788,-1
50429.419978505,3,7846,100,3973915,-1
50430.417129802,1,7847,100,3969378,1
50431.90553446,1,7848,100,3959285,1
50432.733086065,4,7847,100,3969378,1
50434.982838182,3,7848,100,3959285,1
50436.214427302,1,7849,100,3958099,1
50437.239494458,3,7849,100,3958099,1
50438.584667541,1,7850,100,3962439,-1
50439.188174183,5,7850,100,3962439,-1
50440.174113183,1,7851,100,3955897,-1
50441.27770533,1,7852,100,3949483,1
50442.320869482,3,7852,100,3949483,1
50443.822818477,4,7851,100,3955897,-1
50445.208755615,1,7853,100,3937352,1
50445.895059261,5,7853,100,3937352,1
50446.545596694,1,7854,100,3948501,1
50447.12109976,1,7855,100,3951638,1
50447.685903317,3,7855,100,3951638,1
50449.155204657,1,7856,100,3956043,1
50451.157385517,1,7857,100,3961175,-1
50451.914880703,1,7858,100,3950525,-1
50452.843193221,1,7859,100,3953220,-1
50454.137217651,1,7860,100,3958680,-1
50454.755321734,3,7859,100,3953220,-1
50455.928254804,1,7861,100,3952661,1
50457.296599893,3,7860,100,3958680,-1
50459.361936984,3,7861,100,3952661,1
50459.925160678,1,7862,100,3947873,1
50461.08615412,3,7854,100,3948501,1
50462.191229872,1,7863,100,3949704,1
50465.02927609,1,7864,100,3949448,-1
50466.767712797,4,7858,100,3950525,-1
50468.001101226,1,7865,100,3948318,1
50469.298675727,1,7866,100,3942443,1
50470.659973628,3,7862,100,3947873,1
50471.599519002,4,7865,100,3948318,1
50472.428649276,3,7857,100,3961175,-1
50473.6031126,1,7867,100,3943737,-1
50475.068894592,1,7868,100,3942840,-1
50476.760723508,1,7869,100,3945244,-1
50477.407598841,1,7870,100,3945868,-1
50477.952782611,4,7863,100,3949704,1
50479.304545472,3,7870,100,3945868,-1
50480.643765167,1,7871,100,3951766,-1
50485.403868296,1,7872,100,3957476,1
50486.734241076,5,7864,100,3949448,-1
50487.400847772,5,7866,100,3942443,1
50488.790727087,3,7867,100,3943737,-1
50490.036492596,1,7873,100,3969238,1
50490.872470834,1,7874,100,3968759,1
50492.396908609,1,7875,100,3977544,-1
50492.981414531,4,7868,100,3942840,-1
50493.852451416,4,7874,100,3968759,1
50494.808560201,1,7876,100,3959548,1
50496.294739737,1,7877,100,3953793,1
50496.942266499,4,7871,100,3951766,-1
50497.818879885,1,7878,100,3957147,-1
50500.288448134,3,7869,100,3945244,-1
50501.921061835,3,7875,100,3977544,-1
50503.43199048,1,7879,100,3972361,1
50505.173664852,3,7873,100,3969238,1
50506.55859072,1,7880,100,3969080,1
50507.768762503,1,7881,100,3971822,1
50508.411443182,1,7882,100,3971268,1
50509.851776484,1,7883,100,3970061,1
50510.387854457,3,7878,100,3957147,-1
50511.234208804,3,7881,100,3971822,1
50512.629114759,3,7856,100,3956043,1
50514.094222801,1,7884,100,3964229,1
50515.056912989,1,7885,100,3971252,-1
50516.488755367,5,7876,100,3959548,1
50517.465343134,4,7880,100,3969080,1
50518.357051267,3,7877,100,3953793,1
50518.9583356,1,7886,100,3961110,-1
50521.417264876,5,7883,100,3970061,1
50522.119237543,3,7884,100,3964229,1
50523.559371539,1,7887,100,3948415,1
50525.063003122,3,7882,100,3971268,1
50525.756005238,3,7879,100,3972361,1
50526.794941409,5,7886,100,3961110,-1
50527.604616844,1,7888,100,3941078,-1
50528.982659321,3,7885,100,3971252,-1
50530.452267628,5,7872,100,3957476,1
50531.14784557,1,7889,100,3949236,-1
50532.537215541,1,7890,100,3942856,1
50534.317818226,4,7889,100,3949236,-1
50535.247441846,1,7891,100,3953732,-1
50536.068577551,1,7892,100,3937760,1
50537.192158417,1,7893,100,3939437,-1
50537.904977405,1,7894,100,3937616,-1
50540.643357167,1,7895,100,3940558,-1
50541.792268755,3,7888,100,3941078,-1
50542.8444294,1,7896,100,3940339,-1
50544.140625768,1,7897,100,3945739,-1
50544.969754033,1,7898,100,3939513,1
50546.291317284,5,7893,100,3939437,-1
50547.809690709,1,7899,100,3941854,1
50548.97360165,5,7895,100,3940558,-1
50549.555595373,1,7900,100,3955666,-1
50550.514897073,3,7898,100,3939513,1
50553.000795588,1,7901,100,3956620,1
50554.380236011,4,7891,100,3953732,-1
50555.475424795,1,7902,100,3968703,1
50556.194259049,1,7903,100,3966631,1
50557.446595081,4,7900,100,3955666,-1
50558.885381468,1,7904,100,3969303,-1
50559.52524685,1,7905,100,3968555,-1
50560.87426529,1,7906,100,3970015,-1
50561.748185069,5,7899,100,3941854,1
50563.026882528,3,7890,100,3942856,1
50564.429163339,3,7906,100,3970015,-1
50565.696253118,1,7907,100,3968634,1
50566.269262783,3,7902,100,3968703,1
50567.323339983,5,7903,100,3966631,1
50568.191667436,3,7907,100,3968634,1
50569.099602007,3,7894,100,3937616,-1
50569.973956705,1,7908,100,3961765,1
50570.963965436,1,7909,100,3963206,1
50572.550621483,4,7909,100,3963206,1
50573.992124398,5,7896,100,3940339,-1
50574.67509899,3,7901,100,3956620,1
50575.288858812,4,7897,100,3945739,-1
50576.764126909,1,7910,100,3968892,-1
50577.904413896,4,7910,100,3968892,-1
50578.950932001,3,7905,100,3968555,-1
50580.184410263,4,7904,100,3969303,-1
50581.341121739,5,7887,100,3948415,1
50584.185887114,1,7911,100,3972076,-1
50584.837716371,1,7912,100,3969963,-1
50587.268626472,3,7911,100,3972076,-1
50588.198510973,3,7908,100,3961765,1
50589.948019372,1,7913,100,3961663,-1
50591.012513576,1,7914,100,3957697,1
50591.913490447,4,7913,100,3961663,-1
50592.618582063,4,7892,100,3937760,1
50593.624055696,4,7914,100,3957697,1
50594.867881644,3,7912,100,3969963,-1
50596.288940036,1,7915,100,3953715,-1
50598.234682462,1,7916,100,3944749,1
50599.698279714,1,7917,100,3946988,-1
50601.210537381,1,7918,100,3944622,1
50601.998182032,1,7919,100,3942639,-1
50602.907110463,1,7920,100,3942920,-1
50604.208943952,3,7917,100,3946988,-1
50605.47902727,3,7920,100,3942920,-1
50606.008883371,1,7921,100,3938442,-1
50607.092571255,3,7918,100,3944622,1
50608.263080784,1,7922,100,3932699,1
50608.864685463,3,7921,100,3938442,-1
50610.209679184,5,7915,100,3953715,-1
50610.973777973,3,7919,100,3942639,-1
50612.538193763,1,7923,100,3938301,-1
50613.127070163,3,7916,100,3944749,1
50614.501402072,4,7922,100,3932699,1
50615.964000338,1,7924,100,3930884,-1
50617.457702671,1,7925,100,3925816,1
50618.688464643,3,7923,100,3938301,-1
50619.569375172,1,7926,100,3925387,1
50621.97637215,1,7927,100,3918164,-1
50622.645228634,4,7926,100,3925387,1
50624.224555781,1,7928,100,3910607,1
50624.891795006,4,7925,100,3925816,1
50626.217227725,1,7929,100,3912865,1
50627.065360687,4,7928,100,3910607,1
50628.467893422,1,7930,100,3901809,1
50629.074191813,1,7931,100,3907411,1
50630.15426937,3,7930,100,3901809,1
50631.597030595,4,7929,100,3912865,1
50632.383378097,4,7924,100,3930884,-1
50636.530214426,4,7931,100,3907411,1
50637.083550977,5,7927,100,3918164,-1
50637.916192736,1,7932,100,3905851,-1
50640.127753203,3,7932,100,3905851,-1
50641.478579157,1,7933,100,3903480,1
50642.430367805,1,7934,100,3902943,1
50643.302164088,3,7934,100,3902943,1
50644.706475103,5,7933,100,3903480,1
50645.352962233,1,7935,100,3900495,1
50646.180712875,3,7935,100,3900495,1
50646.893376687,1,7936,100,3903147,-1
50649.580868563,4,7936,100,3903147,-1
50650.433748902,1,7937,100,3904232,1
50651.355887289,4,7937,100,3904232,1
50652.153602955,1,7938,100,3911049,-1
50653.586529064,3,7938,100,3911049,-1
50654.308279901,1,7939,100,3909077,-1
50655.293270841,1,7940,100,3908659,-1
50656.651328938,1,7941,100,3915313,-1
50657.444803288,4,7939,100,3909077,-1
50658.510165532,1,7942,100,3922166,-1
50659.486026519,1,7943,100,3914504,1
50660.984508531,1,7944,100,3919572,-1
50661.696915437,4,7940,100,3908659,-1
50663.059184645,1,7945,100,3911466,1
50663.795506086,1,7946,100,3917647,1
50664.783359115,3,7945,100,3911466,1
50665.468676075,1,7947,100,3919088,1
50666.77390138,1,7948,100,3917319,1
50667.407014274,1,7949,100,3914057,1
50668.950901712,1,7950,100,3926587,-1
50670.024113539,1,7951,100,3933774,-1
50671.607326755,1,7952,100,3935521,-1
50672.253415172,3,7952,100,3935521,-1
50673.748856183,4,7951,100,3933774,-1
50674.35356243,3,7941,100,3915313,-1
50675.874930209,4,7942,100,3922166,-1
50677.133967918,4,7944,100,3919572,-1
50677.673130836,4,7950,100,3926587,-1
50678.411597959,3,7947,100,3919088,1
50679.372253778,5,7948,100,3917319,1
50680.707446884,5,7943,100,3914504,1
50681.424819395,4,7949,100,3914057,1
50681.974927155,3,7946,100,3917647,1
50683.53314475,1,7953,100,3941016,-1
50684.80862291,1,7954,100,3941401,-1
50686.147430403,4,7953,100,3941016,-1
50687.65843578,3,7954,100,3941401,-1
50688.505962514,1,7955,100,3939038,-1
50690.050275657,1,7956,100,3943527,-1
50690.95931048,1,7957,100,3938865,1
50691.683865578,4,7956,100,3943527,-1
50692.81525762,1,7958,100,3939955,-1
50693.781000481,1,7959,100,3942462,1
50694.888804797,3,7955,100,3939038,-1
50696.331937191,3,7959,100,3942462,1
50696.9271661,1,7960,100,3930725,1
50698.197208159,1,7961,100,3936345,1
50699.371351633,4,7957,100,3938865,1
50700.606387809,3,7961,100,3936345,1
50701.373935864,1,7962,100,3946028,-1
50702.716161804,1,7963,100,3945614,-1
50703.821499667,3,7962,100,3946028,-1
50705.300169378,3,7960,100,3930725,1
50706.694290965,3,7958,100,3939955,-1
50708.600299526,1,7964,100,3949645,-1
50710.103338817,1,7965,100,3941661,1
50711.102386818,3,7964,100,3949645,-1
50711.685337158,1,7966,100,3937296,-1
50712.986592214,5,7966,100,3937296,-1
50714.902508511,4,7965,100,3941661,1
50715.807255576,1,7967,100,3923183,1
50716.369948173,1,7968,100,3928594,1
50717.307176257,3,7968,100,3928594,1
50718.160684203,3,7967,100,3923183,1
50719.686823233,1,7969,100,3926006,-1
50720.955375251,4,7969,100,3926006,-1
50721.482254658,1,7970,100,3920663,1
50723.013381207,4,7970,100,3920663,1
50723.928163952,1,7971,100,3914931,-1
50724.694938986,3,7971,100,3914931,-1
50726.457401875,3,7963,100,3945614,-1
50727.021602113,1,7972,100,3916834,1
50729.402695355,4,7972,100,3916834,1
50730.659195201,1,7973,100,3919031,1
50732.143852384,3,7973,100,3919031,1
50733.01590429,1,7974,100,3913791,-1
50733.664981151,3,7974,100,3913791,-1
50735.097313362,1,7975,100,3919285,-1
50736.240225533,3,7975,100,3919285,-1
50736.82208989,1,7976,100,3917199,1
50737.929905887,3,7976,100,3917199,1
50738.81523989,1,7977,100,3919066,-1
50740.066978295,1,7978,100,3914620,-1
50740.774884079,5,7977,100,3919066,-1
50742.160642112,1,7979,100,3910873,1
50742.945929809,1,7980,100,3914656,-1
50744.013303002,3,7980,100,3914656,-1
50745.063271196,3,7979,100,3910873,1
50746.419965961,4,7978,100,3914620,-1
50747.360271899,1,7981,100,3914631,-1
50748.229904572,3,7981,100,3914631,-1
50749.437390987,1,7982,100,3913614,-1
50750.941116346,1,7983,100,3911218,-1
50752.412238103,1,7984,100,3907319,-1
50753.802081756,3,7982,100,3913614,-1
50755.017847564,1,7985,100,3910903,-1
50756.422629441,4,7984,100,3907319,-1
50757.142510491,3,7985,100,3910903,-1
50758.583318673,3,7983,100,3911218,-1
50759.848742636,1,7986,100,3905648,-1
50760.433450608,3,7986,100,3905648,-1
50761.906051581,1,7987,100,3900171,1
50762.838777268,5,7987,100,3900171,1
50764.255663594,1,7988,100,3904067,-1
50765.60303181,4,7988,100,3904067,-1
50767.112131163,1,7989,100,3902681,1
50768.415029691,3,7989,100,3902681,1
50769.194009744,1,7990,100,3895827,-1
50769.975354755,5,7990,100,3895827,-1
50770.640517795,1,7991,100,3890721,1
50771.957573473,3,7991,100,3890721,1
50772.967161329,1,7992,100,3887014,-1
50773.714323985,1,7993,100,3881148,-1
50774.990220762,3,7992,100,3887014,-1
50776.300266346,1,7994,100,3886866,-1
50777.198825788,4,7994,100,3886866,-1
50778.58674771,4,7993,100,3881148,-1
50780.055796858,1,7995,100,3879733,1
50781.091485475,5,7995,100,3879733,1
50782.626627239,1,7996,100,3883477,1
50783.447031133,1,7997,100,3878821,-1
50784.721343953,5,7997,100,3878821,-1
50786.800402418,1,7998,100,3895984,-1
50787.845869667,3,7998,100,3895984,-1
50789.226157923,1,7999,100,3895793,-1
50790.413664759,1,8000,100,3899745,1
50791.216266331,4,7999,100,3895793,-1
50792.809739408,3,7996,100,3883477,1
50793.659357175,1,8001,100,3892855,-1
50794.353285227,1,8002,100,3888758,1
50795.078780827,1,8003,100,3894882,-1
50796.200589912,5,8001,100,3892855,-1
50797.697227087,1,8004,100,3884973,1
50799.233550938,4,8000,100,3899745,1
50800.381381745,1,8005,100,3898207,-1
50801.775294235,1,8006,100,3895672,-1
50803.045530296,4,8006,100,3895672,-1
50803.620864012,1,8007,100,3905330,-1
50804.714038221,3,8004,100,3884973,1
50805.276879062,1,8008,100,3903417,-1
50806.673489532,3,8005,100,3898207,-1
50809.539155628,1,8009,100,3901547,1
50810.318307359,3,8002,100,3888758,1
50811.505271732,3,8009,100,3901547,1
50812.13203836,1,8010,100,3903655,1
50813.586625916,3,8010,100,3903655,1
50814.175147189,3,8007,100,3905330,-1
50815.338476457,1,8011,100,3901445,1
50816.120813545,1,8012,100,3908899,-1
50817.517118201,4,8011,100,3901445,1
50820.285134851,4,8003,100,3894882,-1
50821.164482467,1,8013,100,3892513,-1
50822.295876919,3,8012,100,3908899,-1
50823.16144351,3,8008,100,3903417,-1
50825.073259264,1,8014,100,3891469,-1
50826.07212914,3,8013,100,3892513,-1
50827.179425426,5,8014,100,3891469,-1
50828.562576678,1,8015,100,3892250,-1
50829.839232032,5,8015,100,3892250,-1
50830.73176346,1,8016,100,3897380,1
50832.113144767,3,8016,100,3897380,1
50832.98688965,1,8017,100,3899332,-1
50833.896756465,1,8018,100,3886386,1
50834.875634819,5,8018,100,3886386,1
50835.56413013,5,8017,100,3899332,-1
50836.662204281,1,8019,100,3888151,-1
50837.296089745,4,8019,100,3888151,-1
50837.832955847,1,8020,100,3879871,-1
50839.355092403,4,8020,100,3879871,-1
50840.784282989,1,8021,100,3869643,-1
50841.481153446,3,8021,100,3869643,-1
50842.835379766,1,8022,100,3870817,-1
50844.09731257,3,8022,100,3870817,-1
50845.274717955,1,8023,100,3864717,1
50846.098830074,1,8024,100,3871505,-1
50847.620021528,3,8023,100,3864717,1
50848.891971089,3,8024,100,3871505,-1
50850.181557292,1,8025,100,3866949,-1
50851.399489834,4,8025,100,3866949,-1
50852.583065808,1,8026,100,3873611,-1
50853.126694181,1,8027,100,3871255,1
50853.964539261,1,8028,100,3880364,-1
50855.405356501,4,8026,100,3873611,-1
50856.448157063,5,8028,100,3880364,-1
50857.707216792,3,8027,100,3871255,1
50858.811381122,1,8029,100,3881668,-1
50860.117453564,1,8030,100,3877238,-1
50861.150284193,1,8031,100,3872627,1
50862.539482772,4,8030,100,3877238,-1
50863.055916326,3,8031,100,3872627,1
50864.095917795,3,8029,100,3881668,-1
50864.791465042,1,8032,100,3890180,1
50866.073952184,1,8033,100,3895124,1
50867.399456351,1,8034,100,3892799,-1
50868.776966586,1,8035,100,3889172,1
50869.840445813,3,8034,100,3892799,-1
50871.145135323,4,8032,100,3890180,1
50871.887552684,1,8036,100,3889104,-1
50873.187623071,3,8033,100,3895124,1
50874.81914052,5,8035,100,3889172,1
50876.212432949,1,8037,100,3871704,-1
50877.384495196,3,8036,100,3889104,-1
50878.435025883,5,8037,100,3871704,-1
50879.600655358,1,8038,100,3881715,-1
50881.038110484,1,8039,100,3872467,-1
50882.003576492,4,8039,100,3872467,-1
50883.488209683,4,8038,100,3881715,-1
50884.071464665,1,8040,100,3887653,1
50884.962002168,1,8041,100,3890325,-1
50885.681545014,3,8041,100,3890325,-1
50886.803626104,4,8040,100,3887653,1
50888.297539403,1,8042,100,3900593,-1
50889.223846265,1,8043,100,3899655,1
50890.440739617,3,8042,100,3900593,-1
50891.606115466,5,8043,100,3899655,1
50892.736839133,1,8044,100,3903833,-1
50893.306128953,3,8044,100,3903833,-1
50893.945191372,1,8045,100,3902098,-1
50895.346982316,1,8046,100,3901188,1
50896.837096268,3,8045,100,3902098,-1
50897.468389318,3,8046,100,3901188,1
50898.356270487,1,8047,100,3908002,-1
50899.005795847,1,8048,100,3902558,1
50899.999133406,3,8047,100,3908002,-1
50900.947368328,1,8049,100,3909409,-1
50902.906352405,1,8050,100,3908542,-1
50904.367235161,1,8051,100,3910216,1
50905.753362589,3,8049,100,3909409,-1
50906.585556261,5,8048,100,3902558,1
50908.09002425,1,8052,100,3904987,1
50910.200766794,3,8050,100,3908542,-1
50911.297277344,3,8051,100,3910216,1
50911.961886629,4,8052,100,3904987,1
50912.79847234,1,8053,100,3899535,1
50913.851099119,1,8054,100,3900671,-1
50914.738134486,5,8053,100,3899535,1
50915.712940477,1,8055,100,3900532,-1
50916.723750423,4,8055,100,3900532,-1
50917.245607806,5,8054,100,3900671,-1
50918.358863845,1,8056,100,3895425,1
50918.952738025,5,8056,100,3895425,1
50919.501514185,1,8057,200,3898883,1
50920.695232249,3,8057,200,3898883,1
50921.238666923,1,8058,100,3911123,-1
50922.305787668,5,8058,100,3911123,-1
50923.405606578,1,8059,100,3912013,1
50924.087450084,3,8059,100,3912013,1
50924.631545058,1,8060,100,3908932,1
50926.093380772,1,8061,100,3912728,1
50927.193310108,5,8060,100,3908932,1
50928.429036161,4,8061,100,3912728,1
50929.765437027,1,8062,100,3903966,1
50930.613747537,1,8063,100,3906533,1
50931.250106862,1,8064,100,3912543,-1
50932.670955102,1,8065,100,3904678,-1
50933.312566904,3,8062,100,3903966,1
50934.272044219,1,8066,100,3908051,-1
50935.037337167,3,8063,100,3906533,1
50936.468532103,3,8065,100,3904678,-1
50937.418622203,1,8067,100,3892665,1
50938.893937271,3,8066,100,3908051,-1
50941.589780216,3,8067,100,3892665,1
50942.747865276,4,8064,100,3912543,-1
50943.407015088,1,8068,100,3890906,1
50945.196478296,1,8069,100,3890803,-1
50946.129916099,5,8068,100,3890906,1
50947.397719537,1,8070,100,3898828,1
50948.790297077,1,8071,100,3899065,1
50949.322925753,1,8072,100,3901208,1
50950.014352043,3,8069,100,3890803,-1
50950.596529037,3,8071,100,3899065,1
50951.82563789,1,8073,100,3898866,-1
50952.661815849,3,8073,100,3898866,-1
50953.503668636,4,8070,100,3898828,1
50954.211658195,3,8072,100,3901208,1
50955.482269289,1,8074,100,3872752,1
50957.713425431,3,8074,100,3872752,1
50958.87858179,1,8075,100,3862646,1
50959.820158625,1,8076,100,3866168,-1
50960.377286954,1,8077,100,3864767,1
50961.578055292,1,8078,100,3868666,-1
50962.351824232,4,8078,100,3868666,-1
50963.138565187,3,8076,100,3866168,-1
50964.385632596,5,8077,100,3864767,1
50965.546629695,1,8079,100,3865697,1
50966.661660044,4,8079,100,3865697,1
50967.442903983,5,8075,100,3862646,1
50968.783811063,1,8080,100,3869688,1
50969.42272663,3,8080,100,3869688,1
50970.426195374,1,8081,100,3874313,-1
50971.340901344,5,8081,100,3874313,-1
50971.955040804,1,8082,100,3871471,-1
50973.244195348,1,8083,100,3868125,1
50973.925167609,1,8084,100,3862718,1
50975.167967632,3,8082,100,3871471,-1
50976.415698212,1,8085,100,3855356,1
50977.157721905,1,8086,100,3869940,-1
50978.517963795,1,8087,100,3858276,1
50979.028724914,4,8084,100,3862718,1
50981.071590892,3,8085,100,3855356,1
50981.616417164,1,8088,100,3871614,-1
50982.851629698,1,8089,100,3872158,-1
50983.465947464,1,8090,100,3864514,1
50984.18447131,1,8091,100,3869016,1
50984.980914296,3,8088,100,3871614,-1
50985.622201235,1,8092,100,3873327,1
50987.021173258,1,8093,100,3870795,-1
50990.756124569,3,8091,100,3869016,1
50991.785644241,5,8092,100,3873327,1
50992.581903992,1,8094,100,3865500,1
50993.465553308,3,8083,100,3868125,1
50994.585821686,1,8095,100,3856107,-1
50995.54619359,3,8089,100,3872158,-1
50996.117077508,3,8086,100,3869940,-1
50997.618455959,3,8090,100,3864514,1
50999.84967248,3,8093,100,3870795,-1
51000.498594997,1,8096,100,3841764,1
51002.42769204,1,8097,100,3849420,-1
51003.629834579,3,8096,100,3841764,1
51005.110112403,1,8098,100,3839165,-1
51006.265531076,3,8097,100,3849420,-1
51008.467482413,1,8099,100,3848907,-1
51009.859813169,3,8099,100,3848907,-1
51010.795670513,3,8094,100,3865500,1
51012.250082859,3,8098,100,3839165,-1
51013.747799767,1,8100,100,3845309,1
51015.014066811,3,8087,100,3858276,1
51015.726387486,4,8095,100,3856107,-1
51016.942626469,4,8100,100,3845309,1
51018.303499647,1,8101,100,3855357,-1
51019.534556888,4,8101,100,3855357,-1
51020.676623832,1,8102,100,3856039,-1
51022.112753318,1,8103,100,3858338,1
51023.609743341,3,8102,100,3856039,-1
51024.402707873,1,8104,100,3854215,1
51025.876233643,3,8104,100,3854215,1
51027.005103012,3,8103,100,3858338,1
51027.798034019,1,8105,100,3849369,-1
51029.147987925,1,8106,100,3856145,-1
51030.052127916,1,8107,100,3848469,1
51031.471259656,3,8107,100,3848469,1
51032.144582308,1,8108,100,3848412,-1
51032.997473368,1,8109,200,3855444,1
51033.61475158,1,8110,100,3859225,-1
51034.55647957,1,8111,100,3855459,1
51035.17310043,3,8105,100,3849369,-1
51035.927151236,2,8109,100,3855444,1
51037.284976529,1,8112,100,3855404,-1
51038.646858767,1,8113,100,3851226,-1
51039.715928443,3,8108,100,3848412,-1
51040.92830373,4,8113,100,3851226,-1
51042.000639658,4,8111,100,3855459,1
51042.709153977,4,8109,100,3855444,1
51044.05001017,1,8114,100,3847583,1
51044.820646332,1,8115,100,3849986,1
51045.681292411,1,8116,100,3848459,1
51046.40030847,1,8117,100,3846602,1
51046.986982394,3,8115,100,3849986,1
51048.105154566,1,8118,100,3848024,1
51049.050273704,1,8119,100,3846494,-1
51050.377708616,4,8117,100,3846602,1
51051.679003217,4,8114,100,3847583,1
51052.878481428,4,8116,100,3848459,1
51054.325733791,1,8120,200,3845731,-1
51054.924590765,4,8119,100,3846494,-1
51055.632237374,3,8106,100,3856145,-1
51056.773700592,3,8112,100,3855404,-1
51058.011137633,3,8110,100,3859225,-1
51058.619449207,4,8120,100,3845731,-1
51059.560827892,4,8118,100,3848024,1
51060.885645162,1,8121,100,3849326,-1
51061.57751104,3,8120,100,3845731,-1
51062.115666707,3,8121,100,3849326,-1
51063.267084727,1,8122,100,3869399,-1
51064.572544826,1,8123,100,3864857,-1
51065.52211197,4,8123,100,3864857,-1
51066.473699315,3,8122,100,3869399,-1
51067.477109032,1,8124,100,3872233,-1
51067.990742323,5,8124,100,3872233,-1
51069.139736422,1,8125,100,3865680,-1
51069.929545279,3,8125,100,3865680,-1
51070.490541128,1,8126,100,3855079,-1
51072.726408268,3,8126,100,3855079,-1
51073.292691331,1,8127,100,3853134,-1
51074.631416936,1,8128,100,3845977,1
51075.809227594,3,8127,100,3853134,-1
51076.507356393,1,8129,100,3846688,1
51077.150273515,4,8129,100,3846688,1
51078.062463334,3,8128,100,3845977,1
51078.737223098,1,8130,100,3846246,-1
51079.410948768,3,8130,100,3846246,-1
51080.474225248,1,8131,100,3837722,1
51081.551360832,1,8132,100,3834640,-1
51082.074165405,3,8132,100,3834640,-1
51083.459768403,3,8131,100,3837722,1
51084.084229661,1,8133,100,3834071,-1
51085.155777929,5,8133,100,3834071,-1
51086.152634259,1,8134,100,3830355,-1
51087.330644335,1,8135,100,3831154,-1
51088.332335032,1,8136,100,3835208,-1
51089.331984441,4,8134,100,3830355,-1
51090.539836868,4,8135,100,3831154,-1
51091.676015912,4,8136,100,3835208,-1
51092.960955114,1,8137,100,3837351,-1
51094.061853535,1,8138,100,3840303,1
51095.066282297,1,8139,100,3847570,1
51096.272953801,1,8140,100,3847470,-1
51097.050800239,3,8137,100,3837351,-1
51097.719690653,1,8141,100,3843153,1
51098.629896245,3,8139,100,3847570,1
51099.685319104,4,8140,100,3847470,-1
51100.195566394,1,8142,100,3837087,1
51100.986062471,1,8143,100,3839323,-1
51102.105973143,4,8138,100,3840303,1
51102.758269256,4,8141,100,3843153,1
51103.71265689,5,8143,100,3839323,-1
51104.697623542,3,8142,100,3837087,1
51105.461456209,1,8144,100,3847828,1
51106.035561208,1,8145,100,3858948,-1
51107.460342032,1,8146,100,3856222,1
51109.309486539,5,8145,100,3858948,-1
51110.408899813,3,8144,100,3847828,1
51111.825013074,1,8147,100,3860476,-1
51113.293183052,1,8148,100,3863683,-1
51113.807418233,1,8149,100,3860243,1
51114.864484385,3,8149,100,3860243,1
51115.872328942,3,8147,100,3860476,-1
51116.959168234,1,8150,100,3875553,-1
51118.0510575,3,8148,100,3863683,-1
51118.831523942,1,8151,100,3878136,-1
51120.646477062,3,8146,100,3856222,1
51121.985156577,1,8152,100,3879111,-1
51122.482384476,3,8152,100,3879111,-1
51123.089570153,1,8153,100,3876610,1
51123.944000032,1,8154,100,3882326,1
51124.740010662,1,8155,100,3883747,-1
51126.096133951,3,8153,100,3876610,1
51127.407404202,3,8154,100,3882326,1
51128.488572246,1,8156,100,3884622,1
51128.991401262,1,8157,100,3883769,1
51129.894086222,3,8155,100,3883747,-1
51130.842337894,1,8158,100,3882631,-1
51133.120321144,1,8159,100,3883078,1
51133.771962191,3,8157,100,3883769,1
51134.553504818,5,8150,100,3875553,-1
51135.925658189,1,8160,100,3879019,-1
51137.239522982,1,8161,100,3870052,1
51138.12011012,1,8162,100,3875334,1
51138.789400445,3,8156,100,3884622,1
51139.364953891,3,8151,100,3878136,-1
51140.290654016,1,8163,100,3865229,-1
51140.890160157,1,8164,100,3868556,1
51141.807783287,1,8165,100,3877138,1
51143.250925007,4,8159,100,3883078,1
51144.237999125,1,8166,100,3880800,-1
51144.946965719,1,8167,100,3878109,-1
51145.584500005,4,8165,100,3877138,1
51146.910059825,1,8168,100,3875778,1
51147.705201801,1,8169,100,3868487,1
51148.25575111,5,8168,100,3875778,1
51149.881286215,1,8170,100,3873898,-1
51150.940856315,1,8171,100,3882369,-1
51153.46587997,3,8158,100,3882631,-1
51154.112420201,5,8169,100,3868487,1
51155.41285135,3,8171,100,3882369,-1
51156.847916143,3,8160,100,3879019,-1
51157.610795513,1,8172,100,3884068,-1
51159.000156473,5,8167,100,3878109,-1
51160.145695854,3,8161,100,3870052,1
51160.964490788,1,8173,100,3897612,-1
51161.975433986,3,8162,100,3875334,1
51163.219941085,1,8174,100,3890019,-1
51164.29103285,3,8163,100,3865229,-1
51165.151370794,1,8175,100,3889045,-1
51166.926563574,3,8175,100,3889045,-1
51167.786932037,1,8176,100,3873498,1
51169.001586117,4,8170,100,3873898,-1
51169.994148594,3,8166,100,3880800,-1
51172.148093972,1,8177,100,3882854,-1
51172.882038548,4,8172,100,3884068,-1
51174.996135851,5,8176,100,3873498,1
51175.842579285,5,8164,100,3868556,1
51177.280100569,1,8178,100,3888545,1
51178.33805939,1,8179,100,3889376,1
51178.88369263,1,8180,100,3887246,-1
51180.609968206,1,8181,100,3878551,1
51182.725978238,1,8182,100,3884477,-1
51184.08894838,1,8183,100,3888333,-1
51184.876836565,3,8178,100,3888545,1
51186.171933849,1,8184,100,3880669,-1
51187.546697662,1,8185,100,3875968,1
51188.408801816,1,8186,100,3869876,-1
51189.753105074,1,8187,100,3876909,-1
51191.000181954,5,8185,100,3875968,1
51191.932672171,1,8188,100,3872498,1
51193.064043563,3,8179,100,3889376,1
51193.830839608,1,8189,100,3877564,-1
51194.375236486,3,8173,100,3897612,-1
51195.551769344,1,8190,100,3879682,1
51196.853580496,1,8191,100,3880414,-1
51197.605093892,3,8188,100,3872498,1
51198.913501538,4,8189,100,3877564,-1
51200.141442542,5,8182,100,3884477,-1
51200.758586637,1,8192,100,3879138,1
51201.988366142,1,8193,100,3878611,1
51203.741051252,4,8181,100,3878551,1
51205.089889029,1,8194,100,3887192,-1
51205.925174661,3,8191,100,3880414,-1
51207.248342875,3,8183,100,3888333,-1
51208.02074424,4,8193,100,3878611,1
51208.639688388,3,8177,100,3882854,-1
51209.921286925,3,8194,100,3887192,-1
51210.615039881,4,8186,100,3869876,-1
51211.458867216,5,8187,100,3876909,-1
51212.386845029,3,8192,100,3879138,1
51213.181533264,3,8174,100,3890019,-1
51213.716286147,4,8190,100,3879682,1
51215.956885878,1,8195,100,3876573,1
51218.224581974,1,8196,100,3873757,1
51219.357835598,3,8180,100,3887246,-1
51220.096385961,5,8184,100,3880669,-1
51220.812773488,1,8197,100,3871339,1
51222.008337062,1,8198,100,3876952,-1
51223.011430111,1,8199,100,3875567,-1
51224.011297066,3,8196,100,3873757,1
51225.263873279,1,8200,100,3869786,1
51225.978262583,3,8195,100,3876573,1
51226.966691535,3,8200,100,3869786,1
51228.364580847,4,8197,100,3871339,1
51229.28141478,1,8201,100,3866077,-1
51230.579597007,4,8201,100,3866077,-1
51231.250309463,4,8199,100,3875567,-1
51233.316610341,3,8198,100,3876952,-1
51234.300391158,1,8202,100,3861170,-1
51234.913970309,4,8202,100,3861170,-1
51235.978522789,1,8203,100,3866963,-1
51236.659535036,5,8203,100,3866963,-1
51237.421157134,1,8204,100,3864492,-1
51238.170881384,1,8205,100,3859256,-1
51240.368243433,1,8206,100,3871185,-1
51241.067099707,1,8207,100,3869413,1
51241.723030832,3,8206,100,3871185,-1
51242.491988307,4,8204,100,3864492,-1
51243.234113485,5,8205,100,3859256,-1
51244.043456252,4,8207,100,3869413,1
51245.261054918,1,8208,100,3873065,-1
51246.862261572,3,8208,100,3873065,-1
51248.061675715,1,8209,100,3866379,1
51249.166957499,1,8210,100,3874312,-1
51250.498275656,3,8209,100,3866379,1
51251.008229996,1,8211,100,3874849,-1
51251.90024701,1,8212,100,3874110,1
51253.785757408,3,8210,100,3874312,-1
51255.209032977,1,8213,100,3878033,-1
51255.81785178,1,8214,100,3879833,1
51257.718888215,1,8215,100,3878623,1
51258.917354019,4,8215,100,3878623,1
51260.31866661,5,8213,100,3878033,-1
51261.238241322,1,8216,100,3883506,1
51263.11362765,3,8214,100,3879833,1
51264.16369868,1,8217,100,3877997,-1
51264.809350176,1,8218,100,3875093,1
51265.926369208,4,8218,100,3875093,1
51268.143314479,1,8219,100,3878367,1
51268.75924089,3,8219,100,3878367,1
51269.894815564,1,8220,100,3879889,-1
51270.573033242,1,8221,100,3883032,-1
51271.176931614,1,8222,100,3892754,-1
51272.548160748,1,8223,100,3890155,-1
51273.148632382,1,8224,100,3890052,1
51273.951554489,1,8225,100,3894719,-1
51275.146652644,5,8223,100,3890155,-1
51276.421970412,3,8216,100,3883506,1
51277.31558333,3,8222,100,3892754,-1
51278.10134502,1,8226,100,3898583,1
51278.866899272,1,8227,100,3902452,-1
51280.197617885,1,8228,100,3895873,1
51281.878654547,5,8211,100,3874849,-1
51282.739802483,1,8229,100,3905913,-1
51284.191015737,1,8230,100,3904676,-1
51285.642578063,1,8231,200,3901871,-1
51286.89951073,1,8232,100,3902548,-1
51288.058762581,4,8221,100,3883032,-1
51289.337443509,3,8228,100,3895873,1
51289.936593756,3,8226,100,3898583,1
51291.124248499,3,8224,100,3890052,1
51292.122197988,3,8227,100,3902452,-1
51293.641797279,1,8233,100,3887948,1
51294.591734492,1,8234,100,3891388,-1
51295.653008913,3,8220,100,3879889,-1
51296.838666326,3,8217,100,3877997,-1
51297.887968984,4,8233,100,3887948,1
51298.575383935,1,8235,100,3888534,-1
51299.883554322,1,8236,100,3886586,1
51300.499834652,3,8225,100,3894719,-1
51301.623536692,1,8237,100,3879667,1
51302.224356161,3,8234,100,3891388,-1
51303.464068161,1,8238,100,3864558,1
51304.63626159,3,8229,100,3905913,-1
51305.41836551,4,8236,100,3886586,1
51306.678008097,3,8230,100,3904676,-1
51307.831799938,2,8231,100,3901871,-1
51309.716268322,3,8212,100,3874110,1
51310.86362803,1,8239,100,3875980,-1
51313.703753393,4,8239,100,3875980,-1
51314.782957461,1,8240,100,3875572,1
51315.88035589,1,8241,100,3875380,1
51317.306291822,4,8237,100,3879667,1
51318.543245087,3,8238,100,3864558,1
51320.72999703,4,8241,100,3875380,1
51321.698983013,3,8240,100,3875572,1
51322.607309907,3,8231,100,3901871,-1
51323.77097763,1,8242,100,3865526,1
51324.81832888,3,8242,100,3865526,1
51327.12909328,3,8232,100,3902548,-1
51328.090510594,1,8243,100,3862520,1
51328.809085179,4,8235,100,3888534,-1
51329.526702614,1,8244,100,3855159,1
51330.068424038,4,8243,100,3862520,1
51331.502775387,1,8245,100,3863267,-1
51332.222325596,1,8246,100,3859738,-1
51333.616823603,1,8247,100,3849534,1
51334.697529751,1,8248,100,3847445,-1
51335.620668195,5,8245,100,3863267,-1
51336.260946942,3,8247,100,3849534,1
51338.014743354,1,8249,100,3855566,1
51338.59031405,3,8249,100,3855566,1
51339.46883529,1,8250,100,3859248,1
51340.585458658,4,8250,100,3859248,1
51341.105931527,1,8251,100,3856499,1
51342.420650219,1,8252,100,3860175,-1
51344.611719115,1,8253,100,3854710,1
51345.130766319,4,8246,100,3859738,-1
51346.083643292,4,8248,100,3847445,-1
51347.334418322,4,8251,100,3856499,1
51348.251394813,1,8254,100,3856671,1
51348.87354498,4,8254,100,3856671,1
51349.45560181,4,8244,100,3855159,1
51350.552453189,1,8255,100,3843503,1
51351.477489409,1,8256,100,3845349,1
51352.58383972,3,8253,100,3854710,1
51353.239991598,3,8256,100,3845349,1
51353.954782787,1,8257,100,3856118,-1
51355.368949785,4,8257,100,3856118,-1
51355.937157617,1,8258,100,3860988,-1
51356.876542646,1,8259,100,3855423,1
51358.081950062,3,8258,100,3860988,-1
51358.914685155,3,8255,100,3843503,1
51360.070907373,3,8252,100,3860175,-1
51362.50591519,3,8259,100,3855423,1
51363.6611767,1,8260,100,3848679,-1
51365.027664961,4,8260,100,3848679,-1
51365.968190596,1,8261,100,3846369,-1
51366.772622165,1,8262,100,3851479,-1
51368.129635437,1,8263,100,3848730,1
51369.564796401,3,8262,100,3851479,-1
51370.19527191,1,8264,100,3852276,1
51370.690454054,3,8263,100,3848730,1
51371.633066437,4,8264,100,3852276,1
51373.055211796,1,8265,100,3849057,-1
51373.784656846,5,8265,100,3849057,-1
51374.862875287,1,8266,100,3843161,1
51375.810614636,3,8266,100,3843161,1
51377.211820194,1,8267,100,3844055,-1
51377.926602501,3,8267,100,3844055,-1
51378.775853598,3,8261,100,3846369,-1
51379.793473106,1,8268,100,3850562,1
51380.58179959,3,8268,100,3850562,1
51381.501523446,1,8269,100,3849425,1
51382.863441119,4,8269,100,3849425,1
51383.880699124,1,8270,100,3851640,1
51384.539425566,1,8271,100,3852263,1
51385.559793741,3,8270,100,3851640,1
51386.17685614,3,8271,100,3852263,1
51387.373133504,1,8272,100,3857372,1
51388.164418105,1,8273,100,3849286,1
51388.878833337,1,8274,100,3852210,-1
51389.620623235,1,8275,100,3847940,-1
51390.584653288,3,8273,100,3849286,1
51391.91571683,3,8272,100,3857372,1
51393.296280772,1,8276,100,3850998,-1
51393.84364113,1,8277,100,3849110,1
51394.876076709,1,8278,100,3848809,-1
51395.901817324,1,8279,100,3853456,-1
51396.537572887,1,8280,100,3860442,-1
51397.192618087,1,8281,100,3855765,-1
51397.772502409,1,8282,100,3856832,-1
51398.859952063,1,8283,100,3848743,-1
51399.862174912,4,8277,100,3849110,1
51400.914669117,3,8280,100,3860442,-1
51401.667256993,1,8284,100,3843438,1
51402.838741333,3,8282,100,3856832,-1
51403.872797693,3,8276,100,3850998,-1
51404.440698428,5,8284,100,3843438,1
51405.243308292,5,8278,100,3848809,-1
51405.967995991,1,8285,100,3838408,-1
51407.220945545,1,8286,100,3844215,-1
51408.323933081,1,8287,100,3839253,1
51409.493248543,3,8274,100,3852210,-1
51410.200876532,1,8288,100,3837104,1
51410.830145419,1,8289,100,3839670,-1
51411.414692836,3,8283,100,3848743,-1
51412.056698625,3,8285,100,3838408,-1
51412.538314248,3,8288,100,3837104,1
51413.854365926,5,8287,100,3839253,1
51414.465377914,1,8290,100,3833719,-1
51415.541202934,3,8289,100,3839670,-1
51416.240044007,1,8291,100,3835485,-1
51418.552975633,3,8291,100,3835485,-1
51419.648791286,3,8275,100,3847940,-1
51421.389941382,3,8281,100,3855765,-1
51421.952370274,1,8292,100,3845062,1
51422.88225772,1,8293,100,3850242,1
51423.756439118,1,8294,100,3834650,1
51425.183563803,3,8293,100,3850242,1
51426.434101945,1,8295,100,3838618,1
51427.75894963,3,8290,100,3833719,-1
51429.141835433,1,8296,100,3840461,1
51430.016184601,3,8279,100,3853456,-1
51431.26827686,3,8286,100,3844215,-1
51431.857741166,1,8297,100,3846661,-1
51432.851435267,3,8294,100,3834650,1
51433.982710535,1,8298,100,3850981,1
51435.272274391,1,8299,100,3845110,1
51435.78173934,1,8300,100,3849791,1
51436.477418217,3,8300,100,3849791,1
51438.074766244,1,8301,100,3862729,-1
51439.476234987,1,8302,100,3854256,-1
51440.772516893,3,8302,100,3854256,-1
51441.253349308,3,8301,100,3862729,-1
51442.495920066,4,8298,100,3850981,1
51443.93029434,3,8297,100,3846661,-1
51444.65119691,3,8299,100,3845110,1
51445.920903215,1,8303,500,3847784,1
51446.526563059,5,8296,100,3840461,1
51448.09115759,1,8304,100,3845321,-1
51449.430909908,3,8304,100,3845321,-1
51450.762131278,1,8305,100,3846302,1
51451.637230118,4,8295,100,3838618,1
51453.120856725,3,8303,500,3847784,1
51455.565173554,3,8305,100,3846302,1
51456.529929887,5,8292,100,3845062,1
51457.504078976,1,8306,100,3856232,1
51458.097812461,5,8306,100,3856232,1
51459.232643907,1,8307,100,3852079,1
51460.537228782,3,8307,100,3852079,1
51461.47448042,1,8308,100,3859211,1
51462.796670727,4,8308,100,3859211,1
51463.443083184,1,8309,100,3860530,1
51464.280930434,1,8310,100,3863643,1
51464.989950035,1,8311,100,3857366,1
51466.028406139,1,8312,100,3857422,1
51466.635652223,5,8309,100,3860530,1
51467.302729035,1,8313,100,3865869,-1
51468.20937926,4,8310,100,3863643,1
51469.549587811,3,8313,100,3865869,-1
51470.926983432,4,8312,100,3857422,1
51471.98833754,4,8311,100,3857366,1
51472.724278566,1,8314,100,3846121,-1
51474.045356718,1,8315,100,3842164,1
51476.207097527,5,8315,100,3842164,1
51477.493750711,4,8314,100,3846121,-1
51478.203081097,1,8316,100,3844221,1
51478.96414407,3,8316,100,3844221,1
51480.314060621,1,8317,100,3856841,1
51481.337064473,1,8318,100,3863282,-1
51481.95565316,1,8319,100,3850764,1
51482.716023731,3,8319,100,3850764,1
51483.600431822,1,8320,100,3846969,1
51484.100524718,4,8317,100,3856841,1
51485.312123009,5,8320,100,3846969,1
51486.247367322,1,8321,100,3850791,-1
51487.489913305,1,8322,100,3844881,1
51488.815556623,1,8323,100,3852281,1
51490.099939812,3,8323,100,3852281,1
51491.327794475,3,8321,100,3850791,-1
51491.815132833,3,8318,100,3863282,-1
51493.215884396,1,8324,100,3848906,-1
51493.946077287,1,8325,100,3843793,-1
51494.669177238,4,8322,100,3844881,1
51496.042144851,1,8326,100,3847993,-1
51497.270455232,1,8327,100,3843979,1
51498.448020501,3,8325,100,3843793,-1
51499.762468824,1,8328,100,3842964,-1
51500.881345347,5,8327,100,3843979,1
51501.403411836,3,8324,100,3848906,-1
51502.198289763,1,8329,100,3834673,1
51503.473110851,5,8326,100,3847993,-1
51504.336771621,3,8328,100,3842964,-1
51505.155484698,3,8329,100,3834673,1
51506.395176711,1,8330,100,3830881,1
51507.025118358,3,8330,100,3830881,1
51508.266250254,1,8331,100,3833424,-1
51509.07915923,3,8331,100,3833424,-1
51509.978145947,1,8332,100,3846868,-1
51510.480504176,1,8333,100,3851921,-1
51511.622085232,1,8334,100,3852558,-1
51512.115433113,1,8335,100,3844025,1
51512.772124908,1,8336,100,3849147,1
51513.712249352,1,8337,100,3848926,1
51514.865471523,1,8338,100,3854220,-1
51515.65509213,5,8335,100,3844025,1
51519.9300027,1,8339,100,3861770,1
51520.596944454,4,8332,100,3846868,-1
51521.300063578,1,8340,100,3872482,-1
51522.670017868,4,8338,100,3854220,-1
51523.26436112,3,8337,100,3848926,1
51524.375862354,1,8341,100,3873233,1
51525.658404422,1,8342,100,3879004,-1
51527.652227253,3,8341,100,3873233,1
51528.546210246,4,8342,100,3879004,-1
51529.946296543,3,8340,100,3872482,-1
51530.456422999,4,8333,100,3851921,-1
51531.469407598,4,8334,100,3852558,-1
51532.682283357,3,8339,100,3861770,1
51534.007187396,3,8336,100,3849147,1
51535.318513295,1,8343,100,3884896,-1
51536.680100953,3,8343,100,3884896,-1
51537.521813684,1,8344,100,3887434,-1
51538.439157095,1,8345,100,3893444,-1
51540.247635008,4,8345,100,3893444,-1
51541.026291774,1,8346,100,3890333,1
51541.877782158,3,8346,100,3890333,1
51542.911222246,1,8347,100,3883062,1
51543.953602188,1,8348,100,3886856,1
51545.24985721,1,8349,100,3883950,1
51546.359798877,4,8348,100,3886856,1
51547.055523362,1,8350,100,3876791,1
51547.596570867,1,8351,100,3876287,1
51548.641362652,3,8344,100,3887434,-1
51549.603527048,1,8352,100,3892795,1
51550.446906757,3,8347,100,3883062,1
51551.583568583,4,8352,100,3892795,1
51552.664111488,1,8353,100,3885222,1
51553.568028313,1,8354,100,3894608,-1
51554.356069647,1,8355,100,3889911,-1
51554.838217456,3,8350,100,3876791,1
51555.987378504,4,8349,100,3883950,1
51556.535247222,1,8356,100,3888847,-1
51557.103058325,3,8353,100,3885222,1
51558.514526357,3,8356,100,3888847,-1
51560.1566372,4,8355,100,3889911,-1
51561.037620344,1,8357,100,3882223,1
51561.838536367,1,8358,100,3886568,-1
51562.558739284,1,8359,100,3884648,1
51564.889442392,3,8357,100,3882223,1
51565.695448355,1,8360,100,3881798,1
51566.881756061,4,8359,100,3884648,1
51568.620318115,1,8361,100,3886826,-1
51569.98257765,1,8362,100,3884628,1
51570.967404779,4,8361,100,3886826,-1
51571.81165282,1,8363,100,3885067,1
51572.925067201,4,8363,100,3885067,1
51574.078739042,1,8364,100,3876648,1
51574.707680531,4,8364,100,3876648,1
51575.376572444,1,8365,100,3872260,1
51576.766483364,4,8362,100,3884628,1
51577.328521359,1,8366,100,3880873,-1
51577.864579924,5,8351,100,3876287,1
51578.827194763,1,8367,100,3879854,-1
51579.356800909,1,8368,100,3880942,-1
51580.580009614,3,8367,100,3879854,-1
51582.167204126,4,8360,100,3881798,1
51582.799804708,3,8366,100,3880873,-1
51583.744385076,1,8369,100,3873018,1
51584.336129405,1,8370,100,3871822,1
51585.128382277,3,8369,100,3873018,1
51585.660305309,1,8371,100,3880294,1
51586.46078743,1,8372,100,3876054,1
51587.442217584,3,8370,100,3871822,1
51588.59106149,1,8373,100,3865738,-1
51589.653577552,4,8373,100,3865738,-1
51590.90033251,1,8374,100,3871147,-1
51592.114386531,5,8354,100,3894608,-1
51593.983791409,1,8375,100,3863183,1
51595.349587246,3,8358,100,3886568,-1
51597.825215813,1,8376,100,3869203,-1
51598.40295577,1,8377,100,3874676,1
51599.423794242,3,8372,100,3876054,1
51600.677220067,1,8378,100,3860471,1
51601.602771271,1,8379,100,3861644,-1
51602.847844263,1,8380,100,3855539,1
51604.71058685,3,8368,100,3880942,-1
51605.196011162,3,8379,100,3861644,-1
51607.542880368,3,8377,100,3874676,1
51608.211977537,1,8381,100,3858318,1
51609.559072112,1,8382,100,3865715,-1
51610.281124924,3,8380,100,3855539,1
51610.805615843,4,8371,100,3880294,1
51612.058017601,1,8383,100,3855156,1
51612.941036857,1,8384,100,3852730,1
51613.432763495,1,8385,100,3848208,1
51614.402614329,1,8386,100,3849639,-1
51615.726406326,5,8375,100,3863183,1
51618.913908338,3,8385,100,3848208,1
51620.704326206,1,8387,100,3839408,1
51622.061573205,4,8378,100,3860471,1
51622.834542008,3,8374,100,3871147,-1
51624.001009965,1,8388,100,3836147,-1
51624.541055422,1,8389,100,3836385,1
51625.551443232,1,8390,100,3831047,1
51626.950835646,1,8391,100,3835781,1
51627.70976831,1,8392,100,3840278,1
51628.585038887,1,8393,100,3841744,1
51629.966365987,3,8390,100,3831047,1
51630.544755342,4,8384,100,3852730,1
51631.206295621,1,8394,100,3859569,-1
51632.111963311,1,8395,100,3855940,1
51633.417878667,1,8396,100,3860997,-1
51634.401808698,5,8393,100,3841744,1
51635.130556474,3,8387,100,3839408,1
51637.361723436,5,8381,100,3858318,1
51638.153667763,1,8397,100,3861612,1
51638.632905381,1,8398,100,3867017,-1
51639.165473455,1,8399,100,3860757,-1
51640.126507363,1,8400,100,3861682,1
51641.432023457,3,8365,100,3872260,1
51642.587962137,3,8391,100,3835781,1
51643.106596309,4,8388,100,3836147,-1
51644.223997691,1,8401,100,3865196,-1
51644.829462013,3,8386,100,3849639,-1
51645.736931747,3,8392,100,3840278,1
51646.55063099,1,8402,100,3866921,-1
51647.337086066,3,8400,100,3861682,1
51648.514657018,5,8394,100,3859569,-1
51649.897254542,1,8403,100,3876400,-1
51650.964619844,4,8401,100,3865196,-1
51653.224270468,1,8404,100,3880681,-1
51654.247594299,4,8403,100,3876400,-1
51656.263359495,3,8383,100,3855156,1
51657.194289125,1,8405,100,3876306,1
51657.704048365,3,8404,100,3880681,-1
51658.902177103,3,8399,100,3860757,-1
51661.203645948,1,8406,100,3876742,1
51661.731111928,3,8402,100,3866921,-1
51662.841685492,1,8407,100,3875399,1
51665.484427629,3,8397,100,3861612,1
51666.330365811,1,8408,100,3876750,1
51667.667469315,3,8405,100,3876306,1
51668.901875097,3,8382,100,3865715,-1
51669.799125477,3,8407,100,3875399,1
51671.038831068,1,8409,100,3876108,1
51671.937078603,3,8398,100,3867017,-1
51673.212497098,4,8396,100,3860997,-1
51674.28421091,1,8410,100,3884260,-1
51675.058564067,1,8411,100,3888798,-1
51675.597311387,1,8412,100,3890401,-1
51676.604097225,1,8413,100,3888564,-1
51677.98387282,4,8376,100,3869203,-1
51679.206984115,4,8410,100,3884260,-1
51680.471649444,5,8412,100,3890401,-1
51680.986668282,1,8414,100,3894812,1
51681.647168826,3,8406,100,3876742,1
51682.182182204,4,8413,100,3888564,-1
51683.075031383,3,8411,100,3888798,-1
51685.525327971,5,8414,100,3894812,1
51686.119505492,4,8395,100,3855940,1
51686.886118179,1,8415,100,3885510,1
51687.817554303,5,8409,100,3876108,1
51689.054332973,5,8415,100,3885510,1
51689.813959965,1,8416,100,3881919,1
51690.610187146,1,8417,100,3889244,-1
51691.899238511,4,8417,100,3889244,-1
51692.568908582,5,8389,100,3836385,1
51693.535491365,1,8418,100,3873422,1
51694.613384864,1,8419,100,3872129,1
51695.831174797,3,8418,100,3873422,1
51698.199344875,5,8419,100,3872129,1
51699.416872867,1,8420,100,3881346,-1
51700.755777289,1,8421,100,3877818,-1
51701.789208735,3,8408,100,3876750,1
51702.798767591,5,8416,100,3881919,1
51703.7724839,3,8420,100,3881346,-1
51704.928247623,1,8422,100,3876938,1
51705.818103898,5,8421,100,3877818,-1
51706.624174575,3,8422,100,3876938,1
51707.999711118,1,8423,100,3884898,-1
51708.959026968,3,8423,100,3884898,-1
51709.468277932,1,8424,100,3892146,-1
51710.46312177,3,8424,100,3892146,-1
51711.225277982,1,8425,100,3896867,-1
51712.294916774,1,8426,100,3900261,-1
51712.973555185,4,8425,100,3896867,-1
51713.449854467,1,8427,100,3897844,1
51714.486833303,3,8426,100,3900261,-1
51715.756139664,1,8428,100,3902643,1
51716.756793078,4,8428,100,3902643,1
51717.422112304,5,8427,100,3897844,1
51718.206023041,1,8429,100,3905256,-1
51718.771391808,1,8430,100,3909877,-1
51719.611559828,5,8430,100,3909877,-1
51720.6559178,3,8429,100,3905256,-1
51721.40587224,1,8431,100,3903916,-1
51722.7801408,3,8431,100,3903916,-1
51723.255843322,1,8432,100,3904341,-1
51724.45348387,4,8432,100,3904341,-1
51725.469957768,1,8433,100,3902495,1
51726.274622196,1,8434,100,3894597,1
51727.063917231,1,8435,100,3904153,-1
51727.55152998,4,8433,100,3902495,1
51729.406379799,1,8436,100,3898409,1
51730.542711011,5,8436,100,3898409,1
51732.193125152,1,8437,100,3905921,1
51733.453918549,1,8438,100,3906526,-1
51734.837263232,1,8439,100,3900719,1
51735.529117068,3,8435,100,3904153,-1
51736.749458173,5,8437,100,3905921,1
51738.121287688,3,8438,100,3906526,-1
51739.489883407,4,8439,100,3900719,1
51740.702630726,3,8434,100,3894597,1
51741.403864347,1,8440,100,3890439,-1
51743.456192571,1,8441,100,3889503,1
51744.815112343,1,8442,100,3880165,1
51745.981485638,5,8441,100,3889503,1
51746.964116147,1,8443,100,3888062,1
51748.229534606,1,8444,100,3886029,-1
51749.010671728,1,8445,100,3886430,-1
51750.04500169,3,8444,100,3886029,-1
51751.36923989,3,8443,100,3888062,1
51752.695101849,3,8442,100,3880165,1
51753.790048005,3,8440,100,3890439,-1
51754.678662555,3,8445,100,3886430,-1
51755.80935621,1,8446,100,3877175,-1
51756.65567433,5,8446,100,3877175,-1
51757.274729554,1,8447,100,3873399,1
51758.637926662,1,8448,100,3866627,1
51759.696875883,3,8448,100,3866627,1
51760.528962807,3,8447,100,3873399,1
51761.539714035,1,8449,100,3868976,-1
51762.436271125,1,8450,100,3866741,-1
51763.657129559,4,8450,100,3866741,-1
51764.305386359,3,8449,100,3868976,-1
51765.515202688,1,8451,100,3868360,-1
51766.746511142,1,8452,100,3868964,1
51767.807371514,3,8452,100,3868964,1
51768.400541566,4,8451,100,3868360,-1
51769.069855481,1,8453,100,3881258,1
51769.98233201,4,8453,100,3881258,1
51770.740909919,1,8454,100,3888817,-1
51772.056959029,4,8454,100,3888817,-1
51773.22270105,1,8455,100,3884454,1
51774.823452817,5,8455,100,3884454,1
51775.824615303,1,8456,100,3888254,-1
51776.696845608,3,8456,100,3888254,-1
51777.21414875,1,8457,100,3871509,-1
51777.991144488,1,8458,100,3867674,-1
51779.21688968,3,8458,100,3867674,-1
51780.205531937,1,8459,100,3854049,1
51781.133982414,1,8460,100,3852434,1
51782.041069291,4,8459,100,3854049,1
51782.710544051,1,8461,100,3844243,-1
51783.896966495,4,8460,100,3852434,1
51784.922467019,1,8462,100,3847942,-1
51786.20608802,1,8463,100,3842547,1
51786.723688945,3,8462,100,3847942,-1
51787.226306728,1,8464,100,3851143,-1
51788.017579977,3,8464,100,3851143,-1
51789.106038477,1,8465,100,3850129,-1
51789.896096588,3,8461,100,3844243,-1
51790.955020945,1,8466,100,3845101,-1
51791.966731964,5,8457,100,3871509,-1
51793.261939868,5,8466,100,3845101,-1
51794.619096807,1,8467,100,3835347,1
51795.200092888,3,8467,100,3835347,1
51795.986467352,1,8468,100,3831145,1
51797.839897209,1,8469,100,3823911,1
51798.545692083,1,8470,100,3833032,1
51799.147028198,4,8463,100,3842547,1
51800.366643509,1,8471,100,3829974,-1
51800.913488022,3,8471,100,3829974,-1
51802.17070079,1,8472,100,3842279,-1
51802.821135676,3,8472,100,3842279,-1
51803.643840431,3,8468,100,3831145,1
51805.24460921,1,8473,100,3840492,-1
51806.439774009,1,8474,100,3838998,-1
51807.53916491,1,8475,100,3839100,1
51808.022143931,5,8470,100,3833032,1
51811.614153836,3,8465,100,3850129,-1
51813.916541911,3,8473,100,3840492,-1
51814.541429254,1,8476,100,3829334,-1
51815.113479797,4,8475,100,3839100,1
51815.706834601,1,8477,100,3832152,1
51816.810122178,3,8476,100,3829334,-1
51817.390615557,1,8478,100,3832546,1
51818.694665996,1,8479,100,3833568,-1
51819.914015964,3,8479,100,3833568,-1
51820.738438381,1,8480,100,3826718,1
51822.882604144,1,8481,100,3828313,-1
51823.381399016,1,8482,100,3829179,-1
51827.137029368,3,8478,100,3832546,1
51828.271528314,5,8482,100,3829179,-1
51828.920282039,1,8483,100,3829835,1
51829.697504815,1,8484,100,3833217,1
51830.259492716,3,8484,100,3833217,1
51830.993505363,1,8485,100,3833188,1
51832.352539769,1,8486,100,3834512,1
51833.391975396,4,8485,100,3833188,1
51834.343953989,1,8487,100,3835446,1
51835.321810667,1,8488,100,3834205,-1
51836.385006609,3,8486,100,3834512,1
51836.903536654,3,8477,100,3832152,1
51837.506688078,1,8489,100,3819274,-1
51838.660956037,3,8469,100,3823911,1
51839.713049307,3,8483,100,3829835,1
51840.413407738,5,8488,100,3834205,-1
51841.654829213,1,8490,100,3823109,1
51842.398873204,1,8491,100,3819785,-1
51843.59104852,3,8489,100,3819274,-1
51845.746789472,3,8480,100,3826718,1
51846.33160395,3,8490,100,3823109,1
51847.217919913,4,8487,100,3835446,1
51847.724134937,4,8481,100,3828313,-1
51850.89097399,3,8474,100,3838998,-1
51852.006779174,1,8492,100,3796962,1
51853.116233172,1,8493,100,3795856,1
51853.805673331,3,8492,100,3796962,1
51854.791531379,1,8494,100,3801567,1
51856.072578991,1,8495,100,3813070,-1
51857.052233129,3,8494,100,3801567,1
51858.253238376,1,8496,100,3818267,-1
51859.144059565,3,8496,100,3818267,-1
51860.05421673,4,8493,100,3795856,1
51860.563546495,3,8491,100,3819785,-1
51861.087991015,1,8497,100,3806258,1
51862.424936307,3,8495,100,3813070,-1
51863.537753361,4,8497,100,3806258,1
51864.025828558,1,8498,100,3802190,1
51864.929457691,4,8498,100,3802190,1
51866.275750751,1,8499,100,3808512,-1
51867.273337019,1,8500,100,3812562,-1
51868.57171099,4,8500,100,3812562,-1
51869.437935858,1,8501,100,3812334,1
51869.912370436,1,8502,100,3812738,-1
51871.265205718,1,8503,100,3819430,-1
51872.119763647,3,8502,100,3812738,-1
51872.582184665,1,8504,100,3821670,1
51873.162101674,4,8503,100,3819430,-1
51876.286594299,1,8505,100,3818122,1
51877.149073255,5,8499,100,3808512,-1
51877.977700166,1,8506,100,3819405,1
51878.63625787,5,8501,100,3812334,1
51879.189011509,3,8505,100,3818122,1
51879.681494306,3,8504,100,3821670,1
51880.549380343,4,8506,100,3819405,1
51881.725046491,1,8507,100,3832925,1
51882.872319913,1,8508,100,3829287,1
51883.451452656,3,8508,100,3829287,1
51884.745180772,3,8507,100,3832925,1
51885.432001913,1,8509,100,3822854,1
51886.37905086,3,8509,100,3822854,1
51887.149823518,1,8510,100,3826151,1
51888.101781138,5,8510,100,3826151,1
51889.267054261,1,8511,100,3829798,1
51889.984770838,1,8512,100,3841911,-1
51892.017785758,1,8513,100,3835378,1
51892.564019631,1,8514,100,3834661,1
51893.871433525,3,8511,100,3829798,1
51894.545909818,1,8515,100,3834119,-1
51895.43366633,1,8516,100,3826546,1
51896.299600807,1,8517,100,3826396,1
51897.581225366,1,8518,100,3825723,1
51898.646522229,3,8513,100,3835378,1
51899.470142991,1,8519,100,3830141,-1
51901.586046485,1,8520,100,3834623,-1
51902.572655083,1,8521,100,3830584,1
51903.59423435,4,8514,100,3834661,1
51904.646331539,3,8517,100,3826396,1
51905.157194235,4,8519,100,3830141,-1
51906.48400737,5,8512,100,3841911,-1
51907.097929544,1,8522,100,3830958,-1
51908.113287894,1,8523,100,3836347,-1
51909.336160108,1,8524,100,3834468,1
51910.554309423,1,8525,100,3842232,-1
51911.751691777,1,8526,100,3833947,1
51912.34166233,1,8527,100,3839053,1
51913.326562028,5,8524,100,3834468,1
51914.947399348,1,8528,100,3838862,-1
51916.25620477,1,8529,100,3836383,-1
51917.296158103,1,8530,100,3831423,-1
51918.496546549,4,8526,100,3833947,1
51919.974527276,3,8522,100,3830958,-1
51921.156307047,1,8531,100,3841610,-1
51923.031479296,1,8532,100,3842820,1
51924.077566644,4,8527,100,3839053,1
51925.183599018,4,8520,100,3834623,-1
51926.625346659,5,8531,100,3841610,-1
51927.648697534,3,8529,100,3836383,-1
51928.224389293,1,8533,100,3835916,1
51929.091118139,3,8530,100,3831423,-1
51929.906042453,1,8534,100,3835136,1
51931.10759479,3,8521,100,3830584,1
51931.72912365,3,8516,100,3826546,1
51933.033813667,3,8533,100,3835916,1
51933.580396573,4,8532,100,3842820,1
51934.235831606,1,8535,100,3831355,1
51935.399801564,1,8536,100,3831454,1
51936.014801631,3,8528,100,3838862,-1
51936.596112116,4,8534,100,3835136,1
51938.384234245,1,8537,100,3841263,1
51939.325080584,1,8538,100,3849756,-1
51940.394221543,3,8518,100,3825723,1
51941.556551145,4,8523,100,3836347,-1
51942.790951055,3,8535,100,3831355,1
51943.934709441,1,8539,100,3848340,1
51945.706176622,1,8540,100,3850776,1
51947.087144313,1,8541,100,3844942,1
51948.33915958,4,8515,100,3834119,-1
51949.65422986,3,8525,100,3842232,-1
51950.311396494,4,8538,100,3849756,-1
51951.476405747,1,8542,200,3844318,1
51952.458292413,4,8541,100,3844942,1
51953.785999743,1,8543,100,3837105,-1
51954.717968163,4,8540,100,3850776,1
51955.812758973,1,8544,100,3824694,1
51957.490174673,1,8545,100,3840543,-1
51958.373367093,5,8543,100,3837105,-1
51959.5399388,1,8546,100,3839359,-1
51960.652044779,1,8547,100,3831038,1
51961.508754975,4,8542,200,3844318,1
51962.33798553,1,8548,100,3833217,1
51963.688847995,1,8549,100,3829006,-1
51964.516001295,1,8550,100,3825947,1
51965.578140566,1,8551,100,3828021,-1
51966.54456111,1,8552,100,3821430,1
51967.155216639,3,8539,100,3848340,1
51967.609467161,5,8544,100,3824694,1
51968.102164387,1,8553,100,3812559,1
51968.721196225,1,8554,100,3812487,-1
51969.995524836,1,8555,100,3810642,-1
51970.820409871,3,8550,100,3825947,1
51972.156616991,5,8549,100,3829006,-1
51973.502083526,1,8556,100,3801600,-1
51974.310549078,1,8557,100,3795988,1
51974.9587396,1,8558,100,3793821,1
51975.570853791,1,8559,100,3794103,1
51977.505204407,4,8548,100,3833217,1
51978.021169947,4,8552,100,3821430,1
51979.340636753,1,8560,100,3803292,1
51980.282282559,1,8561,100,3801408,-1
51980.823945137,3,8547,100,3831038,1
51981.964623063,3,8557,100,3795988,1
51983.264322869,3,8559,100,3794103,1
51983.960025797,3,8554,100,3812487,-1
51985.222598001,5,8536,100,3831454,1
51986.147330782,1,8562,100,3790516,1
51987.793233957,4,8560,100,3803292,1
51988.489992587,3,8551,100,3828021,-1
51989.739504487,3,8545,100,3840543,-1
51990.731694854,5,8558,100,3793821,1
51991.461216714,3,8546,100,3839359,-1
51992.136405587,4,8537,100,3841263,1
51993.480188669,1,8563,100,3808138,1
51993.932600828,3,8561,100,3801408,-1
51995.204565563,3,8563,100,3808138,1
51996.531784942,3,8555,100,3810642,-1
51998.815415404,1,8564,100,3799702,1
51999.395019814,1,8565,100,3797030,1
52000.438103708,3,8564,100,3799702,1
52001.739458267,1,8566,100,3806561,1
52002.446882717,3,8553,100,3812559,1
52003.128935509,3,8565,100,3797030,1
52003.700388797,3,8562,100,3790516,1
52004.27034929,3,8556,100,3801600,-1
52005.138364258,3,8566,100,3806561,1
52006.362213487,1,8567,100,3790308,1
52006.958264928,4,8567,100,3790308,1
52008.068948731,1,8568,100,3796727,1
52008.625377411,3,8568,100,3796727,1
52009.962290018,1,8569,100,3792858,1
52011.184929026,4,8569,100,3792858,1
52011.868637432,1,8570,100,3786943,1
52012.938377752,1,8571,100,3781646,1
52013.534867066,1,8572,100,3783306,1
52014.559410815,1,8573,100,3783094,1
52015.460645756,1,8574,100,3784459,1
52016.799777312,1,8575,100,3784875,-1
52017.303221775,3,8574,100,3784459,1
52018.63728931,1,8576,100,3775520,-1
52019.465147292,4,8571,100,3781646,1
52021.299331801,1,8577,100,3774042,-1
52022.846866932,4,8570,100,3786943,1
52023.474188274,1,8578,100,3769961,-1
52024.67586002,4,8578,100,3769961,-1
52025.371776343,1,8579,100,3775337,1
52026.215911484,1,8580,100,3778338,1
52027.322424007,3,8576,100,3775520,-1
52028.440014301,1,8581,100,3780798,-1
52029.529973949,3,8577,100,3774042,-1
52030.520047769,3,8581,100,3780798,-1
52031.733169384,1,8582,100,3779754,-1
52032.260699348,3,8580,100,3778338,1
52033.574000745,3,8575,100,3784875,-1
52034.550127204,4,8582,100,3779754,-1
52035.610815868,1,8583,100,3787767,1
52036.884700083,1,8584,100,3791781,-1
52037.479689094,3,8573,100,3783094,1
52038.259053566,5,8579,100,3775337,1
52039.181622725,1,8585,100,3797091,-1
52039.983699367,1,8586,100,3804682,-1
52040.769942684,1,8587,100,3798666,-1
52041.770342034,1,8588,100,3793574,1
52042.271025436,1,8589,100,3784719,1
52042.907387719,3,8587,100,3798666,-1
52044.205748275,1,8590,100,3788326,1
52045.359414911,3,8590,100,3788326,1
52047.002401661,3,8572,100,3783306,1
52049.506989713,1,8591,100,3796390,-1
52050.434924822,3,8583,100,3787767,1
52051.149135295,3,8584,100,3791781,-1
52051.967587945,3,8586,100,3804682,-1
52052.770815791,4,8588,100,3793574,1
52053.540720275,1,8592,100,3792346,-1
52055.28776563,1,8593,100,3786062,1
52055.986295005,5,8589,100,3784719,1
52056.997236202,1,8594,100,3793674,1
52057.97317711,3,8585,100,3797091,-1
52060.063180558,3,8593,100,3786062,1
52062.524075702,3,8591,100,3796390,-1
52063.680185579,1,8595,100,3802523,1
52064.51274927,1,8596,100,3801530,1
52065.789187307,1,8597,100,3804118,-1
52066.746583456,1,8598,100,3797888,1
52067.931913121,1,8599,100,3796327,1
52068.445374401,3,8596,100,3801530,1
52069.074831743,4,8592,100,3792346,-1
52069.828525968,1,8600,100,3800185,-1
52070.555731437,4,8598,100,3797888,1
52072.854659276,1,8601,100,3792336,1
52073.670169542,5,8595,100,3802523,1
52074.18817172,1,8602,100,3794073,-1
52074.827459056,1,8603,100,3794494,-1
52075.739010288,1,8604,100,3799297,1
52077.385252946,4,8603,100,3794494,-1
52078.626562512,1,8605,100,3798416,1
52079.542110575,3,8602,100,3794073,-1
52080.236772227,3,8594,100,3793674,1
52080.919657401,5,8601,100,3792336,1
52081.482670919,3,8604,100,3799297,1
52082.482098062,3,8597,100,3804118,-1
52083.580798377,4,8600,100,3800185,-1
52084.549511509,1,8606,100,3814146,1
52086.022516663,5,8599,100,3796327,1
52087.742596189,1,8607,100,3829334,-1
52089.060500241,5,8606,100,3814146,1
52090.235444189,1,8608,100,3835650,-1
52090.902142443,5,8608,100,3835650,-1
52092.348230213,3,8607,100,3829334,-1
52093.963198179,1,8609,100,3839955,1
52095.023118071,1,8610,100,3842138,1
52095.750840745,4,8609,100,3839955,1
52096.28461486,1,8611,100,3833323,1
52097.599764247,3,8610,100,3842138,1
52098.697126773,1,8612,100,3833271,1
52100.245875772,1,8613,100,3842482,-1
52100.82943395,1,8614,100,3839148,1
52101.564827134,3,8612,100,3833271,1
52102.203673311,4,8613,100,3842482,-1
52103.435010548,4,8611,100,3833323,1
52104.618046238,1,8615,100,3846992,1
52105.596375949,4,8615,100,3846992,1
52106.36714587,3,8614,100,3839148,1
52108.261280972,1,8616,100,3847635,-1
52108.746432908,4,8605,100,3798416,1
52109.697253402,1,8617,100,3847795,-1
52110.204048338,4,8616,100,3847635,-1
52111.328901008,1,8618,100,3849284,-1
52112.071686438,1,8619,100,3850059,-1
52113.13333034,1,8620,100,3855911,-1
52113.957772091,3,8618,100,3849284,-1
52115.278718044,4,8617,100,3847795,-1
52116.416563109,3,8620,100,3855911,-1
52116.859684885,4,8619,100,3850059,-1
52117.500071064,1,8621,100,3854632,-1
52118.189347747,4,8621,100,3854632,-1
52119.20048483,1,8622,100,3851960,1
52120.301159671,3,8622,100,3851960,1
52121.040458524,1,8623,100,3845999,-1
52121.956399218,1,8624,100,3853749,-1
52122.460182365,1,8625,100,3842482,1
52122.92983723,1,8626,100,3847729,1
52123.909675678,3,8625,100,3842482,1
52125.64344487,3,8626,100,3847729,1
52126.517063936,1,8627,100,3848436,-1
52127.597419109,3,8627,100,3848436,-1
52128.528058452,5,8623,100,3845999,-1
52130.98653597,3,8624,100,3853749,-1
52132.063484357,1,8628,100,3857596,-1
52132.742256423,3,8628,100,3857596,-1
52133.459848253,1,8629,100,3849004,1
52134.05259649,5,8629,100,3849004,1
52134.532181987,1,8630,100,3852753,1
52135.339376649,4,8630,100,3852753,1
52136.083690194,1,8631,100,3844662,1
52137.135226083,3,8631,100,3844662,1
52138.057447751,1,8632,100,3833417,1
52139.127916265,4,8632,100,3833417,1
52139.931826099,1,8633,100,3830581,-1
52141.12118964,1,8634,100,3832229,-1
52141.570981717,1,8635,100,3824482,1
52142.646721872,1,8636,100,3830060,1
52143.602941045,1,8637,100,3826437,1
52146.660744556,4,8636,100,3830060,1
52147.413375164,5,8637,100,3826437,1
52148.698742992,3,8633,100,3830581,-1
52149.477105901,1,8638,100,3830838,1
52150.484874635,3,8634,100,3832229,-1
52151.367684723,1,8639,100,3841172,-1
52154.101147873,1,8640,100,3838874,1
52155.737698013,1,8641,100,3843695,1
52156.24227643,1,8642,100,3839875,1
52157.0049963,1,8643,100,3837936,1
52159.213906273,4,8640,100,3838874,1
52159.991534481,5,8642,100,3839875,1
52161.111783967,3,8641,100,3843695,1
52162.07325531,1,8644,100,3836037,-1
52163.637114688,1,8645,100,3836646,1
52164.438550989,1,8646,100,3846243,-1
52164.952211177,3,8645,100,3836646,1
52165.448611802,4,8644,100,3836037,-1
52165.920132213,1,8647,100,3847433,-1
52166.994753074,1,8648,100,3842026,1
52168.010278543,3,8635,100,3824482,1
52169.163137019,1,8649,100,3833517,-1
52170.188446322,1,8650,100,3821451,1
52171.254949581,3,8643,100,3837936,1
52173.177391973,3,8639,100,3841172,-1
52174.389055391,1,8651,100,3822008,1
52175.554739092,5,8646,100,3846243,-1
52176.82797826,1,8652,100,3819711,1
52178.322841085,5,8648,100,3842026,1
52179.304265939,5,8647,100,3847433,-1
52179.949416534,1,8653,100,3809689,1
52181.094382426,1,8654,100,3813665,1
52181.983256129,5,8651,100,3822008,1
52183.229278565,4,8638,100,3830838,1
52184.345703477,1,8655,100,3809883,1
52185.606512586,4,8652,100,3819711,1
52186.438731732,1,8656,100,3813376,1
52187.41584342,5,8649,100,3833517,-1
52189.568770212,3,8656,100,3813376,1
52190.393461652,4,8654,100,3813665,1
52191.352251621,3,8655,100,3809883,1
52192.002412879,3,8650,100,3821451,1
52193.210632284,4,8653,100,3809689,1
52194.032253402,1,8657,100,3830419,-1
52195.270755403,1,8658,100,3827879,1
52196.410176314,1,8659,100,3823902,1
52197.499682478,1,8660,100,3819690,1
52198.434686535,4,8660,100,3819690,1
52198.940063903,1,8661,100,3825735,1
52199.808508027,1,8662,100,3824750,-1
52200.331274847,5,8662,100,3824750,-1
52200.842776392,3,8657,100,3830419,-1
52201.542568702,5,8658,100,3827879,1
52202.826997111,5,8659,100,3823902,1
52204.051206192,3,8661,100,3825735,1
52205.018488424,1,8663,100,3827673,1
52205.979655593,1,8664,100,3829236,-1
52206.56761326,1,8665,100,3828853,1
52207.351876288,3,8664,100,3829236,-1
52208.329990713,1,8666,100,3830004,1
52209.213214493,1,8667,100,3835569,-1
52210.467841311,4,8666,100,3830004,1
52211.635237984,1,8668,100,3827799,1
52212.761699363,4,8667,100,3835569,-1
52213.609846145,4,8668,100,3827799,1
52214.845273898,5,8665,100,3828853,1
52216.042560654,3,8663,100,3827673,1
52217.255333998,1,8669,100,3833688,1
52218.068863624,1,8670,100,3832555,1
52219.08869942,1,8671,100,3828964,1
52220.239716244,1,8672,100,3837502,1
52221.148243951,1,8673,100,3837031,1
52221.597239777,4,8672,100,3837502,1
52222.353312233,4,8673,100,3837031,1
52223.071539686,1,8674,100,3838544,1
52223.817912495,3,8669,100,3833688,1
52224.716811204,1,8675,100,3830348,-1
52226.012995277,3,8671,100,3828964,1
52227.109182266,3,8675,100,3830348,-1
52227.84016605,5,8670,100,3832555,1
52228.660288199,3,8674,100,3838544,1
52229.476938084,1,8676,100,3824989,1
52230.062172184,1,8677,100,3823229,-1
52232.229016196,3,8676,100,3824989,1
52232.93553727,3,8677,100,3823229,-1
52233.842754381,1,8678,100,3813820,1
52234.536315716,1,8679,100,3823557,-1
52235.466415358,1,8680,100,3817159,1
52236.062888681,3,8680,100,3817159,1
52237.054507856,1,8681,100,3826601,-1
52238.027299335,1,8682,100,3822815,-1
52239.200963205,5,8682,100,3822815,-1
52240.38209757,1,8683,100,3820231,1
52241.684730584,1,8684,100,3820976,1
52242.196946202,3,8684,100,3820976,1
52243.34251446,3,8679,100,3823557,-1
52243.845201898,3,8683,100,3820231,1
52244.84380971,1,8685,100,3826840,-1
52246.119155035,3,8678,100,3813820,1
52247.368479809,5,8681,100,3826601,-1
52248.610024177,4,8685,100,3826840,-1
52249.380817899,1,8686,100,3821154,1
52250.461625728,4,8686,100,3821154,1
52251.585412643,1,8687,100,3827433,-1
52252.363246579,3,8687,100,3827433,-1
52252.991380019,1,8688,100,3830592,-1
52253.749032987,1,8689,100,3830174,-1
52254.966245333,3,8689,100,3830174,-1
52255.736262048,4,8688,100,3830592,-1
52256.939797673,1,8690,100,3825849,1
52258.013717593,3,8690,100,3825849,1
52258.665821459,1,8691,100,3823360,1
52259.207383113,1,8692,100,3829281,-1
52260.504590133,1,8693,100,3827976,1
52261.195018272,5,8691,100,3823360,1
52262.244697403,1,8694,100,3848880,-1
52263.19262034,4,8692,100,3829281,-1
52264.235224597,1,8695,100,3842331,1
52265.940170793,5,8693,100,3827976,1
52266.632505244,1,8696,100,3855756,1
52267.221234926,1,8697,100,3856512,-1
52267.985104744,4,8696,100,3855756,1
52268.532256695,3,8694,100,3848880,-1
52269.284917036,3,8695,100,3842331,1
52270.294345168,1,8698,100,3852064,-1
52270.887904071,3,8697,100,3856512,-1
52271.929988752,3,8698,100,3852064,-1
52273.146614776,1,8699,100,3860032,1
52273.981446845,3,8699,100,3860032,1
52275.038010613,1,8700,100,3862499,-1
52275.904799393,1,8701,100,3863470,-1
52276.953138189,3,8700,100,3862499,-1
52277.669497202,3,8701,100,3863470,-1
52278.567666202,1,8702,100,3866522,-1
52279.786821006,4,8702,100,3866522,-1
52280.601017453,1,8703,100,3861131,1
52281.269621753,5,8703,100,3861131,1
52281.751214694,1,8704,100,3863607,1
52282.920404339,3,8704,100,3863607,1
52284.201554918,1,8705,100,3870115,1
52285.63888161,1,8706,100,3872050,1
52286.144323209,4,8706,100,3872050,1
52286.692067741,1,8707,100,3882000,-1
52287.735681455,1,8708,100,3884486,-1
52288.453840464,4,8707,100,3882000,-1
52289.555100406,1,8709,100,3873477,1
52291.000878771,1,8710,100,3875618,-1
52291.594392535,3,8709,100,3873477,1
52292.300072693,3,8705,100,3870115,1
52293.433773549,1,8711,100,3870325,1
52294.118922725,3,8711,100,3870325,1
52295.047065128,4,8710,100,3875618,-1
52295.729159556,1,8712,100,3848303,-1
52296.956606298,1,8713,100,3851171,-1
52297.850925858,1,8714,100,3846219,1
52298.873528902,1,8715,100,3851997,-1
52299.816683668,1,8716,100,3854130,-1
52300.315036017,3,8713,100,3851171,-1
52300.872725516,1,8717,100,3850806,1
52301.819089521,4,8717,100,3850806,1
52302.448055759,3,8714,100,3846219,1
52304.203011471,4,8712,100,3848303,-1
52304.803497567,4,8715,100,3851997,-1
52306.09732136,4,8716,100,3854130,-1
52307.144779388,4,8708,100,3884486,-1
52308.022661825,1,8718,100,3862744,-1
52308.759605322,3,8718,100,3862744,-1
52309.670588457,1,8719,100,3852223,1
52310.792803945,5,8719,100,3852223,1
52311.718374674,1,8720,100,3848276,-1
52312.717049474,1,8721,100,3851663,-1
52313.577499141,4,8720,100,3848276,-1
52314.164996776,4,8721,100,3851663,-1
52314.666719545,1,8722,100,3846558,1
52315.236211029,1,8723,100,3848434,-1
52317.287850508,1,8724,100,3854769,-1
52317.971470646,5,8723,100,3848434,-1
52318.476853097,3,8724,100,3854769,-1
52319.779449149,4,8722,100,3846558,1
52321.035622559,1,8725,100,3855907,-1
52321.720180175,4,8725,100,3855907,-1
52323.010975856,1,8726,100,3848697,1
52324.237085138,3,8726,100,3848697,1
52325.23672821,1,8727,100,3847983,1
52326.160463605,4,8727,100,3847983,1
52327.438121057,1,8728,100,3842792,-1
52328.631143751,4,8728,100,3842792,-1
52329.440955857,1,8729,100,3853903,-1
52330.097028546,4,8729,100,3853903,-1
52330.82118206,1,8730,100,3859647,-1
52331.291879831,4,8730,100,3859647,-1
52332.261473225,1,8731,100,3855216,1
52333.37466579,1,8732,100,3855103,1
52334.378678729,5,8731,100,3855216,1
52334.92157904,1,8733,100,3855799,-1
52336.092162356,1,8734,100,3860266,-1
52337.277361402,3,8733,100,3855799,-1
52337.913641636,3,8732,100,3855103,1
52339.19273714,1,8735,100,3854184,1
52340.801482625,1,8736,100,3859787,-1
52341.72133247,4,8735,100,3854184,1
52342.181614115,4,8736,100,3859787,-1
52343.18280631,1,8737,100,3857591,1
52344.396968756,4,8734,100,3860266,-1
52345.618080385,1,8738,100,3856072,1
52346.742275687,5,8737,100,3857591,1
52347.637969327,3,8738,100,3856072,1
52348.193252664,1,8739,100,3861623,-1
52350.241897792,1,8740,100,3859518,-1
52351.389341298,1,8741,100,3858949,1
52352.283200925,5,8741,100,3858949,1
52353.433701619,1,8742,100,3859787,1
52354.494263311,1,8743,100,3863904,1
52354.957626481,3,8739,100,3861623,-1
52355.415914446,3,8742,100,3859787,1
52356.293100681,3,8740,100,3859518,-1
52357.556348995,1,8744,100,3893944,1
52358.511049444,1,8745,100,3888210,1
52359.364259459,1,8746,100,3893798,1
52360.415578766,1,8747,100,3893405,-1
52362.938740016,1,8748,100,3897136,-1
52363.377107749,1,8749,100,3895467,-1
52364.350567732,1,8750,100,3891447,1
52365.626081773,5,8747,100,3893405,-1
52366.543901971,4,8750,100,3891447,1
52367.081965593,1,8751,100,3896716,-1
52368.166680756,1,8752,100,3894814,-1
52368.650045175,3,8748,100,3897136,-1
52369.23348897,1,8753,100,3898107,1
52370.151842745,1,8754,100,3896589,1
52371.424131333,3,8743,100,3863904,1
52372.560388224,3,8746,100,3893798,1
52373.099181713,3,8754,100,3896589,1
52373.728229789,3,8744,100,3893944,1
52374.180424157,3,8745,100,3888210,1
52374.819063393,1,8755,100,3892178,1
52375.511568635,1,8756,100,3887927,-1
52379.372233808,4,8753,100,3898107,1
52380.126357469,3,8756,100,3887927,-1
52380.770415346,3,8749,100,3895467,-1
52381.338948213,3,8755,100,3892178,1
52382.298023717,4,8752,100,3894814,-1
52383.574411612,3,8751,100,3896716,-1
52384.659433714,1,8757,100,3871840,1
52385.144370629,3,8757,100,3871840,1
52385.970375471,1,8758,100,3868284,1
52386.730119595,3,8758,100,3868284,1
52387.201550347,1,8759,100,3868910,-1
52388.054944518,1,8760,100,3857765,1
52389.222177722,1,8761,100,3856601,1
52390.334744379,5,8760,100,3857765,1
52391.522088167,3,8761,100,3856601,1
52392.01311527,1,8762,100,3860679,1
52392.556054219,1,8763,100,3858469,1
52393.817055031,3,8763,100,3858469,1
52395.078276433,1,8764,100,3864625,1
52395.524977994,1,8765,100,3869029,-1
52395.995120088,1,8766,100,3869782,1
52396.9795044,5,8764,100,3864625,1
52398.118917014,3,8765,100,3869029,-1
52399.292089393,3,8762,100,3860679,1
52400.046658423,1,8767,100,3878417,-1
52401.048523277,5,8767,100,3878417,-1
52401.760742153,1,8768,100,3877177,-1
52402.953216664,3,8768,100,3877177,-1
52403.576446179,1,8769,100,3870642,1
52404.762244985,1,8770,100,3877992,-1
52406.088678787,3,8759,100,3868910,-1
52407.966420418,1,8771,100,3881783,-1
52409.650810256,3,8766,100,3869782,1
52410.797661988,1,8772,100,3875362,1
52411.756578278,1,8773,100,3880852,1
52412.286279859,1,8774,100,3874788,1
52413.520455883,1,8775,100,3875263,-1
52414.139620324,3,8771,100,3881783,-1
52414.688018586,1,8776,100,3884144,1
52415.818233914,1,8777,100,3884315,1
52417.966876099,1,8778,100,3896430,1
52419.061886729,1,8779,100,3896525,1
52420.272442177,4,8770,100,3877992,-1
52421.064137931,3,8774,100,3874788,1
52422.184129816,3,8769,100,3870642,1
52422.92083829,1,8780,100,3904163,-1
52423.632428043,5,8773,100,3880852,1
52424.211601485,4,8780,100,3904163,-1
52425.441046139,4,8775,100,3875263,-1
52426.4254438,5,8779,100,3896525,1
52426.912753993,5,8777,100,3884315,1
52427.671908084,3,8778,100,3896430,1
52428.464574735,4,8772,100,3875362,1
52428.965260607,1,8781,100,3901006,-1
52430.193411116,5,8781,100,3901006,-1
52432.048937269,5,8776,100,3884144,1
52433.247085087,1,8782,100,3897582,-1
52434.355675493,4,8782,100,3897582,-1
52434.964237124,1,8783,100,3892007,-1
52436.00524855,5,8783,100,3892007,-1
52436.885327191,1,8784,100,3887567,1
52437.58528727,1,8785,100,3892284,-1
52438.116689391,4,8785,100,3892284,-1
52439.19201974,3,8784,100,3887567,1
52440.111516228,1,8786,100,3892230,-1
52441.742715103,4,8786,100,3892230,-1
52442.894781912,1,8787,100,3901726,-1
52443.938388163,5,8787,100,3901726,-1
52444.610029576,1,8788,100,3901397,1
52445.719744239,1,8789,100,3903766,1
52446.233273103,1,8790,100,3908730,1
52446.930117022,3,8788,100,3901397,1
52447.508401903,4,8789,100,3903766,1
52448.301856131,3,8790,100,3908730,1
52449.260193664,1,8791,100,3921510,-1
52450.170390687,1,8792,100,3918298,1
52451.160627582,5,8792,100,3918298,1
52451.760247894,4,8791,100,3921510,-1
52452.612946385,1,8793,100,3925075,-1
52453.559428481,1,8794,100,3919793,1
52454.721972025,5,8793,100,3925075,-1
52455.922921534,1,8795,100,3930587,-1
52457.011129581,3,8795,100,3930587,-1
52457.834232848,1,8796,100,3937271,1
52458.423659229,3,8794,100,3919793,1
52458.933212134,3,8796,100,3937271,1
52459.75057503,1,8797,100,3937299,1
52461.008594375,1,8798,100,3942047,-1
52461.504633908,1,8799,100,3936233,-1
52462.987556502,5,8797,100,3937299,1
52463.968892818,1,8800,100,3935394,1
52465.149467363,4,8798,100,3942047,-1
52466.347213596,1,8801,100,3946013,-1
52467.319897359,1,8802,100,3948830,1
52468.4943053,5,8801,100,3946013,-1
52469.710332643,3,8802,100,3948830,1
52470.926503775,1,8803,100,3940566,-1
52472.704650876,1,8804,100,3930156,1
52473.15353943,1,8805,100,3936918,1
52473.898685696,1,8806,100,3935754,-1
52475.375755138,3,8805,100,3936918,1
52476.345928546,3,8804,100,3930156,1
52477.946956838,1,8807,100,3927007,-1
52478.815511866,3,8800,100,3935394,1
52479.94841879,1,8808,100,3922052,1
52480.873441066,5,8806,100,3935754,-1
52481.93892991,1,8809,100,3927715,1
52482.649912119,3,8809,100,3927715,1
52483.830227574,4,8808,100,3922052,1
52485.504117642,3,8807,100,3927007,-1
52487.04262475,3,8803,100,3940566,-1
52488.137675557,3,8799,100,3936233,-1
52488.953024376,1,8810,100,3906686,1
52489.647497448,5,8810,100,3906686,1
52490.762369939,1,8811,100,3910456,1
52491.65987152,5,8811,100,3910456,1
52492.404767198,1,8812,100,3915083,1
52493.544541531,1,8813,100,3921398,1
52494.765940863,3,8813,100,3921398,1
52495.992354792,4,8812,100,3915083,1
52497.078359608,1,8814,100,3926646,1
52497.556788222,1,8815,100,3933833,-1
52498.11900948,1,8816,100,3939191,1
52499.017496205,1,8817,100,3933715,-1
52500.197200064,3,8814,100,3926646,1
52501.371484036,5,8815,100,3933833,-1
52502.386692424,1,8818,100,3933938,-1
52503.082655365,3,8818,100,3933938,-1
52504.287075269,1,8819,100,3932111,1
52505.441769755,3,8817,100,3933715,-1
52506.090905596,5,8816,100,3939191,1
52508.113479814,3,8819,100,3932111,1
52509.179361344,1,8820,100,3925841,-1
52509.772095404,1,8821,100,3926676,1
52510.684140997,5,8820,100,3925841,-1
52511.653417767,4,8821,100,3926676,1
52512.898559857,1,8822,100,3931691,1
52513.382609615,4,8822,100,3931691,1
52513.855545199,1,8823,100,3930653,1
52514.472779333,4,8823,100,3930653,1
52515.392726038,1,8824,100,3935217,-1
52516.39586803,3,8824,100,3935217,-1
52517.19742073,1,8825,100,3934674,1
52517.881538347,3,8825,100,3934674,1
52518.450267658,1,8826,100,3933168,1
52519.536298647,3,8826,100,3933168,1
52520.577313188,1,8827,100,3929557,-1
52521.566217348,3,8827,100,3929557,-1
52522.430861673,1,8828,100,3927386,1
52523.365573997,3,8828,100,3927386,1
52524.083801996,1,8829,100,3935171,-1
52524.797664345,1,8830,100,3928519,-1
52526.380576671,1,8831,100,3924663,1
52527.461863553,4,8831,100,3924663,1
52528.014356291,1,8832,100,3926808,1
52528.797985995,1,8833,100,3925977,-1
52529.906685813,3,8832,100,3926808,1
52530.461287319,1,8834,100,3913407,-1
52531.425748791,1,8835,100,3909389,1
52532.304984203,4,8835,100,3909389,1
52532.992731362,1,8836,100,3906762,-1
52533.712547651,1,8837,100,3914676,-1
52534.229953166,4,8837,100,3914676,-1
52534.892936491,4,8834,100,3913407,-1
52535.976161172,3,8829,100,3935171,-1
52536.507639108,1,8838,100,3917835,1
52537.572560619,1,8839,100,3913373,-1
52538.443056571,3,8839,100,3913373,-1
52539.561759882,4,8838,100,3917835,1
52540.408716323,1,8840,100,3910744,1
52541.339742065,3,8840,100,3910744,1
52541.832547505,1,8841,100,3923223,-1
52542.586331701,4,8836,100,3906762,-1
52543.390377486,3,8841,100,3923223,-1
52543.843423725,1,8842,100,3921967,-1
52544.765987245,3,8830,100,3928519,-1
52546.726876284,1,8843,100,3927685,-1
52547.708028629,1,8844,100,3919055,1
52549.468646378,3,8833,100,3925977,-1
52550.370151375,3,8843,100,3927685,-1
52551.509510803,1,8845,100,3929155,-1
52552.23724103,3,8845,100,3929155,-1
52553.14417049,3,8844,100,3919055,1
52554.692903365,3,8842,100,3921967,-1
52555.690736923,1,8846,100,3925792,1
52556.55090655,1,8847,100,3928483,1
52557.37953939,1,8848,100,3924950,1
52558.447754774,3,8848,100,3924950,1
52559.518035349,1,8849,100,3923705,-1
52560.702052882,4,8849,100,3923705,-1
52561.512939596,4,8847,100,3928483,1
52562.767409804,1,8850,100,3914681,1
52563.674032393,3,8846,100,3925792,1
52564.237851651,3,8850,100,3914681,1
52564.968870723,1,8851,100,3927287,1
52565.755436367,1,8852,100,3921298,1
52566.223129242,1,8853,100,3924603,1
52567.854356814,3,8852,100,3921298,1
52568.363362032,3,8851,100,3927287,1
52569.336676676,1,8854,100,3931054,-1
52569.822872239,1,8855,100,3915516,1
52570.899003576,1,8856,100,3925996,-1
52571.425710006,1,8857,100,3926020,-1
52571.926649674,1,8858,100,3925096,-1
52572.494722157,1,8859,100,3925231,1
52573.242886226,1,8860,100,3923684,1
52574.224764084,3,8856,100,3925996,-1
52575.315850814,1,8861,100,3932336,-1
52576.32466001,5,8861,100,3932336,-1
52577.306539502,1,8862,100,3924562,1
52577.810570939,4,8862,100,3924562,1
52578.811529874,4,8860,100,3923684,1
52579.477653298,5,8858,100,3925096,-1
52580.137846218,1,8863,100,3914840,1
52580.890069649,3,8857,100,3926020,-1
52581.964927633,1,8864,100,3920116,1
52582.912788222,1,8865,100,3916221,1
52583.738526951,3,8864,100,3920116,1
52584.717074009,1,8866,100,3918925,-1
52585.231653999,4,8866,100,3918925,-1
52586.27306817,5,8855,100,3915516,1
52587.199316708,4,8865,100,3916221,1
52587.718363589,3,8863,100,3914840,1
52588.860910036,1,8867,100,3920085,-1
52589.641718961,1,8868,100,3920717,1
52590.831732607,1,8869,100,3920936,-1
52591.431851834,1,8870,100,3909183,1
52592.594419467,5,8868,100,3920717,1
52593.426779065,1,8871,100,3906150,1
52594.080766606,3,8853,100,3924603,1
52595.279301633,1,8872,100,3898565,-1
52596.002529261,1,8873,100,3894897,1
52596.48860235,5,8870,100,3909183,1
52597.432776822,5,8872,100,3898565,-1
52598.006061724,4,8871,100,3906150,1
52598.492010443,1,8874,100,3884732,-1
52599.106378975,1,8875,100,3884210,-1
52600.315097823,3,8854,100,3931054,-1
52601.348678545,5,8873,100,3894897,1
52601.836765656,3,8869,100,3920936,-1
52602.782921894,5,8867,100,3920085,-1
52603.651382824,3,8859,100,3925231,1
52604.364803711,1,8876,100,3902700,-1
52605.22073516,3,8876,100,3902700,-1
52606.251301574,5,8875,100,3884210,-1
52607.332683219,1,8877,100,3901862,-1
52608.179126897,5,8874,100,3884732,-1
52609.225136438,1,8878,100,3904079,-1
52609.992831814,3,8878,100,3904079,-1
52611.124178159,3,8877,100,3901862,-1
52612.334848383,1,8879,100,3896627,1
52612.977779547,3,8879,100,3896627,1
52613.892627154,1,8880,100,3885103,1
52614.774648705,1,8881,100,3887124,-1
52615.615662903,5,8880,100,3885103,1
52616.76568325,4,8881,100,3887124,-1
52617.476378897,1,8882,100,3889146,1
52618.53403527,3,8882,100,3889146,1
52619.040378366,1,8883,100,3889187,-1
52619.511429952,5,8883,100,3889187,-1
52620.143470273,1,8884,100,3892258,1
52621.021845627,4,8884,100,3892258,1
52621.803518611,1,8885,100,3899953,-1
52622.65293413,4,8885,100,3899953,-1
52623.791180055,1,8886,100,3891766,1
52624.664754849,4,8886,100,3891766,1
52625.76503812,1,8887,100,3900513,-1
52626.941449881,1,8888,100,3903321,-1
52628.112675337,1,8889,100,3898196,-1
52629.971071553,3,8887,100,3900513,-1
52631.147203806,1,8890,100,3903987,-1
52632.697891232,1,8891,100,3898879,-1
52633.893537752,1,8892,100,3890804,-1
52634.771602299,3,8892,100,3890804,-1
52635.847419158,3,8891,100,3898879,-1
52638.09656418,1,8893,100,3892175,-1
52638.561391368,1,8894,100,3895463,-1
52639.248529977,3,8893,100,3892175,-1
52640.239896501,1,8895,100,3884291,-1
52641.459201671,1,8896,100,3883379,-1
52643.126041425,3,8896,100,3883379,-1
52643.912879449,5,8888,100,3903321,-1
52644.867410065,1,8897,100,3883643,1
52645.642116464,3,8889,100,3898196,-1
52646.059911727,1,8898,100,3887934,-1
52646.623421738,1,8899,100,3884839,-1
52647.779639839,3,8895,100,3884291,-1
52648.699405309,1,8900,100,3887446,-1
52649.232094571,4,8897,100,3883643,1
52650.127484804,4,8900,100,3887446,-1
52650.592342437,3,8898,100,3887934,-1
52651.549713942,3,8890,100,3903987,-1
52652.393396122,5,8899,100,3884839,-1
52652.843813298,5,8894,100,3895463,-1
52654.002281062,1,8901,100,3895954,-1
52654.966579946,3,8901,100,3895954,-1
52655.681180236,1,8902,100,3892403,-1
52656.720677001,4,8902,100,3892403,-1
52657.714176625,1,8903,100,3899572,-1
52658.324901772,3,8903,100,3899572,-1
52659.466700798,1,8904,100,3907584,1
52660.28859845,3,8904,100,3907584,1
52660.864816064,1,8905,100,3909054,-1
52661.319500879,3,8905,100,3909054,-1
52662.215404057,1,8906,100,3904539,1
52663.169906421,1,8907,100,3900374,1
52664.247535315,3,8906,100,3904539,1
52665.424658727,1,8908,100,3899074,1
52666.845349871,1,8909,100,3896932,-1
52667.749864205,1,8910,100,3889112,1
52668.233206771,3,8908,100,3899074,1
52669.050097497,1,8911,100,3873953,-1
52669.599627005,3,8911,100,3873953,-1
52670.63260707,4,8907,100,3900374,1
52671.355832496,4,8910,100,3889112,1
52671.901383336,1,8912,100,3874177,1
52672.349042463,4,8912,100,3874177,1
52673.401049642,3,8909,100,3896932,-1
52674.457047063,1,8913,100,3869698,1
52674.91019916,3,8913,100,3869698,1
52675.64011078,1,8914,100,3875583,-1
52676.444666358,1,8915,100,3872521,-1
52677.621003478,1,8916,100,3870549,-1
52678.564424157,5,8914,100,3875583,-1
52679.191624786,1,8917,100,3862358,1
52680.197292254,5,8916,100,3870549,-1
52680.683460882,3,8915,100,3872521,-1
52681.229690871,3,8917,100,3862358,1
52681.70550847,1,8918,100,3870741,1
52682.676069331,1,8919,100,3869950,-1
52683.181553896,3,8919,100,3869950,-1
52683.81639641,1,8920,100,3873463,1
52685.03099282,1,8921,100,3873045,-1
52685.538676036,5,8918,100,3870741,1
52686.774143055,1,8922,100,3875714,1
52687.278033498,5,8921,100,3873045,-1
52688.217750175,1,8923,100,3872999,-1
52689.905594546,1,8924,100,3867760,1
52690.789426722,4,8922,100,3875714,1
52691.486112105,1,8925,100,3877456,1
52692.634983339,1,8926,100,3881694,1
52693.212319428,3,8920,100,3873463,1
52693.753359259,4,8923,100,3872999,-1
52694.382873974,1,8927,100,3884494,-1
52695.566383376,1,8928,100,3880142,-1
52696.965937965,3,8924,100,3867760,1
52697.916621983,1,8929,100,3894504,-1
52698.38967872,1,8930,100,3891853,1
52699.115744994,1,8931,100,3898990,-1
52700.14304038,1,8932,100,3891572,1
52701.280388005,1,8933,100,3891852,-1
52702.202038554,1,8934,100,3901191,-1
52703.127802621,1,8935,100,3892617,1
52704.076668463,3,8931,100,3898990,-1
52705.293335977,1,8936,100,3895908,1
52706.171180925,3,8928,100,3880142,-1
52706.938013828,1,8937,100,3899311,1
52707.9117155,4,8933,100,3891852,-1
52708.40288316,1,8938,100,3902360,1
52710.79677281,4,8929,100,3894504,-1
52712.473098567,5,8930,100,3891853,1
52713.275820763,4,8927,100,3884494,-1
52713.762399905,1,8939,100,3900392,1
52715.409128799,4,8934,100,3901191,-1
52716.255458915,1,8940,100,3916401,-1
52716.759164149,1,8941,100,3916083,-1
52717.404099155,3,8940,100,3916401,-1
52718.487564058,5,8935,100,3892617,1
52720.046213939,4,8932,100,3891572,1
52720.541243728,4,8941,100,3916083,-1
52720.955130632,3,8938,100,3902360,1
52721.761095001,1,8942,100,3906344,1
52722.914922522,3,8942,100,3906344,1
52723.614073734,4,8926,100,3881694,1
52724.677776522,3,8939,100,3900392,1
52725.48336243,1,8943,100,3918064,1
52725.905991825,1,8944,100,3922105,-1
52726.598877589,1,8945,100,3908995,1
52728.405090191,1,8946,100,3918689,-1
52729.390913989,4,8944,100,3922105,-1
52729.920821018,1,8947,100,3927382,-1
52730.448280157,3,8937,100,3899311,1
52731.287899479,1,8948,100,3925999,-1
52732.471564559,3,8946,100,3918689,-1
52733.257383341,1,8949,100,3928118,1
52734.42715751,1,8950,100,3932434,-1
52734.939904713,1,8951,100,3937536,-1
52735.567651254,1,8952,100,3939128,-1
52737.394678435,4,8948,100,3925999,-1
52738.071710035,5,8947,100,3927382,-1
52740.16913967,1,8953,100,3935928,1
52741.291584159,3,8951,100,3937536,-1
52742.229261795,4,8952,100,3939128,-1
52743.220369756,5,8925,100,3877456,1
52743.98848704,4,8950,100,3932434,-1
52744.598619396,1,8954,100,3935833,1
52745.560040528,5,8943,100,3918064,1
52745.973105913,5,8945,100,3908995,1
52747.165376156,3,8949,100,3928118,1
52747.82346215,1,8955,100,3927574,-1
52748.27010292,1,8956,100,3928532,-1
52749.118883061,1,8957,100,3927621,-1
52749.872480755,4,8953,100,3935928,1
52750.715477839,1,8958,100,3920187,1
52751.201608836,1,8959,100,3919986,1
52751.93109248,4,8959,100,3919986,1
52752.470997667,1,8960,100,3916337,-1
52753.624898483,3,8955,100,3927574,-1
52754.386479524,3,8954,100,3935833,1
52755.447902468,1,8961,100,3905796,1
52756.617192703,5,8936,100,3895908,1
52758.763644762,3,8961,100,3905796,1
52760.770103164,1,8962,100,3921947,-1
52761.750845919,1,8963,100,3927504,-1
52762.497988037,1,8964,100,3920963,1
52763.891602949,1,8965,100,3925581,-1
52764.778274185,3,8964,100,3920963,1
52765.90459817,1,8966,100,3927323,-1
52766.36564532,1,8967,100,3927353,-1
52767.422925456,5,8958,100,3920187,1
52768.143502032,1,8968,100,3921440,-1
52769.218205054,1,8969,100,3925764,-1
52772.082478556,3,8956,100,3928532,-1
52773.336485069,1,8970,100,3938158,1
52774.089120287,1,8971,100,3939062,-1
52774.986021795,4,8960,100,3916337,-1
52775.798621306,1,8972,100,3933799,-1
52776.361467952,3,8966,100,3927323,-1
52777.112649549,1,8973,100,3929318,1
52778.004478815,4,8968,100,3921440,-1
52779.042241994,3,8971,100,3939062,-1
52779.450642613,1,8974,100,3930210,1
52780.341399145,3,8965,100,3925581,-1
52781.117068642,1,8975,100,3934807,-1
52781.86885077,3,8972,100,3933799,-1
52782.589238853,5,8973,100,3929318,1
52783.040141266,3,8962,100,3921947,-1
52784.214733285,4,8967,100,3927353,-1
52785.167023284,1,8976,100,3944515,1
52785.908279287,1,8977,100,3945102,1
52786.464154617,1,8978,100,3947269,-1
52786.99400583,1,8979,100,3949860,-1
52787.760933014,4,8963,100,3927504,-1
52788.87511533,3,8974,100,3930210,1
52789.54418335,1,8980,100,3938530,-1
52790.689079451,1,8981,100,3937999,1
52791.615144886,1,8982,100,3933048,1
52792.359314774,3,8969,100,3925764,-1
52792.90899978,4,8982,100,3933048,1
52793.5311002,1,8983,100,3933131,-1
52794.630215867,4,8957,100,3927621,-1
52795.150316597,1,8984,100,3931710,1
52796.112746232,1,8985,100,3940942,-1
52796.699664856,4,8985,100,3940942,-1
52797.7157802,1,8986,100,3938251,1
52798.181257946,3,8970,100,3938158,1
52800.060021202,1,8987,100,3933347,1
52800.541167071,3,8984,100,3931710,1
52801.281655214,1,8988,100,3922419,1
52802.272449521,1,8989,100,3917993,-1
52802.794513169,1,8990,100,3918123,-1
52803.511075414,3,8979,100,3949860,-1
52804.515178624,4,8977,100,3945102,1
52805.569452055,5,8980,100,3938530,-1
52806.692071088,1,8991,100,3921544,-1
52807.6575753,3,8976,100,3944515,1
52808.768354195,1,8992,100,3913134,1
52809.865502594,5,8978,100,3947269,-1
52810.664500028,3,8987,100,3933347,1
52811.330250683,4,8990,100,3918123,-1
52812.180268546,1,8993,100,3914646,-1
52813.347322955,4,8993,100,3914646,-1
52814.368542266,4,8981,100,3937999,1
52815.701520685,1,8994,100,3916997,-1
52816.519170893,3,8975,100,3934807,-1
52817.614029245,3,8991,100,3921544,-1
52818.171360431,4,8988,100,3922419,1
52818.919457952,3,8983,100,3933131,-1
52819.476032637,1,8995,100,3921340,1
52820.476207976,1,8996,100,3925642,-1
52821.465910941,1,8997,100,3928491,-1
52821.946938603,1,8998,100,3929623,1
52822.369561369,1,8999,100,3932006,1
52823.514856002,1,9000,100,3932970,1
52824.628341848,1,9001,100,3938769,1
52825.516317452,1,9002,100,3945686,-1
52826.136739171,3,8997,100,3928491,-1
52826.689341597,1,9003,100,3953890,-1
52827.650090939,1,9004,100,3951723,1
52828.058263507,1,9005,100,3953380,1
52829.153921836,5,8992,100,3913134,1
52830.265707686,1,9006,100,3956624,-1
52831.205444657,1,9007,100,3965212,1
52833.257995907,3,8996,100,3925642,-1
52833.981637876,1,9008,100,3970266,-1
52834.406067883,1,9009,100,3957427,1
52835.561175539,1,9010,100,3951471,1
52836.578910576,1,9011,100,3952207,-1
52837.619520623,3,9000,100,3932970,1
52838.286693644,3,8998,100,3929623,1
52838.897168013,1,9012,100,3947690,-1
52839.615825806,5,9004,100,3951723,1
52840.751257781,3,8995,100,3921340,1
52841.373802481,3,8989,100,3917993,-1
52841.959349929,5,9008,100,3970266,-1
52842.507731398,1,9013,100,3934406,1
52843.019691054,1,9014,100,3933734,1
52843.781104979,1,9015,100,3934151,-1
52844.514518165,3,8994,100,3916997,-1
52844.958451533,1,9016,100,3927514,1
52846.12705679,1,9017,100,3926483,1
52847.289598245,1,9018,100,3933648,-1
52847.846271397,3,8986,100,3938251,1
52849.009426768,3,9010,100,3951471,1
52850.021507395,4,9018,100,3933648,-1
52850.882245221,1,9019,100,3937452,-1
52851.717614823,4,9019,100,3937452,-1
52852.780248288,1,9020,100,3937977,1
52853.971624335,3,9009,100,3957427,1
52854.907881745,1,9021,100,3954499,-1
52855.682652803,1,9022,100,3946913,1
52856.702851643,5,9021,100,3954499,-1
52857.693956059,1,9023,100,3959447,-1
52858.44660524,1,9024,100,3954333,-1
52859.264395773,4,9007,100,3965212,1
52860.396893525,1,9025,100,3953136,1
52861.287927572,5,9023,100,3959447,-1
52862.043578977,5,9015,100,3934151,-1
52863.245843716,5,9016,100,3927514,1
52863.781508297,3,9005,100,3953380,1
52864.37330162,1,9026,100,3968305,1
52864.962146424,4,9003,100,3953890,-1
52866.763120628,1,9027,100,3977435,-1
52867.801116609,5,9002,100,3945686,-1
52868.77010818,1,9028,200,3966936,-1
52869.722669855,4,9012,100,3947690,-1
52870.901594522,4,9024,100,3954333,-1
52871.826708063,4,9011,100,3952207,-1
52873.443445286,3,9013,100,3934406,1
52873.852112957,5,9028,100,3966936,-1
52874.321061714,4,9028,100,3966936,-1
52875.897160363,3,9006,100,3956624,-1
52876.793149613,1,9029,100,3979898,-1
52877.222548096,5,9022,100,3946913,1
52878.405226966,5,9001,100,3938769,1
52879.457001562,1,9030,100,3990365,-1
52880.355378904,1,9031,200,3989234,-1
52881.030663461,3,8999,100,3932006,1
52881.824075639,1,9032,100,3986222,-1
52882.913641633,3,9027,100,3977435,-1
52883.558721866,5,9017,100,3926483,1
52884.757140114,1,9033,100,3984708,-1
52885.200899236,5,9033,100,3984708,-1
52885.748869481,1,9034,100,3979499,1
52886.587723992,3,9020,100,3937977,1
52887.088750699,4,9029,100,3979898,-1
52887.60506785,1,9035,100,3979821,1
52888.981786538,3,9030,100,3990365,-1
52889.604231029,1,9036,100,3962959,1
52890.168919986,1,9037,100,3975141,-1
52890.946465635,1,9038,100,3972077,1
52891.392833755,3,9032,100,3986222,-1
52892.261075635,1,9039,100,3976706,-1
52893.28687244,4,9035,100,3979821,1
52894.286385057,1,9040,100,3978113,-1
52895.194276239,1,9041,100,3977474,-1
52896.12036639,5,9025,100,3953136,1
52897.718179993,1,9042,100,3983627,-1
52898.687904694,1,9043,100,3971796,1
52899.729435167,1,9044,100,3976933,-1
52900.83107422,4,9037,100,3975141,-1
52901.676078727,1,9045,100,3972652,-1
52902.082514571,5,9014,100,3933734,1
52902.797139101,4,9045,100,3972652,-1
52903.846566792,1,9046,100,3981132,-1
52904.618605993,5,9042,100,3983627,-1
52905.708977184,4,9038,100,3972077,1
52906.298830837,1,9047,100,3976233,-1
52907.28456039,5,9040,100,3978113,-1
52907.758943229,4,9043,100,3971796,1
52908.510902732,1,9048,100,3972085,1
52909.497755692,3,9044,100,3976933,-1
52910.101006221,3,9047,100,3976233,-1
52910.679848481,3,9031,200,3989234,-1
52911.660171189,4,9034,100,3979499,1
52912.613981925,1,9049,100,3978352,-1
52913.714535977,3,9036,100,3962959,1
52914.674682993,4,9048,100,3972085,1
52915.371175487,1,9050,100,3968396,1
52916.139458154,1,9051,100,3966301,-1
52917.258446603,1,9052,100,3965545,1
52918.615214116,4,9051,100,3966301,-1
52919.455384583,5,9052,100,3965545,1
52920.554468022,4,9026,100,3968305,1
52921.566314808,1,9053,100,3965968,-1
52923.458016419,3,9053,100,3965968,-1
52924.37766613,1,9054,100,3967784,-1
52925.149957168,1,9055,100,3959176,1
52925.757631712,1,9056,100,3955756,-1
52926.743602142,4,9050,100,3968396,1
52927.878515357,4,9055,100,3959176,1
52928.667112644,3,9054,100,3967784,-1
52929.446943814,1,9057,100,3943775,1
52930.4774093,1,9058,100,3942525,-1
52930.939056391,3,9039,100,3976706,-1
52931.852090333,3,9049,100,3978352,-1
52932.97691382,3,9046,100,3981132,-1
52933.833335056,1,9059,100,3946107,1
52935.017147298,3,9056,100,3955756,-1
52936.018514982,3,9058,100,3942525,-1
52936.93580695,1,9060,100,3954067,-1
52937.838612462,3,9041,100,3977474,-1
52938.259734319,4,9060,100,3954067,-1
52938.907093554,1,9061,100,3957796,1
52939.766464896,3,9059,100,3946107,1
52940.217538767,1,9062,100,3962890,-1
52941.02398217,1,9063,100,3966251,-1
52941.87060155,3,9062,100,3962890,-1
52942.321366512,3,9063,100,3966251,-1
52942.753463354,1,9064,100,3973187,-1
52943.499532488,1,9065,100,3966134,-1
52943.930209735,5,9061,100,3957796,1
52945.118327948,1,9066,100,3967937,1
52946.069345648,1,9067,100,3971683,1
52947.158037225,1,9068,100,3969594,1
52948.168330397,1,9069,100,3972230,-1
52949.004090825,3,9068,100,3969594,1
52949.408519252,4,9065,100,3966134,-1
52950.392592728,5,9067,100,3971683,1
52951.038615734,1,9070,100,3960936,1
52951.709909942,1,9071,100,3962396,1
52952.342790443,1,9072,100,3962030,-1
52953.24652233,3,9070,100,3960936,1
52953.993258804,1,9073,100,3954016,1
52954.570266878,1,9074,100,3954633,-1
52956.576860936,4,9072,100,3962030,-1
52957.654942033,1,9075,100,3966839,1
52958.452812008,5,9069,100,3972230,-1
52959.114675123,4,9066,100,3967937,1
52960.206948104,4,9074,100,3954633,-1
52960.975488422,5,9064,100,3973187,-1
52962.09889669,1,9076,100,3981690,-1
52962.516861002,1,9077,100,3977389,-1
52963.300989865,1,9078,100,3975751,1
52963.740232455,1,9079,100,3974270,-1
52964.485978591,4,9078,100,3975751,1
52965.190186028,3,9073,100,3954016,1
52966.141325509,1,9080,100,3962120,1
52967.644146321,1,9081,100,3958807,-1
52968.708787926,3,9081,100,3958807,-1
52969.43775809,3,9076,100,3981690,-1
52971.598827553,1,9082,100,3955590,1
52973.306119177,3,9082,100,3955590,1
52973.92575274,1,9083,100,3962407,-1
52974.508915019,1,9084,100,3967429,1
52975.528407437,4,9075,100,3966839,1
52976.638314276,1,9085,100,3959562,1
52978.715063023,4,9083,100,3962407,-1
52979.648697966,3,9084,100,3967429,1
52980.751478074,3,9085,100,3959562,1
52981.696513257,1,9086,100,3967408,1
52982.335780593,4,9079,100,3974270,-1
52983.274368595,3,9071,100,3962396,1
52983.755554447,1,9087,100,3977295,1
52984.520312838,3,9080,100,3962120,1
52985.71285033,1,9088,100,3985505,-1
52986.582202521,3,9077,100,3977389,-1
52987.234431303,1,9089,100,3990096,-1
52987.698458406,3,9089,100,3990096,-1
52988.531980514,1,9090,100,3986661,-1
52989.356547726,1,9091,100,3988085,1
52990.344564951,3,9091,100,3988085,1
52991.056783934,1,9092,100,3991691,1
52991.908885575,1,9093,100,3987827,1
52992.348335095,1,9094,100,3988974,1
52993.297696907,1,9095,100,3987597,-1
52994.239162344,1,9096,100,3990636,-1
52995.356703703,4,9092,100,3991691,1
52996.039502193,1,9097,100,3984175,1
52996.510844404,1,9098,100,3978250,1
52997.655474254,1,9099,100,3977196,1
52998.844251463,4,9093,100,3987827,1
52999.656605245,3,9095,100,3987597,-1
53000.537233504,1,9100,100,3988167,1
53001.562620626,1,9101,100,3988323,-1
53002.350906938,1,9102,100,3982016,1
53003.363147361,1,9103,100,3987509,-1
53004.102691032,1,9104,100,3985164,-1
53006.262849577,1,9105,100,3976552,-1
53007.065483555,1,9106,100,3976355,-1
53007.731290224,3,9098,100,3978250,1
53008.238092106,3,9087,100,3977295,1
53008.85986274,5,9105,100,3976552,-1
53009.387146652,3,9100,100,3988167,1
53010.237086127,1,9107,100,3991653,1
53011.026564286,3,9107,100,3991653,1
53011.740828747,1,9108,100,3991605,-1
53012.319950566,1,9109,100,3990421,1
53013.455043973,1,9110,100,3994701,1
53014.608769985,1,9111,100,3997419,1
53015.685250165,3,9094,100,3988974,1
53016.08593089,5,9101,100,3988323,-1
53017.156198451,4,9088,100,3985505,-1
53017.717475428,3,9090,100,3986661,-1
53018.154155254,1,9112,100,4019835,-1
53019.031174308,3,9103,100,3987509,-1
53020.213552693,5,9108,100,3991605,-1
53021.235691317,3,9057,100,3943775,1
53022.1854057,3,9097,100,3984175,1
53023.077266722,4,9106,100,3976355,-1
53023.788506562,1,9113,100,4013787,1
53024.895058864,1,9114,100,4011842,1
53025.640760161,1,9115,100,4011740,1
53026.187616023,4,9104,100,3985164,-1
53027.178202523,4,9112,100,4019835,-1
53027.807174179,1,9116,100,4025798,1
53028.511056012,5,9096,100,3990636,-1
53029.045884526,1,9117,100,4040402,-1
53029.821935732,1,9118,100,4033724,1
53030.883266655,3,9110,100,3994701,1
53031.344824819,1,9119,100,4033286,-1
53032.234179783,3,9113,100,4013787,1
53033.074240948,4,9118,100,4033724,1
53033.554567477,1,9120,100,4039877,1
53034.072864035,1,9121,100,4036011,1
53034.534047428,5,9119,100,4033286,-1
53035.095081697,1,9122,100,4040953,-1
53035.722611275,1,9123,100,4049628,-1
53036.640617941,5,9120,100,4039877,1
53037.534256454,3,9102,100,3982016,1
53038.170688747,3,9123,100,4049628,-1
53039.120033107,1,9124,100,4041719,1
53040.251022102,4,9122,100,4040953,-1
53041.086119502,1,9125,100,4044880,-1
53041.757889081,1,9126,100,4049636,-1
53042.266283186,3,9117,100,4040402,-1
53042.83660993,3,9115,100,4011740,1
53043.26357707,5,9109,100,3990421,1
53044.226846514,3,9126,100,4049636,-1
53045.301878958,3,9086,100,3967408,1
53045.903434051,3,9099,100,3977196,1
53046.997052571,5,9114,100,4011842,1
53047.668897691,3,9121,100,4036011,1
53048.838329664,3,9124,100,4041719,1
53049.328743841,3,9125,100,4044880,-1
53051.173727517,3,9111,100,3997419,1
53051.818168241,1,9127,100,4058432,1
53052.279087835,1,9128,100,4059324,1
53052.795178996,5,9116,100,4025798,1
53053.839534632,3,9127,100,4058432,1
53054.577904753,1,9129,100,4058026,-1
53055.033266538,5,9129,100,4058026,-1
53055.955643869,3,9128,100,4059324,1
53056.681177423,1,9130,100,4066676,-1
53057.370727412,3,9130,100,4066676,-1
53058.123975237,1,9131,100,4065404,-1
53058.618188757,3,9131,100,4065404,-1
53059.754884067,1,9132,100,4069977,-1
53060.842985844,1,9133,100,4062780,1
53061.513572496,1,9134,100,4067060,-1
53062.556258581,1,9135,100,4071365,-1
53063.487416222,3,9133,100,4062780,1
53064.177893928,1,9136,100,4064012,-1
53065.124443685,1,9137,100,4070200,-1
53066.231710739,3,9134,100,4067060,-1
53067.182049722,3,9137,100,4070200,-1
53068.577696499,1,9138,100,4091773,1
53069.516853816,3,9138,100,4091773,1
53070.304235777,4,9132,100,4069977,-1
53071.289506023,1,9139,100,4090181,-1
53072.068160629,1,9140,100,4081881,1
53072.819625386,1,9141,100,4076515,1
53073.406305585,5,9140,100,4081881,1
53073.855099958,3,9139,100,4090181,-1
53075.482157605,4,9136,100,4064012,-1
53076.192840749,3,9135,100,4071365,-1
53076.845031894,1,9142,100,4074278,-1
53077.869635596,4,9141,100,4076515,1
53078.390847345,1,9143,100,4068693,1
53079.097515644,1,9144,100,4062928,1
53079.951295954,1,9145,100,4060635,1
53080.529028447,4,9143,100,4068693,1
53081.115040043,1,9146,100,4054004,1
53082.009820406,1,9147,100,4055169,1
53082.730592238,3,9147,100,4055169,1
53083.900340185,1,9148,100,4054556,1
53084.554430517,1,9149,100,4046085,-1
53085.572989739,4,9145,100,4060635,1
53086.417883473,3,9144,100,4062928,1
53087.365942485,4,9148,100,4054556,1
53087.848842249,3,9149,100,4046085,-1
53088.356912147,4,9146,100,4054004,1
53088.868115544,4,9142,100,4074278,-1
53089.551962872,1,9150,100,4024853,1
53090.021394686,3,9150,100,4024853,1
53090.676491849,1,9151,100,4028300,-1
53091.828755833,3,9151,100,4028300,-1
53092.910972909,1,9152,100,4033630,-1
53093.86969374,1,9153,100,4038814,-1
53094.264135977,1,9154,100,4038819,-1
53094.862985635,1,9155,100,4032795,-1
53095.535523506,1,9156,100,4034914,-1
53096.014921749,1,9157,100,4024353,1
53096.575112704,3,9154,100,4038819,-1
53097.232417656,4,9157,100,4024353,1
53098.383904785,1,9158,100,4023511,-1
53099.261316241,3,9153,100,4038814,-1
53100.163670542,4,9158,100,4023511,-1
53100.712231899,1,9159,100,4024789,1
53101.797359344,3,9159,100,4024789,1
53102.527228594,3,9156,100,4034914,-1
53103.47821781,4,9152,100,4033630,-1
53104.644764427,5,9155,100,4032795,-1
53105.09343207,1,9160,100,4025368,-1
53105.950660802,3,9160,100,4025368,-1
53106.548607041,1,9161,100,4021406,1
53106.990319391,1,9162,100,4038373,-1
53108.085109115,1,9163,100,4041220,1
53108.605051277,3,9162,100,4038373,-1
53109.222367221,1,9164,100,4037737,-1
53109.64503638,4,9163,100,4041220,1
53110.521424042,3,9164,100,4037737,-1
53111.629399171,3,9161,100,4021406,1
53112.42896418,1,9165,100,4032712,1
53113.520060132,3,9165,100,4032712,1
53114.047713058,1,9166,100,4039644,-1
53114.865933497,3,9166,100,4039644,-1
53115.698868228,1,9167,100,4039835,1
53116.731500926,1,9168,100,4041012,-1
53117.408408957,3,9168,100,4041012,-1
53118.361767325,1,9169,100,4037994,1
53119.279175589,1,9170,100,4033809,1
53119.810175585,1,9171,100,4040474,-1
53120.357821919,1,9172,100,4030208,1
53121.454763739,3,9171,100,4040474,-1
53122.15560534,4,9167,100,4039835,1
53124.37208931,1,9173,100,4035711,1
53124.77121224,4,9172,100,4030208,1
53125.788249168,5,9169,100,4037994,1
53127.003981248,4,9173,100,4035711,1
53127.941994118,3,9170,100,4033809,1
53128.982361852,1,9174,100,4034313,-1
53130.029301614,3,9174,100,4034313,-1
53130.588564259,1,9175,100,4025388,1
53131.56820888,4,9175,100,4025388,1
53131.987762496,1,9176,100,4022195,-1
53133.211643088,5,9176,100,4022195,-1
53133.765315817,1,9177,100,4018012,-1
53134.181039535,4,9177,100,4018012,-1
53134.71458594,1,9178,100,4026118,1
53135.179838581,3,9178,100,4026118,1
53135.65823503,1,9179,100,4021871,1
53136.606869199,5,9179,100,4021871,1
53137.204558958,1,9180,100,4033019,-1
53137.956720987,1,9181,100,4034264,1
53138.607783216,3,9180,100,4033019,-1
53139.165818192,1,9182,100,4033832,1
53140.110734771,1,9183,100,4031517,1
53140.753658514,4,9181,100,4034264,1
53141.567589612,3,9182,100,4033832,1
53143.011753803,1,9184,100,4036777,1
53144.118666198,5,9184,100,4036777,1
53144.609069438,3,9183,100,4031517,1
53145.553712948,1,9185,100,4037338,1
53146.342707671,5,9185,100,4037338,1
53147.181863363,1,9186,100,4039950,1
53148.128301676,4,9186,100,4039950,1
53148.588966178,1,9187,100,4032781,1
53149.604994497,1,9188,100,4032273,1
53150.479342435,3,9188,100,4032273,1
53151.180749555,4,9187,100,4032781,1
53152.131017707,1,9189,100,4021915,-1
53152.72442542,4,9189,100,4021915,-1
53153.329554132,1,9190,100,4026602,1
53153.781311793,3,9190,100,4026602,1
53154.611876094,1,9191,100,4027665,1
53155.18241676,1,9192,100,4036189,-1
53155.758938493,5,9192,100,4036189,-1
53156.37097368,1,9193,100,4026425,1
53156.82818115,3,9191,100,4027665,1
53157.408225194,1,9194,100,4035122,-1
53158.226945703,1,9195,100,4037329,-1
53159.12922847,1,9196,100,4040865,-1
53159.992504123,3,9195,100,4037329,-1
53161.486432981,5,9194,100,4035122,-1
53161.936731918,1,9197,100,4036515,1
53162.75740798,1,9198,100,4034514,1
53163.905526825,1,9199,100,4043673,-1
53165.017929482,1,9200,100,4041032,-1
53165.835579576,3,9197,100,4036515,1
53166.641709878,3,9200,100,4041032,-1
53167.41023902,4,9199,100,4043673,-1
53168.268620471,3,9193,100,4026425,1
53169.257511649,3,9196,100,4040865,-1
53170.366016755,3,9198,100,4034514,1
53171.214177545,1,9201,100,4032474,-1
53171.904852141,1,9202,100,4031439,-1
53172.956046314,1,9203,100,4030638,-1
53173.986656546,1,9204,100,4028659,-1
53174.442860222,1,9205,100,4033153,-1
53175.507642497,1,9206,100,4027200,-1
53176.445338661,3,9202,100,4031439,-1
53178.402975937,4,9204,100,4028659,-1
53179.296435952,1,9207,100,4027646,1
53179.705001464,5,9201,100,4032474,-1
53180.744741168,1,9208,100,4033954,1
53181.77889964,1,9209,100,4039896,1
53182.843388254,1,9210,100,4035047,1
53183.718720442,3,9209,100,4039896,1
53184.685825929,1,9211,100,4037506,1
53186.536297153,3,9203,100,4030638,-1
53187.627020057,1,9212,100,4048615,-1
53188.741377945,4,9206,100,4027200,-1
53189.440597609,1,9213,100,4031296,-1
53190.523167246,4,9213,100,4031296,-1
53191.561692571,3,9210,100,4035047,1
53192.626732632,5,9208,100,4033954,1
53194.900394423,5,9207,100,4027646,1
53195.657488795,4,9211,100,4037506,1
53196.524278982,4,9212,100,4048615,-1
53198.48651965,1,9214,100,4032316,1
53199.496558482,4,9205,100,4033153,-1
53200.001972128,1,9215,100,4031861,-1
53200.836964767,3,9214,100,4032316,1
53201.912039114,1,9216,100,4035708,1
53202.42628232,5,9215,100,4031861,-1
53202.903607293,3,9216,100,4035708,1
53203.512643461,1,9217,100,4034992,1
53203.99569155,1,9218,100,4036688,-1
53205.15009176,4,9217,100,4034992,1
53206.072913562,3,9218,100,4036688,-1
53207.149403564,1,9219,100,4035548,-1
53207.89617683,1,9220,100,4030095,1
53208.386771647,4,9219,100,4035548,-1
53209.477708522,4,9220,100,4030095,1
53210.084327088,1,9221,100,4036275,-1
53210.501800066,3,9221,100,4036275,-1
53211.220648255,1,9222,100,4028404,1
53212.356718036,3,9222,100,4028404,1
53212.95601703,1,9223,100,4024002,1
53213.940962302,1,9224,100,4026475,1
53214.601161521,3,9224,100,4026475,1
53215.533612659,3,9223,100,4024002,1
53216.087694935,1,9225,100,4027801,-1
53216.989985026,1,9226,100,4029946,-1
53218.114774541,4,9225,100,4027801,-1
53218.974175287,3,9226,100,4029946,-1
53219.545143342,1,9227,100,4020943,1
53220.565656095,1,9228,100,4019271,1
53221.684553275,5,9227,100,4020943,1
53222.258676537,3,9228,100,4019271,1
53223.315007548,1,9229,100,4011171,-1
53224.182367863,5,9229,100,4011171,-1
53225.260847615,1,9230,100,4011771,-1
53226.255661358,3,9230,100,4011771,-1
53227.259811417,1,9231,100,4015140,-1
53227.912168754,1,9232,100,4017978,-1
53228.492713857,1,9233,100,4019882,-1
53229.464883691,3,9231,100,4015140,-1
53230.34232167,1,9234,100,4009160,-1
53231.186740081,1,9235,100,3998511,1
53231.873253851,4,9235,100,3998511,1
53232.263884654,4,9232,100,4017978,-1
53233.350257177,1,9236,100,3997159,1
53233.958783509,1,9237,100,4001388,-1
53234.471121462,3,9236,100,3997159,1
53235.303344144,1,9238,100,3997912,1
53236.243864287,1,9239,100,3992917,-1
53237.372088554,3,9237,100,4001388,-1
53238.1942482,3,9238,100,3997912,1
53239.080385241,4,9239,100,3992917,-1
53239.932996832,1,9240,100,3994512,1
53240.976935448,5,9240,100,3994512,1
53242.814276336,1,9241,100,3998139,1
53243.204034269,3,9234,100,4009160,-1
53244.324504122,3,9233,100,4019882,-1
53245.358214696,1,9242,100,4002354,1
53246.120439677,1,9243,100,4013578,-1
53246.949077485,3,9242,100,4002354,1
53247.353210071,1,9244,100,4019283,1
53248.327356569,1,9245,100,4023060,-1
53249.203422103,1,9246,100,4022305,-1
53250.149775488,3,9241,100,3998139,1
53251.138161057,4,9243,100,4013578,-1
53252.169281033,1,9247,100,4026154,1
53253.169908056,1,9248,100,4024938,1
53254.10137087,1,9249,100,4021105,-1
53255.200992097,3,9245,100,4023060,-1
53256.351354817,4,9246,100,4022305,-1
53257.144883416,1,9250,100,4019650,1
53257.906870403,1,9251,100,4019840,-1
53258.912892621,4,9249,100,4021105,-1
53259.579406876,1,9252,100,4027790,-1
53260.395512298,1,9253,100,4023458,-1
53260.822160429,3,9252,100,4027790,-1
53261.441140482,4,9253,100,4023458,-1
53261.838991378,4,9251,100,4019840,-1
53262.89213933,1,9254,100,4027137,-1
53264.794318435,1,9255,100,4033512,-1
53265.671160189,4,9254,100,4027137,-1
53266.494090512,3,9247,100,4026154,1
53267.343290591,3,9250,100,4019650,1
53268.464538306,3,9244,100,4019283,1
53268.920467296,5,9255,100,4033512,-1
53269.39867423,3,9248,100,4024938,1
53269.842591095,1,9256,100,4047398,1
53270.981795526,1,9257,100,4057165,-1
53272.266639205,4,9257,100,4057165,-1
53272.854926249,5,9256,100,4047398,1
53273.67722643,1,9258,100,4041784,1
53274.564785832,4,9258,100,4041784,1
53275.382253771,1,9259,100,4047918,1
53275.830154848,3,9259,100,4047918,1
53276.26027716,1,9260,100,4047460,-1
53278.192660902,3,9260,100,4047460,-1
53279.13899103,1,9261,100,4062521,1
53282.501565605,5,9261,100,4062521,1
53283.449638745,1,9262,100,4074835,1
53284.07409078,1,9263,100,4072675,1
53284.842979712,1,9264,100,4072500,1
53285.932269901,4,9262,100,4074835,1
53286.507917388,1,9265,100,4071345,-1
53287.345690756,3,9265,100,4071345,-1
53288.846741503,1,9266,100,4078352,1
53289.764600324,1,9267,100,4080780,1
53290.721170586,1,9268,100,4073498,1
53291.869167163,3,9267,100,4080780,1
53292.620789809,1,9269,100,4070047,1
53293.619460913,5,9263,100,4072675,1
53294.255236797,4,9264,100,4072500,1
53294.735352572,1,9270,100,4063228,1
53295.690617315,3,9266,100,4078352,1
53296.713815025,4,9269,100,4070047,1
53297.120834176,3,9270,100,4063228,1
53298.080593672,1,9271,100,4071515,-1
53299.22438531,1,9272,100,4070452,1
53299.676277584,4,9268,100,4073498,1
53300.657872512,1,9273,100,4067650,1
53301.518664512,1,9274,100,4065898,1
53301.941507242,1,9275,100,4072219,1
53302.86603506,3,9274,100,4065898,1
53303.932674691,4,9275,100,4072219,1
53304.826857655,1,9276,100,4071723,-1
53306.041828612,1,9277,100,4068148,1
53307.162344092,1,9278,100,4071744,1
53307.740685454,5,9272,100,4070452,1
53308.25036631,1,9279,100,4075986,1
53308.870028267,1,9280,100,4080325,1
53310.804903667,4,9276,100,4071723,-1
53311.220117204,1,9281,100,4093350,-1
53312.310699299,3,9279,100,4075986,1
53313.216723238,3,9277,100,4068148,1
53313.67453534,4,9271,100,4071515,-1
53314.42447115,5,9281,100,4093350,-1
53314.932049659,1,9282,100,4091552,1
53315.559248889,4,9282,100,4091552,1
53318.206799572,1,9283,100,4098751,-1
53318.871454156,1,9284,100,4099055,1
53319.319300986,1,9285,100,4097639,1
53319.732608991,1,9286,100,4102458,-1
53320.508625506,1,9287,100,4106001,-1
53321.12121409,3,9278,100,4071744,1
53322.035709842,1,9288,100,4106593,1
53322.704118384,3,9285,100,4097639,1
53323.469316648,1,9289,100,4106382,-1
53324.402468809,3,9288,100,4106593,1
53325.512320985,1,9290,100,4110833,-1
53326.130623026,1,9291,100,4109105,-1
53326.738204494,3,9280,100,4080325,1
53327.722956663,3,9290,100,4110833,-1
53328.543239732,1,9292,100,4109132,1
53329.218849753,1,9293,100,4109779,1
53329.837737705,5,9291,100,4109105,-1
53331.027512524,3,9293,100,4109779,1
53331.410874826,5,9284,100,4099055,1
53332.235345728,5,9286,100,4102458,-1
53333.275421447,1,9294,100,4113397,1
53333.821088862,1,9295,100,4110561,-1
53334.242570259,1,9296,100,4104545,1
53334.772230574,3,9296,100,4104545,1
53335.323270014,1,9297,100,4104409,1
53336.05533761,1,9298,100,4102808,1
53336.58145214,3,9295,100,4110561,-1
53338.104389429,3,9294,100,4113397,1
53339.747402949,4,9287,100,4106001,-1
53340.366175742,3,9292,100,4109132,1
53341.162406878,1,9299,100,4099169,-1
53341.81080526,1,9300,100,4098105,1
53342.459142232,1,9301,100,4097146,1
53343.154380963,1,9302,100,4102408,1
53343.629317177,1,9303,100,4109522,-1
53344.570470438,4,9283,100,4098751,-1
53345.39678954,4,9289,100,4106382,-1
53346.259959995,3,9302,100,4102408,1
53347.048487603,1,9304,100,4115680,1
53347.842971231,4,9304,100,4115680,1
53348.811859882,5,9303,100,4109522,-1
53349.909733333,5,9273,100,4067650,1
53350.426976221,1,9305,100,4100943,-1
53350.837831758,3,9301,100,4097146,1
53351.231117702,1,9306,100,4100783,1
53352.181864993,3,9300,100,4098105,1
53353.056059437,3,9306,100,4100783,1
53353.668050761,1,9307,100,4105903,1
53354.382362455,1,9308,100,4104598,1
53355.221742828,1,9309,100,4111839,-1
53355.818890068,1,9310,100,4111732,-1
53356.599093692,3,9298,100,4102808,1
53357.302514345,1,9311,100,4113396,-1
53358.182255293,1,9312,100,4106892,1
53359.054573092,3,9297,100,4104409,1
53359.578343908,4,9312,100,4106892,1
53360.530388525,1,9313,100,4097464,1
53361.404707233,1,9314,100,4096249,1
53362.334248479,3,9308,100,4104598,1
53362.951037933,1,9315,100,4103855,-1
53364.688272051,4,9305,100,4100943,-1
53365.219171045,5,9310,100,4111732,-1
53365.626922086,3,9314,100,4096249,1
53366.031315131,1,9316,100,4099810,1
53366.551996513,4,9299,100,4099169,-1
53367.511191801,1,9317,100,4113284,1
53368.447416416,5,9307,100,4105903,1
53368.887162412,3,9315,100,4103855,-1
53369.867178085,5,9313,100,4097464,1
53370.505318462,1,9318,100,4110650,-1
53371.618525355,4,9317,100,4113284,1
53372.398874556,5,9311,100,4113396,-1
53373.331237409,1,9319,100,4105515,-1
53373.946785928,4,9319,100,4105515,-1
53374.793775175,1,9320,100,4109554,-1
53375.629291689,4,9309,100,4111839,-1
53376.273090621,4,9318,100,4110650,-1
53376.941404868,3,9316,100,4099810,1
53378.441651858,1,9321,100,4106331,-1
53378.968958718,3,9320,100,4109554,-1
53379.436398942,1,9322,100,4108629,-1
53380.118379956,4,9322,100,4108629,-1
53380.510411362,4,9321,100,4106331,-1
53380.969983315,1,9323,100,4102662,-1
53382.063697966,4,9323,100,4102662,-1
53382.554362131,1,9324,200,4099976,-1
53383.335533239,1,9325,100,4101800,-1
53384.234898623,3,9325,100,4101800,-1
53384.653726912,2,9324,100,4099976,-1
53385.73008863,3,9324,100,4099976,-1
53386.796387831,1,9326,100,4095343,1
53387.431941564,3,9326,100,4095343,1
53388.562960089,1,9327,100,4100820,1
53389.601430576,4,9327,100,4100820,1
53390.33953903,1,9328,100,4096074,-1
53392.212686133,1,9329,100,4085419,1
53392.828114866,3,9329,100,4085419,1
53393.949753023,1,9330,100,4082380,-1
53394.384243477,1,9331,100,4081597,1
53394.854483537,1,9332,100,4088603,-1
53395.30989519,4,9330,100,4082380,-1
53395.825450748,4,9332,100,4088603,-1
53397.742910643,1,9333,100,4101597,-1
53398.217149604,4,9328,100,4096074,-1
53398.66789239,1,9334,100,4095490,1
53399.265932589,1,9335,100,4104888,-1
53400.2034206,1,9336,100,4104739,-1
53401.026847462,1,9337,100,4107388,-1
53401.659448468,1,9338,100,4106698,-1
53402.129277136,1,9339,100,4106306,-1
53403.652406539,1,9340,100,4099015,1
53404.13719154,1,9341,100,4099915,-1
53404.97438837,4,9341,100,4099915,-1
53405.979548921,3,9340,100,4099015,1
53406.74832747,3,9335,100,4104888,-1
53407.536626901,5,9337,100,4107388,-1
53408.259576248,1,9342,100,4098285,-1
53408.880317094,1,9343,100,4093837,-1
53410.836134049,1,9344,100,4091256,-1
53411.471799398,1,9345,100,4084039,-1
53412.144486803,3,9338,100,4106698,-1
53412.52410807,1,9346,100,4087084,-1
53413.280863065,3,9346,100,4087084,-1
53413.788572186,3,9334,100,4095490,1
53415.651021908,3,9339,100,4106306,-1
53416.360785817,4,9331,100,4081597,1
53417.448027639,3,9336,100,4104739,-1
53418.240941109,3,9343,100,4093837,-1
53419.267822284,1,9347,100,4088384,-1
53420.055461674,1,9348,100,4089664,-1
53420.624312925,3,9348,100,4089664,-1
53421.567442143,4,9345,100,4084039,-1
53422.322740875,1,9349,100,4089144,-1
53422.866279605,5,9333,100,4101597,-1
53423.811960972,1,9350,100,4096484,-1
53425.117753833,3,9344,100,4091256,-1
53426.20328953,5,9349,100,4089144,-1
53427.915201143,1,9351,100,4104342,-1
53428.703558392,3,9342,100,4098285,-1
53429.279636777,4,9347,100,4088384,-1
53430.026069718,4,9350,100,4096484,-1
53430.5473632,1,9352,100,4113719,-1
53431.401813811,3,9352,100,4113719,-1
53431.967982188,3,9351,100,4104342,-1
53432.437689778,1,9353,100,4108224,-1
53433.220781851,1,9354,100,4105345,-1
53433.684034533,3,9353,100,4108224,-1
53434.157294659,5,9354,100,4105345,-1
53434.941417055,1,9355,100,4108578,1
53435.404469409,4,9355,100,4108578,1
53435.947262419,1,9356,100,4114659,-1
53436.981895681,3,9356,100,4114659,-1
53437.639447153,1,9357,100,4109693,-1
53438.125641108,1,9358,100,4110344,-1
53438.533226267,5,9358,100,4110344,-1
53439.056145469,5,9357,100,4109693,-1
53439.946687064,1,9359,100,4102900,-1
53440.45830669,3,9359,100,4102900,-1
53441.483335728,1,9360,100,4098924,-1
53443.334141518,1,9361,100,4097147,1
53444.866689987,4,9360,100,4098924,-1
53445.262657914,4,9361,100,4097147,1
53445.876356141,1,9362,100,4095546,1
53446.830064132,4,9362,100,4095546,1
53447.651289345,1,9363,100,4095658,1
53448.204502688,4,9363,100,4095658,1
53448.930718974,1,9364,100,4095174,1
53450.014033143,1,9365,100,4093494,1
53450.705273054,4,9365,100,4093494,1
53451.488923326,4,9364,100,4095174,1
53452.560149983,1,9366,100,4090501,-1
53453.525962188,1,9367,100,4092521,-1
53453.964802236,1,9368,100,4085362,1
53454.676664713,1,9369,100,4092138,-1
53455.735664611,3,9366,100,4090501,-1
53456.771124009,1,9370,100,4085384,-1
53457.295348879,3,9369,100,4092138,-1
53458.212939623,1,9371,100,4079996,-1
53458.852537584,1,9372,100,4080282,1
53459.43408734,1,9373,100,4078909,-1
53459.987137216,3,9372,100,4080282,1
53460.539218518,1,9374,100,4081031,-1
53461.291889134,1,9375,100,4078547,-1
53461.751426866,1,9376,100,4078122,-1
53462.86428479,1,9377,100,4078016,-1
53463.273933072,1,9378,100,4070353,-1
53464.044640721,3,9374,100,4081031,-1
53465.059006087,4,9368,100,4085362,1
53465.515545457,1,9379,100,4066527,1
53466.236344589,4,9378,100,4070353,-1
53467.075147468,1,9380,100,4067159,1
53468.176039625,3,9380,100,4067159,1
53468.840792668,3,9370,100,4085384,-1
53469.681027421,3,9375,100,4078547,-1
53470.450118382,1,9381,100,4088968,-1
53471.177882955,3,9381,100,4088968,-1
53472.00139746,3,9367,100,4092521,-1
53472.795082868,1,9382,100,4095784,-1
53473.689779127,1,9383,100,4096150,1
53474.153068721,1,9384,100,4091562,-1
53475.031259379,3,9384,100,4091562,-1
53475.680858896,3,9376,100,4078122,-1
53477.69773311,4,9373,100,4078909,-1
53478.247520566,1,9385,100,4102809,-1
53479.19515479,1,9386,100,4097272,1
53480.056891707,3,9377,100,4078016,-1
53480.736105724,3,9383,100,4096150,1
53481.629557394,3,9385,100,4102809,-1
53482.088508185,1,9387,100,4091403,-1
53483.042544403,1,9388,100,4087605,1
53483.630751176,1,9389,100,4091727,1
53484.075801141,1,9390,100,4091109,-1
53484.768714651,3,9386,100,4097272,1
53485.432396192,3,9388,100,4087605,1
53486.431573491,1,9391,100,4083712,1
53487.029081012,3,9391,100,4083712,1
53488.021043704,3,9389,100,4091727,1
53489.453906859,5,9390,100,4091109,-1
53490.451176935,1,9392,100,4093458,1
53491.28954829,3,9382,100,4095784,-1
53492.039275097,1,9393,100,4086854,1
53492.736487902,3,9393,100,4086854,1
53493.581519938,1,9394,100,4099962,-1
53494.164313748,1,9395,100,4095069,1
53494.850059072,1,9396,100,4099414,-1
53495.394195932,5,9392,100,4093458,1
53496.038476917,5,9387,100,4091403,-1
53496.655817101,1,9397,100,4098502,1
53497.086503362,3,9396,100,4099414,-1
53497.50864541,5,9397,100,4098502,1
53498.664685232,3,9379,100,4066527,1
53499.457674161,1,9398,100,4097950,-1
53500.381753124,1,9399,100,4093108,-1
53501.200401648,3,9371,100,4079996,-1
53502.246537014,1,9400,100,4090220,1
53502.721924474,1,9401,100,4087065,1
53504.563041115,1,9402,100,4092401,-1
53504.952105605,1,9403,100,4098355,1
53505.774197108,3,9394,100,4099962,-1
53506.39881191,1,9404,100,4092627,1
53507.139489276,1,9405,100,4094330,-1
53508.441037641,4,9395,100,4095069,1
53509.552644245,4,9399,100,4093108,-1
53510.130967755,1,9406,100,4091434,-1
53510.678338644,1,9407,100,4086037,1
53511.739466073,1,9408,100,4089729,-1
53512.413271446,1,9409,100,4083463,1
53513.362911731,5,9403,100,4098355,1
53514.454142541,1,9410,100,4089143,-1
53515.317348978,1,9411,200,4091063,1
53516.429273965,3,9407,100,4086037,1
53516.90682187,4,9410,100,4089143,-1
53517.458746587,3,9408,100,4089729,-1
53518.073528519,1,9412,100,4088625,1
53518.762013314,1,9413,100,4091418,-1
53519.233291189,4,9411,100,4091063,1
53520.006026599,3,9402,100,4092401,-1
53520.484507057,4,9409,100,4083463,1
53520.869298616,3,9412,100,4088625,1
53521.605003096,3,9413,100,4091418,-1
53522.426839402,4,9400,100,4090220,1
53522.88103944,4,9401,100,4087065,1
53523.383345794,4,9404,100,4092627,1
53524.457532884,3,9398,100,4097950,-1
53524.911368927,1,9414,100,4061764,-1
53525.758657281,3,9411,100,4091063,1
53526.382287272,1,9415,100,4064904,1
53527.935998623,3,9414,100,4061764,-1
53528.533872015,1,9416,100,4070593,1
53529.581728613,3,9415,100,4064904,1
53530.338038609,3,9416,100,4070593,1
53531.239665831,3,9405,100,4094330,-1
53531.656073615,1,9417,100,4067737,1
53532.736443451,1,9418,100,4060266,1
53533.47810077,3,9417,100,4067737,1
53534.055863471,4,9406,100,4091434,-1
53534.705323557,1,9419,100,4060347,-1
53535.376411462,5,9419,100,4060347,-1
53536.402848901,5,9418,100,4060266,1
53536.782538439,1,9420,100,4057562,-1
53537.415157861,1,9421,100,4048598,1
53539.097038689,1,9422,100,4052972,-1
53539.940293057,5,9421,100,4048598,1
53540.941893421,1,9423,100,4037861,1
53541.681791432,1,9424,100,4036495,1
53542.231001282,4,9424,100,4036495,1
53543.023631049,3,9423,100,4037861,1
53543.652537255,1,9425,100,4039442,-1
53544.741739722,4,9422,100,4052972,-1
53546.152412866,4,9425,100,4039442,-1
53547.070192385,1,9426,100,4038753,1
53548.528493664,3,9420,100,4057562,-1
53549.017590424,1,9427,100,4047100,-1
53549.883002818,1,9428,100,4050464,-1
53550.723503434,3,9427,100,4047100,-1
53551.604340529,1,9429,100,4050127,1
53552.572353574,3,9426,100,4038753,1
53554.104686738,3,9429,100,4050127,1
53555.089684475,1,9430,100,4044670,-1
53555.513559958,3,9428,100,4050464,-1
53556.33145833,1,9431,100,4044597,1
53557.073014699,1,9432,100,4044436,1
53558.141341004,1,9433,100,4049975,1
53558.778803363,5,9431,100,4044597,1
53559.359974128,3,9433,100,4049975,1
53560.383097731,1,9434,100,4039323,-1
53560.814790886,3,9432,100,4044436,1
53561.385973695,1,9435,100,4040812,-1
53562.080867255,4,9434,100,4039323,-1
53562.926640929,3,9430,100,4044670,-1
53563.436070031,1,9436,100,4038901,1
53564.4834761,5,9435,100,4040812,-1
53565.23122605,3,9436,100,4038901,1
53566.037416507,1,9437,100,4035942,-1
53566.543578786,5,9437,100,4035942,-1
53567.351079453,1,9438,100,4048515,-1
53567.850868,1,9439,100,4049335,-1
53568.637693125,1,9440,100,4048652,-1
53569.087192783,3,9438,100,4048515,-1
53570.882923471,3,9440,100,4048652,-1
53571.574042745,1,9441,100,4039523,1
53572.302912808,3,9439,100,4049335,-1
53573.126208864,1,9442,100,4047754,1
53573.964014723,1,9443,100,4052581,1
53574.994338053,1,9444,100,4051656,-1
53575.500833841,3,9443,100,4052581,1
53575.976714421,1,9445,100,4053714,1
53576.961244293,1,9446,100,4065143,-1
53577.969211876,5,9444,100,4051656,-1
53578.600022531,1,9447,100,4063773,-1
53579.427000073,4,9446,100,4065143,-1
53579.837985975,1,9448,100,4060970,1
53580.24234864,3,9445,100,4053714,1
53581.346766753,3,9447,100,4063773,-1
53582.389319638,1,9449,100,4059526,1
53583.459608401,3,9441,100,4039523,1
53583.999181908,4,9448,100,4060970,1
53584.444420039,1,9450,100,4062682,1
53585.225216322,5,9449,100,4059526,1
53585.985870409,4,9450,100,4062682,1
53587.595920778,5,9442,100,4047754,1
53588.342508194,1,9451,100,4075545,-1
53589.164656305,3,9451,100,4075545,-1
53589.861541671,1,9452,100,4074950,1
53591.171453422,3,9452,100,4074950,1
53591.694914686,1,9453,100,4066879,1
53593.315654165,3,9453,100,4066879,1
53594.044243437,1,9454,100,4057110,1
53594.897303527,3,9454,100,4057110,1
53595.715688717,1,9455,100,4055633,1
53596.598770854,1,9456,100,4060752,-1
53597.355842925,3,9456,100,4060752,-1
53598.423788219,1,9457,100,4055550,-1
53599.411201053,1,9458,100,4052656,-1
53600.165268017,1,9459,100,4052771,1
53600.981690557,1,9460,200,4056382,-1
53602.084298263,5,9459,100,4052771,1
53602.82550856,4,9455,100,4055633,1
53603.220728327,4,9458,100,4052656,-1
53603.599093558,5,9457,100,4055550,-1
53604.037193983,1,9461,100,4053284,-1
53604.808000341,5,9460,100,4056382,-1
53605.403283201,1,9462,100,4042444,-1
53606.270004941,3,9460,100,4056382,-1
53606.879057975,1,9463,100,4038555,-1
53607.673654271,1,9464,100,4044159,1
53608.616083434,4,9463,100,4038555,-1
53609.331112041,1,9465,100,4057111,-1
53610.147143237,1,9466,100,4055812,1
53610.914193616,1,9467,100,4052049,1
53611.57688418,3,9464,100,4044159,1
53613.289459881,5,9462,100,4042444,-1
53614.888308565,3,9467,100,4052049,1
53615.509534808,4,9465,100,4057111,-1
53616.457118625,3,9461,100,4053284,-1
53617.462435065,1,9468,100,4054784,1
53618.144381264,5,9466,100,4055812,1
53619.038426263,4,9468,100,4054784,1
53619.557726974,1,9469,100,4051763,1
53620.288498569,1,9470,100,4056648,1
53622.469505287,5,9469,100,4051763,1
53623.254053456,3,9470,100,4056648,1
53624.045890699,1,9471,100,4053498,1
53624.765074286,3,9471,100,4053498,1
53625.544926926,1,9472,100,4061907,1
53626.515781253,4,9472,100,4061907,1
53627.331874744,1,9473,100,4057336,1
53628.275751155,5,9473,100,4057336,1
53629.069832185,1,9474,100,4048706,1
53629.880809073,1,9475,100,4043104,-1
53630.880663821,3,9474,100,4048706,1
53631.448082067,4,9475,100,4043104,-1
53632.357941981,1,9476,100,4033083,1
53633.218761061,4,9476,100,4033083,1
53633.852615594,1,9477,100,4035508,-1
53634.557834398,1,9478,100,4034357,-1
53635.488757816,3,9477,100,4035508,-1
53636.000533447,1,9479,100,4031469,-1
53636.504100426,3,9478,100,4034357,-1
53637.530093972,3,9479,100,4031469,-1
53638.226720032,1,9480,100,4031771,-1
53639.320958244,1,9481,100,4033461,-1
53639.834557877,3,9481,100,4033461,-1
53640.56943176,1,9482,100,4030791,-1
53641.540598403,4,9482,100,4030791,-1
53642.399421307,4,9480,100,4031771,-1
53642.979396249,1,9483,100,4031330,1
53644.58534316,1,9484,100,4032743,-1
53645.175046781,3,9483,100,4031330,1
53646.182081659,1,9485,100,4025095,-1
53646.850628049,3,9485,100,4025095,-1
53647.679387287,1,9486,100,4022644,-1
53648.456322183,1,9487,100,4029795,-1
53649.525099366,5,9486,100,4022644,-1
53650.260881433,4,9487,100,4029795,-1
53650.657718285,1,9488,100,4026885,1
53651.696461387,1,9489,100,4024467,-1
53652.768251805,5,9488,100,4026885,1
53653.771412609,3,9484,100,4032743,-1
53654.801723141,1,9490,100,4024628,1
53655.474244158,4,9489,100,4024467,-1
53656.479478726,1,9491,100,4036003,-1
53656.978110037,1,9492,100,4038678,-1
53657.801973749,3,9490,100,4024628,1
53658.861607771,1,9493,100,4028622,1
53659.329085047,1,9494,100,4037875,-1
53659.775341435,1,9495,100,4037771,-1
53660.149530636,5,9495,100,4037771,-1
53661.064719712,3,9493,100,4028622,1
53661.506685323,4,9494,100,4037875,-1
53661.88278717,1,9496,100,4048754,-1
53662.916097593,1,9497,100,4045461,1
53663.960308737,1,9498,100,4050795,-1
53664.429811981,3,9498,100,4050795,-1
53665.493645688,3,9496,100,4048754,-1
53666.228410143,1,9499,100,4034383,1
53666.807292775,3,9492,100,4038678,-1
53667.470904714,1,9500,100,4040849,1
53668.016501284,3,9500,100,4040849,1
53668.64726485,1,9501,100,4035469,-1
53669.655571652,3,9491,100,4036003,-1
53670.480072874,3,9499,100,4034383,1
53671.120747461,1,9502,100,4036810,1
53671.565807569,3,9502,100,4036810,1
53672.084384979,4,9497,100,4045461,1
53672.713711983,5,9501,100,4035469,-1
53673.166361585,1,9503,100,4033214,-1
53674.736360618,3,9503,100,4033214,-1
53675.119624915,1,9504,100,4032166,-1
53676.448730328,3,9504,100,4032166,-1
53677.339068259,1,9505,100,4032658,-1
53678.31281107,1,9506,100,4025626,1
53678.9951277,3,9506,100,4025626,1
53679.771737026,1,9507,100,4026308,-1
53680.655436003,1,9508,100,4024973,-1
53681.622853839,1,9509,100,4022554,1
53682.490045517,4,9508,100,4024973,-1
53682.920278904,3,9509,100,4022554,1
53683.585800352,1,9510,100,4033980,1
53684.163089944,3,9510,100,4033980,1
53685.789132334,3,9505,100,4032658,-1
53686.797285086,3,9507,100,4026308,-1
53687.172752755,1,9511,100,4016972,1
53687.975002111,3,9511,100,4016972,1
53688.489590081,1,9512,100,4022149,1
53689.548046284,1,9513,100,4029937,-1
53690.193745138,4,9513,100,4029937,-1
53690.87215179,1,9514,100,4023410,1
53691.561653259,3,9514,100,4023410,1
53692.023509295,1,9515,100,4022501,-1
53693.034877547,3,9515,100,4022501,-1
53693.970293623,1,9516,100,4021266,-1
53694.479297096,1,9517,100,4023010,-1
53695.056348408,1,9518,100,4019207,-1
53695.883989803,3,9516,100,4021266,-1
53696.49872083,3,9517,100,4023010,-1
53696.948908666,1,9519,100,4015528,1
53697.582886185,3,9512,100,4022149,1
53698.425088449,1,9520,100,4012564,1
53699.335721014,3,9519,100,4015528,1
53700.318911821,5,9518,100,4019207,-1
53701.9696822,3,9520,100,4012564,1
53702.517523911,1,9521,100,4020111,-1
53703.521337363,1,9522,100,4024236,-1
53703.967441268,3,9521,100,4020111,-1
53704.852339018,1,9523,100,4021847,1
53705.742676044,1,9524,100,4017614,1
53706.689320425,3,9523,100,4021847,1
53707.323192269,3,9524,100,4017614,1
53708.261540037,1,9525,100,4027617,-1
53709.229469603,4,9525,100,4027617,-1
53710.324408675,1,9526,100,4031643,-1
53711.152292986,4,9522,100,4024236,-1
53712.277868207,3,9526,100,4031643,-1
53713.278036507,1,9527,100,4030320,1
53714.092361521,4,9527,100,4030320,1
53714.953147904,1,9528,100,4037558,1
53715.957187116,1,9529,100,4040629,1
53716.347828886,1,9530,100,4040762,-1
53716.88117033,1,9531,100,4050263,-1
53717.650368912,1,9532,100,4048648,-1
53718.292614396,3,9529,100,4040629,1
53719.093810934,1,9533,100,4050709,1
53720.159742875,1,9534,100,4048107,-1
53720.983689587,4,9533,100,4050709,1
53721.611534798,4,9530,100,4040762,-1
53722.278799234,1,9535,100,4044677,1
53723.202095351,4,9535,100,4044677,1
53723.697972347,1,9536,100,4050963,-1
53724.56932999,3,9536,100,4050963,-1
53725.611295594,1,9537,100,4049124,1
53726.021664918,1,9538,100,4057545,-1
53726.931983586,1,9539,100,4049637,-1
53727.454113117,4,9532,100,4048648,-1
53728.446653858,3,9528,100,4037558,1
53729.254409345,1,9540,100,4055995,-1
53730.167885278,3,9534,100,4048107,-1
53732.041049379,1,9541,100,4054453,-1
53732.74208714,1,9542,100,4056963,1
53733.251277292,1,9543,100,4056341,1
53733.701297646,1,9544,100,4060039,-1
53734.192105533,3,9539,100,4049637,-1
53735.071359614,1,9545,100,4048732,1
53735.718378493,1,9546,100,4040761,1
53736.510718242,1,9547,100,4027898,1
53737.309923748,1,9548,100,4027611,-1
53738.819901225,1,9549,100,4019509,1
53740.619884888,3,9544,100,4060039,-1
53741.201254158,4,9549,100,4019509,1
53741.942892329,4,9543,100,4056341,1
53742.892019423,3,9531,100,4050263,-1
53743.464490807,1,9550,100,4014659,1
53743.982101958,3,9538,100,4057545,-1
53744.929745501,3,9548,100,4027611,-1
53745.973842173,1,9551,100,4023397,1
53746.800960028,1,9552,100,4026985,1
53747.664941236,3,9545,100,4048732,1
53748.483319647,4,9547,100,4027898,1
53749.161047906,1,9553,100,4023902,-1
53750.487894419,1,9554,100,4024282,-1
53751.191478737,1,9555,100,4019413,-1
53751.824743624,3,9550,100,4014659,1
53752.793030098,1,9556,100,4026731,-1
53753.438222149,1,9557,100,4024442,-1
53754.063213463,1,9558,100,4019272,1
53754.548450296,1,9559,100,4017651,1
53755.256458689,1,9560,100,4024901,-1
53756.052398276,1,9561,100,4018130,1
53756.923803965,4,9537,100,4049124,1
53758.685113121,5,9555,100,4019413,-1
53759.740096191,4,9546,100,4040761,1
53760.386476565,4,9558,100,4019272,1
53761.162159241,1,9562,100,4009289,-1
53762.438340158,5,9556,100,4026731,-1
53763.033659922,1,9563,100,4004504,1
53763.645443429,1,9564,100,4001918,-1
53764.41017603,3,9552,100,4026985,1
53765.404121459,4,9564,100,4001918,-1
53766.29680182,1,9565,100,3994231,1
53767.213645839,5,9542,100,4056963,1
53767.841769048,4,9559,100,4017651,1
53768.285105893,1,9566,100,3987062,1
53768.650320903,3,9557,100,4024442,-1
53769.238184828,3,9541,100,4054453,-1
53769.637778738,1,9567,100,3995977,1
53770.509706007,1,9568,100,3994314,1
53770.886798301,3,9562,100,4009289,-1
53771.69259211,1,9569,100,3991654,1
53772.277123448,1,9570,100,3990337,1
53773.065097995,5,9570,100,3990337,1
53773.829738949,4,9563,100,4004504,1
53774.637403486,3,9553,100,4023902,-1
53775.105359026,3,9565,100,3994231,1
53776.9098843,1,9571,100,3991813,-1
53777.940828165,1,9572,100,3988065,-1
53778.525078234,5,9551,100,4023397,1
53779.129434543,4,9569,100,3991654,1
53779.636195262,1,9573,100,3980805,1
53780.093681531,1,9574,100,3986966,-1
53780.54431125,1,9575,100,3982516,-1
53781.524447491,3,9560,100,4024901,-1
53782.357887829,1,9576,100,3987811,-1
53782.894986816,1,9577,100,3977916,1
53783.328989656,3,9568,100,3994314,1
53783.717163668,1,9578,100,3988522,-1
53784.767290071,4,9572,100,3988065,-1
53785.379998004,4,9567,100,3995977,1
53786.376710184,1,9579,100,3996790,1
53786.930044404,4,9571,100,3991813,-1
53787.668473578,1,9580,100,4000518,1
53788.631292564,5,9573,100,3980805,1
53789.346681561,1,9581,100,4004062,1
53790.386889596,5,9580,100,4000518,1
53790.868400549,5,9561,100,4018130,1
53791.393219738,3,9566,100,3987062,1
53792.451687676,3,9581,100,4004062,1
53793.327458144,3,9575,100,3982516,-1
53794.29582186,3,9554,100,4024282,-1
53795.30823065,3,9576,100,3987811,-1
53796.300879606,3,9540,100,4055995,-1
53797.157212557,4,9574,100,3986966,-1
53797.600509291,3,9579,100,3996790,1
53798.379734047,1,9582,100,3989891,1
53799.066302672,4,9578,100,3988522,-1
53800.030919872,1,9583,100,4003574,-1
53800.524961391,3,9577,100,3977916,1
53801.214177737,1,9584,100,4004063,-1
53801.759607537,3,9583,100,4003574,-1
53802.35700003,1,9585,100,3995827,-1
53803.293234241,1,9586,200,3982688,1
53804.222710077,1,9587,100,3986885,1
53805.157900041,3,9582,100,3989891,1
53805.92130045,1,9588,100,3991221,-1
53807.436549143,1,9589,100,3989890,-1
53808.344158383,1,9590,100,3986168,1
53808.956110536,3,9590,100,3986168,1
53809.422408825,1,9591,100,3999297,-1
53810.188030422,5,9584,100,4004063,-1
53810.585820006,1,9592,100,3998402,1
53811.11529136,3,9589,100,3989890,-1
53812.550111485,2,9586,100,3982688,1
53812.932885244,3,9587,100,3986885,1
53813.3832013,3,9591,100,3999297,-1
53813.800994365,4,9585,100,3995827,-1
53814.381781009,4,9592,100,3998402,1
53815.135057188,1,9593,100,4000471,-1
53815.523414679,1,9594,100,4001490,1
53816.053592181,3,9588,100,3991221,-1
53817.39797046,5,9594,100,4001490,1
53817.915773477,1,9595,100,3995142,-1
53818.865666795,1,9596,100,3988627,-1
53819.593136399,3,9596,100,3988627,-1
53820.281781603,1,9597,100,3981377,1
53821.143648582,3,9586,100,3982688,1
53822.207964533,5,9597,100,3981377,1
53823.057651806,3,9593,100,4000471,-1
53823.631437757,1,9598,100,3988980,-1
53824.609549276,4,9595,100,3995142,-1
53825.158750984,1,9599,100,3985488,1
53826.1823244,1,9600,100,3984564,1
53826.627116949,3,9599,100,3985488,1
53827.321524916,3,9600,100,3984564,1
53828.257450307,1,9601,100,3988490,-1
53828.692278943,5,9598,100,3988980,-1
53829.771080702,3,9601,100,3988490,-1
53830.843273892,1,9602,100,3996087,1
53831.265114144,3,9602,100,3996087,1
53832.001865273,1,9603,100,3993980,1
53832.804017828,1,9604,100,3988317,1
53833.680063332,3,9603,100,3993980,1
53834.752574503,3,9604,100,3988317,1
53835.380523926,1,9605,100,3991970,-1
53836.330502345,3,9605,100,3991970,-1
53836.822654251,1,9606,100,3989854,-1
53837.58278248,3,9606,100,3989854,-1
53838.236525978,1,9607,100,3985287,-1
53839.012310928,3,9607,100,3985287,-1
53839.960286669,1,9608,100,3975281,1
53840.931197022,1,9609,100,3979907,-1
53841.509384184,4,9609,100,3979907,-1
53842.537498936,3,9608,100,3975281,1
53843.566414469,1,9610,100,3971474,1
53844.428667883,1,9611,100,3975705,-1
53845.187814655,1,9612,100,3972066,1
53845.594684001,1,9613,100,3973766,-1
53845.973799568,5,9611,100,3975705,-1
53846.576286188,1,9614,100,3967949,-1
53847.012150245,5,9612,100,3972066,1
53847.666728859,3,9610,100,3971474,1
53848.288008216,1,9615,100,3960884,1
53849.233167332,3,9614,100,3967949,-1
53850.188183316,1,9616,100,3957881,1
53851.049408589,3,9615,100,3960884,1
53852.904821242,3,9613,100,3973766,-1
53853.655696438,1,9617,100,3958418,-1
53854.457248311,1,9618,100,3951390,-1
53854.893581262,3,9616,100,3957881,1
53855.514059041,1,9619,100,3951729,-1
53856.161792366,1,9620,100,3957541,-1
53856.78081792,1,9621,100,3958130,-1
53857.665479376,4,9620,100,3957541,-1
53858.62741371,1,9622,100,3955491,1
53859.60987552,3,9621,100,3958130,-1
53860.569304107,5,9618,100,3951390,-1
53862.597831141,1,9623,100,3936973,1
53863.31351977,3,9623,100,3936973,1
53864.130468347,3,9619,100,3951729,-1
53865.095180575,3,9622,100,3955491,1
53865.635545487,3,9617,100,3958418,-1
53866.041807995,1,9624,100,3934973,-1
53866.49385711,5,9624,100,3934973,-1
53867.474502907,1,9625,100,3926384,-1
53868.478921807,1,9626,100,3925709,-1
53869.456786221,5,9625,100,3926384,-1
53870.051967973,1,9627,100,3928891,1
53870.780031001,1,9628,100,3935281,1
53871.475545085,1,9629,100,3934921,-1
53872.44340575,3,9626,100,3925709,-1
53873.105966711,3,9629,100,3934921,-1
53873.575454638,3,9627,100,3928891,1
53874.287618275,3,9628,100,3935281,1
53875.252482111,1,9630,100,3931019,-1
53875.998685931,1,9631,100,3926975,1
53876.968873353,1,9632,100,3931205,1
53877.701488608,3,9632,100,3931205,1
53879.61419061,5,9631,100,3926975,1
53880.383961588,3,9630,100,3931019,-1
53881.22996214,1,9633,100,3927039,-1
53881.654043571,1,9634,100,3935114,-1
53882.223715556,3,9633,100,3927039,-1
53883.175495437,1,9635,100,3936879,-1
53884.190654508,3,9634,100,3935114,-1
53885.144491202,1,9636,100,3935819,-1
53885.869776432,3,9635,100,3936879,-1
53886.543444666,3,9636,100,3935819,-1
53887.195935837,1,9637,100,3934840,1
53888.097041687,3,9637,100,3934840,1
53888.789067058,1,9638,100,3942433,-1
53890.296891999,1,9639,100,3938868,-1
53891.27568796,1,9640,100,3942409,1
53891.960630572,1,9641,100,3945938,1
53892.965649487,5,9638,100,3942433,-1
53893.812484995,3,9639,100,3938868,-1
53894.41376554,3,9640,100,3942409,1
53894.814822194,1,9642,100,3954305,1
53895.800407982,4,9642,100,3954305,1
53896.419119362,5,9641,100,3945938,1
53896.780971503,1,9643,100,3948348,1
53897.698338231,4,9643,100,3948348,1
53898.221392581,1,9644,100,3947996,-1
53898.819866144,1,9645,100,3940992,-1
53899.596649319,3,9645,100,3940992,-1
53900.354025051,4,9644,100,3947996,-1
53901.188298731,1,9646,100,3943066,1
53901.932199723,3,9646,100,3943066,1
53902.576800068,1,9647,100,3937713,1
53903.094812086,1,9648,100,3939754,1
53903.831221431,3,9648,100,3939754,1
53904.639744127,1,9649,100,3940618,-1
53905.450562334,3,9647,100,3937713,1
53907.317664472,1,9650,100,3944802,1
53907.688614064,3,9650,100,3944802,1
53908.98043173,1,9651,100,3950497,-1
53909.512242558,1,9652,100,3954367,-1
53910.355161015,3,9649,100,3940618,-1
53911.848761412,4,9651,100,3950497,-1
53912.571305824,1,9653,100,3951437,-1
53913.201748096,1,9654,100,3942301,1
53913.978922456,1,9655,100,3946351,-1
53915.22084193,3,9652,100,3954367,-1
53915.869786575,4,9655,100,3946351,-1
53916.327297469,3,9654,100,3942301,1
53917.335289595,4,9653,100,3951437,-1
53918.31964631,1,9656,100,3932063,-1
53919.025984725,1,9657,100,3924755,1
53919.746064394,3,9657,100,3924755,1
53920.323668772,5,9656,100,3932063,-1
53921.072558474,1,9658,200,3928614,1
53921.592264088,3,9658,200,3928614,1
53922.614542417,1,9659,100,3939841,1
53923.229896692,3,9659,100,3939841,1
53924.211495072,1,9660,100,3926539,1
53925.631671546,3,9660,100,3926539,1
53926.196699381,1,9661,100,3941302,1
53928.020968165,1,9662,100,3956826,-1
53929.630396156,3,9662,100,3956826,-1
53930.057216997,1,9663,100,3948298,-1
53930.479656193,4,9663,100,3948298,-1
53931.387378283,1,9664,100,3954198,-1
53931.916451212,1,9665,100,3962701,-1
53932.334159575,3,9665,100,3962701,-1
53933.148834625,1,9666,100,3954856,1
53933.624934468,3,9664,100,3954198,-1
53934.323009105,3,9661,100,3941302,1
53935.83180423,1,9667,100,3951140,1
53936.543692829,1,9668,100,3949069,-1
53937.538832895,1,9669,100,3946087,-1
53938.437564951,4,9666,100,3954856,1
53938.979930622,1,9670,100,3948367,1
53939.602980333,1,9671,100,3948749,-1
53940.45155271,1,9672,100,3947015,-1
53941.040430879,1,9673,100,3943467,-1
53941.614036261,5,9667,100,3951140,1
53942.433356899,3,9668,100,3949069,-1
53943.035229809,3,9669,100,3946087,-1
53943.455427651,3,9672,100,3947015,-1
53944.275308538,3,9670,100,3948367,1
53944.894077746,4,9673,100,3943467,-1
53945.63877124,4,9671,100,3948749,-1
53946.504840024,1,9674,100,3957651,-1
53946.942945858,5,9674,100,3957651,-1
53947.792713856,1,9675,100,3945883,1
53948.804126906,3,9675,100,3945883,1
53949.17997128,1,9676,100,3947276,-1
53950.408221514,1,9677,100,3946770,1
53950.865944588,1,9678,100,3947909,-1
53951.645742559,5,9677,100,3946770,1
53952.19924225,5,9678,100,3947909,-1
53952.734640949,3,9676,100,3947276,-1
53953.482463744,1,9679,100,3948570,1
53954.213811364,1,9680,100,3944446,1
53954.844658319,3,9679,100,3948570,1
53956.399251872,4,9680,100,3944446,1
53957.150716492,1,9681,100,3939283,1
53957.616212159,3,9681,100,3939283,1
53958.627458499,1,9682,100,3940045,1
53959.356700903,5,9682,100,3940045,1
53960.304047152,1,9683,100,3941048,-1
53960.975031313,1,9684,100,3934003,1
53961.397559904,3,9684,100,3934003,1
53962.906273609,1,9685,100,3951480,-1
53963.73018423,1,9686,100,3939977,1
53964.155113032,1,9687,100,3944205,1
53965.126196235,5,9687,100,3944205,1
53965.583696803,3,9685,100,3951480,-1
53966.30904016,3,9683,100,3941048,-1
53967.343464916,3,9686,100,3939977,1
53968.40352773,1,9688,100,3940489,1
53969.181915599,1,9689,100,3939688,-1
53970.00734878,4,9688,100,3940489,1
53970.706810346,3,9689,100,3939688,-1
53971.249814352,1,9690,100,3922729,-1
53972.172769788,1,9691,100,3916322,1
53972.816281842,1,9692,100,3920061,-1
53973.222761012,4,9691,100,3916322,1
53974.222547686,1,9693,100,3915533,1
53975.035725785,3,9690,100,3922729,-1
53975.680285323,3,9693,100,3915533,1
53976.13207749,3,9692,100,3920061,-1
53976.97079583,1,9694,100,3917843,1
53977.351628905,1,9695,100,3914748,1
53978.00780992,3,9695,100,3914748,1
53978.869303193,3,9694,100,3917843,1
53979.52609054,1,9696,100,3923107,1
53980.367209442,5,9696,100,3923107,1
53981.093170905,1,9697,100,3929013,-1
53981.923247745,4,9697,100,3929013,-1
53982.635013685,1,9698,100,3928725,1
53983.364691085,3,9698,100,3928725,1
53984.01520657,1,9699,100,3938691,-1
53985.465899165,4,9699,100,3938691,-1
53986.226696503,1,9700,100,3946025,1
53987.101007788,3,9700,100,3946025,1
53987.795817071,1,9701,100,3948961,-1
53988.53213534,4,9701,100,3948961,-1
53989.196207686,1,9702,100,3950870,-1
53989.571244409,3,9702,100,3950870,-1
53990.237050502,1,9703,100,3945212,1
53991.597425302,1,9704,100,3952422,-1
53992.404020464,4,9703,100,3945212,1
53992.850730221,1,9705,100,3940330,1
53993.409484068,3,9704,100,3952422,-1
53994.012197274,4,9705,100,3940330,1
53994.597404399,1,9706,100,3945884,1
53995.297121609,1,9707,100,3948690,1
53995.812692978,5,9707,100,3948690,1
53996.790020494,4,9706,100,3945884,1
53997.647362686,1,9708,100,3955081,-1
53998.700843031,3,9708,100,3955081,-1
53999.23867604,1,9709,100,3945261,1
54000.274328473,5,9709,100,3945261,1
54000.825675881,1,9710,100,3933067,-1
54001.66698323,1,9711,100,3931347,1
54002.623782993,3,9711,100,3931347,1
54003.246268686,4,9710,100,3933067,-1
54004.126370376,1,9712,100,3942751,-1
54004.971993715,5,9712,100,3942751,-1
54006.029554089,1,9713,100,3942821,1
54006.541094767,1,9714,100,3938365,-1
54007.08141684,3,9714,100,3938365,-1
54008.134467418,4,9713,100,3942821,1
54008.709717876,1,9715,100,3938569,1
54009.422678413,1,9716,100,3941979,-1
54010.139736386,1,9717,100,3944689,-1
54010.870398473,3,9717,100,3944689,-1
54011.921646135,5,9715,100,3938569,1
54012.547723392,3,9716,100,3941979,-1
54013.384489141,1,9718,100,3932939,-1
54014.183899039,4,9718,100,3932939,-1
54014.602183711,1,9719,100,3935142,-1
54014.968634223,4,9719,100,3935142,-1
54015.539412875,1,9720,100,3933680,-1
54016.216694784,3,9720,100,3933680,-1
54016.950086623,1,9721,100,3930062,1
54017.493056562,1,9722,100,3928341,-1
54018.225668363,4,9721,100,3930062,1
54018.588611668,4,9722,100,3928341,-1
54019.046209818,1,9723,100,3936256,1
54020.430447915,1,9724,100,3935532,1
54021.373869609,4,9723,100,3936256,1
54022.569554028,1,9725,100,3945393,-1
54023.479219675,1,9726,100,3947535,-1
54024.014341109,4,9724,100,3935532,1
54024.583484353,1,9727,100,3939897,-1
54025.221776951,3,9727,100,3939897,-1
54025.653946829,3,9726,100,3947535,-1
54026.342165513,4,9725,100,3945393,-1
54026.75301173,1,9728,100,3938421,-1
54027.337054802,1,9729,100,3938332,1
54028.322445512,1,9730,100,3935548,-1
54029.200555078,1,9731,100,3937296,-1
54029.913171126,3,9728,100,3938421,-1
54030.870654226,1,9732,100,3937985,1
54031.850173923,1,9733,100,3947955,-1
54032.2854537,5,9732,100,3937985,1
54033.244379858,3,9733,100,3947955,-1
54034.295532687,3,9730,100,3935548,-1
54035.332422727,3,9729,100,3938332,1
54036.067646013,1,9734,100,3955492,-1
54037.219412474,1,9735,100,3951111,1
54038.54373098,4,9734,100,3955492,-1
54038.90381595,3,9731,100,3937296,-1
54039.905641664,1,9736,100,3962539,-1
54040.591317244,3,9736,100,3962539,-1
54041.302470786,3,9735,100,3951111,1
54041.72585019,1,9737,100,3949597,1
54042.374872035,5,9737,100,3949597,1
54043.260504063,1,9738,100,3952360,-1
54043.677054782,1,9739,100,3946727,1
54044.184498665,4,9739,100,3946727,1
54045.067278796,1,9740,100,3944189,1
54046.034315127,1,9741,100,3953891,-1
54046.504750705,3,9738,100,3952360,-1
54047.410528073,5,9740,100,3944189,1
54047.874582039,1,9742,100,3947136,-1
54048.383923942,1,9743,100,3947205,-1
54048.915320603,4,9742,100,3947136,-1
54049.489446949,4,9741,100,3953891,-1
54050.282252881,1,9744,100,3960748,-1
54051.107064532,3,9743,100,3947205,-1
54052.098176234,1,9745,100,3957039,1
54052.669942422,3,9745,100,3957039,1
54053.432368378,3,9744,100,3960748,-1
54054.410663952,1,9746,100,3966293,-1
54055.134714281,1,9747,100,3971520,-1
54056.620701967,3,9746,100,3966293,-1
54057.205085446,1,9748,100,3978237,-1
54058.136147858,3,9748,100,3978237,-1
54058.987500588,3,9747,100,3971520,-1
54059.901467864,1,9749,100,3958777,1
54060.684341823,1,9750,100,3957164,-1
54061.548896945,3,9750,100,3957164,-1
54062.422039113,1,9751,100,3949822,-1
54063.075649227,1,9752,100,3946051,1
54064.070560071,4,9752,100,3946051,1
54064.50900543,4,9749,100,3958777,1
54065.315664697,3,9751,100,3949822,-1
54065.710763106,1,9753,100,3945035,1
54066.444726534,1,9754,100,3947827,1
54067.29990795,3,9753,100,3945035,1
54068.216663847,1,9755,100,3938492,-1
54069.129264729,1,9756,100,3945828,-1
54069.63286294,5,9756,100,3945828,-1
54070.254465159,1,9757,100,3944759,-1
54070.85995448,1,9758,100,3937864,1
54071.874455037,1,9759,100,3939023,1
54072.301921518,1,9760,100,3945106,1
54073.265162278,1,9761,100,3952492,-1
54074.765176221,3,9760,100,3945106,1
54075.71116533,1,9762,100,3949628,1
54076.659238617,5,9761,100,3952492,-1
54077.413056697,3,9755,100,3938492,-1
54078.220668605,1,9763,100,3963882,1
54079.047570617,1,9764,100,3963899,1
54079.888746578,4,9757,100,3944759,-1
54080.429345421,5,9762,100,3949628,1
54081.233213261,1,9765,100,3968914,-1
54082.193328541,4,9765,100,3968914,-1
54082.761862304,1,9766,100,3974560,1
54083.271668531,1,9767,100,3969236,1
54084.25556835,3,9758,100,3937864,1
54085.298693046,1,9768,100,3961810,-1
54085.970221783,1,9769,100,3960049,1
54086.549619677,3,9759,100,3939023,1
54088.692851422,3,9767,100,3969236,1
54089.117674969,1,9770,100,3972651,-1
54089.733804273,3,9766,100,3974560,1
54090.273707029,1,9771,100,3966624,-1
54091.262630001,5,9763,100,3963882,1
54092.581064217,1,9772,100,3964038,1
54093.279322419,3,9768,100,3961810,-1
54093.890939653,3,9770,100,3972651,-1
54094.425896305,3,9772,100,3964038,1
54095.782565793,4,9771,100,3966624,-1
54096.272883705,3,9764,100,3963899,1
54096.987458559,5,9754,100,3947827,1
54097.443985639,1,9773,100,3970004,1
54097.943534617,1,9774,100,3960299,1
54098.558170236,3,9774,100,3960299,1
54098.934092838,3,9773,100,3970004,1
54099.51401896,4,9769,100,3960049,1
54100.39874248,1,9775,100,3953462,-1
54101.950770782,1,9776,100,3956500,-1
54102.970653892,4,9776,100,3956500,-1
54104.429196175,5,9775,100,3953462,-1
54105.087077064,1,9777,100,3966708,-1
54105.79287294,3,9777,100,3966708,-1
54106.647688958,1,9778,100,3967885,-1
54107.261271802,1,9779,100,3966262,-1
54107.780542498,1,9780,100,3962515,-1
54108.328165365,1,9781,100,3965872,-1
54108.992805799,1,9782,100,3963285,1
54109.884350232,1,9783,100,3974191,-1
54110.405342086,1,9784,100,3972151,-1
54111.108163954,4,9779,100,3966262,-1
54112.188045771,3,9778,100,3967885,-1
54112.821654812,1,9785,100,3973038,1
54113.531111233,1,9786,100,3968718,1
54114.575102364,3,9781,100,3965872,-1
54114.934166573,1,9787,100,3975610,1
54115.815881943,3,9782,100,3963285,1
54116.57688104,3,9783,100,3974191,-1
54117.490561207,4,9780,100,3962515,-1
54117.900216571,1,9788,100,3968285,-1
54118.624312481,3,9784,100,3972151,-1
54119.32561853,5,9786,100,3968718,1
54119.689332566,5,9785,100,3973038,1
54120.675548494,5,9787,100,3975610,1
54121.053753544,1,9789,100,3965659,1
54121.960929941,4,9788,100,3968285,-1
54122.524478734,1,9790,100,3967421,1
54123.068504152,1,9791,100,3968213,-1
54123.901293964,4,9790,100,3967421,1
54124.889358685,1,9792,100,3973882,1
54125.254413609,1,9793,100,3969283,-1
54125.809353739,4,9793,100,3969283,-1
54126.171715181,1,9794,100,3975374,-1
54127.619417322,4,9792,100,3973882,1
54128.274381025,1,9795,100,3957839,1
54128.761706843,4,9789,100,3965659,1
54130.362555627,5,9794,100,3975374,-1
54130.997044099,1,9796,100,3973809,-1
54131.735687143,4,9795,100,3957839,1
54133.653879467,5,9791,100,3968213,-1
54134.243255935,3,9796,100,3973809,-1
54135.25305832,1,9797,100,3957380,1
54135.866447385,3,9797,100,3957380,1
54136.846413301,1,9798,100,3952788,-1
54137.885573498,1,9799,100,3948135,1
54138.552824456,4,9798,100,3952788,-1
54139.919415931,1,9800,100,3947203,1
54140.442171822,3,9800,100,3947203,1
54141.036092245,1,9801,100,3958972,-1
54141.50234566,3,9799,100,3948135,1
54142.315233678,3,9801,100,3958972,-1
54142.836329322,1,9802,100,3956910,-1
54143.447307384,1,9803,100,3952292,1
54144.179323975,1,9804,100,3947806,1
54144.897147785,1,9805,100,3950825,1
54145.461946149,1,9806,100,3951684,1
54145.975179449,1,9807,200,3949186,-1
54147.14593005,5,9804,100,3947806,1
54148.141668285,1,9808,100,3943426,-1
54148.631725557,4,9808,100,3943426,-1
54149.097792743,3,9805,100,3950825,1
54149.85132824,1,9809,100,3944836,-1
54150.705944312,1,9810,100,3940020,1
54151.365498754,1,9811,100,3934986,1
54151.89247928,4,9810,100,3940020,1
54153.607948594,3,9806,100,3951684,1
54153.969876928,4,9803,100,3952292,1
54154.992938153,3,9809,100,3944836,-1
54155.505147885,1,9812,100,3943752,-1
54155.879862834,3,9802,100,3956910,-1
54156.893338152,1,9813,100,3944939,-1
54157.251832332,1,9814,100,3947710,1
54158.233636647,4,9812,100,3943752,-1
54158.961930823,1,9815,100,3951294,-1
54159.330108373,4,9814,100,3947710,1
54159.957228887,5,9813,100,3944939,-1
54160.982366339,5,9815,100,3951294,-1
54161.826650313,2,9807,100,3949186,-1
54162.802439256,1,9816,100,3932993,-1
54163.388485049,1,9817,100,3928824,1
54164.039645656,1,9818,100,3926392,1
54164.462970673,3,9818,100,3926392,1
54165.384600281,5,9816,100,3932993,-1
54166.102631699,4,9817,100,3928824,1
54167.037348821,1,9819,100,3930509,1
54168.66787509,1,9820,100,3942216,-1
54169.269331393,1,9821,100,3943684,-1
54169.653700457,4,9820,100,3942216,-1
54170.443813165,1,9822,100,3948510,-1
54171.243907533,3,9811,100,3934986,1
54171.683389765,3,9807,100,3949186,-1
54172.535124298,3,9821,100,3943684,-1
54173.342183736,1,9823,100,3958613,-1
54174.36878315,4,9822,100,3948510,-1
54174.720450425,3,9819,100,3930509,1
54175.176583909,3,9823,100,3958613,-1
54175.75445266,1,9824,100,3953246,-1
54176.261989068,1,9825,100,3951923,1
54176.638159576,1,9826,100,3948044,1
54177.305678174,3,9826,100,3948044,1
54178.098216262,1,9827,100,3961097,-1
54179.515272275,1,9828,100,3953810,1
54179.890550653,4,9828,100,3953810,1
54180.466094842,3,9825,100,3951923,1
54181.098644573,3,9827,100,3961097,-1
54181.796272132,1,9829,100,3958058,1
54182.46395114,4,9824,100,3953246,-1
54182.863914533,1,9830,100,3953732,1
54183.284066695,1,9831,100,3948842,1
54183.845477241,1,9832,100,3951364,1
54184.223543907,3,9831,100,3948842,1
54186.039531431,1,9833,100,3963422,-1
54186.838433466,4,9833,100,3963422,-1
54187.191106277,3,9829,100,3958058,1
54187.677232274,4,9830,100,3953732,1
54188.189248542,3,9832,100,3951364,1
54189.089026128,1,9834,100,3965665,-1
54189.755167187,1,9835,100,3966506,1
54190.625206594,1,9836,100,3969699,-1
54192.128842642,1,9837,100,3955201,-1
54192.565549248,1,9838,100,3957873,-1
54193.504124754,1,9839,100,3953186,1
54194.085898329,1,9840,100,3962467,-1
54194.769123808,1,9841,100,3957408,-1
54196.233676532,3,9841,100,3957408,-1
54197.121353914,4,9835,100,3966506,1
54198.145516383,1,9842,100,3955033,-1
54199.177526414,4,9837,100,3955201,-1
54200.043523378,5,9836,100,3969699,-1
54200.495561067,3,9834,100,3965665,-1
54201.238297634,1,9843,100,3955926,-1
54201.676026575,1,9844,100,3953515,1
54202.658545624,1,9845,100,3950195,-1
54203.443516056,1,9846,100,3952074,1
54205.418653062,1,9847,100,3943581,-1
54206.227063315,3,9844,100,3953515,1
54206.729732964,4,9846,100,3952074,1
54207.240246911,3,9845,100,3950195,-1
54208.265311756,1,9848,100,3935318,1
54209.024281302,4,9839,100,3953186,1
54209.773581668,1,9849,100,3935471,1
54210.565514882,3,9840,100,3962467,-1
54211.043130185,5,9847,100,3943581,-1
54211.885386744,1,9850,100,3923727,1
54212.43486616,4,9849,100,3935471,1
54213.100926787,1,9851,100,3916322,1
54214.102196368,4,9848,100,3935318,1
54214.841959403,1,9852,100,3920295,-1
54215.7407227,1,9853,100,3917545,-1
54216.259724033,1,9854,100,3915452,1
54216.908006375,1,9855,100,3919419,1
54217.674099151,1,9856,100,3915785,-1
54218.48502138,1,9857,100,3919315,-1
54219.223223361,3,9857,100,3919315,-1
54220.248872163,1,9858,100,3909641,1
54221.074697244,1,9859,100,3914160,-1
54221.724457143,5,9842,100,3955033,-1
54222.076697186,1,9860,100,3922135,-1
54222.771775523,3,9852,100,3920295,-1
54223.238120812,5,9838,100,3957873,-1
54223.774426042,4,9853,100,3917545,-1
54224.322761481,1,9861,100,3921251,-1
54226.01019813,4,9856,100,3915785,-1
54226.897811324,3,9859,100,3914160,-1
54227.926670887,3,9854,100,3915452,1
54228.557067149,1,9862,100,3923751,-1
54229.422960052,1,9863,100,3927442,-1
54230.274637603,3,9858,100,3909641,1
54231.623165224,4,9860,100,3922135,-1
54232.322338139,5,9862,100,3923751,-1
54232.858896365,1,9864,100,3927058,1
54234.755692061,3,9843,100,3955926,-1
54235.200527898,4,9864,100,3927058,1
54235.831838452,5,9851,100,3916322,1
54236.832161282,1,9865,100,3923322,1
54237.652105549,4,9865,100,3923322,1
54238.084055644,1,9866,100,3930208,-1
54238.635415825,3,9850,100,3923727,1
54239.134102495,1,9867,100,3928207,1
54240.151264924,5,9863,100,3927442,-1
54241.114667688,4,9861,100,3921251,-1
54241.774842626,1,9868,100,3931766,-1
54242.411579134,4,9867,100,3928207,1
54243.125581861,3,9855,100,3919419,1
54243.782134439,4,9866,100,3930208,-1
54244.289560249,1,9869,100,3946283,-1
54244.852929046,1,9870,100,3943570,1
54245.466710633,3,9869,100,3946283,-1
54246.461967723,1,9871,100,3956126,-1
54246.987847853,3,9871,100,3956126,-1
54248.917304066,3,9868,100,3931766,-1
54249.659035525,1,9872,100,3963581,-1
54250.155653051,4,9872,100,3963581,-1
54250.587851019,1,9873,100,3955396,1
54251.183020005,3,9873,100,3955396,1
54251.84784415,3,9870,100,3943570,1
54252.777186154,1,9874,100,3957620,1
54253.199273397,1,9875,100,3957286,1
54253.670039513,4,9875,100,3957286,1
54254.677194263,1,9876,100,3961071,-1
54255.186545727,4,9876,100,3961071,-1
54256.01181879,1,9877,100,3956359,1
54256.694541742,4,9877,100,3956359,1
54257.321533072,1,9878,100,3957437,1
54258.100169112,3,9874,100,3957620,1
54258.497226886,3,9878,100,3957437,1
54259.025142514,1,9879,100,3962015,1
54260.043910691,4,9879,100,3962015,1
54260.932928838,1,9880,100,3964182,-1
54261.569790749,3,9880,100,3964182,-1
54262.120997574,1,9881,100,3959996,1
54262.956023374,3,9881,100,3959996,1
54263.976233818,1,9882,100,3953129,-1
54264.679621241,4,9882,100,3953129,-1
54265.30042921,1,9883,100,3946694,-1
54265.67208661,5,9883,100,3946694,-1
54266.22025525,1,9884,100,3949511,1
54266.962269201,4,9884,100,3949511,1
54267.799147543,1,9885,100,3949943,1
54268.58000673,4,9885,100,3949943,1
54269.07672614,1,9886,100,3947224,1
54269.442313032,1,9887,100,3946442,1
54270.498951676,3,9887,100,3946442,1
54270.902952488,1,9888,100,3959737,1
54271.632208806,1,9889,100,3964518,1
54272.043422187,1,9890,100,3973114,-1
54272.451343246,5,9886,100,3947224,1
54273.005920846,3,9889,100,3964518,1
54273.709227905,4,9888,100,3959737,1
54274.464730006,1,9891,100,3972442,1
54275.020860773,3,9890,100,3973114,-1
54275.865719454,5,9891,100,3972442,1
54276.243029082,1,9892,100,3974768,1
54276.837330368,1,9893,100,3979026,-1
54277.59836544,1,9894,100,3971847,1
54278.542675464,5,9892,100,3974768,1
54279.861395514,5,9894,100,3971847,1
54280.831423664,1,9895,100,3977904,1
54281.294073371,1,9896,100,3980917,1
54282.025350723,1,9897,100,3977533,1
54282.691190329,1,9898,100,3985490,-1
54284.224803995,1,9899,100,3987388,-1
54284.874201747,5,9895,100,3977904,1
54285.393111271,1,9900,100,3992759,-1
54286.209029752,3,9897,100,3977533,1
54287.640306237,3,9899,100,3987388,-1
54288.068240936,3,9898,100,3985490,-1
54288.88031715,5,9896,100,3980917,1
54289.378980155,1,9901,100,3990752,1
54289.944801377,1,9902,100,3996583,1
54291.117331714,1,9903,100,3992963,-1
54291.867037319,3,9893,100,3979026,-1
54292.222995513,1,9904,100,3986340,1
54293.226612099,1,9905,100,3982608,-1
54294.02073986,1,9906,100,3987868,-1
54295.044531373,1,9907,100,3984167,-1
54295.986427936,1,9908,100,3980326,-1
54297.384634576,5,9903,100,3992963,-1
54298.222826764,1,9909,100,3985394,-1
54298.723901535,5,9907,100,3984167,-1
54299.462556186,1,9910,100,3973703,1
54300.452387874,3,9908,100,3980326,-1
54301.13816344,1,9911,100,3981082,1
54302.137025566,3,9906,100,3987868,-1
54302.554738181,1,9912,100,3984130,1
54303.107720541,1,9913,100,3978876,-1
54303.672781827,3,9912,100,3984130,1
54304.672276425,1,9914,100,3982675,-1
54305.405453155,1,9915,100,3981101,1
54305.864873798,1,9916,100,3980292,-1
54306.69628956,1,9917,100,3974176,-1
54307.537413639,4,9910,100,3973703,1
54308.437649567,3,9902,100,3996583,1
54309.430667487,3,9915,100,3981101,1
54310.090934273,1,9918,100,3977210,1
54311.291118597,3,9916,100,3980292,-1
54312.185338796,1,9919,100,3982107,-1
54312.703037927,1,9920,100,3981285,1
54313.475949296,3,9917,100,3974176,-1
54313.88583299,4,9911,100,3981082,1
54315.270703351,1,9921,100,3954565,1
54315.651706324,5,9904,100,3986340,1
54316.223454661,1,9922,100,3951828,1
54317.205925676,1,9923,100,3946015,1
54317.670901166,4,9920,100,3981285,1
54318.117112895,4,9921,100,3954565,1
54318.719740617,1,9924,100,3936292,-1
54319.490022864,3,9924,100,3936292,-1
54320.386651274,1,9925,100,3939079,1
54321.247320588,5,9905,100,3982608,-1
54321.799501073,1,9926,100,3939754,1
54322.714513799,5,9909,100,3985394,-1
54323.096424742,1,9927,100,3947572,-1
54324.626239207,1,9928,100,3952787,1
54326.452882459,1,9929,100,3945337,1
54326.898649884,1,9930,100,3944120,1
54327.599350337,5,9914,100,3982675,-1
54328.170489198,3,9919,100,3982107,-1
54328.583541899,4,9930,100,3944120,1
54329.413743847,3,9913,100,3978876,-1
54330.036151452,3,9922,100,3951828,1
54331.024821353,1,9931,100,3941798,1
54331.896395207,5,9931,100,3941798,1
54332.847072726,1,9932,100,3939965,1
54333.548834775,4,9928,100,3952787,1
54333.980089839,1,9933,100,3946976,-1
54334.404795736,5,9925,100,3939079,1
54334.912800647,3,9918,100,3977210,1
54335.304470785,1,9934,100,3938207,1
54336.041460047,1,9935,100,3948170,-1
54336.664345324,4,9927,100,3947572,-1
54337.570055197,4,9901,100,3990752,1
54338.412958157,1,9936,100,3953821,1
54339.140079256,3,9935,100,3948170,-1
54339.488892742,1,9937,100,3946505,1
54340.168908234,3,9900,100,3992759,-1
54341.166059009,5,9937,100,3946505,1
54341.974930293,1,9938,100,3940064,1
54342.482726956,1,9939,100,3942463,-1
54343.27831846,3,9938,100,3940064,1
54343.91482735,1,9940,100,3937543,1
54344.899433887,1,9941,100,3929318,1
54345.828281056,1,9942,100,3931644,1
54346.793899108,3,9942,100,3931644,1
54347.792694009,1,9943,100,3934468,-1
54348.611912553,4,9936,100,3953821,1
54349.524095232,4,9934,100,3938207,1
54350.272875318,4,9941,100,3929318,1
54351.11541413,1,9944,100,3932693,1
54352.113482017,1,9945,100,3939510,-1
54353.514526621,3,9929,100,3945337,1
54354.0814819,4,9923,100,3946015,1
54354.973918091,4,9940,100,3937543,1
54355.849250367,3,9945,100,3939510,-1
54356.49649197,3,9933,100,3946976,-1
54357.074619369,3,9944,100,3932693,1
54357.536412139,4,9926,100,3939754,1
54357.931351008,1,9946,100,3927859,1
54358.552185424,3,9946,100,3927859,1
54359.470862153,1,9947,100,3917354,-1
54360.452320362,3,9947,100,3917354,-1
54361.376840587,1,9948,100,3920028,-1
54361.844312729,4,9932,100,3939965,1
54362.618820196,4,9948,100,3920028,-1
54362.971712068,1,9949,100,3918735,-1
54363.972777859,3,9943,100,3934468,-1
54364.893810757,5,9949,100,3918735,-1
54365.682764596,1,9950,100,3919796,-1
54366.405817451,1,9951,100,3925556,-1
54366.987632538,3,9939,100,3942463,-1
54367.96503383,5,9951,100,3925556,-1
54368.359089095,1,9952,100,3920724,-1
54368.766184217,3,9950,100,3919796,-1
54369.27174565,3,9952,100,3920724,-1
54369.69264084,1,9953,100,3908805,-1
54370.530362134,3,9953,100,3908805,-1
54371.330496017,1,9954,100,3914591,1
54372.099073618,1,9955,100,3914738,1
54372.565374515,1,9956,100,3920945,-1
54373.426930059,1,9957,100,3920338,-1
54374.276076721,1,9958,100,3923899,1
54375.177637265,3,9955,100,3914738,1
54375.933912257,1,9959,100,3929108,1
54376.519676156,1,9960,100,3935861,1
54377.024420817,1,9961,100,3934484,-1
54377.706773827,1,9962,100,3938686,-1
54378.450125711,1,9963,100,3939285,-1
54378.794367548,1,9964,100,3944673,1
54379.759030687,4,9957,100,3920338,-1
54380.559108215,4,9961,100,3934484,-1
54381.337678085,3,9954,100,3914591,1
54383.058123396,5,9958,100,3923899,1
54384.062126111,1,9965,100,3941668,1
54384.441588674,1,9966,100,3935327,1
54385.265673905,5,9963,100,3939285,-1
54385.7562566,3,9959,100,3929108,1
54387.645438004,1,9967,100,3947635,1
54388.736562795,1,9968,100,3943439,-1
54389.583262528,1,9969,100,3945082,-1
54390.535396702,3,9960,100,3935861,1
54391.063324283,5,9967,100,3947635,1
54391.591060094,1,9970,100,3936213,1
54392.457931271,3,9966,100,3935327,1
54393.007484846,1,9971,100,3931477,-1
54393.92624188,1,9972,100,3928110,1
54394.662741958,5,9968,100,3943439,-1
54395.494326612,3,9971,100,3931477,-1
54396.016120917,4,9964,100,3944673,1
54396.844840568,4,9965,100,3941668,1
54397.793289976,4,9970,100,3936213,1
54398.161603162,1,9973,100,3935931,1
54398.928178821,5,9962,100,3938686,-1
54399.893663817,3,9972,100,3928110,1
54400.484530896,4,9973,100,3935931,1
54400.963961842,1,9974,100,3945884,1
54401.379249068,4,9974,100,3945884,1
54402.254626305,1,9975,100,3929842,1
54402.974825294,1,9976,100,3933760,-1
54403.348404446,1,9977,100,3920945,1
54404.164890963,5,9975,100,3929842,1
54404.821318902,1,9978,100,3925713,-1
54406.441136277,1,9979,100,3923695,-1
54407.380176119,1,9980,100,3926722,1
54408.275768822,1,9981,100,3920378,1
54408.65767484,4,9978,100,3925713,-1
54409.652983525,3,9969,100,3945082,-1
54410.02558632,1,9982,100,3919739,1
54410.928126652,1,9983,100,3927107,1
54411.320294247,1,9984,100,3936231,-1
54412.169825276,1,9985,100,3929384,1
54412.810602009,3,9956,100,3920945,-1
54413.35833194,1,9986,100,3938060,1
54413.965359024,1,9987,100,3928743,1
54414.413299749,3,9982,100,3919739,1
54414.826076261,3,9986,100,3938060,1
54415.621924703,5,9981,100,3920378,1
54416.562193528,3,9976,100,3933760,-1
54417.163098405,1,9988,100,3932538,-1
54417.581945987,3,9987,100,3928743,1
54419.20562727,3,9980,100,3926722,1
54420.007106309,1,9989,100,3932551,1
54420.466607162,3,9988,100,3932538,-1
54421.322624995,1,9990,100,3939626,1
54421.946353558,4,9979,100,3923695,-1
54422.412580131,3,9990,100,3939626,1
54423.315833484,4,9984,100,3936231,-1
54423.958837043,1,9991,100,3946672,1
54424.92212247,3,9989,100,3932551,1
54425.757068259,1,9992,100,3945256,-1
54426.655386457,4,9991,100,3946672,1
54428.519145129,1,9993,100,3925185,-1
54429.421756385,3,9983,100,3927107,1
54429.800190623,3,9992,100,3945256,-1
54431.467312939,1,9994,100,3909167,1
54431.808172237,1,9995,100,3914209,-1
54432.531267993,1,9996,100,3914659,1
54433.418120921,3,9977,100,3920945,1
54433.819239589,3,9995,100,3914209,-1
54434.762272642,4,9993,100,3925185,-1
54435.403071064,3,9996,100,3914659,1
54435.744365379,1,9997,100,3934421,1
54436.693699546,1,9998,100,3931226,-1
54437.124532753,1,9999,100,3932629,-1
54437.819350049,5,9994,100,3909167,1
54438.523879236,4,9985,100,3929384,1
54440.262599716,1,10000,100,3933211,-1
54441.519477202,5,9999,100,3932629,-1
54443.103229343,1,10001,100,3923008,-1
54443.68078037,3,9998,100,3931226,-1
54444.166038521,3,10000,100,3933211,-1
54444.664463985,1,10002,100,3925912,1
54445.456585009,1,10003,200,3918792,1
54446.203485946,5,10001,100,3923008,-1
54446.641311732,3,9997,100,3934421,1
54447.490720984,1,10004,100,3917254,1
54447.857885881,1,10005,100,3914304,-1
54448.733416139,4,10003,100,3918792,1
54450.099152439,1,10006,100,3913928,-1
54450.954566929,3,10005,100,3914304,-1
54451.796526354,1,10007,100,3922037,-1
54452.43216365,1,10008,100,3921715,1
54452.97352803,4,10003,100,3918792,1
54453.668990001,1,10009,100,3910273,-1
54454.461025811,5,10002,100,3925912,1
54455.18348335,1,10010,100,3912810,-1
54455.538363258,1,10011,100,3913047,1
54456.385014313,1,10012,100,3910068,-1
54456.865241311,1,10013,100,3913459,-1
54457.454688044,1,10014,100,3909184,-1
54457.87406528,4,10014,100,3909184,-1
54458.218554735,1,10015,100,3906438,1
54459.10029216,4,10011,100,3913047,1
54460.103234438,1,10016,100,3911094,-1
54460.968523872,4,10009,100,3910273,-1
54461.33133585,3,10004,100,3917254,1
54461.900705124,1,10017,100,3916908,1
54462.727651524,1,10018,100,3921273,1
54463.387197225,1,10019,100,3925828,1
54463.786090352,5,10013,100,3913459,-1
54464.759427074,5,10017,100,3916908,1
54465.156510295,1,10020,100,3923791,-1
54465.683796538,5,10012,100,3910068,-1
54466.807206579,3,10020,100,3923791,-1
54467.3470397,1,10021,100,3916922,-1
54467.797523487,3,10018,100,3921273,1
54468.427471732,3,10021,100,3916922,-1
54469.401663264,1,10022,100,3909106,1
54470.159722887,1,10023,100,3915492,-1
54470.55329354,1,10024,100,3920075,-1
54471.077436002,4,10006,100,3913928,-1
54471.751423674,3,10007,100,3922037,-1
54472.680926467,3,10008,100,3921715,1
54473.472600754,3,10019,100,3925828,1
54473.90784599,1,10025,100,3929539,-1
54474.329355187,1,10026,100,3928218,1
54474.806890003,1,10027,100,3929037,1
54475.279796703,1,10028,200,3932626,1
54475.774439235,3,10016,100,3911094,-1
54476.187105137,1,10029,100,3935645,-1
54476.626740964,1,10030,100,3935735,1
54478.361079625,1,10031,100,3944985,-1
54478.758323418,4,10024,100,3920075,-1
54480.02410036,1,10032,100,3928173,1
54480.586338761,1,10033,100,3937237,-1
54481.232682033,1,10034,100,3936732,-1
54481.672180738,5,10027,100,3929037,1
54482.283766648,1,10035,100,3933074,-1
54482.664768863,3,10029,100,3935645,-1
54483.070507378,3,10035,100,3933074,-1
54484.9979351,3,10022,100,3909106,1
54485.645398856,3,10026,100,3928218,1
54486.017146638,3,10031,100,3944985,-1
54486.763175747,3,10030,100,3935735,1
54487.176664607,1,10036,100,3931163,-1
54488.104689018,1,10037,100,3923506,1
54488.633659753,1,10038,100,3928232,1
54489.464604115,3,10015,100,3906438,1
54489.983323592,1,10039,100,3936367,-1
54490.323711472,1,10040,100,3933685,1
54491.28040121,1,10041,100,3937289,-1
54491.81390803,4,10036,100,3931163,-1
54492.536983407,3,10028,200,3932626,1
54492.926875899,3,10023,100,3915492,-1
54493.471459704,1,10042,100,3930114,1
54494.620275838,5,10032,100,3928173,1
54495.207442257,5,10039,100,3936367,-1
54497.091475652,3,10041,100,3937289,-1
54497.949146526,5,10010,100,3912810,-1
54498.893411736,1,10043,100,3952480,-1
54499.708693168,1,10044,100,3953206,-1
54500.477404467,3,10042,100,3930114,1
54501.386839706,1,10045,100,3958519,1
54502.315208687,3,10045,100,3958519,1
54503.07350423,1,10046,100,3957327,-1
54503.478732706,1,10047,100,3951950,1
54503.881975878,1,10048,100,3956768,1
54504.671019031,1,10049,100,3957384,-1
54505.52631362,1,10050,100,3954011,1
54506.057104042,1,10051,100,3948889,1
54506.738282296,3,10043,100,3952480,-1
54507.080846969,3,10037,100,3923506,1
54508.010241318,3,10048,100,3956768,1
54508.384288803,3,10040,100,3933685,1
54508.759893261,3,10038,100,3928232,1
54509.55792364,5,10050,100,3954011,1
54510.400084722,1,10052,100,3963985,-1
54511.284677212,4,10049,100,3957384,-1
54511.971425479,1,10053,100,3952503,1
54512.848221238,3,10053,100,3952503,1
54513.702685201,1,10054,100,3968241,-1
54515.851754869,5,10033,100,3937237,-1
54516.80275675,1,10055,100,3959430,-1
54517.71762221,5,10052,100,3963985,-1
54518.462126857,3,10047,100,3951950,1
54519.24837695,1,10056,100,3957874,1
54520.078005914,3,10044,100,3953206,-1
54520.508099669,3,10051,100,3948889,1
54521.105152939,1,10057,100,3965980,-1
54521.520139021,1,10058,100,3971055,-1
54522.17253051,1,10059,100,3965776,1
54522.629989326,1,10060,100,3967434,1
54524.488222902,1,10061,100,3969264,1
54525.315917723,5,10034,100,3936732,-1
54527.812852644,1,10062,100,3965579,-1
54528.6913842,1,10063,100,3963275,1
54530.216548579,3,10060,100,3967434,1
54530.58744679,4,10063,100,3963275,1
54532.021654754,4,10046,100,3957327,-1
54532.571729714,3,10058,100,3971055,-1
54533.509138938,1,10064,100,3953615,1
54534.448877623,1,10065,100,3960113,-1
54535.118410659,3,10065,100,3960113,-1
54535.814887464,1,10066,100,3965034,-1
54536.688161662,3,10064,100,3953615,1
54537.432216928,3,10025,100,3929539,-1
54538.179106229,3,10054,100,3968241,-1
54538.71331148,1,10067,100,3957092,1
54539.644624095,1,10068,100,3957918,1
54540.384365487,1,10069,100,3957983,-1
54541.252790715,3,10066,100,3965034,-1
54542.67442326,1,10070,100,3968237,-1
54543.502299564,5,10057,100,3965980,-1
54544.162814451,1,10071,100,3965040,1
54544.783188363,1,10072,100,3957731,1
54545.299900492,3,10067,100,3957092,1
54545.885833228,5,10072,100,3957731,1
54546.806564618,5,10062,100,3965579,-1
54547.339477852,3,10068,100,3957918,1
54547.890963393,1,10073,100,3964101,1
54548.676493889,1,10074,100,3952715,-1
54549.133737734,4,10059,100,3965776,1
54549.535623107,1,10075,100,3939752,1
54550.125511818,3,10074,100,3952715,-1
54551.022839306,1,10076,100,3937422,1
54551.706308109,1,10077,100,3935847,1
54552.130392941,4,10071,100,3965040,1
54552.907128686,1,10078,100,3951738,-1
54553.337473216,3,10061,100,3969264,1
54554.062781144,1,10079,100,3945073,1
54554.949555645,1,10080,100,3943034,1
54555.573209163,4,10080,100,3943034,1
54556.041023255,3,10078,100,3951738,-1
54556.415545337,5,10077,100,3935847,1
54557.769196553,1,10081,100,3947064,-1
54558.237480208,1,10082,100,3934586,1
54558.658298983,1,10083,100,3923524,1
54559.050191263,1,10084,100,3927926,1
54559.723714729,1,10085,100,3932114,1
54560.06332575,3,10070,100,3968237,-1
54560.792553835,5,10056,100,3957874,1
54561.690196545,1,10086,100,3944893,-1
54562.56386874,3,10082,100,3934586,1
54563.44591503,4,10085,100,3932114,1
54564.4285296,1,10087,100,3934146,-1
54564.897222572,1,10088,100,3933660,-1
54565.67484916,4,10076,100,3937422,1
54567.288515105,1,10089,100,3934804,-1
54568.169898909,4,10079,100,3945073,1
54568.647680214,3,10081,100,3947064,-1
54569.385003585,1,10090,100,3942008,1
54570.231601734,3,10083,100,3923524,1
54570.893168646,1,10091,100,3938482,-1
54571.497204441,1,10092,100,3938956,1
54572.223078073,1,10093,100,3937760,-1
54572.701069732,1,10094,100,3937379,-1
54573.524383724,3,10087,100,3934146,-1
54574.500046432,3,10069,100,3957983,-1
54574.846929389,5,10055,100,3959430,-1
54575.189354728,3,10091,100,3938482,-1
54575.555502213,1,10095,100,3943626,-1
54576.249225055,5,10092,100,3938956,1
54576.583453563,3,10086,100,3944893,-1
54576.999154039,1,10096,100,3951404,-1
54577.560263025,1,10097,100,3945753,1
54578.831444822,1,10098,100,3949714,1
54579.419864368,1,10099,100,3956236,1
54580.177669683,1,10100,100,3956784,1
54581.149731655,4,10096,100,3951404,-1
54581.934925457,3,10099,100,3956236,1
54583.671942768,1,10101,100,3949951,1
54584.248635206,3,10089,100,3934804,-1
54585.063309808,1,10102,100,3949695,1
54586.927895258,1,10103,100,3956417,-1
54587.679732501,3,10095,100,3943626,-1
54588.468847321,1,10104,100,3945637,1
54590.748181867,3,10073,100,3964101,1
54591.113860906,4,10093,100,3937760,-1
54592.056048574,1,10105,100,3936295,1
54592.925266245,4,10094,100,3937379,-1
54593.437823611,1,10106,100,3941715,-1
54594.425723726,3,10103,100,3956417,-1
54595.080639141,3,10097,100,3945753,1
54595.598080483,1,10107,100,3941548,-1
54597.681324393,3,10101,100,3949951,1
54598.276087752,3,10088,100,3933660,-1
54599.090912356,4,10106,100,3941715,-1
54599.662660176,1,10108,100,3943427,1
54600.454924235,3,10075,100,3939752,1
54601.368606231,5,10102,100,3949695,1
54601.778490338,1,10109,200,3949800,-1
54602.62495959,4,10100,100,3956784,1
54603.351166313,1,10110,100,3947514,-1
54603.865834491,3,10105,100,3936295,1
54604.435383759,3,10109,200,3949800,-1
54605.176560465,3,10110,100,3947514,-1
54605.727655748,3,10107,100,3941548,-1
54606.637911292,5,10108,100,3943427,1
54607.06306896,5,10098,100,3949714,1
54607.902233049,1,10111,100,3932512,1
54608.512233155,3,10111,100,3932512,1
54609.388721302,1,10112,100,3926075,1
54609.752459534,3,10112,100,3926075,1
54610.49538898,1,10113,100,3921747,-1
54610.843259875,1,10114,100,3914663,-1
54611.223588343,1,10115,100,3914270,1
54611.684044947,3,10084,100,3927926,1
54612.314629209,1,10116,100,3916709,-1
54612.797115116,1,10117,100,3916652,1
54613.275327636,1,10118,100,3921752,-1
54614.223644566,1,10119,100,3921101,-1
54615.640353834,1,10120,100,3928014,1
54616.716724247,5,10118,100,3921752,-1
54617.625012411,3,10104,100,3945637,1
54618.034022685,4,10120,100,3928014,1
54618.935507276,5,10115,100,3914270,1
54619.675809448,1,10121,100,3913269,1
54620.358882097,5,10117,100,3916652,1
54620.715903349,3,10119,100,3921101,-1
54621.119806196,4,10114,100,3914663,-1
54621.581815067,5,10113,100,3921747,-1
54622.150507177,1,10122,100,3926532,-1
54622.786824601,4,10116,100,3916709,-1
54623.392978631,3,10122,100,3926532,-1
54623.996858536,1,10123,100,3928281,-1
54624.583138816,1,10124,100,3925229,-1
54625.063457669,3,10121,100,3913269,1
54625.533823775,1,10125,100,3923709,-1
54626.491421069,1,10126,100,3924346,-1
54627.414130583,1,10127,100,3925637,-1
54627.803617565,3,10124,100,3925229,-1
54628.218235066,1,10128,100,3926419,1
54628.765355135,3,10128,100,3926419,1
54629.15849743,1,10129,100,3916722,1
54629.596433286,1,10130,100,3909288,1
54630.207481701,5,10125,100,3923709,-1
54630.887894146,1,10131,100,3917183,1
54631.868552067,1,10132,100,3917251,-1
54632.737851603,1,10133,100,3923134,-1
54633.379742649,3,10126,100,3924346,-1
54634.149214061,4,10129,100,3916722,1
54634.970460549,1,10134,100,3904185,1
54635.845146158,4,10090,100,3942008,1
54636.186596391,1,10135,100,3901299,-1
54636.844987783,1,10136,100,3900399,1
54638.520992797,3,10134,100,3904185,1
54639.116183381,4,10131,100,3917183,1
54639.617276988,5,10132,100,3917251,-1
54640.197765474,1,10137,100,3898575,1
54640.803919747,3,10123,100,3928281,-1
54641.459219468,1,10138,100,3904040,1
54642.702524108,4,10130,100,3909288,1
54643.139820167,4,10135,100,3901299,-1
54643.595515548,1,10139,100,3899511,1
54644.35592489,4,10138,100,3904040,1
54645.198895342,3,10133,100,3923134,-1
54646.108711308,5,10136,100,3900399,1
54646.772101369,1,10140,200,3888580,-1
54647.256788397,4,10139,100,3899511,1
54647.594108732,1,10141,100,3875075,1
54648.314762351,1,10142,100,3882737,-1
54648.864830594,3,10141,100,3875075,1
54649.715115498,1,10143,100,3883932,1
54650.255453096,1,10144,100,3879650,1
54650.892538716,1,10145,100,3889588,-1
54651.651944676,5,10144,100,3879650,1
54652.224010078,5,10137,100,3898575,1
54653.113723039,3,10142,100,3882737,-1
54653.628827831,3,10143,100,3883932,1
54654.387045754,1,10146,100,3886298,1
54654.973540303,5,10145,100,3889588,-1
54655.325808703,4,10146,100,3886298,1
54655.891476232,3,10140,200,3888580,-1
54656.747902788,1,10147,100,3888470,-1
54657.299071593,1,10148,100,3891068,1
54658.173290558,1,10149,100,3884933,1
54658.68319327,3,10149,100,3884933,1
54659.556471795,5,10148,100,3891068,1
54660.748164912,3,10127,100,3925637,-1
54661.161144537,1,10150,100,3887004,1
54661.800136635,1,10151,100,3888847,1
54662.632292857,5,10150,100,3887004,1
54663.379782405,1,10152,100,3896656,-1
54664.250861715,1,10153,100,3896911,-1
54664.863679139,3,10152,100,3896656,-1
54665.551822075,1,10154,100,3903450,-1
54666.137476695,3,10151,100,3888847,1
54667.035008168,5,10154,100,3903450,-1
54667.740293629,1,10155,100,3903840,1
54668.902221075,1,10156,100,3901289,1
54670.102522355,3,10147,100,3888470,-1
54670.748700141,1,10157,100,3900158,-1
54671.411270844,1,10158,100,3895269,-1
54672.188666738,3,10155,100,3903840,1
54672.54807318,3,10153,100,3896911,-1
54673.179131461,1,10159,100,3899568,1
54674.037993574,1,10160,100,3894237,-1
54674.932837462,5,10157,100,3900158,-1
54675.90963119,1,10161,100,3890408,1
54676.410347052,3,10159,100,3899568,1
54676.761216998,1,10162,100,3897733,-1
54677.339028705,3,10156,100,3901289,1
54678.021406891,1,10163,100,3907690,-1
54678.510113775,1,10164,100,3908614,-1
54678.980199401,4,10160,100,3894237,-1
54679.60761596,5,10164,100,3908614,-1
54680.174824526,1,10165,100,3910260,1
54680.824015059,4,10163,100,3907690,-1
54681.731506114,4,10158,100,3895269,-1
54682.145327268,1,10166,100,3907724,1
54682.63049369,4,10162,100,3897733,-1
54683.51909466,4,10165,100,3910260,1
54684.02162807,3,10166,100,3907724,1
54684.85878617,3,10161,100,3890408,1
54685.475287654,1,10167,100,3903246,1
54685.864044048,1,10168,100,3900697,1
54686.205583955,3,10168,100,3900697,1
54687.183697664,4,10167,100,3903246,1
54687.740720639,1,10169,100,3912409,1
54688.917735166,1,10170,100,3914799,1
54689.423557218,1,10171,100,3915727,-1
54690.912564678,1,10172,100,3908039,-1
54691.24589012,4,10169,100,3912409,1
54692.055599015,1,10173,100,3894379,1
54692.548249518,3,10173,100,3894379,1
54693.010214562,3,10172,100,3908039,-1
54693.436388634,3,10170,100,3914799,1
54695.008253765,4,10171,100,3915727,-1
54695.518214861,1,10174,100,3894370,-1
54696.117054269,4,10174,100,3894370,-1
54696.782588547,1,10175,100,3889813,1
54697.544361851,1,10176,100,3893808,-1
54698.071368634,1,10177,100,3906032,-1
54698.82657289,3,10175,100,3889813,1
54699.642057365,1,10178,100,3906695,1
54700.436974711,3,10178,100,3906695,1
54701.236700046,3,10177,100,3906032,-1
54702.037789292,1,10179,100,3908911,1
54702.402563066,1,10180,100,3917292,1
54702.91628121,3,10179,100,3908911,1
54703.709056042,1,10181,100,3917839,1
54704.553151937,1,10182,100,3922255,-1
54705.246385622,1,10183,100,3923967,-1
54705.602391201,1,10184,100,3923732,-1
54706.027338348,3,10181,100,3917839,1
54706.409204241,1,10185,100,3922863,-1
54706.739547675,3,10176,100,3893808,-1
54707.195195085,5,10182,100,3922255,-1
54707.91668106,1,10186,100,3914910,1
54709.213081231,1,10187,100,3924770,-1
54709.79128255,3,10187,100,3924770,-1
54711.349139105,3,10185,100,3922863,-1
54712.005923443,1,10188,100,3923791,-1
54712.417826946,4,10186,100,3914910,1
54713.373040124,3,10183,100,3923967,-1
54713.973009147,1,10189,100,3919194,-1
54714.358928578,1,10190,100,3915905,-1
54714.908158036,1,10191,100,3917017,-1
54715.607102875,1,10192,100,3922094,-1
54716.06392846,1,10193,100,3923975,1
54717.845134674,3,10193,100,3923975,1
54718.755287623,1,10194,100,3929361,-1
54720.289865167,1,10195,100,3933523,1
54720.686249199,3,10194,100,3929361,-1
54721.239079466,4,10189,100,3919194,-1
54721.746041585,4,10188,100,3923791,-1
54722.387704775,1,10196,100,3927382,1
54723.034619501,1,10197,100,3922284,1
54723.398872332,1,10198,100,3927885,-1
54724.143328136,1,10199,100,3917473,1
54725.092541584,1,10200,100,3914785,1
54725.578666946,5,10180,100,3917292,1
54726.450867896,3,10184,100,3923732,-1
54726.899502836,1,10201,100,3919290,-1
54727.612389434,1,10202,100,3922151,-1
54728.53352068,1,10203,100,3916151,1
54729.409606496,4,10201,100,3919290,-1
54729.748324842,1,10204,100,3919311,1
54730.168885181,3,10198,100,3927885,-1
54730.728280049,1,10205,100,3916778,1
54731.694302219,3,10190,100,3915905,-1
54732.635829145,4,10205,100,3916778,1
54733.485141434,1,10206,100,3911523,-1
54734.167302649,1,10207,100,3909764,-1
54734.996445196,1,10208,100,3903092,1
54735.853870984,3,10202,100,3922151,-1
54736.411191149,1,10209,100,3909289,-1
54736.739302711,3,10204,100,3919311,1
54737.108071277,3,10197,100,3922284,1
54737.799866959,3,10209,100,3909289,-1
54738.682370656,5,10192,100,3922094,-1
54739.289009229,1,10210,100,3909473,1
54740.188937307,1,10211,100,3908432,1
54740.782465962,1,10212,100,3920010,-1
54741.170297693,3,10210,100,3909473,1
54741.536892401,1,10213,100,3915267,1
54742.302830665,3,10206,100,3911523,-1
54742.651552668,4,10207,100,3909764,-1
54743.327154339,1,10214,100,3914941,-1
54744.133315057,3,10211,100,3908432,1
54744.981190802,1,10215,100,3905645,1
54745.617082086,1,10216,100,3910047,-1
54746.495541059,4,10200,100,3914785,1
54747.371241426,1,10217,100,3899851,-1
54747.747182489,1,10218,100,3898138,1
54748.195927361,3,10216,100,3910047,-1
54748.890657196,1,10219,100,3907668,-1
54749.433969317,5,10217,100,3899851,-1
54750.33534259,1,10220,100,3916634,-1
54750.746310384,3,10208,100,3903092,1
54752.133763691,1,10221,100,3922785,1
54753.390955776,3,10195,100,3933523,1
54754.014007337,1,10222,100,3931550,-1
54754.918510506,3,10222,100,3931550,-1
54755.458795183,3,10203,100,3916151,1
54755.83508373,3,10191,100,3917017,-1
54756.248580157,1,10223,100,3927064,1
54757.101413099,3,10212,100,3920010,-1
54757.920694703,4,10220,100,3916634,-1
54758.813411377,3,10196,100,3927382,1
54759.619655425,3,10215,100,3905645,1
54760.511454937,5,10223,100,3927064,1
54761.108834261,3,10213,100,3915267,1
54761.939609699,3,10199,100,3917473,1
54762.481527791,1,10224,100,3914814,1
54763.038329454,3,10221,100,3922785,1
54763.715073348,3,10219,100,3907668,-1
54764.268899901,1,10225,100,3914327,-1
54765.005744083,4,10225,100,3914327,-1
54765.911503117,3,10218,100,3898138,1
54766.435098848,4,10224,100,3914814,1
54766.98707453,5,10214,100,3914941,-1
54767.55612698,1,10226,100,3905805,1
54768.12494337,1,10227,100,3900655,-1
54768.45603858,3,10226,100,3905805,1
54769.083748595,1,10228,100,3907326,1
54769.498737437,1,10229,100,3902311,1
54770.419743039,1,10230,100,3906883,1
54771.091138568,1,10231,100,3904727,1
54772.399012546,1,10232,100,3905604,-1
54773.210369145,1,10233,100,3909524,-1
54774.470986648,3,10232,100,3905604,-1
54775.225523041,3,10227,100,3900655,-1
54775.561093941,3,10231,100,3904727,1
54776.39191391,5,10233,100,3909524,-1
54777.352956584,1,10234,100,3914355,-1
54778.783961875,4,10234,100,3914355,-1
54779.447221058,4,10230,100,3906883,1
54780.032921281,1,10235,100,3927368,-1
54780.551496021,3,10235,100,3927368,-1
54781.310259718,4,10229,100,3902311,1
54781.925141455,4,10228,100,3907326,1
54782.520800948,1,10236,100,3935466,-1
54783.09073054,1,10237,100,3927955,1
54783.616602724,1,10238,100,3933092,-1
54784.313712559,1,10239,100,3925382,1
54784.892026196,1,10240,100,3931150,1
54785.645958242,1,10241,100,3932110,1
54786.200778989,1,10242,100,3924736,1
54786.888597639,4,10240,100,3931150,1
54787.270039636,1,10243,100,3926885,-1
54787.962800214,4,10237,100,3927955,1
54788.823247082,3,10236,100,3935466,-1
54789.22353198,1,10244,100,3918274,1
54790.183542277,5,10243,100,3926885,-1
54790.820584015,1,10245,100,3924526,1
54791.683144347,1,10246,100,3925445,-1
54793.670386818,3,10238,100,3933092,-1
54793.994700089,3,10246,100,3925445,-1
54794.768574844,3,10244,100,3918274,1
54795.295828607,1,10247,100,3924703,1
54795.67842888,3,10242,100,3924736,1
54796.406173872,5,10247,100,3924703,1
54797.293015072,1,10248,100,3932398,-1
54798.562736226,1,10249,100,3927007,-1
54799.528180903,1,10250,100,3930785,-1
54800.030320047,1,10251,100,3938281,-1
54800.435475364,1,10252,100,3940592,-1
54801.486237378,5,10250,100,3930785,-1
54802.386710768,1,10253,100,3943295,-1
54803.291872189,4,10248,100,3932398,-1
54803.779308097,1,10254,100,3937812,1
54805.049959623,4,10249,100,3927007,-1
54805.570881962,1,10255,100,3930897,-1
54806.442515405,3,10252,100,3940592,-1
54807.092476151,1,10256,100,3926090,1
54808.01888618,3,10245,100,3924526,1
54808.527201524,1,10257,100,3924957,-1
54808.881526382,1,10258,100,3927538,-1
54809.477721745,3,10251,100,3938281,-1
54810.051274,3,10256,100,3926090,1
54810.800153273,4,10241,100,3932110,1
54811.717856951,1,10259,100,3921392,-1
54812.336128015,3,10239,100,3925382,1
54812.701009534,3,10253,100,3943295,-1
54813.221406941,5,10254,100,3937812,1
54814.233655689,1,10260,100,3919699,1
54814.95430133,1,10261,100,3920475,-1
54815.904366733,4,10260,100,3919699,1
54816.840677361,5,10261,100,3920475,-1
54817.621307168,1,10262,100,3910661,-1
54818.107097285,3,10262,100,3910661,-1
54819.316266859,5,10259,100,3921392,-1
54820.217961659,1,10263,100,3903985,-1
54821.051753281,4,10255,100,3930897,-1
54821.793807509,3,10258,100,3927538,-1
54822.711306872,3,10257,100,3924957,-1
54823.602530448,3,10263,100,3903985,-1
54824.097016902,1,10264,100,3911430,-1
54825.018498248,3,10264,100,3911430,-1
54825.713413903,1,10265,100,3910931,-1
54826.198384932,1,10266,100,3908727,1
54827.156650993,3,10265,100,3910931,-1
54828.069109854,1,10267,100,3908328,1
54828.88641555,4,10267,100,3908328,1
54829.360789149,5,10266,100,3908727,1
54830.188112588,1,10268,100,3926337,-1
54830.520098995,3,10268,100,3926337,-1
54831.148168686,1,10269,100,3924490,1
54832.563217843,3,10269,100,3924490,1
54833.046157775,1,10270,100,3933493,1
54833.702247969,3,10270,100,3933493,1
54834.354883537,1,10271,100,3937474,1
54834.924216597,3,10271,100,3937474,1
54835.67180876,1,10272,100,3947758,-1
54836.625978003,3,10272,100,3947758,-1
54837.367419405,1,10273,100,3937180,1
54838.266825849,1,10274,100,3941122,-1
54838.991541342,1,10275,100,3932214,1
54839.745196916,4,10275,100,3932214,1
54840.642171527,5,10273,100,3937180,1
54841.368914006,3,10274,100,3941122,-1
54841.99442566,1,10276,100,3928105,1
54842.654316944,1,10277,100,3930599,-1
54843.384647364,3,10277,100,3930599,-1
54844.27588332,4,10276,100,3928105,1
54844.993296021,1,10278,100,3937703,-1
54845.366008055,5,10278,100,3937703,-1
54846.138528683,1,10279,100,3929989,-1
54846.646180706,4,10279,100,3929989,-1
54847.251756977,1,10280,100,3928792,1
54848.029800074,3,10280,100,3928792,1
54848.898954771,1,10281,100,3927181,1
54849.355550962,3,10281,100,3927181,1
54849.901919148,1,10282,100,3930660,1
54850.406834969,1,10283,100,3927712,1
54851.602231778,1,10284,100,3933192,-1
54851.996049623,3,10282,100,3930660,1
54852.790953955,4,10283,100,3927712,1
54853.738651269,4,10284,100,3933192,-1
54854.594216553,1,10285,100,3913788,1
54855.434384219,1,10286,100,3912791,1
54855.925933397,4,10286,100,3912791,1
54856.4020189,1,10287,100,3910779,1
54857.163984962,4,10285,100,3913788,1
54857.80881313,1,10288,100,3925946,-1
54858.24127312,1,10289,100,3922660,-1
54858.831855685,1,10290,100,3922408,-1
54859.542605166,1,10291,100,3917386,-1
54861.061155489,3,10289,100,3922660,-1
54862.842265887,4,10287,100,3910779,1
54863.362758674,4,10290,100,3922408,-1
54863.93836738,1,10292,100,3898424,1
54864.311171403,4,10292,100,3898424,1
54865.097574874,3,10291,100,3917386,-1
54865.673541852,4,10288,100,3925946,-1
54866.259327207,1,10293,100,3893694,-1
54867.123542459,1,10294,100,3889498,-1
54867.86432554,3,10293,100,3893694,-1
54868.525739101,4,10294,100,3889498,-1
54869.223034279,1,10295,100,3898071,1
54870.092103857,1,10296,100,3901091,-1
54871.0486934,3,10295,100,3898071,1
54871.487436375,3,10296,100,3901091,-1
54871.901817306,1,10297,100,3902865,-1
54872.739057265,1,10298,100,3901079,1
54873.500789289,1,10299,100,3900223,-1
54873.83706229,1,10300,300,3895473,1
54874.645797696,3,10298,100,3901079,1
54875.069005541,4,10299,100,3900223,-1
54875.737253336,3,10300,300,3895473,1
54876.275152964,1,10301,100,3896077,1
54876.985253003,1,10302,100,3898216,-1
54877.679002654,4,10302,100,3898216,-1
54878.270863296,4,10301,100,3896077,1
54879.430816553,1,10303,100,3897583,1
54880.088845993,1,10304,100,3900432,-1
54880.977141772,4,10303,100,3897583,1
54881.748866095,5,10304,100,3900432,-1
54882.636189238,1,10305,100,3886594,1
54883.339350268,3,10297,100,3902865,-1
54884.276608175,3,10305,100,3886594,1
54885.143806116,1,10306,100,3885684,-1
54885.932604359,1,10307,100,3889225,1
54886.720710544,1,10308,100,3896294,-1
54887.308480055,1,10309,100,3902533,-1
54888.26603985,1,10310,100,3896681,-1
54888.810148323,4,10308,100,3896294,-1
54889.382550065,3,10306,100,3885684,-1
54889.753122013,1,10311,100,3898379,-1
54890.503728059,1,10312,100,3899683,-1
54891.176600528,5,10310,100,3896681,-1
54892.113804823,4,10311,100,3898379,-1
54892.585642842,1,10313,100,3896404,1
54893.35612234,1,10314,100,3900841,-1
54895.394673451,5,10313,100,3896404,1
54897.424459291,5,10312,100,3899683,-1
54897.802033383,4,10314,100,3900841,-1
54898.296919175,5,10307,100,3889225,1
54899.222198416,1,10315,100,3902385,1
54900.083847141,1,10316,100,3903714,-1
54900.429694346,4,10315,100,3902385,1
54900.890456973,4,10309,100,3902533,-1
54901.62420613,1,10317,100,3900577,-1
54902.173732413,3,10317,100,3900577,-1
54902.723050541,1,10318,100,3902362,-1
54903.052502316,1,10319,100,3900715,1
54903.895200346,3,10318,100,3902362,-1
54904.836298119,3,10316,100,3903714,-1
54905.55823341,1,10320,100,3908220,-1
54905.941395315,1,10321,100,3904702,1
54906.70684425,3,10320,100,3908220,-1
54907.218071803,3,10321,100,3904702,1
54907.663416211,5,10319,100,3900715,1
54908.071048956,1,10322,100,3915351,1
54908.639548197,1,10323,100,3914295,-1
54909.016385325,3,10323,100,3914295,-1
54910.190122966,1,10324,100,3919696,-1
54910.909694675,1,10325,100,3922125,-1
54911.653622838,3,10324,100,3919696,-1
54912.367260327,3,10325,100,3922125,-1
54912.748206724,1,10326,100,3926098,-1
54913.640186519,3,10322,100,3915351,1
54914.408896217,1,10327,100,3907751,1
54915.200246043,1,10328,100,3910754,-1
54916.138498748,1,10329,100,3902876,-1
54916.922716594,1,10330,100,3913455,-1
54917.331235509,3,10330,100,3913455,-1
54917.714142752,1,10331,100,3909871,1
54918.262987033,3,10331,100,3909871,1
54919.028036052,1,10332,100,3919644,-1
54920.733423839,4,10327,100,3907751,1
54921.196288063,4,10329,100,3902876,-1
54921.545839852,3,10328,100,3910754,-1
54922.325774886,1,10333,100,3911738,-1
54922.788060401,3,10326,100,3926098,-1
54924.103440813,1,10334,100,3911695,-1
54924.512942054,5,10332,100,3919644,-1
54925.10919301,1,10335,100,3899142,-1
54925.730534594,4,10335,100,3899142,-1
54926.679469508,1,10336,100,3890060,1
54927.32680788,1,10337,100,3884689,1
54927.999765296,5,10333,100,3911738,-1
54928.878564898,1,10338,100,3880234,1
54929.585372948,3,10334,100,3911695,-1
54930.352838475,1,10339,100,3875067,1
54930.737622698,1,10340,100,3879002,1
54931.594112662,4,10336,100,3890060,1
54932.418716348,1,10341,100,3866677,1
54933.179869677,3,10340,100,3879002,1
54933.619052303,1,10342,100,3877615,1
54934.209542711,4,10337,100,3884689,1
54934.704684748,1,10343,100,3870378,1
54936.293623174,1,10344,100,3873474,1
54936.811495849,1,10345,100,3871707,1
54938.364243757,3,10342,100,3877615,1
54939.04390316,1,10346,100,3868047,-1
54939.702514966,1,10347,100,3871712,-1
54940.304195239,1,10348,100,3870335,1
54940.900531447,1,10349,100,3874034,1
54941.44412978,1,10350,100,3867776,1
54942.390125552,5,10338,100,3880234,1
54942.909348049,4,10350,100,3867776,1
54943.53829684,4,10348,100,3870335,1
54944.039463693,1,10351,100,3859672,1
54944.560494381,3,10346,100,3868047,-1
54946.159860739,3,10344,100,3873474,1
54947.018100452,3,10343,100,3870378,1
54947.364705332,1,10352,100,3861326,-1
54948.207766612,1,10353,100,3852821,-1
54948.630770168,1,10354,100,3845444,1
54949.541572295,3,10341,100,3866677,1
54950.364534144,1,10355,100,3857207,-1
54951.194299543,1,10356,100,3856169,-1
54951.730780756,3,10347,100,3871712,-1
54952.478115863,1,10357,100,3864868,-1
54953.916108339,3,10351,100,3859672,1
54954.416940282,3,10349,100,3874034,1
54954.889856345,4,10355,100,3857207,-1
54956.137475234,3,10356,100,3856169,-1
54956.936588314,1,10358,100,3890347,-1
54957.675513174,4,10352,100,3861326,-1
54958.173760741,1,10359,100,3878869,1
54958.980125209,3,10354,100,3845444,1
54959.826969346,3,10359,100,3878869,1
54960.721323794,3,10345,100,3871707,1
54961.345109743,1,10360,100,3878353,1
54962.065999295,4,10360,100,3878353,1
54962.51256019,3,10339,100,3875067,1
54963.414855445,3,10353,100,3852821,-1
54963.865844378,3,10357,100,3864868,-1
54964.806916398,1,10361,100,3877705,1
54965.290056008,1,10362,100,3886175,-1
54965.792176314,4,10361,100,3877705,1
54966.282373166,1,10363,100,3887004,-1
54968.084896844,1,10364,100,3885026,-1
54969.447836831,3,10358,100,3890347,-1
54969.963953154,1,10365,100,3876672,1
54970.432883176,4,10365,100,3876672,1
54971.150594591,1,10366,100,3875131,1
54971.862044797,1,10367,100,3880236,1
54972.456646931,4,10367,100,3880236,1
54973.055580984,3,10362,100,3886175,-1
54974.764096567,1,10368,100,3860849,-1
54975.40874953,4,10366,100,3875131,1
54976.284214026,1,10369,100,3854101,-1
54976.836137425,5,10364,100,3885026,-1
54977.239528294,1,10370,100,3853262,-1
54978.009849478,4,10369,100,3854101,-1
54978.863809924,3,10363,100,3887004,-1
54979.3942887,1,10371,100,3852371,1
54979.747265713,4,10370,100,3853262,-1
54980.748871102,4,10371,100,3852371,1
54981.610134334,1,10372,100,3846453,1
54982.151088086,1,10373,100,3846126,1
54982.480941693,3,10373,100,3846126,1
54982.851500264,5,10368,100,3860849,-1
54983.185352182,4,10372,100,3846453,1
54983.93436394,1,10374,100,3831344,1
54984.471738462,1,10375,100,3834048,1
54985.046387195,1,10376,100,3832933,1
54985.504046237,1,10377,100,3833102,-1
54985.941404855,1,10378,100,3831085,1
54986.713317808,5,10377,100,3833102,-1
54987.213429931,1,10379,100,3826936,1
54987.573705362,4,10376,100,3832933,1
54988.349557868,1,10380,100,3823287,-1
54988.704514855,4,10375,100,3834048,1
54989.341165966,3,10379,100,3826936,1
54990.28479012,1,10381,100,3809745,1
54990.615577407,1,10382,100,3822848,-1
54990.956082531,1,10383,100,3827988,1
54991.784995615,1,10384,100,3836562,-1
54992.331611339,5,10384,100,3836562,-1
54992.744415685,4,10380,100,3823287,-1
54993.370699666,1,10385,100,3844453,-1
54994.234657286,3,10378,100,3831085,1
54994.753922125,1,10386,100,3845571,1
54995.701173675,1,10387,100,3847452,1
54996.029088291,3,10374,100,3831344,1
54996.881401114,3,10383,100,3827988,1
54997.822859759,1,10388,100,3858058,1
54998.612761669,1,10389,100,3861203,-1
54999.351861361,3,10386,100,3845571,1
54999.958477455,3,10381,100,3809745,1
55000.789491604,5,10387,100,3847452,1
55001.242502517,1,10390,100,3859159,1
55001.740361418,5,10388,100,3858058,1
55002.436170417,3,10389,100,3861203,-1
55002.950649932,5,10390,100,3859159,1
55003.795076007,4,10385,100,3844453,-1
55004.308866057,1,10391,100,3847738,1
55004.959873664,3,10391,100,3847738,1
55005.925301809,1,10392,100,3849967,-1
55006.73959934,4,10392,100,3849967,-1
55007.248712993,1,10393,100,3854753,-1
55007.827745628,4,10382,100,3822848,-1
55008.850943228,1,10394,100,3856180,1
55009.557577482,1,10395,100,3865664,-1
55009.927852724,1,10396,100,3861230,1
55010.323062955,3,10395,100,3865664,-1
55010.835591428,1,10397,100,3869121,-1
55011.155887746,1,10398,100,3866326,-1
55011.796573784,1,10399,100,3860135,1
55012.221343403,4,10393,100,3854753,-1
55012.845502723,1,10400,100,3857964,-1
55013.535993072,1,10401,100,3862289,-1
55014.358471951,1,10402,100,3857786,1
55015.015858336,5,10394,100,3856180,1
55015.633769202,4,10396,100,3861230,1
55016.522121284,1,10403,100,3856863,1
55017.067716371,4,10400,100,3857964,-1
55017.719212197,1,10404,100,3866269,-1
55018.140130024,1,10405,100,3859745,-1
55019.068813754,1,10406,100,3858340,1
55019.657308784,1,10407,100,3868519,-1
55020.24436839,1,10408,100,3864116,1
55020.892627246,1,10409,100,3866696,1
55022.384956653,1,10410,100,3863803,1
55023.029815388,1,10411,100,3870297,1
55023.465942359,3,10406,100,3858340,1
55023.940619134,1,10412,100,3874567,1
55024.458427674,1,10413,100,3871097,1
55025.100612832,1,10414,100,3877313,-1
55026.016668953,1,10415,100,3874465,1
55027.622572207,4,10397,100,3869121,-1
55028.375611835,4,10404,100,3866269,-1
55028.854813465,4,10405,100,3859745,-1
55029.171765963,1,10416,100,3883407,-1
55029.775986519,1,10417,100,3879822,1
55030.294026625,1,10418,100,3878985,1
55031.669618094,4,10418,100,3878985,1
55032.472474921,1,10419,100,3874185,1
55033.160600955,4,10417,100,3879822,1
55033.597988786,3,10415,100,3874465,1
55034.099642228,3,10402,100,3857786,1
55034.686202818,1,10420,100,3869293,-1
55035.055968354,1,10421,100,3871253,-1
55035.872872583,3,10416,100,3883407,-1
55036.40660338,1,10422,200,3877849,1
55036.789782068,4,10407,100,3868519,-1
55037.286491346,1,10423,100,3884836,-1
55038.023078443,3,10419,100,3874185,1
55039.749651707,3,10401,100,3862289,-1
55041.328984512,1,10424,100,3875559,1
55041.725902126,3,10410,100,3863803,1
55042.524992881,1,10425,100,3878572,-1
55043.035635411,1,10426,100,3876059,1
55043.690001028,1,10427,100,3881295,-1
55044.202631537,1,10428,100,3885166,1
55044.52669267,4,10423,100,3884836,-1
55044.992234192,3,10420,100,3869293,-1
55045.457587258,1,10429,100,3895393,-1
55046.339621644,1,10430,100,3892819,-1
55047.713308787,1,10431,100,3891029,1
55049.265723743,4,10414,100,3877313,-1
55050.202378944,4,10429,100,3895393,-1
55050.57024641,1,10432,100,3900992,1
55051.152322766,5,10425,100,3878572,-1
55051.826695853,1,10433,100,3911077,1
55052.573146863,1,10434,100,3904269,1
55053.306695651,3,10434,100,3904269,1
55054.008736239,5,10428,100,3885166,1
55054.857689971,3,10411,100,3870297,1
55055.368884817,1,10435,100,3904956,1
55056.177007789,4,10398,100,3866326,-1
55057.08364735,3,10409,100,3866696,1
55057.606673697,1,10436,100,3908054,1
55058.962116188,3,10422,200,3877849,1
55059.708581195,1,10437,100,3912482,1
55060.462102551,1,10438,100,3915015,1
55061.19770849,3,10413,100,3871097,1
55061.805119119,4,10437,100,3912482,1
55062.578257427,4,10430,100,3892819,-1
55063.380610554,3,10427,100,3881295,-1
55064.267031213,3,10412,100,3874567,1
55065.10652371,4,10421,100,3871253,-1
55065.631790684,1,10439,100,3920479,-1
55066.190604437,1,10440,100,3919005,1
55066.753431808,1,10441,100,3917706,1
55067.137245409,5,10439,100,3920479,-1
55067.84882565,1,10442,100,3918221,1
55068.665920017,1,10443,100,3917521,1
55069.318347761,5,10432,100,3900992,1
55070.01149653,3,10424,100,3875559,1
55070.475029248,1,10444,100,3927810,1
55071.25429291,3,10441,100,3917706,1
55071.770751994,1,10445,100,3920056,1
55072.464933318,4,10440,100,3919005,1
55073.76506891,1,10446,100,3925690,-1
55074.350899368,1,10447,100,3919044,1
55074.864386617,4,10444,100,3927810,1
55075.272238778,1,10448,100,3918840,1
55075.816858394,1,10449,100,3916708,1
55076.162879057,5,10443,100,3917521,1
55076.640616342,3,10431,100,3891029,1
55077.403486247,1,10450,100,3916994,1
55078.530625441,1,10451,100,3916591,1
55079.115085862,3,10445,100,3920056,1
55079.879111194,5,10451,100,3916591,1
55080.714226211,4,10447,100,3919044,1
55081.152652109,1,10452,100,3912026,1
55081.941951322,4,10448,100,3918840,1
55082.605244909,1,10453,100,3918544,1
55083.317252602,3,10449,100,3916708,1
55084.247553677,1,10454,100,3913360,1
55084.724217204,3,10446,100,3925690,-1
55085.169439542,1,10455,100,3918343,1
55085.962322757,1,10456,100,3920397,1
55086.369099059,3,10408,100,3864116,1
55087.262324471,3,10454,100,3913360,1
55088.525984032,1,10457,100,3917098,1
55089.146308023,5,10452,100,3912026,1
55090.027283326,5,10435,100,3904956,1
55090.375179107,1,10458,100,3926804,1
55090.906891082,3,10436,100,3908054,1
55091.692534656,1,10459,100,3938163,-1
55093.496687997,5,10459,100,3938163,-1
55094.321903434,1,10460,100,3929614,1
55094.692092164,1,10461,100,3935757,1
55095.593681422,1,10462,100,3937382,1
55095.945710924,3,10457,100,3917098,1
55096.732681975,1,10463,100,3928431,1
55097.44858922,1,10464,100,3929060,-1
55097.863710093,5,10433,100,3911077,1
55098.451340988,1,10465,100,3924289,-1
55098.989658475,4,10442,100,3918221,1
55099.686968493,3,10465,100,3924289,-1
55100.070940331,1,10466,100,3910408,1
55100.961516919,4,10458,100,3926804,1
55101.635819805,4,10438,100,3915015,1
55102.272302991,1,10467,100,3910752,1
55102.648695711,1,10468,100,3911645,-1
55103.207453584,4,10460,100,3929614,1
55103.892733343,5,10466,100,3910408,1
55104.585448911,3,10399,100,3860135,1
55104.969807768,1,10469,100,3927783,-1
55105.699145949,5,10469,100,3927783,-1
55106.210521894,1,10470,100,3915702,1
55106.847047928,3,10426,100,3876059,1
55107.502428511,1,10471,100,3915397,1
55108.425251042,3,10455,100,3918343,1
55109.998941149,5,10467,100,3910752,1
55110.665259209,1,10472,100,3912849,-1
55111.479336451,5,10403,100,3856863,1
55112.104128976,1,10473,100,3907885,1
55112.601905418,1,10474,100,3910458,-1
55113.126330466,1,10475,100,3904966,-1
55113.932621031,3,10456,100,3920397,1
55114.537600749,1,10476,100,3904975,-1
55115.23065909,1,10477,100,3900501,-1
55115.630170453,1,10478,100,3901433,-1
55115.952116319,1,10479,100,3894934,1
55117.181452876,3,10468,100,3911645,-1
55117.547114194,3,10453,100,3918544,1
55117.961514964,3,10475,100,3904966,-1
55118.274595864,3,10476,100,3904975,-1
55118.791540363,4,10474,100,3910458,-1
55119.16388705,1,10480,100,3910464,-1
55119.845643512,3,10471,100,3915397,1
55120.302131221,3,10462,100,3937382,1
55120.889337246,1,10481,100,3902364,1
55121.734501164,3,10481,100,3902364,1
55122.194577157,4,10450,100,3916994,1
55122.894865265,4,10477,100,3900501,-1
55123.269119634,1,10482,100,3901376,1
55123.692895711,1,10483,100,3901901,-1
55124.205583819,3,10483,100,3901901,-1
55124.654739413,1,10484,100,3903748,-1
55125.066677467,1,10485,100,3895454,1
55125.738034652,3,10472,100,3912849,-1
55126.571314891,5,10484,100,3903748,-1
55127.10952975,3,10463,100,3928431,1
55127.757571545,1,10486,100,3893974,-1
55128.652455544,3,10470,100,3915702,1
55129.233268273,3,10485,100,3895454,1
55130.219702152,1,10487,100,3881029,1
55131.081238788,5,10482,100,3901376,1
55131.91604265,3,10487,100,3881029,1
55132.376973145,3,10480,100,3910464,-1
55133.174544156,4,10473,100,3907885,1
55133.754948001,1,10488,100,3893370,-1
55134.091145513,1,10489,100,3890309,1
55134.452621819,1,10490,100,3891116,1
55135.651998573,4,10488,100,3893370,-1
55136.957096628,1,10491,100,3898995,1
55137.730450509,4,10486,100,3893974,-1
55138.213718616,1,10492,100,3899958,-1
55138.852244754,1,10493,100,3896301,-1
55139.450339486,1,10494,100,3896386,-1
55140.236023329,1,10495,100,3884320,1
55141.147635325,3,10464,100,3929060,-1
55141.889360263,3,10461,100,3935757,1
55142.766092246,3,10489,100,3890309,1
55143.43960841,1,10496,100,3908013,-1
55144.039145509,4,10493,100,3896301,-1
55145.145633444,3,10491,100,3898995,1
55146.62476199,3,10495,100,3884320,1
55147.497532268,4,10496,100,3908013,-1
55148.289940151,3,10492,100,3899958,-1
55149.031680485,3,10479,100,3894934,1
55149.716390934,3,10490,100,3891116,1
55150.622563653,5,10478,100,3901433,-1
55150.976444118,3,10494,100,3896386,-1
55151.77931904,1,10497,100,3919709,-1
55152.670997509,3,10497,100,3919709,-1
55153.491127602,1,10498,100,3908954,1
55154.337401904,3,10498,100,3908954,1
55154.651961632,1,10499,100,3901916,1
55155.207125887,1,10500,100,3898156,-1
55156.071212276,4,10500,100,3898156,-1
55156.891038025,3,10499,100,3901916,1
55157.69308667,1,10501,100,3894802,-1
55158.159435197,3,10501,100,3894802,-1
55158.944149617,1,10502,100,3890986,-1
55159.268704454,4,10502,100,3890986,-1
55159.761578889,1,10503,100,3892929,1
55160.296042641,1,10504,100,3896032,1
55160.634210536,1,10505,100,3903803,1
55161.118042445,3,10504,100,3896032,1
55161.969847351,4,10503,100,3892929,1
55162.527696179,3,10505,100,3903803,1
55163.282890258,1,10506,100,3903635,1
55163.689372689,3,10506,100,3903635,1
55164.141547545,1,10507,100,3900582,-1
55164.527381899,3,10507,100,3900582,-1
55165.37489684,1,10508,100,3888496,1
55165.771330268,3,10508,100,3888496,1
55166.664380294,1,10509,100,3890297,1
55167.32319069,4,10509,100,3890297,1
55168.231501859,1,10510,100,3886631,1
55169.113231493,4,10510,100,3886631,1
55169.617923571,1,10511,100,3874717,1
55170.362788127,1,10512,100,3872960,1
55170.798290822,3,10511,100,3874717,1
55171.192392843,1,10513,100,3879768,-1
55171.710358549,1,10514,100,3872762,-1
55172.215991553,4,10512,100,3872960,1
55172.746711268,1,10515,100,3875181,-1
55173.067869753,3,10513,100,3879768,-1
55173.910593743,1,10516,100,3865869,1
55174.640728016,1,10517,100,3869711,1
55175.547639111,1,10518,100,3870356,-1
55176.291798242,1,10519,100,3863996,1
55176.951583798,1,10520,100,3871116,1
55177.407028193,3,10515,100,3875181,-1
55178.213134978,5,10518,100,3870356,-1
55178.739966249,3,10519,100,3863996,1
55179.34853534,3,10516,100,3865869,1
55180.263374187,5,10514,100,3872762,-1
55181.040663159,1,10521,100,3869285,1
55181.573276963,3,10521,100,3869285,1
55182.340414022,4,10517,100,3869711,1
55183.173332724,3,10520,100,3871116,1
55183.503224554,1,10522,100,3871028,-1
55183.897263985,1,10523,100,3875346,-1
55184.587519446,5,10523,100,3875346,-1
55185.241575675,1,10524,100,3870681,1
55185.972671059,4,10522,100,3871028,-1
55186.591556998,3,10524,100,3870681,1
55187.408934018,1,10525,100,3871039,1
55187.781453943,3,10525,100,3871039,1
55188.112544062,1,10526,100,3864125,-1
55189.531976191,1,10527,100,3859123,1
55190.122402086,5,10526,100,3864125,-1
55190.808020149,3,10527,100,3859123,1
55191.240027427,1,10528,100,3860690,-1
55193.086509292,1,10529,100,3857491,1
55193.889044803,1,10530,100,3855411,1
55194.457215443,4,10529,100,3857491,1
55195.10837484,1,10531,100,3854354,-1
55195.571758307,4,10530,100,3855411,1
55196.109995242,3,10528,100,3860690,-1
55196.801427867,5,10531,100,3854354,-1
55197.571016325,1,10532,100,3837439,1
55198.246643297,1,10533,100,3836280,1
55199.140909918,3,10532,100,3837439,1
55200.03461586,1,10534,100,3834295,-1
55200.711282984,5,10534,100,3834295,-1
55201.292932612,3,10533,100,3836280,1
55201.951047742,1,10535,100,3830864,-1
55202.518565368,1,10536,100,3826399,-1
55202.948731737,1,10537,100,3827603,-1
55203.410683024,3,10536,100,3826399,-1
55203.926725784,1,10538,100,3824357,1
55204.704070112,3,10538,100,3824357,1
55205.445691403,1,10539,100,3835605,-1
55206.143375034,3,10537,100,3827603,-1
55206.55349614,3,10535,100,3830864,-1
55207.464169918,5,10539,100,3835605,-1
55208.144568253,1,10540,100,3828917,1
55208.660951146,3,10540,100,3828917,1
55209.175412857,1,10541,100,3833818,-1
55209.743892483,1,10542,100,3839351,1
55210.267931723,4,10542,100,3839351,1
55210.723718325,1,10543,100,3834149,-1
55211.447731946,4,10541,100,3833818,-1
55212.216380468,5,10543,100,3834149,-1
55212.822875468,1,10544,100,3837880,1
55213.591275427,1,10545,100,3831944,1
55214.266103801,5,10544,100,3837880,1
55215.069531979,3,10545,100,3831944,1
55215.965930373,1,10546,100,3832540,-1
55216.736928221,1,10547,100,3836565,-1
55217.566076677,3,10546,100,3832540,-1
55219.008288603,1,10548,100,3855864,-1
55219.785883437,1,10549,100,3847819,1
55220.311093698,1,10550,100,3854455,-1
55220.659503604,1,10551,100,3851201,-1
55221.349808369,1,10552,100,3845313,1
55221.777477877,3,10551,100,3851201,-1
55222.458883917,1,10553,100,3862600,-1
55223.108008456,1,10554,100,3852944,-1
55223.631674405,3,10547,100,3836565,-1
55224.330712843,4,10548,100,3855864,-1
55224.779544718,4,10553,100,3862600,-1
55225.188907468,3,10554,100,3852944,-1
55225.9718268,5,10552,100,3845313,1
55226.744283543,1,10555,100,3855416,1
55227.244120299,1,10556,100,3867983,-1
55227.923551043,1,10557,100,3863328,1
55228.337055362,1,10558,100,3866524,-1
55228.971557241,5,10549,100,3847819,1
55229.325103464,4,10550,100,3854455,-1
55229.987856376,5,10558,100,3866524,-1
55230.813820877,3,10555,100,3855416,1
55231.673724701,1,10559,100,3861509,-1
55232.231352431,4,10557,100,3863328,1
55232.899784195,4,10559,100,3861509,-1
55233.727159035,3,10556,100,3867983,-1
55234.400877693,1,10560,100,3852647,1
55235.267415151,1,10561,100,3861846,-1
55235.659473703,1,10562,100,3868058,-1
55236.320061321,1,10563,100,3863576,1
55237.052325487,1,10564,100,3865162,1
55238.148591632,3,10560,100,3852647,1
55238.74781983,3,10562,100,3868058,-1
55239.12022474,3,10561,100,3861846,-1
55239.508143731,1,10565,100,3863459,1
55240.331644191,3,10565,100,3863459,1
55240.877605203,1,10566,100,3862291,1
55241.490507431,3,10564,100,3865162,1
55242.011658906,3,10566,100,3862291,1
55242.341362655,4,10563,100,3863576,1
55242.949831329,1,10567,100,3877222,-1
55243.804097947,1,10568,100,3873120,1
55245.095626666,1,10569,100,3871152,-1
55245.90993865,3,10568,100,3873120,1
55246.798761233,3,10567,100,3877222,-1
55247.652833408,1,10570,100,3857702,1
55249.465748105,1,10571,100,3862394,-1
55250.91364376,4,10571,100,3862394,-1
55251.291428393,1,10572,100,3862567,1
55251.822836051,3,10572,100,3862567,1
55252.809615258,3,10570,100,3857702,1
55253.402544393,1,10573,100,3866019,-1
55253.822370451,3,10569,100,3871152,-1
55254.351466688,3,10573,100,3866019,-1
55255.032783315,1,10574,100,3869197,-1
55255.780892897,3,10574,100,3869197,-1
55256.501139134,1,10575,100,3863109,-1
55256.929798441,4,10575,100,3863109,-1
55257.259328018,1,10576,100,3862909,-1
55257.640596236,4,10576,100,3862909,-1
55258.160372943,1,10577,100,3862946,1
55258.668024287,1,10578,100,3873254,-1
55259.277866979,1,10579,100,3863493,-1
55260.088258654,1,10580,100,3861198,-1
55260.423496652,3,10579,100,3863493,-1
55261.289268566,3,10580,100,3861198,-1
55262.537046207,1,10581,100,3846306,1
55263.217643445,1,10582,100,3844812,-1
55263.792238186,1,10583,100,3841023,1
55264.187497045,3,10578,100,3873254,-1
55264.790115176,1,10584,100,3848966,-1
55265.219833346,1,10585,100,3849748,-1
55265.711848001,5,10582,100,3844812,-1
55267.297805754,3,10581,100,3846306,1
55267.772940435,1,10586,100,3853376,1
55268.514857741,1,10587,100,3845930,1
55268.836416828,3,10587,100,3845930,1
55269.274523706,3,10577,100,3862946,1
55269.602408172,4,10586,100,3853376,1
55270.398648824,3,10583,100,3841023,1
55271.458889185,3,10584,100,3848966,-1
55271.993333631,4,10585,100,3849748,-1
55272.600292484,1,10588,100,3845052,1
55273.18106386,3,10588,100,3845052,1
55273.924149285,1,10589,100,3847795,-1
55275.308864679,1,10590,100,3850082,-1
55275.883367223,1,10591,100,3851655,-1
55276.510265553,4,10589,100,3847795,-1
55277.295166119,5,10590,100,3850082,-1
55277.769321516,5,10591,100,3851655,-1
55278.145428263,1,10592,100,3857002,1
55278.92454389,3,10592,100,3857002,1
55279.321870907,1,10593,100,3858198,-1
55280.122885075,3,10593,100,3858198,-1
55280.799881866,1,10594,100,3848667,1
55281.467895826,3,10594,100,3848667,1
55282.303014095,1,10595,100,3853868,-1
55282.847466433,1,10596,100,3856847,1
55283.450150491,1,10597,100,3854732,-1
55284.190946038,1,10598,100,3847033,1
55284.87559624,1,10599,100,3849503,1
55285.530951817,1,10600,100,3842549,1
55286.260639328,1,10601,100,3841477,-1
55286.772036493,5,10597,100,3854732,-1
55287.48047909,1,10602,100,3842834,-1
55287.874350143,5,10599,100,3849503,1
55288.227908067,1,10603,100,3839320,1
55288.749835644,5,10598,100,3847033,1
55289.434595138,1,10604,100,3849932,-1
55289.74679951,1,10605,100,3854196,-1
55290.071373734,4,10601,100,3841477,-1
55290.684555024,1,10606,100,3850650,-1
55291.163936747,1,10607,100,3853762,-1
55291.625931432,5,10602,100,3842834,-1
55292.258064506,1,10608,100,3853390,-1
55292.657681198,3,10605,100,3854196,-1
55293.066449737,3,10603,100,3839320,1
55293.890087668,1,10609,100,3841363,1
55294.474647491,1,10610,100,3847396,-1
55294.947543767,1,10611,200,3840837,-1
55295.834863193,1,10612,100,3838616,1
55296.313067975,1,10613,100,3838948,-1
55298.037776146,2,10611,100,3840837,-1
55298.812707056,1,10614,100,3831951,1
55299.619702675,1,10615,100,3826181,-1
55300.119777706,4,10612,100,3838616,1
55301.029967857,1,10616,100,3832382,-1
55301.535152369,5,10596,100,3856847,1
55302.115080177,1,10617,100,3829773,1
55302.434599626,3,10595,100,3853868,-1
55302.809110736,1,10618,100,3840999,-1
55303.281056977,3,10610,100,3847396,-1
55304.831588715,1,10619,100,3837810,1
55305.554509759,4,10618,100,3840999,-1
55306.406559054,3,10611,100,3840837,-1
55307.044457483,4,10613,100,3838948,-1
55307.619471744,3,10600,100,3842549,1
55308.272540291,3,10617,100,3829773,1
55309.152083319,3,10619,100,3837810,1
55310.8068817,3,10615,100,3826181,-1
55311.93380375,3,10609,100,3841363,1
55312.440843433,4,10616,100,3832382,-1
55312.965110008,4,10607,100,3853762,-1
55313.309275502,3,10606,100,3850650,-1
55314.062204042,1,10620,100,3846788,-1
55314.673276147,1,10621,100,3855379,-1
55315.333881865,5,10604,100,3849932,-1
55315.891004762,4,10620,100,3846788,-1
55316.22876116,4,10621,100,3855379,-1
55316.903746487,1,10622,100,3853082,1
55317.705058598,1,10623,200,3854972,-1
55318.208510261,1,10624,100,3850576,-1
55318.915726679,3,10622,100,3853082,1
55319.220833897,1,10625,100,3850601,-1
55320.986651139,4,10625,100,3850601,-1
55321.779876528,3,10614,100,3831951,1
55322.431843274,4,10624,100,3850576,-1
55322.770496597,1,10626,100,3850325,1
55323.516511784,4,10623,100,3854972,-1
55323.836349339,3,10608,100,3853390,-1
55324.633490365,5,10626,100,3850325,1
55325.153946667,3,10623,100,3854972,-1
55326.002672752,1,10627,100,3872258,-1
55326.698716942,3,10627,100,3872258,-1
55327.242319707,1,10628,100,3864322,-1
55328.12244907,1,10629,100,3855667,1
55328.505089104,4,10629,100,3855667,1
55328.931851769,3,10628,100,3864322,-1
55329.418339775,1,10630,100,3861765,1
55330.026693691,1,10631,100,3859297,-1
55330.466249177,1,10632,100,3850812,1
55331.142235715,5,10632,100,3850812,1
55332.001361182,5,10630,100,3861765,1
55332.362913266,1,10633,100,3850883,1
55332.722182409,3,10631,100,3859297,-1
55333.467887901,1,10634,100,3847619,-1
55334.271985421,3,10633,100,3850883,1
55335.768822633,1,10635,100,3844361,1
55336.194035509,1,10636,100,3841245,1
55336.840472438,3,10635,100,3844361,1
55337.363599568,1,10637,100,3852916,1
55337.973400443,1,10638,100,3858895,1
55338.619381705,5,10638,100,3858895,1
55340.229235053,4,10634,100,3847619,-1
55341.091173894,3,10637,100,3852916,1
55341.719636246,4,10636,100,3841245,1
55342.539123028,1,10639,100,3876351,-1
55342.976966522,1,10640,100,3877093,1
55343.804924772,3,10640,100,3877093,1
55344.28732932,3,10639,100,3876351,-1
55344.97107742,1,10641,100,3887579,1
55345.815698491,1,10642,100,3888751,-1
55346.476955525,3,10642,100,3888751,-1
55347.146014351,1,10643,100,3880500,1
55347.548003512,1,10644,100,3885299,-1
55347.957764823,1,10645,100,3882427,-1
55348.784615895,1,10646,100,3886334,1
55350.522459711,4,10641,100,3887579,1
55351.258448734,1,10647,100,3883398,-1
55351.954102684,1,10648,100,3886982,-1
55353.225758186,1,10649,100,3877038,1
55354.69754883,1,10650,100,3861120,1
55355.529103239,1,10651,100,3865511,1
55356.088385104,1,10652,100,3866340,-1
55356.954828607,1,10653,100,3864569,1
55357.718983649,1,10654,100,3861898,1
55358.41832026,1,10655,100,3868873,-1
55359.913621925,1,10656,100,3862015,1
55360.522046326,1,10657,100,3861249,1
55361.087053352,3,10644,100,3885299,-1
55361.613718465,3,10648,100,3886982,-1
55362.731913739,3,10654,100,3861898,1
55363.965916506,5,10656,100,3862015,1
55364.642127968,3,10652,100,3866340,-1
55365.074065447,1,10658,100,3856560,1
55365.920967916,3,10649,100,3877038,1
55366.246779496,4,10643,100,3880500,1
55366.739605821,5,10646,100,3886334,1
55367.53154598,4,10655,100,3868873,-1
55368.440079289,3,10657,100,3861249,1
55368.821594979,4,10645,100,3882427,-1
55369.560217678,3,10647,100,3883398,-1
55369.901884033,1,10659,100,3892968,-1
55370.583089628,3,10651,100,3865511,1
55371.746015479,1,10660,200,3887266,-1
55372.168913089,1,10661,100,3880861,1
55372.804008408,1,10662,100,3877699,1
55374.095996244,1,10663,100,3860691,1
55374.704070222,5,10658,100,3856560,1
55375.595065052,3,10662,100,3877699,1
55376.42407614,1,10664,100,3865048,1
55377.25101564,1,10665,100,3864194,-1
55377.926561195,5,10659,100,3892968,-1
55378.415454757,1,10666,100,3864958,1
55378.774198791,1,10667,100,3867789,1
55379.152848531,1,10668,100,3869194,-1
55379.585211556,1,10669,100,3866528,-1
55380.183913192,1,10670,100,3860889,1
55380.994227727,1,10671,100,3863316,-1
55381.553684225,3,10653,100,3864569,1
55382.404728983,1,10672,100,3862872,1
55382.762356556,1,10673,100,3861719,-1
55383.652564938,4,10665,100,3864194,-1
55384.001338053,4,10670,100,3860889,1
55384.369110624,3,10672,100,3862872,1
55384.845318261,3,10669,100,3866528,-1
55385.938983967,1,10674,100,3848551,-1
55386.339732719,1,10675,100,3850030,1
55387.008002816,4,10661,100,3880861,1
55387.679770558,1,10676,100,3845132,-1
55388.466185526,3,10673,100,3861719,-1
55389.325523002,1,10677,100,3847987,-1
55390.209650462,1,10678,100,3843698,1
55390.747177388,1,10679,100,3838365,1
55391.300023463,1,10680,100,3833336,1
55392.1309113,1,10681,100,3832255,-1
55392.934327646,1,10682,100,3832907,1
55393.688249707,1,10683,100,3841545,-1
55394.44694715,3,10674,100,3848551,-1
55395.324238913,4,10679,100,3838365,1
55395.794751217,3,10650,100,3861120,1
55396.166219738,1,10684,100,3836576,1
55396.600183905,3,10682,100,3832907,1
55397.080694759,3,10684,100,3836576,1
55397.811330263,1,10685,100,3846783,1
55398.673358016,1,10686,100,3856507,-1
55399.366322033,3,10671,100,3863316,-1
55400.727617276,1,10687,100,3862759,-1
55401.484318863,1,10688,100,3865771,-1
55402.205436031,1,10689,100,3861453,-1
55402.789160108,1,10690,100,3854612,1
55403.360367667,1,10691,100,3853506,1
55404.044761377,1,10692,100,3862725,-1
55404.7539082,1,10693,100,3858969,-1
55405.40041535,1,10694,100,3855945,1
55406.267128393,1,10695,100,3858011,1
55406.94295119,1,10696,100,3857261,1
55407.786303429,1,10697,100,3864010,-1
55408.206334323,4,10695,100,3858011,1
55409.043382187,4,10681,100,3832255,-1
55409.722027966,3,10691,100,3853506,1
55410.569088821,3,10688,100,3865771,-1
55411.310699271,5,10675,100,3850030,1
55411.818900299,4,10677,100,3847987,-1
55412.232727986,3,10692,100,3862725,-1
55412.826525419,3,10697,100,3864010,-1
55413.584497432,3,10663,100,3860691,1
55414.296734752,4,10686,100,3856507,-1
55414.848464293,4,10676,100,3845132,-1
55415.517633612,3,10667,100,3867789,1
55415.858808485,1,10698,100,3862228,-1
55416.288806113,3,10678,100,3843698,1
55416.991855718,1,10699,100,3868635,-1
55417.701723206,3,10660,200,3887266,-1
55418.170501002,1,10700,100,3880104,1
55418.641374641,1,10701,100,3883952,-1
55419.151035422,1,10702,100,3885308,-1
55419.6181482,4,10693,100,3858969,-1
55420.731169546,1,10703,100,3874892,-1
55421.38823992,4,10700,100,3880104,1
55422.052219612,4,10683,100,3841545,-1
55422.49608932,3,10668,100,3869194,-1
55423.114304794,4,10702,100,3885308,-1
55423.429580198,3,10701,100,3883952,-1
55424.042404859,4,10689,100,3861453,-1
55424.577231905,3,10685,100,3846783,1
55425.444200958,1,10704,100,3882914,-1
55426.088960777,1,10705,100,3888176,-1
55426.777934291,4,10703,100,3874892,-1
55427.342086701,1,10706,100,3882198,-1
55428.864281118,4,10704,100,3882914,-1
55429.328458399,5,10696,100,3857261,1
55431.094685829,3,10706,100,3882198,-1
55431.64378376,3,10666,100,3864958,1
55433.165232053,3,10680,100,3833336,1
55433.705144414,1,10707,100,3880103,-1
55434.314295041,1,10708,100,3881945,-1
55434.854091142,1,10709,100,3877700,-1
55435.185823793,3,10705,100,3888176,-1
55436.276371412,1,10710,100,3881910,1
55436.852019479,3,10664,100,3865048,1
55437.263135974,1,10711,100,3877994,-1
55437.669466074,5,10698,100,3862228,-1
55438.400719,3,10687,100,3862759,-1
55438.950756884,1,10712,100,3882366,-1
55439.738527708,1,10713,100,3882101,1
55440.222336545,4,10713,100,3882101,1
55441.08884616,1,10714,100,3882839,-1
55441.50372163,3,10714,100,3882839,-1
55442.006414452,4,10710,100,3881910,1
55442.322824143,1,10715,100,3882514,-1
55443.005346283,4,10699,100,3868635,-1
55443.820511754,1,10716,100,3871838,-1
55444.515050612,4,10716,100,3871838,-1
55445.073768794,3,10707,100,3880103,-1
55445.640926469,1,10717,100,3876995,-1
55445.959621271,1,10718,100,3879324,-1
55446.352920004,1,10719,100,3875195,1
55447.061019752,1,10720,100,3883222,-1
55447.936954463,1,10721,100,3881190,-1
55448.683463976,1,10722,100,3872626,-1
55449.334805421,3,10722,100,3872626,-1
55450.05338468,4,10719,100,3875195,1
55450.634364421,5,10708,100,3881945,-1
55451.549895942,1,10723,100,3863789,-1
55451.960707159,4,10723,100,3863789,-1
55452.912877306,1,10724,100,3868534,1
55454.29940342,1,10725,100,3874184,-1
55454.742662472,5,10690,100,3854612,1
55455.408883929,4,10725,100,3874184,-1
55455.811573552,3,10715,100,3882514,-1
55456.999447533,3,10724,100,3868534,1
55457.313612025,3,10711,100,3877994,-1
55458.07565039,3,10720,100,3883222,-1
55458.42626263,1,10726,100,3878114,1
55459.013013592,1,10727,100,3873637,-1
55459.610676548,1,10728,100,3873651,-1
55460.316704416,3,10728,100,3873651,-1
55460.761609932,1,10729,100,3874691,1
55461.274568099,4,10717,100,3876995,-1
55461.745638295,1,10730,100,3887984,-1
55462.065385402,3,10709,100,3877700,-1
55462.429347195,1,10731,100,3886122,-1
55463.207760657,3,10694,100,3855945,1
55463.554831934,1,10732,100,3878759,-1
55464.280031754,1,10733,100,3883258,-1
55465.021249737,5,10730,100,3887984,-1
55465.770870979,3,10721,100,3881190,-1
55466.66170569,1,10734,100,3875761,-1
55467.461591037,1,10735,100,3871069,1
55467.862745129,3,10734,100,3875761,-1
55469.372312203,1,10736,100,3872905,-1
55469.74474783,5,10735,100,3871069,1
55470.092218078,1,10737,100,3874078,-1
55470.743957868,1,10738,100,3865570,1
55471.568387112,1,10739,100,3874465,1
55472.110325371,4,10726,100,3878114,1
55472.983472877,1,10740,100,3872588,1
55473.608449093,1,10741,100,3877798,-1
55474.443049889,1,10742,100,3867522,-1
55475.213140782,1,10743,100,3867648,-1
55476.014368795,1,10744,100,3865932,-1
55476.512465247,3,10739,100,3874465,1
55477.142997699,1,10745,100,3862794,1
55477.882170027,4,10729,100,3874691,1
55479.228237743,1,10746,100,3865420,1
55479.76774365,1,10747,100,3866281,1
55480.523912029,4,10744,100,3865932,-1
55480.972101108,3,10731,100,3886122,-1
55481.646990184,4,10747,100,3866281,1
55482.02864382,1,10748,100,3861590,1
55482.810843083,4,10746,100,3865420,1
55483.173272618,1,10749,100,3861113,-1
55483.650029945,1,10750,100,3853468,1
55483.994980957,1,10751,100,3853792,-1
55484.620545881,3,10751,100,3853792,-1
55485.487046353,1,10752,100,3848962,1
55487.352394824,5,10743,100,3867648,-1
55488.13493088,1,10753,100,3858900,1
55488.574698782,4,10738,100,3865570,1
55489.119226888,1,10754,100,3856865,1
55490.016183024,3,10732,100,3878759,-1
55490.785942153,1,10755,100,3863555,1
55491.62991698,1,10756,100,3862914,1
55492.261922583,1,10757,100,3857335,1
55492.78953875,1,10758,100,3856295,1
55493.639478606,1,10759,100,3859138,-1
55494.403496649,1,10760,100,3860459,-1
55495.210210396,5,10752,100,3848962,1
55496.132947937,1,10761,100,3855232,-1
55496.445525842,5,10755,100,3863555,1
55497.039710414,1,10762,100,3854057,-1
55497.665393146,4,10758,100,3856295,1
55498.064647587,1,10763,100,3859490,-1
55499.444802373,1,10764,100,3854850,1
55499.880093581,1,10765,100,3853712,1
55500.37699092,1,10766,100,3852081,1
55500.764326631,3,10763,100,3859490,-1
55501.915340694,1,10767,100,3857629,-1
55502.772315806,1,10768,100,3858540,-1
55503.640280759,1,10769,100,3858628,-1
55504.443144508,1,10770,100,3860998,-1
55504.803164672,1,10771,100,3866917,1
55505.493120554,1,10772,100,3863895,1
55505.90151519,4,10742,100,3867522,-1
55506.47701631,3,10771,100,3866917,1
55506.853823367,3,10765,100,3853712,1
55507.602770256,4,10748,100,3861590,1
55508.033815835,1,10773,100,3860087,1
55508.876395597,1,10774,100,3864224,1
55509.621690314,3,10750,100,3853468,1
55510.267614769,1,10775,100,3851548,1
55510.695859639,5,10772,100,3863895,1
55511.226296267,1,10776,100,3867191,-1
55511.835067929,4,10760,100,3860459,-1
55512.140280695,3,10753,100,3858900,1
55512.71861157,5,10718,100,3879324,-1
55513.359810396,4,10740,100,3872588,1
55514.153432626,4,10770,100,3860998,-1
55514.88387338,3,10736,100,3872905,-1
55515.60996055,4,10761,100,3855232,-1
55516.164550072,4,10741,100,3877798,-1
55516.724263009,3,10756,100,3862914,1
55517.555929143,3,10737,100,3874078,-1
55518.116174036,3,10712,100,3882366,-1
55518.55554801,3,10773,100,3860087,1
55519.445701556,5,10769,100,3858628,-1
55519.98714868,1,10777,100,3872355,-1
55520.579128654,1,10778,100,3877427,-1
55521.410776019,1,10779,100,3874420,-1
55522.294353288,5,10745,100,3862794,1
55522.946935611,5,10776,100,3867191,-1
55523.590746618,1,10780,100,3879478,-1
55524.17980443,3,10780,100,3879478,-1
55524.523670796,3,10754,100,3856865,1
55525.978059135,5,10749,100,3861113,-1
55527.640967793,1,10781,100,3887658,1
55527.975259333,1,10782,100,3882270,1
55528.680095504,1,10783,100,3885008,-1
55529.249568246,1,10784,100,3877308,-1
55529.673592056,4,10784,100,3877308,-1
55530.29994022,4,10733,100,3883258,-1
55531.565748984,5,10766,100,3852081,1
55532.039225377,1,10785,100,3873490,1
55532.386623983,1,10786,100,3873399,1
55532.766966562,4,10777,100,3872355,-1
55533.553608656,1,10787,100,3878874,1
55534.647561075,1,10788,100,3878896,-1
55535.239358959,4,10782,100,3882270,1
55535.572559816,3,10757,100,3857335,1
55536.033287173,5,10727,100,3873637,-1
55536.663858423,1,10789,100,3872084,1
55537.413081967,3,10768,100,3858540,-1
55538.286016614,4,10781,100,3887658,1
55538.858254941,5,10778,100,3877427,-1
55539.5541775,4,10787,100,3878874,1
55540.163086796,1,10790,100,3870452,1
55540.478443085,1,10791,100,3876246,1
55540.864437516,3,10791,100,3876246,1
55541.654412078,1,10792,100,3887599,-1
55542.124198267,1,10793,100,3882040,1
55542.804483487,1,10794,100,3885608,-1
55543.53826555,4,10762,100,3854057,-1
55544.165474239,1,10795,100,3878430,-1
55544.855969596,1,10796,100,3871879,1
55546.040126975,3,10779,100,3874420,-1
55546.725753565,3,10788,100,3878896,-1
55547.338323176,5,10790,100,3870452,1
55548.064548028,3,10793,100,3882040,1
55548.929900006,3,10785,100,3873490,1
55549.264086374,1,10797,100,3876382,-1
55549.567714009,1,10798,100,3878220,-1
55550.36752171,1,10799,100,3875644,-1
55551.226116611,1,10800,100,3874267,1
55553.319551498,1,10801,100,3867163,1
55553.734101265,1,10802,100,3876758,-1
55554.100635588,1,10803,100,3869385,-1
55554.519105088,3,10783,100,3885008,-1
55554.836613402,1,10804,100,3868893,1
55555.537590156,1,10805,100,3875891,-1
55557.041355701,1,10806,100,3877337,1
55557.7343078,5,10806,100,3877337,1
55558.430728209,1,10807,100,3882336,1
55558.819233705,5,10807,100,3882336,1
55559.642056092,4,10759,100,3859138,-1
55560.809729833,1,10808,100,3877117,1
55561.423522701,1,10809,100,3886815,-1
55561.826652227,1,10810,100,3886933,-1
55562.668926612,1,10811,100,3883218,1
55563.217689362,3,10809,100,3886815,-1
55563.802438898,1,10812,100,3883804,-1
55564.433967026,3,10801,100,3867163,1
55565.20581566,1,10813,100,3884524,-1
55565.621193903,1,10814,100,3890258,-1
55566.018741988,1,10815,100,3890259,1
55566.882075002,3,10804,100,3868893,1
55567.260829216,1,10816,100,3896457,-1
55568.094383223,4,10795,100,3878430,-1
55568.670539782,1,10817,100,3899624,-1
55569.231219776,4,10817,100,3899624,-1
55570.002426645,3,10774,100,3864224,1
55570.34092337,1,10818,100,3901409,1
55571.100017868,1,10819,100,3899648,-1
55571.918999069,1,10820,100,3903396,-1
55572.24619797,5,10808,100,3877117,1
55572.56356021,5,10802,100,3876758,-1
55573.038034156,3,10815,100,3890259,1
55573.898751913,3,10786,100,3873399,1
55574.196941308,1,10821,100,3904268,-1
55574.75898338,3,10799,100,3875644,-1
55575.394171265,1,10822,100,3904322,-1
55576.147975588,3,10803,100,3869385,-1
55576.65088364,3,10822,100,3904322,-1
55577.494753541,3,10820,100,3903396,-1
55577.821501975,4,10810,100,3886933,-1
55578.884547611,4,10813,100,3884524,-1
55579.57411058,1,10823,100,3905191,1
55579.983862467,3,10819,100,3899648,-1
55580.383161088,3,10814,100,3890258,-1
55581.732453666,1,10824,100,3907992,-1
55582.525837818,3,10805,100,3875891,-1
55583.203705565,3,10824,100,3907992,-1
55583.748623644,3,10821,100,3904268,-1
55584.539036455,3,10794,100,3885608,-1
55584.931980215,1,10825,100,3897313,1
55585.287038835,5,10798,100,3878220,-1
55585.678364126,1,10826,100,3905104,1
55586.379909624,3,10796,100,3871879,1
55587.07768494,1,10827,100,3901200,-1
55587.714532704,1,10828,100,3896430,-1
55588.401326608,1,10829,100,3887056,1
55588.728469271,5,10825,100,3897313,1
55589.390388942,4,10797,100,3876382,-1
55589.696295824,1,10830,100,3884156,1
55590.51795468,1,10831,100,3890557,-1
55591.370607052,1,10832,100,3887239,1
55593.053916889,1,10833,100,3894029,-1
55593.854058794,4,10812,100,3883804,-1
55594.210741176,4,10823,100,3905191,1
55594.802668395,1,10834,100,3876946,1
55595.213935533,4,10832,100,3887239,1
55595.698149805,3,10826,100,3905104,1
55596.114256101,5,10828,100,3896430,-1
55597.183652404,1,10835,100,3887029,1
55597.856418488,1,10836,100,3884406,-1
55598.702719358,1,10837,100,3878475,1
55599.302401612,1,10838,100,3881569,1
55599.98819673,1,10839,100,3885463,1
55600.465763352,4,10767,100,3857629,-1
55601.824902673,1,10840,100,3880484,1
55602.342827475,3,10811,100,3883218,1
55602.745122411,1,10841,100,3877103,1
55603.323898788,3,10837,100,3878475,1
55603.842315834,3,10833,100,3894029,-1
55604.710548875,1,10842,100,3875493,-1
55605.74178495,1,10843,100,3888179,-1
55606.678352327,3,10829,100,3887056,1
55607.054037963,3,10789,100,3872084,1
55607.479254192,3,10842,100,3875493,-1
55608.042603163,1,10844,100,3895992,-1
55608.378349454,1,10845,100,3900190,-1
55609.034416907,3,10800,100,3874267,1
55609.621714112,1,10846,100,3904445,1
55610.441791905,1,10847,100,3903019,1
55610.969761621,3,10835,100,3887029,1
55611.736665163,3,10843,100,3888179,-1
55612.319866508,3,10816,100,3896457,-1
55612.799371847,1,10848,100,3894450,1
55613.388862932,1,10849,100,3896816,-1
55614.218639858,3,10834,100,3876946,1
55614.638047345,3,10831,100,3890557,-1
55615.462113048,3,10836,100,3884406,-1
55616.179061366,1,10850,100,3879190,1
55617.029886651,1,10851,100,3880598,1
55617.702049872,3,10764,100,3854850,1
55618.517163261,4,10847,100,3903019,1
55618.972993695,1,10852,100,3878560,1
55619.853950026,1,10853,100,3877611,-1
55620.804670745,1,10854,100,3869007,1
55621.99657383,1,10855,100,3879025,1
55622.377730507,4,10855,100,3879025,1
55622.997701105,1,10856,100,3886830,-1
55623.350294863,4,10818,100,3901409,1
55623.902857119,1,10857,100,3882327,-1
55624.759447699,1,10858,100,3878412,1
55625.50373807,5,10830,100,3884156,1
55625.922262748,1,10859,100,3878848,1
55627.034534514,4,10840,100,3880484,1
55627.413596848,3,10851,100,3880598,1
55628.245962563,1,10860,100,3877827,-1
55628.706457969,3,10844,100,3895992,-1
55629.307170672,1,10861,100,3879090,-1
55630.187623817,1,10862,100,3882145,1
55630.523670343,4,10848,100,3894450,1
55631.135423524,1,10863,100,3878755,1
55631.776710192,3,10852,100,3878560,1
55632.645638285,3,10861,100,3879090,-1
55633.485662085,3,10846,100,3904445,1
55634.076487914,3,10857,100,3882327,-1
55634.789337071,1,10864,100,3889746,-1
55635.668354123,1,10865,100,3888244,-1
55636.383618053,4,10839,100,3885463,1
55637.112631899,1,10866,100,3882804,1
55637.517811539,3,10860,100,3877827,-1
55638.353757226,1,10867,100,3878143,1
55638.690096846,1,10868,100,3873758,1
55639.060547946,3,10845,100,3900190,-1
55639.652786729,1,10869,100,3867545,-1
55640.132859308,3,10841,100,3877103,1
55640.967234117,1,10870,100,3872177,-1
55641.670314864,5,10864,100,3889746,-1
55642.408399436,1,10871,100,3873672,-1
55643.151473771,4,10871,100,3873672,-1
55643.845026688,1,10872,100,3869336,-1
55644.243555378,3,10858,100,3878412,1
55644.591962201,1,10873,100,3867928,1
55645.332204595,1,10874,100,3862216,1
55645.669939891,4,10868,100,3873758,1
55646.531247596,3,10874,100,3862216,1
55647.003299856,3,10872,100,3869336,-1
55647.424475236,1,10875,100,3865836,1
55648.135868008,1,10876,100,3868633,1
55648.976874009,1,10877,100,3868725,1
55649.594308672,1,10878,100,3867950,-1
55650.381506997,1,10879,100,3868506,1
55651.252133014,4,10877,100,3868725,1
55651.988127181,5,10873,100,3867928,1
55652.505493514,3,10853,100,3877611,-1
55653.221273728,3,10849,100,3896816,-1
55653.640318683,3,10870,100,3872177,-1
55655.879995383,1,10880,100,3865362,1
55656.670628463,1,10881,100,3874206,-1
55658.678542765,3,10838,100,3881569,1
55659.011844701,5,10869,100,3867545,-1
55659.805181175,1,10882,100,3877471,-1
55660.174455586,3,10862,100,3882145,1
55662.523086992,3,10775,100,3851548,1
55663.121409011,1,10883,100,3866192,-1
55663.989798721,3,10881,100,3874206,-1
55664.285490163,1,10884,100,3864267,1
55664.740771298,1,10885,100,3860260,-1
55665.586806995,3,10854,100,3869007,1
55666.150625165,1,10886,100,3858054,1
55666.883815928,4,10880,100,3865362,1
55667.21371617,5,10875,100,3865836,1
55667.647207174,1,10887,100,3858287,-1
55668.3556934,1,10888,100,3862597,-1
55669.159882274,1,10889,100,3855359,1
55669.955972277,4,10879,100,3868506,1
55670.306358771,5,10856,100,3886830,-1
55671.159210327,1,10890,100,3854131,-1
55671.738350023,1,10891,100,3851139,-1
55672.501857371,1,10892,100,3849252,1
55673.371627931,1,10893,100,3850573,1
55673.735191569,4,10890,100,3854131,-1
55674.535260751,4,10866,100,3882804,1
55675.099039861,3,10888,100,3862597,-1
55675.45707163,4,10863,100,3878755,1
55675.832102736,3,10878,100,3867950,-1
55676.361856771,3,10882,100,3877471,-1
55676.70089791,1,10894,100,3853921,-1
55677.353296586,1,10895,100,3847409,1
55678.040331092,3,10893,100,3850573,1
55678.495357166,4,10867,100,3878143,1
55678.933782243,1,10896,100,3850580,-1
55679.392564916,4,10876,100,3868633,1
55679.984616367,4,10884,100,3864267,1
55680.450141612,3,10894,100,3853921,-1
55681.250408258,1,10897,100,3850706,1
55681.926517927,1,10898,100,3855037,-1
55682.28658798,1,10899,100,3863432,-1
55682.769804355,1,10900,100,3867302,-1
55683.39458805,1,10901,100,3859600,-1
55684.047431687,4,10889,100,3855359,1
55684.75780302,1,10902,100,3852937,1
55685.322552162,4,10901,100,3859600,-1
55685.951822374,4,10896,100,3850580,-1
55686.470880332,3,10900,100,3867302,-1
55687.207798681,3,10898,100,3855037,-1
55687.857645176,4,10902,100,3852937,1
55688.502889829,4,10859,100,3878848,1
55688.812339221,3,10895,100,3847409,1
55689.406902693,1,10903,100,3856407,1
55690.744799374,1,10904,100,3851690,1
55691.233038529,4,10886,100,3858054,1
55691.881229118,1,10905,100,3848984,1
55692.433143645,3,10891,100,3851139,-1
55693.303788664,3,10885,100,3860260,-1
55693.969097013,1,10906,100,3858027,1
55694.538135847,3,10905,100,3848984,1
55695.069284053,3,10906,100,3858027,1
55695.746088906,4,10903,100,3856407,1
55696.40354659,3,10792,100,3887599,-1
55697.046900302,4,10904,100,3851690,1
55697.795399131,3,10827,100,3901200,-1
55698.459793341,1,10907,100,3856517,-1
55699.063671543,4,10850,100,3879190,1
55699.673531406,1,10908,100,3849739,1
55700.490123483,1,10909,100,3850481,-1
55700.854218041,3,10897,100,3850706,1
55702.276597633,4,10908,100,3849739,1
55702.999012225,3,10907,100,3856517,-1
55703.75493859,5,10887,100,3858287,-1
55704.563524817,3,10899,100,3863432,-1
55704.928341385,1,10910,100,3847525,1
55705.429886032,4,10910,100,3847525,1
55705.89936473,5,10865,100,3888244,-1
55706.734857423,1,10911,100,3848817,-1
55707.457645293,3,10883,100,3866192,-1
55708.285760264,1,10912,100,3842314,-1
55709.096052374,3,10912,100,3842314,-1
55709.615390838,4,10892,100,3849252,1
55710.287963084,3,10911,100,3848817,-1
55711.144372659,1,10913,100,3833676,1
55711.602365897,1,10914,100,3826199,1
55711.993078271,1,10915,100,3824939,-1
55712.48692924,1,10916,100,3819825,-1
55712.800692842,4,10914,100,3826199,1
55713.964798754,1,10917,100,3817421,1
55714.768021807,1,10918,100,3826088,1
55715.293013709,1,10919,100,3833241,1
55716.015583421,3,10913,100,3833676,1
55716.397203832,1,10920,100,3834844,1
55717.699030027,1,10921,100,3843874,1
55718.205200178,1,10922,100,3842787,1
55718.952630954,1,10923,100,3847139,1
55719.8081431,3,10920,100,3834844,1
55720.325035147,1,10924,100,3826960,1
55720.666526298,1,10925,100,3831023,1
55721.241648562,1,10926,100,3828883,1
55721.858028627,3,10925,100,3831023,1
55722.37753783,4,10924,100,3826960,1
55723.177013718,3,10918,100,3826088,1
55723.777871717,1,10927,100,3830832,-1
55724.613718587,3,10909,100,3850481,-1
55725.278050873,1,10928,300,3840118,-1
55725.972780628,4,10927,100,3830832,-1
55726.303504285,3,10926,100,3828883,1
55726.967147921,4,10921,100,3843874,1
55727.841196747,1,10929,100,3834667,1
55729.157867273,4,10929,100,3834667,1
55729.989289735,3,10915,100,3824939,-1
55730.415845524,5,10928,100,3840118,-1
55731.683807943,3,10922,100,3842787,1
55732.332350572,4,10916,100,3819825,-1
55733.027380709,1,10930,100,3838382,1
55733.844851903,1,10931,100,3838361,-1
55734.599808531,5,10917,100,3817421,1
55734.975806887,1,10932,100,3837684,-1
55735.369344717,4,10923,100,3847139,1
55735.789497118,5,10930,100,3838382,1
55736.311927186,1,10933,100,3838945,-1
55737.169313063,1,10934,100,3832782,1
55738.37568973,3,10931,100,3838361,-1
55738.735263354,4,10934,100,3832782,1
55739.592665718,3,10919,100,3833241,1
55739.967817306,4,10928,100,3840118,-1
55740.773577634,3,10933,100,3838945,-1
55741.578680377,1,10935,100,3825992,1
55742.063185667,1,10936,100,3820569,1
55742.3946883,1,10937,100,3821896,1
55743.214853094,1,10938,100,3807142,-1
55743.690193272,1,10939,100,3802550,1
55744.081348183,1,10940,100,3801532,-1
55744.947421558,3,10928,100,3840118,-1
55745.239607131,3,10936,100,3820569,1
55745.792767956,3,10940,100,3801532,-1
55746.29852496,4,10939,100,3802550,1
55746.906530414,4,10935,100,3825992,1
55747.308973663,1,10941,100,3799165,-1
55748.268599814,4,10941,100,3799165,-1
55749.091200166,3,10938,100,3807142,-1
55749.588786155,4,10937,100,3821896,1
55749.885026795,3,10932,100,3837684,-1
55750.389451272,1,10942,100,3797262,-1
55750.742928051,1,10943,100,3797879,-1
55751.343511156,4,10942,100,3797262,-1
55752.208956882,1,10944,100,3791306,1
55752.707775804,5,10943,100,3797879,-1
55754.995171426,3,10944,100,3791306,1
55755.68663144,1,10945,100,3806997,-1
55756.102154531,1,10946,100,3796471,1
55756.627429919,1,10947,100,3800977,-1
55758.061385335,3,10947,100,3800977,-1
55758.93004211,1,10948,100,3805845,1
55759.621462787,5,10945,100,3806997,-1
55760.037894205,5,10948,100,3805845,1
55761.27758935,4,10946,100,3796471,1
55762.041644279,1,10949,100,3811479,-1
55762.453724482,1,10950,100,3819249,-1
55762.90653037,4,10949,100,3811479,-1
55763.677377195,4,10950,100,3819249,-1
55764.415818772,1,10951,100,3819400,-1
55764.798675317,5,10951,100,3819400,-1
55765.608122588,1,10952,100,3825615,-1
55766.444696628,1,10953,100,3818370,-1
55766.967938064,5,10952,100,3825615,-1
55767.714267717,4,10953,100,3818370,-1
55768.211399783,1,10954,100,3812832,1
55768.592423158,1,10955,100,3810926,1
55768.95153398,1,10956,100,3807553,1
55769.467017789,1,10957,100,3808051,1
55769.922397922,1,10958,100,3811741,-1
55770.485832743,3,10955,100,3810926,1
55771.098076844,1,10959,200,3800187,-1
55771.882288861,1,10960,100,3813959,1
55772.443928275,1,10961,100,3819922,-1
55773.043363367,4,10958,100,3811741,-1
55773.493314534,1,10962,100,3812596,-1
55774.176749568,5,10960,100,3813959,1
55774.695113348,1,10963,100,3822502,1
55775.506285585,1,10964,100,3821708,1
55775.948777787,1,10965,100,3825745,-1
55776.367583948,4,10962,100,3812596,-1
55777.132347077,1,10966,100,3830851,-1
55777.88717882,3,10963,100,3822502,1
55778.366330213,1,10967,100,3822581,1
55779.745664314,5,10954,100,3812832,1
55780.240216167,1,10968,100,3832431,-1
55780.639570661,4,10965,100,3825745,-1
55781.43922431,1,10969,100,3833013,-1
55782.213011736,1,10970,100,3834222,-1
55782.721848603,3,10956,100,3807553,1
55783.461291124,4,10970,100,3834222,-1
55784.094919772,1,10971,100,3827680,1
55784.686055671,1,10972,100,3830967,-1
55785.322323287,3,10964,100,3821708,1
55786.026353022,1,10973,100,3826764,1
55786.683968297,3,10961,100,3819922,-1
55787.138588198,3,10968,100,3832431,-1
55787.44694211,4,10971,100,3827680,1
55788.174700002,1,10974,100,3826031,1
55788.602520841,3,10957,100,3808051,1
55789.349086452,1,10975,100,3826859,-1
55789.795300767,1,10976,100,3826188,1
55790.506366003,1,10977,100,3831471,-1
55792.215543448,4,10972,100,3830967,-1
55793.027545496,1,10978,100,3831707,-1
55793.63822927,3,10967,100,3822581,1
55794.282682173,3,10973,100,3826764,1
55794.899797398,1,10979,100,3836392,1
55795.48977371,1,10980,100,3844689,-1
55796.341597641,1,10981,100,3838660,-1
55796.752535703,3,10981,100,3838660,-1
55797.202674462,3,10978,100,3831707,-1
55797.598957753,1,10982,100,3837665,1
55798.272874629,3,10975,100,3826859,-1
55798.668369562,4,10966,100,3830851,-1
55799.26489651,3,10959,200,3800187,-1
55800.135799558,1,10983,100,3846047,1
55800.989302556,4,10977,100,3831471,-1
55801.41091349,1,10984,100,3839505,-1
55801.870533998,1,10985,100,3838949,1
55802.512813095,4,10983,100,3846047,1
55802.858871254,1,10986,100,3849269,-1
55803.264552215,3,10969,100,3833013,-1
55803.662684229,1,10987,100,3841243,-1
55804.242776998,4,10985,100,3838949,1
55804.783627689,3,10974,100,3826031,1
55805.11105177,4,10987,100,3841243,-1
55805.701117187,1,10988,100,3838104,-1
55806.356202045,3,10986,100,3849269,-1
55806.69696184,5,10979,100,3836392,1
55807.186516501,4,10984,100,3839505,-1
55807.830545799,5,10976,100,3826188,1
55808.55371422,1,10989,100,3836310,1
55809.336745983,3,10982,100,3837665,1
55810.570730407,4,10989,100,3836310,1
55811.023918179,5,10980,100,3844689,-1
55811.692926197,1,10990,100,3835793,-1
55812.33552448,3,10990,100,3835793,-1
55813.168773867,3,10988,100,3838104,-1
55813.737366619,1,10991,100,3840234,1
55814.208796172,1,10992,100,3839214,-1
55815.049053516,1,10993,100,3833200,1
55815.344776513,4,10991,100,3840234,1
55816.079816683,5,10992,100,3839214,-1
55816.613165697,3,10993,100,3833200,1
55817.126888648,1,10994,100,3826139,1
55820.162483863,3,10994,100,3826139,1
55820.864010259,1,10995,100,3824394,-1
55821.297382076,1,10996,100,3832387,1
55821.97501347,3,10996,100,3832387,1
55822.707868418,1,10997,100,3838015,-1
55823.226736562,1,10998,100,3835651,-1
55823.670286307,1,10999,100,3836397,1
55823.97527655,3,10999,100,3836397,1
55824.384639049,1,11000,100,3831603,-1
55824.994112627,1,11001,100,3831923,1
55825.706398524,3,10998,100,3835651,-1
55826.147535586,4,10995,100,3824394,-1
55826.452297108,3,11000,100,3831603,-1
55827.278191725,1,11002,100,3847343,-1
55827.602098906,1,11003,100,3852686,-1
55827.980747382,3,11003,100,3852686,-1
55829.693468308,1,11004,100,3858572,1
55829.984887609,1,11005,100,3858921,-1
55830.601277871,1,11006,100,3861995,1
55831.104266264,1,11007,100,3862574,-1
55831.792288493,1,11008,100,3856689,1
55832.626226021,3,11006,100,3861995,1
55833.423563011,4,11005,100,3858921,-1
55833.835798048,3,11001,100,3831923,1
55834.402515678,3,11007,100,3862574,-1
55834.773326638,3,10997,100,3838015,-1
55835.454582702,3,11008,100,3856689,1
55836.267275384,1,11009,100,3863104,-1
55837.139483147,3,11009,100,3863104,-1
55837.764547417,4,11002,100,3847343,-1
55838.55032523,1,11010,100,3863930,-1
55839.081226392,1,11011,100,3861029,-1
55839.644549783,3,11004,100,3858572,1
55840.101161572,5,11010,100,3863930,-1
55840.527902049,1,11012,100,3838527,1
55841.13079722,4,11012,100,3838527,1
55841.946275189,1,11013,100,3838601,-1
55842.51791209,1,11014,100,3836560,-1
55843.296186524,3,11014,100,3836560,-1
55843.5859161,5,11013,100,3838601,-1
55844.076404834,4,11011,100,3861029,-1
55844.691880235,1,11015,100,3846372,1
55845.118306053,3,11015,100,3846372,1
55845.763794848,1,11016,100,3848754,1
55846.07738783,5,11016,100,3848754,1
55846.484462927,1,11017,100,3851503,-1
55847.291871966,4,11017,100,3851503,-1
55847.727746426,1,11018,100,3847096,1
55848.222596155,3,11018,100,3847096,1
55849.007159666,1,11019,100,3852607,1
55849.643813612,3,11019,100,3852607,1
55849.938639124,1,11020,100,3858487,1
55850.333271166,1,11021,100,3861162,-1
55850.956342557,1,11022,100,3855431,1
55851.541181427,3,11021,100,3861162,-1
55852.634695737,1,11023,100,3861754,-1
55853.344304025,1,11024,100,3859916,-1
55853.691596806,3,11020,100,3858487,1
55854.324765659,5,11022,100,3855431,1
55854.846622065,1,11025,100,3860706,1
55855.232173097,1,11026,100,3858654,1
55856.182248903,1,11027,100,3866567,-1
55857.607806475,1,11028,100,3859302,-1
55858.363838772,1,11029,100,3860081,1
55859.150758256,3,11026,100,3858654,1
55859.442489406,4,11024,100,3859916,-1
55860.131824765,1,11030,100,3862912,1
55860.802862005,1,11031,100,3862461,1
55861.354451922,4,11031,100,3862461,1
55862.340472166,1,11032,100,3864105,1
55862.71011925,1,11033,100,3862506,-1
55863.386901915,4,11029,100,3860081,1
55864.072982527,1,11034,100,3860359,-1
55864.569220323,1,11035,100,3861815,1
55865.027510378,5,11032,100,3864105,1
55865.498081583,1,11036,100,3865486,1
55866.34279126,3,11034,100,3860359,-1
55867.396476656,3,11023,100,3861754,-1
55868.21024063,1,11037,100,3854980,-1
55868.654096243,1,11038,100,3852539,1
55869.176971796,1,11039,100,3852787,-1
55869.672786826,3,11036,100,3865486,1
55870.26068331,3,11039,100,3852787,-1
55870.931472924,1,11040,100,3853106,1
55871.425146002,1,11041,100,3853618,-1
55873.100336894,1,11042,100,3856141,-1
55873.477050462,1,11043,100,3858029,-1
55874.166504029,4,11043,100,3858029,-1
55874.934969596,1,11044,100,3853287,1
55875.287256685,1,11045,100,3859964,-1
55875.69190638,1,11046,100,3860859,-1
55876.165287417,1,11047,100,3849312,-1
55876.784257981,1,11048,100,3843373,1
55877.491844514,1,11049,100,3845336,-1
55878.258763431,3,11044,100,3853287,1
55879.041022227,5,11035,100,3861815,1
55879.761212693,3,11025,100,3860706,1
55880.589861326,4,11041,100,3853618,-1
55881.173375777,4,11047,100,3849312,-1
55881.603088973,1,11050,100,3858610,-1
55882.113771024,3,11050,100,3858610,-1
55882.886386362,3,11045,100,3859964,-1
55883.433262242,1,11051,100,3858543,-1
55884.182392144,3,11051,100,3858543,-1
55885.557402482,3,11030,100,3862912,1
55885.886908462,3,11033,100,3862506,-1
55886.209426476,5,11046,100,3860859,-1
55886.947099306,3,11028,100,3859302,-1
55887.396522506,4,11048,100,3843373,1
55888.309793685,1,11052,100,3833178,-1
55889.046412513,3,11042,100,3856141,-1
55890.217735478,3,11037,100,3854980,-1
55891.621960235,1,11053,100,3830808,1
55892.016333194,1,11054,100,3836610,1
55892.723181136,1,11055,100,3832881,1
55893.919080929,1,11056,100,3830749,-1
55894.526918847,4,11038,100,3852539,1
55895.09073786,5,11056,100,3830749,-1
55895.645731211,3,11049,100,3845336,-1
55896.197985099,1,11057,100,3825757,-1
55896.708698711,1,11058,100,3824031,-1
55897.271055402,3,11053,100,3830808,1
55898.129859611,1,11059,100,3818902,-1
55898.724692485,1,11060,100,3807252,1
55899.028092718,1,11061,100,3808666,1
55899.428827412,3,11055,100,3832881,1
55900.085176538,1,11062,100,3813022,-1
55900.818006824,3,11040,100,3853106,1
55901.613246591,1,11063,100,3808896,1
55902.086838224,3,11058,100,3824031,-1
55902.795509886,4,11061,100,3808666,1
55903.173076869,5,11060,100,3807252,1
55903.971388195,1,11064,100,3817979,-1
55904.601647959,1,11065,100,3810213,1
55905.385836134,4,11054,100,3836610,1
55905.896734591,1,11066,100,3823743,-1
55906.408232556,5,11062,100,3813022,-1
55906.764214423,1,11067,100,3812014,1
55907.19556257,1,11068,100,3813024,-1
55908.703020235,3,11027,100,3866567,-1
55909.460441006,1,11069,100,3806679,-1
55910.270900916,3,11063,100,3808896,1
55910.965795273,3,11065,100,3810213,1
55911.43446085,5,11064,100,3817979,-1
55912.200160867,1,11070,100,3803575,1
55912.719953526,1,11071,100,3806533,1
55913.160974812,4,11067,100,3812014,1
55913.568076796,5,11069,100,3806679,-1
55914.384023586,5,11059,100,3818902,-1
55915.065460813,5,11068,100,3813024,-1
55915.885791538,3,11066,100,3823743,-1
55916.668483269,1,11072,100,3816108,-1
55917.265314013,1,11073,100,3806220,1
55918.122814424,1,11074,100,3808424,-1
55918.431835735,1,11075,100,3804567,1
55919.126030522,1,11076,100,3803190,1
55919.841737544,1,11077,100,3810609,1
55920.865275669,1,11078,100,3807825,1
55921.166865636,5,11072,100,3816108,-1
55921.569900843,3,11078,100,3807825,1
55922.099713438,1,11079,100,3811037,-1
55922.682533692,3,11057,100,3825757,-1
55923.382694979,1,11080,100,3796330,1
55924.15051279,1,11081,100,3796927,1
55925.002424561,1,11082,100,3799342,1
55925.468172102,3,11073,100,3806220,1
55926.296006971,4,11077,100,3810609,1
55927.117790488,1,11083,100,3803650,-1
55927.504413308,1,11084,100,3794586,1
55928.187283052,1,11085,100,3792466,1
55928.829401575,1,11086,100,3799246,-1
55929.28946387,3,11082,100,3799342,1
55929.587861216,1,11087,100,3803685,-1
55930.345370051,3,11080,100,3796330,1
55931.296867465,3,11052,100,3833178,-1
55931.661858476,4,11086,100,3799246,-1
55932.267464301,3,11087,100,3803685,-1
55932.994992625,3,11084,100,3794586,1
55933.386540323,1,11088,100,3812703,1
55934.097058585,4,11074,100,3808424,-1
55934.951356684,1,11089,100,3830268,-1
55935.378773742,5,11079,100,3811037,-1
55935.694406704,3,11081,100,3796927,1
55936.357985192,3,11089,100,3830268,-1
55937.152387942,4,11083,100,3803650,-1
55937.707099905,1,11090,100,3822834,1
55938.503219989,5,11076,100,3803190,1
55938.884325557,4,11088,100,3812703,1
55939.543234805,5,11085,100,3792466,1
55940.032006546,1,11091,100,3824445,1
55940.518122557,1,11092,100,3825935,-1
55941.272756569,1,11093,100,3824824,1
55941.807797404,3,11091,100,3824445,1
55942.548721709,5,11070,100,3803575,1
55943.25596879,1,11094,100,3834970,-1
55943.700685391,1,11095,100,3829131,-1
55944.22748053,1,11096,100,3819125,-1
55945.506862038,1,11097,100,3820607,1
55946.180786514,3,11090,100,3822834,1
55946.630206279,3,11093,100,3824824,1
55947.027296677,1,11098,100,3818973,1
55947.342429727,1,11099,100,3825147,-1
55947.942546863,4,11095,100,3829131,-1
55948.34018281,3,11094,100,3834970,-1
55948.844251168,4,11096,100,3819125,-1
55949.553257459,4,11099,100,3825147,-1
55950.060356552,1,11100,100,3828122,-1
55951.263659022,4,11098,100,3818973,1
55952.116167652,3,11092,100,3825935,-1
55952.589163107,1,11101,100,3824687,1
55952.995815665,3,11101,100,3824687,1
55953.772069734,4,11097,100,3820607,1
55954.386198669,1,11102,100,3823321,-1
55954.971701498,3,11075,100,3804567,1
55955.266085607,1,11103,100,3813937,1
55955.710230768,1,11104,100,3813350,1
55956.275878754,1,11105,100,3819660,-1
55956.73528131,3,11104,100,3813350,1
55957.023042609,5,11105,100,3819660,-1
55957.502244414,1,11106,100,3822292,1
55957.789909193,3,11100,100,3828122,-1
55958.612369924,1,11107,100,3826293,-1
55959.317269432,3,11102,100,3823321,-1
55959.772420347,1,11108,100,3819943,1
55960.117239993,3,11108,100,3819943,1
55960.531725648,1,11109,100,3821578,-1
55961.071239036,3,11106,100,3822292,1
55961.539604972,1,11110,100,3816674,-1
55962.223389985,1,11111,100,3817585,1
55963.001735981,5,11071,100,3806533,1
55963.737180191,5,11103,100,3813937,1
55964.332719976,5,11111,100,3817585,1
55964.63297228,1,11112,100,3814081,1
55965.403437337,3,11112,100,3814081,1
55966.071148258,5,11107,100,3826293,-1
55966.775796018,4,11110,100,3816674,-1
55967.177990716,5,11109,100,3821578,-1
55967.893990797,1,11113,100,3826982,-1
55968.719243596,1,11114,100,3823649,-1
55969.162072443,3,11114,100,3823649,-1
55970.191244885,3,11113,100,3826982,-1
55970.890900333,1,11115,100,3832991,1
55971.74425957,1,11116,100,3834883,-1
55972.238094167,1,11117,100,3840849,-1
55973.080359769,3,11117,100,3840849,-1
55973.739902565,3,11115,100,3832991,1
55974.135033502,1,11118,100,3842231,1
55974.955710504,1,11119,100,3852800,-1
55976.104838542,3,11119,100,3852800,-1
55976.449623195,1,11120,100,3847246,-1
55976.999971837,1,11121,100,3841889,-1
55977.627863094,3,11121,100,3841889,-1
55978.371633225,1,11122,100,3843273,1
55979.019650641,1,11123,100,3849098,1
55979.705510973,1,11124,100,3855570,1
55980.491576148,1,11125,100,3856099,1
55980.941990163,4,11116,100,3834883,-1
55981.423296614,4,11125,100,3856099,1
55982.08781878,3,11120,100,3847246,-1
55982.793976472,1,11126,100,3856529,1
55983.105906953,4,11126,100,3856529,1
55983.672207643,1,11127,100,3860571,1
55984.265956393,3,11127,100,3860571,1
55984.82563398,1,11128,100,3868351,1
55985.562132839,4,11128,100,3868351,1
55985.899156539,1,11129,100,3862389,1
55986.45027866,1,11130,100,3863109,1
55987.241823804,3,11123,100,3849098,1
55987.986745105,3,11122,100,3843273,1
55989.121168441,5,11124,100,3855570,1
55989.776927361,1,11131,100,3865782,-1
55990.138632239,3,11129,100,3862389,1
55990.763589034,3,11118,100,3842231,1
55991.275328839,4,11130,100,3863109,1
55991.572950897,1,11132,100,3853285,-1
55992.158849943,1,11133,100,3856259,-1
55992.656956036,3,11131,100,3865782,-1
55993.046092746,1,11134,100,3854406,-1
55993.547805973,4,11132,100,3853285,-1
55993.960571736,4,11133,100,3856259,-1
55994.504996304,3,11134,100,3854406,-1
55994.861487554,1,11135,100,3859900,-1
55995.37570208,1,11136,100,3851018,1
55996.184329069,5,11135,100,3859900,-1
55996.503412316,1,11137,100,3866792,-1
55996.847327226,1,11138,100,3868488,1
55997.324960667,3,11136,100,3851018,1
55997.985893151,4,11137,100,3866792,-1
55998.632375221,3,11138,100,3868488,1
55999.113605156,1,11139,100,3880522,-1
55999.567370319,3,11139,100,3880522,-1
56000.190136935,1,11140,100,3880756,-1
56000.896231173,1,11141,100,3875048,1
56001.40424481,4,11141,100,3875048,1
56001.989324026,3,11140,100,3880756,-1
56002.766642476,1,11142,100,3876415,1
56003.511009938,1,11143,100,3885926,-1
56004.139526285,5,11142,100,3876415,1
56004.470527846,1,11144,100,3888910,-1
56004.94045314,3,11143,100,3885926,-1
56005.33172414,3,11144,100,3888910,-1
56005.896703851,1,11145,100,3889650,-1
56006.573197188,3,11145,100,3889650,-1
56007.308229894,1,11146,100,3887602,1
56008.116154668,3,11146,100,3887602,1
56008.870019105,1,11147,100,3886105,-1
56009.573501799,1,11148,100,3889536,-1
56010.357059729,5,11148,100,3889536,-1
56010.748399683,1,11149,100,3890373,-1
56011.440509877,3,11149,100,3890373,-1
56011.97533484,1,11150,100,3885352,1
56012.36170121,4,11150,100,3885352,1
56013.162258621,4,11147,100,3886105,-1
56013.563464151,1,11151,100,3883756,1
56014.115109705,3,11151,100,3883756,1
56014.911239478,1,11152,100,3890361,-1
56015.646750735,3,11152,100,3890361,-1
56016.171071626,1,11153,100,3893434,1
56016.902683521,1,11154,100,3893621,1
56017.729351227,1,11155,100,3895931,-1
56018.580146953,1,11156,100,3897027,-1
56019.119406727,4,11154,100,3893621,1
56019.576002482,1,11157,100,3894520,-1
56020.279689879,1,11158,100,3895128,-1
56020.604382253,3,11155,100,3895931,-1
56021.184460179,1,11159,100,3898192,1
56021.522295334,1,11160,100,3892394,1
56022.067511132,3,11153,100,3893434,1
56022.705010798,5,11159,100,3898192,1
56023.343765392,3,11158,100,3895128,-1
56023.911732888,1,11161,100,3902676,1
56024.433395568,1,11162,100,3905182,-1
56024.812788115,4,11156,100,3897027,-1
56025.428852819,5,11157,100,3894520,-1
56025.805592741,3,11161,100,3902676,1
56026.412819597,1,11163,100,3911235,-1
56027.221417817,1,11164,100,3908948,1
56028.161888382,1,11165,100,3903759,-1
56028.69891488,3,11162,100,3905182,-1
56029.248469168,4,11164,100,3908948,1
56029.71555211,3,11160,100,3892394,1
56030.45805511,4,11165,100,3903759,-1
56031.638199705,5,11163,100,3911235,-1
56032.179861889,1,11166,100,3888972,1
56032.585803476,1,11167,100,3890982,-1
56033.344679529,4,11166,100,3888972,1
56033.861293116,1,11168,100,3896593,-1
56034.402233352,3,11168,100,3896593,-1
56035.088621769,1,11169,100,3899038,1
56035.380760548,4,11169,100,3899038,1
56035.849167951,1,11170,100,3896686,1
56036.620989018,1,11171,100,3904458,-1
56037.462520867,4,11167,100,3890982,-1
56037.975477187,3,11170,100,3896686,1
56038.484962981,3,11171,100,3904458,-1
56039.270372828,1,11172,100,3890531,1
56040.11547853,4,11172,100,3890531,1
56040.745100562,1,11173,100,3901116,-1
56041.154644693,3,11173,100,3901116,-1
56041.45242886,1,11174,100,3891815,1
56041.849039734,3,11174,100,3891815,1
56042.692166739,1,11175,100,3888755,1
56044.071487642,1,11176,100,3900999,-1
56044.389784227,1,11177,100,3902963,1
56045.153659166,1,11178,100,3909981,1
56045.631021426,1,11179,100,3910611,1
56046.430090352,3,11177,100,3902963,1
56047.064659314,3,11175,100,3888755,1
56047.646466924,1,11180,100,3923961,-1
56048.94928453,3,11176,100,3900999,-1
56049.362936331,1,11181,100,3932790,-1
56049.905777403,3,11178,100,3909981,1
56050.347769735,4,11180,100,3923961,-1
56051.052463847,4,11181,100,3932790,-1
56051.876831749,1,11182,100,3929151,1
56052.603724001,4,11182,100,3929151,1
56053.414528296,1,11183,100,3931758,-1
56053.953150039,1,11184,100,3926573,-1
56054.420683851,3,11179,100,3910611,1
56054.730315145,3,11184,100,3926573,-1
56055.048816493,1,11185,100,3930773,-1
56055.380609529,1,11186,100,3936396,-1
56055.863822042,3,11183,100,3931758,-1
56056.539126073,1,11187,100,3920318,1
56057.260555304,4,11187,100,3920318,1
56058.046175101,3,11186,100,3936396,-1
56058.450479069,1,11188,100,3922292,-1
56059.641723566,1,11189,100,3921737,1
56060.256118602,1,11190,100,3919866,-1
56060.813270224,1,11191,100,3920796,-1
56062.445956655,5,11191,100,3920796,-1
56063.21195697,4,11190,100,3919866,-1
56063.990306851,3,11188,100,3922292,-1
56064.656547145,4,11185,100,3930773,-1
56065.458919732,3,11189,100,3921737,1
56066.117873622,1,11192,100,3925626,-1
56066.578444812,1,11193,100,3920390,1
56068.079768649,3,11192,100,3925626,-1
56068.498922915,1,11194,100,3928319,1
56068.930659049,4,11194,100,3928319,1
56069.473943756,3,11193,100,3920390,1
56069.997346025,1,11195,100,3929623,1
56070.616575374,4,11195,100,3929623,1
56071.102839382,1,11196,100,3933649,-1
56071.600888543,3,11196,100,3933649,-1
56071.941837538,1,11197,100,3931253,-1
56072.383044304,1,11198,100,3935118,1
56073.505803428,1,11199,100,3932798,1
56074.012956075,5,11198,100,3935118,1
56074.853611595,3,11199,100,3932798,1
56075.418681083,5,11197,100,3931253,-1
56075.847680612,1,11200,100,3943419,1
56076.298753848,3,11200,100,3943419,1
56076.587585467,1,11201,100,3949702,-1
56077.702969628,1,11202,100,3947240,1
56078.334075079,5,11202,100,3947240,1
56079.053882443,1,11203,100,3959684,-1
56079.624163168,4,11203,100,3959684,-1
56080.297691239,3,11201,100,3949702,-1
56080.824354414,1,11204,100,3955741,-1
56081.556773224,4,11204,100,3955741,-1
56082.250393854,1,11205,100,3960141,1
56082.753825201,1,11206,100,3972852,1
56083.254544072,3,11205,100,3960141,1
56083.697870534,4,11206,100,3972852,1
56084.322457123,1,11207,100,3978940,-1
56084.862007809,4,11207,100,3978940,-1
56085.172934554,1,11208,100,3972510,1
56085.755546172,4,11208,100,3972510,1
56086.394377008,1,11209,100,3975000,-1
56087.015077788,1,11210,100,3972656,-1
56087.307128606,5,11210,100,3972656,-1
56087.854279364,4,11209,100,3975000,-1
56088.17075063,1,11211,100,3976925,-1
56089.13610853,1,11212,100,3972727,-1
56089.581139077,5,11211,100,3976925,-1
56090.115785603,4,11212,100,3972727,-1
56090.628067189,1,11213,100,3970329,1
56091.299699457,4,11213,100,3970329,1
56091.709941339,1,11214,100,3977138,-1
56092.124554901,1,11215,100,3974635,1
56092.573787324,3,11214,100,3977138,-1
56093.27758705,3,11215,100,3974635,1
56093.905180511,1,11216,100,3983087,-1
56094.315937198,1,11217,100,3979011,-1
56094.834804721,4,11217,100,3979011,-1
56095.550594214,1,11218,100,3975364,-1
56096.203850115,1,11219,100,3971257,-1
56097.485406496,1,11220,100,3973511,1
56097.949826695,3,11216,100,3983087,-1
56098.353596026,3,11219,100,3971257,-1
56099.043484634,3,11220,100,3973511,1
56099.654246212,1,11221,100,3978339,1
56100.494260541,3,11218,100,3975364,-1
56101.277757484,1,11222,100,3981794,-1
56101.709522737,1,11223,100,3970244,1
56102.281492214,4,11221,100,3978339,1
56102.771100127,1,11224,100,3970028,1
56103.487975028,1,11225,100,3969566,-1
56103.797320781,3,11224,100,3970028,1
56104.587030117,3,11225,100,3969566,-1
56105.223770653,3,11222,100,3981794,-1
56105.698558221,3,11223,100,3970244,1
56106.491229655,1,11226,100,3973226,1
56106.778025211,3,11226,100,3973226,1
56107.560000256,1,11227,100,3981247,1
56108.24173895,5,11227,100,3981247,1
56108.650586423,1,11228,100,3968825,1
56109.025119698,3,11228,100,3968825,1
56109.554906971,1,11229,100,3978206,-1
56110.396737566,5,11229,100,3978206,-1
56110.728783785,1,11230,100,3979084,-1
56111.392759269,4,11230,100,3979084,-1
56112.187272726,1,11231,100,3979034,1
56112.531125525,3,11231,100,3979034,1
56112.837797882,1,11232,100,3990250,-1
56113.18019901,1,11233,100,3996504,-1
56113.530043789,3,11233,100,3996504,-1
56114.242213374,1,11234,100,3994014,1
56114.666838033,4,11234,100,3994014,1
56115.080513116,1,11235,100,3998601,-1
56115.705522866,1,11236,100,3995552,1
56117.061119552,3,11236,100,3995552,1
56117.623271101,1,11237,100,3993384,-1
56118.268651384,1,11238,100,3983659,1
56118.690779584,1,11239,100,3988809,-1
56119.041419448,3,11237,100,3993384,-1
56119.606121191,1,11240,100,3983470,1
56120.590211501,3,11240,100,3983470,1
56121.074880798,1,11241,100,3979166,1
56121.817077333,1,11242,100,3974409,-1
56122.628222748,1,11243,100,3972528,-1
56123.36183383,3,11243,100,3972528,-1
56123.985055427,3,11241,100,3979166,1
56124.654324711,4,11238,100,3983659,1
56125.308430753,1,11244,100,3961079,1
56125.823549834,4,11244,100,3961079,1
56126.230840784,1,11245,100,3959550,-1
56126.991553055,3,11239,100,3988809,-1
56127.648151086,1,11246,100,3956448,1
56128.432201528,1,11247,100,3953838,-1
56129.150532564,1,11248,100,3959721,1
56129.535483709,1,11249,100,3957755,-1
56130.798908724,3,11248,100,3959721,1
56131.241392893,3,11247,100,3953838,-1
56131.60236607,3,11245,100,3959550,-1
56132.218183785,1,11250,100,3949438,1
56132.718678328,4,11246,100,3956448,1
56133.025344581,3,11232,100,3990250,-1
56133.620188769,5,11249,100,3957755,-1
56133.915368616,1,11251,100,3952809,1
56134.403034218,1,11252,100,3952936,1
56134.949779417,5,11252,100,3952936,1
56135.449661092,1,11253,100,3960600,1
56135.99359763,1,11254,100,3951491,-1
56136.542503472,4,11254,100,3951491,-1
56137.276499981,1,11255,100,3962586,1
56138.037089412,3,11242,100,3974409,-1
56138.34780794,1,11256,100,3971600,1
56138.715173216,1,11257,100,3972155,1
56139.230523776,1,11258,100,3978356,1
56139.908367625,1,11259,100,3987166,-1
56140.621937721,3,11256,100,3971600,1
56141.084342913,1,11260,100,3994622,-1
56141.653643696,3,11258,100,3978356,1
56142.090307988,3,11257,100,3972155,1
56142.559142352,3,11259,100,3987166,-1
56143.34655138,4,11253,100,3960600,1
56143.733293312,3,11250,100,3949438,1
56144.569146122,1,11261,100,3974254,1
56144.912652634,3,11261,100,3974254,1
56145.596396102,4,11251,100,3952809,1
56146.311118073,5,11235,100,3998601,-1
56147.089353355,3,11255,100,3962586,1
56147.374032148,5,11260,100,3994622,-1
56147.701077863,1,11262,100,3970627,-1
56148.453190178,1,11263,100,3965846,1
56149.027551767,3,11262,100,3970627,-1
56149.379972382,5,11263,100,3965846,1
56150.185209284,1,11264,100,3966358,1
56150.952611479,3,11264,100,3966358,1
56151.732038521,1,11265,100,3965838,1
56152.535524332,3,11265,100,3965838,1
56153.116295441,1,11266,100,3964880,-1
56153.935337194,1,11267,100,3961838,-1
56154.507488355,4,11267,100,3961838,-1
56154.91047203,3,11266,100,3964880,-1
56155.201948861,1,11268,100,3967416,-1
56155.817203318,3,11268,100,3967416,-1
56156.541261718,1,11269,100,3969057,-1
56156.839604293,3,11269,100,3969057,-1
56157.493714679,1,11270,100,3977621,-1
56158.002314468,3,11270,100,3977621,-1
56158.776120669,1,11271,100,3976992,1
56159.501902377,5,11271,100,3976992,1
56159.837260615,1,11272,100,3986243,1
56160.664124807,4,11272,100,3986243,1
56161.098102889,1,11273,100,3993139,1
56161.914579148,1,11274,100,3985040,1
56162.317449001,5,11274,100,3985040,1
56162.909782782,3,11273,100,3993139,1
56163.629666654,1,11275,100,3982648,1
56164.215302869,1,11276,100,3980707,1
56164.506779132,1,11277,100,3973638,1
56164.791212471,5,11277,100,3973638,1
56165.118032085,3,11276,100,3980707,1
56165.71790333,1,11278,100,3977192,1
56166.111794583,3,11278,100,3977192,1
56166.424063618,4,11275,100,3982648,1
56167.226312235,1,11279,100,3993341,-1
56167.717207233,1,11280,100,3991846,1
56168.388013056,1,11281,100,3993091,1
56169.090675783,1,11282,100,3996662,-1
56169.569547603,5,11279,100,3993341,-1
56170.103781966,1,11283,100,4004057,-1
56170.772247501,4,11282,100,3996662,-1
56171.575738749,3,11283,100,4004057,-1
56172.112275742,1,11284,100,4008905,1
56172.632463683,3,11281,100,3993091,1
56173.020440152,1,11285,100,4011939,-1
56173.740243584,3,11280,100,3991846,1
56174.464040682,5,11284,100,4008905,1
56174.746120498,1,11286,100,4014031,-1
56175.104281885,1,11287,100,4011652,1
56175.609685236,3,11286,100,4014031,-1
56176.634783146,1,11288,100,4012576,-1
56177.433787822,3,11288,100,4012576,-1
56177.996979241,3,11287,100,4011652,1
56178.792266119,5,11285,100,4011939,-1
56179.177338779,1,11289,100,4003741,1
56179.806489131,4,11289,100,4003741,1
56180.624409861,1,11290,100,3998062,-1
56181.212059396,5,11290,100,3998062,-1
56182.035041611,1,11291,100,3993031,1
56182.477229324,1,11292,100,3993041,1
56183.176669402,3,11291,100,3993031,1
56183.765709863,1,11293,100,3996490,-1
56184.295951159,3,11293,100,3996490,-1
56184.739722084,1,11294,100,3997788,-1
56185.279633491,4,11292,100,3993041,1
56185.900632917,3,11294,100,3997788,-1
56186.187629484,1,11295,100,4000399,1
56186.949208361,3,11295,100,4000399,1
56187.410030171,1,11296,100,4006912,1
56187.766185212,1,11297,100,4014051,-1
56188.074729111,5,11296,100,4006912,1
56188.486682355,1,11298,100,4009387,-1
56189.159079517,1,11299,100,4012542,-1
56189.818365238,3,11299,100,4012542,-1
56190.547476495,3,11297,100,4014051,-1
56191.13969713,5,11298,100,4009387,-1
56191.54316465,1,11300,100,4011778,1
56192.201016509,4,11300,100,4011778,1
56193.028888808,1,11301,100,4010333,1
56193.372011031,1,11302,100,4015256,1
56194.169904233,3,11302,100,4015256,1
56194.627322786,3,11301,100,4010333,1
56195.149082786,1,11303,100,4020002,-1
56195.951088356,1,11304,100,4017505,1
56196.784985171,4,11304,100,4017505,1
56197.52349445,4,11303,100,4020002,-1
56198.309440004,1,11305,100,4007633,1
56199.064295605,4,11305,100,4007633,1
56199.377352769,1,11306,100,3993051,1
56200.097380719,1,11307,100,3989784,1
56201.151050589,4,11306,100,3993051,1
56201.707405812,4,11307,100,3989784,1
56202.052689108,1,11308,100,3991596,1
56202.431307055,1,11309,100,3991869,1
56202.949691567,3,11309,100,3991869,1
56203.473014513,3,11308,100,3991596,1
56204.250172988,1,11310,100,3985252,1
56204.728981661,3,11310,100,3985252,1
56205.477197373,1,11311,100,3986746,-1
56206.156825495,4,11311,100,3986746,-1
56206.550836998,1,11312,100,3993741,1
56206.962286408,1,11313,100,3986775,1
56207.501515484,1,11314,100,3987383,1
56208.003003292,3,11312,100,3993741,1
56208.441514398,3,11313,100,3986775,1
56209.492430416,5,11314,100,3987383,1
56210.110133001,1,11315,100,4000026,1
56210.806505646,3,11315,100,4000026,1
56211.512302454,1,11316,100,3995390,1
56212.320636484,4,11316,100,3995390,1
56213.05077504,1,11317,100,4006061,-1
56214.115376094,1,11318,100,3997671,1
56214.508442902,4,11317,100,4006061,-1
56215.970554991,1,11319,100,4000437,1
56217.772350312,3,11319,100,4000437,1
56218.285685266,1,11320,100,4007648,-1
56218.881998072,3,11318,100,3997671,1
56219.187702786,3,11320,100,4007648,-1
56219.950170285,1,11321,100,4014511,-1
56220.626392797,3,11321,100,4014511,-1
56221.078577893,1,11322,100,4017824,1
56221.624641181,1,11323,100,4012619,1
56222.437848798,3,11323,100,4012619,1
56223.250679951,1,11324,100,4015470,-1
56224.666752091,1,11325,100,4015304,-1
56225.046889603,1,11326,100,4013213,-1
56225.485925907,3,11325,100,4015304,-1
56225.798651149,4,11322,100,4017824,1
56226.438221887,1,11327,100,4017126,-1
56227.229616504,1,11328,100,4009258,-1
56227.961903005,3,11326,100,4013213,-1
56228.421403662,1,11329,100,4003941,1
56228.974780575,1,11330,100,4008994,-1
56229.775763067,1,11331,100,4009715,-1
56230.303773104,1,11332,100,4008128,1
56231.137209227,1,11333,100,4013173,1
56231.782877562,1,11334,100,4018313,1
56232.230191469,4,11324,100,4015470,-1
56232.842963634,1,11335,100,4024256,1
56233.289552369,5,11328,100,4009258,-1
56233.570710179,5,11327,100,4017126,-1
56235.008010352,4,11331,100,4009715,-1
56235.547307903,1,11336,100,4027836,-1
56236.088839456,1,11337,100,4035730,-1
56236.473438939,1,11338,100,4030415,-1
56236.782905609,3,11337,100,4035730,-1
56237.157573217,1,11339,100,4026700,1
56237.855336708,1,11340,100,4032895,-1
56238.178638133,3,11332,100,4008128,1
56238.678895549,1,11341,100,4030229,1
56239.016104461,1,11342,100,4029206,1
56239.321613378,1,11343,100,4034823,-1
56240.113932485,3,11339,100,4026700,1
56240.869126434,1,11344,100,4034114,1
56241.388765262,1,11345,100,4038329,-1
56242.161633873,1,11346,100,4038814,-1
56242.466431992,1,11347,100,4040460,1
56243.152562682,5,11343,100,4034823,-1
56243.845063818,1,11348,100,4035125,1
56244.50252244,3,11341,100,4030229,1
56245.986548213,4,11340,100,4032895,-1
56246.435467449,1,11349,100,4032646,1
56246.862952601,1,11350,100,4022129,1
56247.229290843,3,11330,100,4008994,-1
56248.05732496,1,11351,100,4024394,1
56248.424752684,4,11342,100,4029206,1
56249.100933282,1,11352,100,4013444,1
56249.566144143,1,11353,100,4008650,1
56249.906452531,3,11348,100,4035125,1
56250.686044177,1,11354,100,4001772,-1
56251.023717937,1,11355,100,4003365,-1
56251.673777761,1,11356,100,4000454,-1
56252.353611976,3,11353,100,4008650,1
56252.858765311,1,11357,100,4010312,-1
56253.282861812,1,11358,100,4006273,1
56253.603879097,1,11359,100,4009625,-1
56254.227734942,4,11356,100,4000454,-1
56254.923916153,1,11360,100,4004079,-1
56255.381016333,3,11335,100,4024256,1
56255.780570963,1,11361,100,4002577,1
56256.582482656,4,11358,100,4006273,1
56257.198665208,3,11333,100,4013173,1
56257.710000894,1,11362,100,4004856,1
56258.158228253,4,11351,100,4024394,1
56258.769883682,4,11334,100,4018313,1
56259.942547549,3,11355,100,4003365,-1
56260.710864225,1,11363,100,4010729,-1
56261.158703271,3,11329,100,4003941,1
56261.603773635,3,11359,100,4009625,-1
56262.245229711,1,11364,100,4011691,1
56262.894629654,3,11336,100,4027836,-1
56263.18543079,4,11350,100,4022129,1
56263.608092934,1,11365,100,4017129,-1
56264.380012586,3,11357,100,4010312,-1
56265.076330072,1,11366,100,4007765,1
56265.466284181,3,11349,100,4032646,1
56266.177490191,1,11367,100,4004272,1
56266.697081187,1,11368,100,4003818,1
56267.830966773,1,11369,100,4009853,-1
56268.379074053,1,11370,100,3998229,-1
56269.212666589,4,11364,100,4011691,1
56269.9418567,1,11371,100,4006938,-1
56270.512328755,3,11371,100,4006938,-1
56270.873988122,3,11347,100,4040460,1
56271.308291018,1,11372,100,3998983,-1
56271.775372347,1,11373,100,3991194,1
56272.418866351,5,11366,100,4007765,1
56273.10322437,1,11374,100,3988599,1
56273.413042024,3,11373,100,3991194,1
56273.794863253,3,11370,100,3998229,-1
56274.390604792,1,11375,100,4000257,-1
56275.065070124,4,11367,100,4004272,1
56275.848158305,1,11376,100,3996809,1
56276.560816531,1,11377,100,3997074,1
56276.860915068,1,11378,100,3996490,-1
56277.563124835,1,11379,100,3995685,-1
56277.925802722,4,11352,100,4013444,1
56278.517760713,4,11368,100,4003818,1
56279.940659171,1,11380,100,3991292,1
56280.39817849,4,11376,100,3996809,1
56280.811522618,1,11381,100,3996893,1
56281.578203021,1,11382,100,3998919,-1
56282.019275746,3,11377,100,3997074,1
56282.672020814,4,11380,100,3991292,1
56283.212407981,3,11374,100,3988599,1
56283.773029293,3,11345,100,4038329,-1
56284.326003052,1,11383,100,3998816,-1
56285.071959207,5,11344,100,4034114,1
56285.737746669,4,11375,100,4000257,-1
56286.261807296,3,11360,100,4004079,-1
56287.035850708,3,11382,100,3998919,-1
56287.594387924,3,11381,100,3996893,1
56288.080340111,3,11346,100,4038814,-1
56288.586024787,1,11384,100,3990166,1
56288.97738809,4,11362,100,4004856,1
56290.077514122,1,11385,100,3993490,-1
56290.558988955,1,11386,100,3991458,1
56291.104533547,1,11387,100,3997612,-1
56291.846449353,3,11369,100,4009853,-1
56292.632412511,5,11361,100,4002577,1
56293.442139414,1,11388,100,3998228,1
56293.96824717,4,11372,100,3998983,-1
56294.53028319,3,11354,100,4001772,-1
56294.876841863,1,11389,100,4003060,-1
56295.499120797,3,11388,100,3998228,1
56296.26005163,1,11390,100,4003267,1
56296.989775913,4,11383,100,3998816,-1
56297.739022815,1,11391,100,4005095,-1
56298.37830877,1,11392,100,4010391,-1
56298.842460739,1,11393,100,4006454,1
56299.513828019,1,11394,100,4009900,1
56299.809142655,5,11394,100,4009900,1
56300.29597749,5,11392,100,4010391,-1
56300.698434417,3,11389,100,4003060,-1
56301.265779598,3,11390,100,4003267,1
56301.823995695,4,11379,100,3995685,-1
56302.525324706,1,11395,100,4003133,-1
56302.929422233,1,11396,100,4001201,-1
56303.209527401,3,11385,100,3993490,-1
56303.750891984,4,11391,100,4005095,-1
56304.261135593,1,11397,100,4021150,-1
56305.027751414,1,11398,100,4016360,1
56305.830063517,4,11387,100,3997612,-1
56307.416075369,1,11399,100,4022327,-1
56308.257023691,1,11400,100,4020114,1
56308.635832822,3,11363,100,4010729,-1
56309.245847237,1,11401,100,4023024,1
56310.045345277,1,11402,100,4022850,-1
56310.427719725,1,11403,100,4017892,1
56310.724865099,3,11365,100,4017129,-1
56311.131546368,1,11404,100,4019762,1
56311.90697455,1,11405,100,4008266,1
56312.457096551,3,11396,100,4001201,-1
56313.194433614,4,11393,100,4006454,1
56313.625916396,5,11397,100,4021150,-1
56314.151438293,1,11406,100,4002325,1
56314.698177621,3,11338,100,4030415,-1
56315.437885021,1,11407,100,4017008,-1
56315.843263088,4,11395,100,4003133,-1
56317.324735646,1,11408,100,4010021,1
56317.839497221,1,11409,100,4003909,-1
56318.943598323,5,11398,100,4016360,1
56319.718554675,1,11410,100,4005901,-1
56320.54202045,3,11407,100,4017008,-1
56320.845099204,3,11399,100,4022327,-1
56321.366783336,3,11386,100,3991458,1
56321.665528427,3,11378,100,3996490,-1
56321.943859326,3,11406,100,4002325,1
56322.469309324,3,11400,100,4020114,1
56322.805427571,1,11411,100,4014972,-1
56323.399429564,1,11412,100,4019547,-1
56323.902255261,3,11384,100,3990166,1
56324.257725488,3,11411,100,4014972,-1
56324.980135806,1,11413,100,4014330,-1
56325.41504908,1,11414,100,4010233,1
56325.950292616,1,11415,100,4016465,1
56326.306016002,3,11409,100,4003909,-1
56327.018287538,3,11402,100,4022850,-1
56327.661041451,1,11416,100,4002244,1
56328.291963719,1,11417,100,4009120,1
56328.791773473,5,11403,100,4017892,1
56329.431299229,1,11418,100,4012665,1
56330.017230673,3,11415,100,4016465,1
56330.44045722,1,11419,100,4028867,-1
56330.96329008,5,11417,100,4009120,1
56331.283132969,1,11420,100,4024979,-1
56331.917833525,4,11412,100,4019547,-1
56332.346959462,4,11420,100,4024979,-1
56332.695971893,1,11421,100,4021980,1
56333.240105744,1,11422,100,4026127,-1
56333.758987646,1,11423,100,4026540,-1
56335.138348973,3,11421,100,4021980,1
56336.22459847,1,11424,100,4018493,1
56336.695887197,3,11419,100,4028867,-1
56337.49393245,1,11425,100,4015527,1
56338.079192083,3,11408,100,4010021,1
56338.804151603,1,11426,100,4006836,1
56339.450214373,3,11426,100,4006836,1
56340.21748922,1,11427,100,4018584,-1
56340.791516388,1,11428,100,4015993,1
56341.151265986,1,11429,100,4014696,1
56341.910182342,1,11430,100,4021054,1
56342.387585424,3,11428,100,4015993,1
56342.839506634,5,11430,100,4021054,1
56343.547109097,3,11413,100,4014330,-1
56343.847986852,5,11427,100,4018584,-1
56344.614292596,3,11410,100,4005901,-1
56345.049181877,4,11414,100,4010233,1
56345.451693539,1,11431,100,4016289,-1
56346.037773069,4,11404,100,4019762,1
56346.359520446,1,11432,100,4007409,1
56346.728014127,4,11424,100,4018493,1
56347.533911177,3,11432,100,4007409,1
56348.038200603,1,11433,100,4021736,-1
56348.673854733,3,11405,100,4008266,1
56349.434813819,3,11401,100,4023024,1
56350.038521265,1,11434,100,4012514,-1
56350.40191333,3,11418,100,4012665,1
56351.10044429,1,11435,100,4014165,-1
56351.719674392,1,11436,100,4014349,-1
56352.265458061,1,11437,100,4022143,-1
56353.000263291,4,11422,100,4026127,-1
56353.367700306,1,11438,100,4019485,1
56354.172760445,1,11439,100,4027103,-1
56354.770784322,1,11440,100,4022734,1
56355.241435021,1,11441,100,4021649,1
56355.91504597,1,11442,100,4023409,-1
56356.244670696,5,11441,100,4021649,1
56356.914703423,1,11443,100,4022199,-1
56357.411312876,1,11444,100,4017112,1
56357.902657167,4,11425,100,4015527,1
56358.234796205,1,11445,100,4007327,-1
56358.608088636,5,11439,100,4027103,-1
56358.939335355,4,11440,100,4022734,1
56359.450084816,1,11446,100,4000014,1
56360.187343944,3,11437,100,4022143,-1
56361.177116363,3,11443,100,4022199,-1
56361.879529308,3,11433,100,4021736,-1
56362.464019763,1,11447,100,4009894,-1
56362.787956168,1,11448,100,4004769,1
56363.180183449,5,11431,100,4016289,-1
56363.779327541,1,11449,100,3996924,1
56364.135075225,1,11450,100,4004607,1
56364.834316166,3,11450,100,4004607,1
56365.306864933,3,11423,100,4026540,-1
56365.606405076,3,11416,100,4002244,1
56366.468366616,1,11451,100,4007465,-1
56367.289264892,4,11448,100,4004769,1
56367.87348044,1,11452,100,3993467,1
56368.14746818,1,11453,100,3995319,-1
56369.022050434,3,11442,100,4023409,-1
56369.620717478,3,11436,100,4014349,-1
56370.317085613,1,11454,100,4000853,-1
56371.110428513,3,11438,100,4019485,1
56371.401851663,1,11455,100,4001890,1
56371.776747281,1,11456,100,4012845,-1
56372.427439544,1,11457,100,4009067,1
56372.708835516,3,11449,100,3996924,1
56373.278583008,1,11458,100,4003175,-1
56373.983670658,1,11459,100,4002864,-1
56374.444571533,3,11435,100,4014165,-1
56375.182348852,1,11460,100,3992259,1
56375.940169043,3,11457,100,4009067,1
56376.485192384,3,11460,100,3992259,1
56377.080400389,1,11461,100,3986169,1
56377.824620315,1,11462,100,3986806,-1
56378.325333241,1,11463,100,3986934,-1
56378.827339983,5,11458,100,4003175,-1
56380.503598609,1,11464,100,3991033,-1
56381.198987003,3,11456,100,4012845,-1
56381.869307166,1,11465,100,3994773,1
56382.477155935,1,11466,100,3999824,-1
56383.187655621,4,11464,100,3991033,-1
56383.55029892,5,11455,100,4001890,1
56383.892277553,3,11462,100,3986806,-1
56384.372514704,1,11467,100,4000858,1
56384.73222447,4,11453,100,3995319,-1
56385.259481813,1,11468,100,4002074,1
56385.726604333,1,11469,100,4001077,-1
56386.445724928,1,11470,100,4004910,-1
56386.973838529,1,11471,100,4005585,-1
56387.608708261,3,11470,100,4004910,-1
56388.099420309,3,11468,100,4002074,1
56388.904298645,1,11472,100,4012791,1
56389.596900113,5,11463,100,3986934,-1
56389.990599562,4,11447,100,4009894,-1
56390.756828149,3,11445,100,4007327,-1
56391.3420495,1,11473,100,4018751,-1
56391.917672316,1,11474,100,4028591,-1
56392.332211747,4,11466,100,3999824,-1
56393.389685725,1,11475,100,4017088,1
56393.727385404,1,11476,100,4018881,1
56394.271801722,3,11429,100,4014696,1
56395.394581214,5,11475,100,4017088,1
56396.054840937,1,11477,100,4018519,1
56396.6334332,5,11476,100,4018881,1
56397.424217302,1,11478,100,4024722,1
56398.222584702,3,11461,100,3986169,1
56398.888508538,1,11479,100,4018753,1
56399.192622728,1,11480,100,4017161,1
56399.938089602,1,11481,100,4013045,-1
56400.491376775,4,11434,100,4012514,-1
56401.0233164,1,11482,100,4014225,1
56401.428171658,5,11459,100,4002864,-1
56402.094256646,3,11478,100,4024722,1
56402.618996657,3,11452,100,3993467,1
56403.164450577,1,11483,100,4016394,1
56403.956207179,1,11484,100,4011380,1
56404.404397676,1,11485,100,4010380,1
56405.044675765,5,11454,100,4000853,-1
56405.678003426,3,11485,100,4010380,1
56406.35574112,1,11486,100,4021675,-1
56407.046162887,3,11479,100,4018753,1
56407.536579881,1,11487,100,4020085,-1
56407.911215515,5,11484,100,4011380,1
56408.201109802,1,11488,100,4014988,1
56408.846376694,1,11489,100,4022252,1
56409.195951307,1,11490,100,4025014,-1
56409.834920917,1,11491,100,4021225,1
56410.175561836,1,11492,100,4025282,1
56410.747069742,4,11451,100,4007465,-1
56411.551645561,1,11493,100,4033029,1
56412.0573005,1,11494,100,4025891,1
56412.936084148,1,11495,100,4030801,-1
56413.435360469,1,11496,100,4030907,-1
56413.7643451,1,11497,100,4021991,1
56414.191815568,1,11498,100,4019355,-1
56414.821905681,3,11491,100,4021225,1
56415.152335614,4,11471,100,4005585,-1
56415.937372746,3,11492,100,4025282,1
56416.433307933,3,11489,100,4022252,1
56416.72939201,1,11499,100,4032303,-1
56417.280983942,1,11500,100,4021748,-1
56417.89751252,3,11481,100,4013045,-1
56419.288656025,1,11501,100,4027172,-1
56420.07513794,3,11444,100,4017112,1
56420.514937924,5,11465,100,3994773,1
56421.361528364,3,11483,100,4016394,1
56422.23774062,1,11502,100,4048427,-1
56422.767810274,3,11486,100,4021675,-1
56423.479235169,3,11480,100,4017161,1
56423.987631575,3,11467,100,4000858,1
56424.415428725,1,11503,100,4044663,-1
56424.811931686,4,11490,100,4025014,-1
56425.47873969,4,11496,100,4030907,-1
56425.936871577,1,11504,100,4041667,1
56426.71655671,3,11500,100,4021748,-1
56427.123162489,3,11469,100,4001077,-1
56427.664193058,1,11505,100,4049744,1
56428.39271743,3,11482,100,4014225,1
56428.919530521,1,11506,100,4056337,-1
56429.620460935,1,11507,100,4057739,1
56430.14220373,3,11505,100,4049744,1
56431.49447852,1,11508,100,4060651,1
56432.150672224,4,11474,100,4028591,-1
56432.725809908,4,11499,100,4032303,-1
56433.320041756,3,11495,100,4030801,-1
56434.003541342,3,11493,100,4033029,1
56434.63607445,1,11509,100,4056304,-1
56435.101612242,1,11510,100,4050890,1
56435.603732118,1,11511,100,4056831,-1
56436.355177891,5,11494,100,4025891,1
56436.69674233,3,11509,100,4056304,-1
56437.643760664,4,11473,100,4018751,-1
56438.289258439,1,11512,100,4046367,-1
56438.58499297,1,11513,100,4047327,-1
56439.655205928,4,11510,100,4050890,1
56440.098573356,1,11514,100,4060190,1
56440.859551389,1,11515,100,4055752,-1
56441.486602907,1,11516,100,4051049,1
56442.278407593,3,11512,100,4046367,-1
56443.013543681,3,11472,100,4012791,1
56443.70837435,1,11517,100,4052877,1
56444.429819636,4,11513,100,4047327,-1
56444.728827701,3,11477,100,4018519,1
56445.44112342,1,11518,100,4081435,-1
56446.012307145,1,11519,100,4086398,-1
56446.384179751,3,11446,100,4000014,1
56448.153429094,4,11502,100,4048427,-1
56448.533663856,4,11503,100,4044663,-1
56449.182246622,1,11520,100,4100856,1
56449.715837961,1,11521,100,4101400,1
56450.04017781,1,11522,100,4106579,-1
56450.580459186,1,11523,100,4104944,1
56451.138917633,1,11524,100,4111291,-1
56451.864312387,1,11525,100,4108462,1
56452.579717151,1,11526,100,4114167,-1
56453.347715026,1,11527,100,4113658,-1
56453.925927034,5,11519,100,4086398,-1
56454.64989472,1,11528,100,4120078,-1
56455.268601552,1,11529,100,4114327,1
56455.714002234,4,11501,100,4027172,-1
56456.351000211,1,11530,100,4125836,-1
56457.055652094,3,11522,100,4106579,-1
56457.415377833,1,11531,100,4129052,1
56458.609665701,3,11528,100,4120078,-1
56458.89451476,3,11515,100,4055752,-1
56459.40811921,1,11532,100,4114830,1
56460.907386893,1,11533,100,4127871,-1
56461.208391002,1,11534,100,4124288,1
56461.746346411,1,11535,100,4124282,-1
56462.288197289,1,11536,100,4114676,1
56463.029961052,1,11537,100,4120474,-1
56463.768094756,4,11511,100,4056831,-1
56464.355215628,3,11521,100,4101400,1
56464.874124453,1,11538,100,4118280,1
56465.569435476,1,11539,100,4110697,1
56466.276515243,5,11539,100,4110697,1
56466.992634106,3,11525,100,4108462,1
56467.427446326,4,11536,100,4114676,1
56467.882141564,3,11529,100,4114327,1
56468.48392625,3,11497,100,4021991,1
56469.205972924,3,11487,100,4020085,-1
56469.989103563,3,11537,100,4120474,-1
56470.759281813,3,11533,100,4127871,-1
56471.447129568,3,11508,100,4060651,1
56472.09123309,1,11540,100,4109655,-1
56473.008004732,1,11541,100,4119155,-1
56474.265578333,3,11514,100,4060190,1
56474.80312272,4,11518,100,4081435,-1
56475.192273394,1,11542,100,4122635,-1
56475.597745838,4,11498,100,4019355,-1
56476.143965489,3,11542,100,4122635,-1
56477.352994659,1,11543,100,4131411,-1
56477.843563868,3,11534,100,4124288,1
56478.173587721,4,11543,100,4131411,-1
56478.810175534,5,11531,100,4129052,1
56479.650090312,1,11544,100,4136096,-1
56480.316513678,1,11545,100,4142113,-1
56480.821553425,1,11546,100,4140517,-1
56481.405456881,3,11517,100,4052877,1
56482.077484953,3,11538,100,4118280,1
56482.483329957,5,11535,100,4124282,-1
56482.768632651,1,11547,100,4130777,1
56483.334347862,3,11488,100,4014988,1
56484.021046381,3,11546,100,4140517,-1
56484.73584891,3,11532,100,4114830,1
56485.464902025,5,11506,100,4056337,-1
56485.80414739,1,11548,100,4121872,1
56486.424978355,1,11549,100,4125394,-1
56487.016443193,4,11540,100,4109655,-1
56487.531210316,1,11550,100,4124101,-1
56488.011107346,1,11551,100,4117941,1
56488.703239651,3,11551,100,4117941,1
56489.270722918,3,11520,100,4100856,1
56489.961352093,4,11530,100,4125836,-1
56490.240510645,4,11527,100,4113658,-1
56490.749658499,4,11550,100,4124101,-1
56491.083497222,1,11552,100,4129573,1
56491.555555952,3,11544,100,4136096,-1
56492.363746076,1,11553,100,4135282,1
56492.697452497,4,11547,100,4130777,1
56493.108890083,5,11524,100,4111291,-1
56493.769529698,3,11507,100,4057739,1
56494.155166953,3,11541,100,4119155,-1
56494.512935015,4,11526,100,4114167,-1
56495.593552025,3,11548,100,4121872,1
56496.238604585,1,11554,100,4118830,-1
56497.20333247,4,11553,100,4135282,1
56497.755013744,3,11549,100,4125394,-1
56499.176023591,1,11555,100,4111826,1
56499.797302197,3,11516,100,4051049,1
56500.068896288,1,11556,100,4120883,-1
56500.4336418,1,11557,100,4127329,-1
56501.208197585,1,11558,100,4119386,1
56501.734142202,1,11559,100,4129055,-1
56502.604069671,3,11555,100,4111826,1
56503.360824686,1,11560,100,4110432,1
56503.954250372,1,11561,100,4111257,-1
56504.497823787,3,11552,100,4129573,1
56505.085650409,1,11562,100,4118028,-1
56505.597926279,3,11545,100,4142113,-1
56506.005803346,4,11561,100,4111257,-1
56506.405372246,4,11556,100,4120883,-1
56506.723560816,1,11563,100,4126490,1
56507.092352285,1,11564,100,4122254,1
56507.518178151,1,11565,100,4121244,1
56508.327400041,4,11564,100,4122254,1
56508.915845442,1,11566,100,4125754,1
56509.449263323,4,11559,100,4129055,-1
56510.002401815,3,11562,100,4118028,-1
56510.539121182,1,11567,100,4139094,1
56511.119617191,1,11568,100,4144150,1
56511.922062158,1,11569,100,4141332,1
56512.587904608,5,11558,100,4119386,1
56513.308531787,3,11563,100,4126490,1
56513.886308009,1,11570,100,4141865,1
56515.22028478,5,11504,100,4041667,1
56515.64124292,5,11554,100,4118830,-1
56516.444895607,1,11571,100,4139829,-1
56517.50853173,1,11572,100,4138336,1
56518.699667609,1,11573,100,4133378,1
56519.403923699,4,11570,100,4141865,1
56519.722577558,3,11565,100,4121244,1
56520.002995328,1,11574,100,4126958,1
56520.506898374,1,11575,100,4134490,1
56521.247996192,1,11576,100,4139419,1
56521.892154397,1,11577,100,4149372,1
56523.829252408,1,11578,100,4159782,-1
56524.131252578,1,11579,100,4151484,1
56524.688239948,1,11580,100,4145779,1
56524.981883326,1,11581,100,4145001,1
56525.45316342,3,11568,100,4144150,1
56526.081066455,3,11576,100,4139419,1
56526.458837975,1,11582,100,4153914,-1
56526.974415755,1,11583,100,4155554,-1
56527.550367522,3,11582,100,4153914,-1
56528.23234839,4,11583,100,4155554,-1
56528.73614898,3,11573,100,4133378,1
56529.021776319,1,11584,100,4161696,1
56529.566330293,1,11585,100,4162816,1
56530.329822179,5,11560,100,4110432,1
56530.833316867,1,11586,100,4162963,1
56531.295422573,1,11587,100,4161495,1
56531.753731268,1,11588,100,4159027,1
56532.305310863,3,11588,100,4159027,1
56532.812822063,3,11580,100,4145779,1
56533.418932446,4,11557,100,4127329,-1
56533.972853623,1,11589,100,4155384,1
56534.447445724,5,11575,100,4134490,1
56534.996455346,1,11590,100,4152887,1
56536.013890921,3,11571,100,4139829,-1
56536.448124134,1,11591,100,4152734,-1
56536.822909973,1,11592,100,4148835,1
56537.538152172,1,11593,100,4156486,1
56538.124971111,1,11594,100,4153242,1
56538.567495368,3,11572,100,4138336,1
56538.969894677,4,11586,100,4162963,1
56540.003533861,1,11595,100,4157169,-1
56540.347194896,1,11596,100,4158552,1
56541.318815303,1,11597,100,4147399,1
56541.613803272,1,11598,100,4141812,1
56541.990896801,1,11599,100,4147537,-1
56542.682066458,4,11585,100,4162816,1
56543.373574757,1,11600,100,4152083,-1
56544.156295162,5,11599,100,4147537,-1
56544.598752881,4,11590,100,4152887,1
56545.081766437,4,11593,100,4156486,1
56545.621863543,3,11577,100,4149372,1
56546.009601324,1,11601,100,4154221,-1
56546.601496214,1,11602,100,4155398,-1
56547.17891316,1,11603,100,4150397,1
56547.861114983,4,11592,100,4148835,1
56548.19594888,1,11604,100,4145857,1
56548.868388602,1,11605,100,4154868,-1
56549.377232489,3,11600,100,4152083,-1
56550.170510256,4,11596,100,4158552,1
56550.872896323,1,11606,100,4147770,-1
56552.20485996,3,11584,100,4161696,1
56552.593448243,1,11607,100,4147309,-1
56553.344830695,5,11604,100,4145857,1
56553.709569031,1,11608,100,4155248,-1
56554.496869756,1,11609,100,4151404,1
56554.831556206,3,11569,100,4141332,1
56555.436291101,3,11594,100,4153242,1
56556.022384813,1,11610,100,4148116,-1
56556.387967864,3,11610,100,4148116,-1
56557.114236566,4,11607,100,4147309,-1
56557.509303171,1,11611,100,4148676,1
56558.273955949,3,11603,100,4150397,1
56558.579246678,4,11611,100,4148676,1
56559.502263103,3,11608,100,4155248,-1
56560.005503769,1,11612,100,4154283,-1
56561.098517621,1,11613,100,4152877,1
56562.335551323,3,11567,100,4139094,1
56563.261645623,1,11614,100,4155440,1
56564.248737605,3,11523,100,4104944,1
56565.259293815,3,11574,100,4126958,1
56565.558230306,5,11591,100,4152734,-1
56566.485627039,1,11615,100,4142990,1
56567.07533545,1,11616,100,4142768,1
56567.838646222,1,11617,100,4140770,1
56568.604354663,3,11609,100,4151404,1
56569.164437496,1,11618,100,4134959,1
56569.708880443,1,11619,100,4140884,-1
56570.355018792,1,11620,100,4130453,1
56571.051706785,5,11613,100,4152877,1
56571.84044856,3,11620,100,4130453,1
56572.63840556,1,11621,100,4125652,-1
56572.932389696,1,11622,100,4127250,-1
56573.52683799,3,11606,100,4147770,-1
56574.22582172,3,11578,100,4159782,-1
56574.508234646,5,11587,100,4161495,1
56574.905224804,3,11602,100,4155398,-1
56575.55469596,3,11618,100,4134959,1
56576.416978389,3,11616,100,4142768,1
56577.166109523,1,11623,100,4138154,-1
56577.569646971,3,11566,100,4125754,1
56577.959259696,3,11617,100,4140770,1
56579.108574974,5,11622,100,4127250,-1
56579.767674141,4,11597,100,4147399,1
56580.233783135,1,11624,100,4135865,1
56582.306515711,1,11625,100,4132839,1
56582.917407106,4,11615,100,4142990,1
56583.394736316,4,11598,100,4141812,1
56584.138449455,1,11626,100,4143239,-1
56584.756475201,3,11623,100,4138154,-1
56585.256519208,1,11627,100,4131161,-1
56585.632702513,1,11628,100,4125875,1
56586.119612935,1,11629,100,4120965,1
56587.477238694,5,11589,100,4155384,1
56588.03014358,3,11612,100,4154283,-1
56588.723825623,3,11629,100,4120965,1
56589.489266343,1,11630,100,4115357,1
56589.808695579,4,11579,100,4151484,1
56590.222239533,1,11631,100,4116119,1
56590.735860048,1,11632,100,4113560,-1
56591.410471946,3,11627,100,4131161,-1
56591.902294057,4,11624,100,4135865,1
56592.884277231,1,11633,100,4122393,-1
56593.243291904,4,11633,100,4122393,-1
56593.907082677,1,11634,100,4122774,-1
56594.381392059,1,11635,100,4120019,-1
56594.873656455,5,11581,100,4145001,1
56595.646811466,5,11632,100,4113560,-1
56595.961161611,1,11636,100,4121779,1
56596.62530185,1,11637,100,4122246,1
56597.15490116,4,11634,100,4122774,-1
56597.63446538,4,11636,100,4121779,1
56598.310288039,1,11638,100,4117122,-1
56599.030232011,1,11639,100,4110661,1
56599.747202303,1,11640,100,4111142,1
56601.140376221,4,11625,100,4132839,1
56601.791908613,1,11641,100,4119651,1
56602.525085218,3,11605,100,4154868,-1
56602.973717728,1,11642,100,4115232,-1
56603.546869171,1,11643,100,4108630,1
56603.818482769,1,11644,100,4112548,-1
56604.903517952,5,11630,100,4115357,1
56605.563882514,4,11638,100,4117122,-1
56606.189855244,5,11631,100,4116119,1
56606.949773214,1,11645,100,4122260,-1
56607.263877946,3,11641,100,4119651,1
56607.907552196,1,11646,100,4117694,-1
56608.576174711,3,11645,100,4122260,-1
56609.112308265,3,11619,100,4140884,-1
56609.695425605,1,11647,100,4125294,-1
56610.139741407,1,11648,100,4124490,1
56610.611144444,1,11649,100,4120440,1
56611.215872802,3,11601,100,4154221,-1
56612.119591707,1,11650,100,4122644,-1
56612.596915264,1,11651,100,4107332,1
56612.981611482,3,11650,100,4122644,-1
56613.70301287,1,11652,100,4104123,-1
56614.424970726,4,11648,100,4124490,1
56614.872537412,1,11653,100,4112306,-1
56615.225926612,3,11652,100,4104123,-1
56615.661303047,1,11654,100,4113938,1
56616.309254121,4,11642,100,4115232,-1
56616.654208991,5,11651,100,4107332,1
56617.046448293,1,11655,100,4124039,1
56617.69169081,1,11656,100,4120019,1
56618.730861502,4,11628,100,4125875,1
56619.191566691,1,11657,200,4124605,-1
56619.62723591,1,11658,100,4135995,-1
56620.136150903,3,11649,100,4120440,1
56620.444762847,4,11614,100,4155440,1
56621.131078534,3,11640,100,4111142,1
56621.469908147,4,11653,100,4112306,-1
56621.800115297,4,11644,100,4112548,-1
56622.29578424,1,11659,100,4120574,1
56622.879936506,1,11660,100,4135408,-1
56623.357249066,1,11661,100,4134852,-1
56623.942898802,1,11662,100,4130647,1
56624.469531587,5,11595,100,4157169,-1
56625.72213693,1,11663,100,4133304,-1
56626.771129201,3,11660,100,4135408,-1
56627.124878007,5,11655,100,4124039,1
56627.786427898,1,11664,100,4133997,-1
56628.367527229,1,11665,100,4132447,1
56629.019798502,1,11666,100,4129209,1
56629.675123364,1,11667,200,4134773,1
56630.310571566,1,11668,100,4141272,-1
56630.683866072,1,11669,100,4139037,-1
56631.18319424,5,11654,100,4113938,1
56631.968594283,4,11658,100,4135995,-1
56632.239766956,1,11670,100,4134759,-1
56633.039220601,1,11671,100,4129764,1
56633.45983836,2,11667,100,4134773,1
56633.740506021,1,11672,100,4124166,1
56634.471655983,1,11673,100,4125903,1
56634.949243865,1,11674,100,4131786,1
56635.368653248,1,11675,100,4132181,1
56635.818162019,4,11667,100,4134773,1
56636.730278613,4,11661,100,4134852,-1
56637.101843029,1,11676,100,4140738,-1
56638.553255341,1,11677,100,4126130,1
56639.114471165,1,11678,100,4137065,-1
56639.754151587,3,11656,100,4120019,1
56640.234007308,3,11665,100,4132447,1
56640.853111007,1,11679,100,4127637,-1
56641.585640019,1,11680,100,4126935,1
56642.20763002,4,11671,100,4129764,1
56642.693480651,3,11662,100,4130647,1
56643.102149231,1,11681,100,4122386,-1
56643.686394815,3,11635,100,4120019,-1
56644.464506439,3,11668,100,4141272,-1
56644.890981588,3,11639,100,4110661,1
56645.225449456,1,11682,100,4116602,1
56645.527476439,4,11677,100,4126130,1
56646.022190799,1,11683,100,4128545,1
56646.713592366,1,11684,100,4126862,1
56647.294954413,4,11672,100,4124166,1
56647.979517384,5,11659,100,4120574,1
56648.752783103,4,11647,100,4125294,-1
56649.310628497,1,11685,100,4128600,-1
56649.980654187,4,11684,100,4126862,1
56650.376809416,1,11686,100,4127831,-1
56651.516399724,3,11686,100,4127831,-1
56652.282307347,1,11687,100,4125049,1
56652.629474493,5,11621,100,4125652,-1
56652.989253528,1,11688,100,4117445,-1
56653.374244038,4,11674,100,4131786,1
56653.939351353,3,11687,100,4125049,1
56654.676098154,4,11637,100,4122246,1
56655.833461902,1,11689,100,4109805,1
56656.59675951,3,11626,100,4143239,-1
56657.359585425,4,11680,100,4126935,1
56658.062240269,1,11690,100,4113192,1
56658.573448796,1,11691,100,4118855,1
56658.988565059,4,11683,100,4128545,1
56659.5785748,1,11692,100,4122146,1
56660.632917955,1,11693,100,4115385,1
56661.053736462,1,11694,100,4116433,-1
56661.577809287,5,11694,100,4116433,-1
56662.157183808,3,11675,100,4132181,1
56662.463882775,4,11693,100,4115385,1
56662.965697875,1,11695,100,4101714,1
56663.754030052,1,11696,100,4104809,1
56664.186656809,1,11697,100,4106497,-1
56664.497077694,1,11698,100,4105419,-1
56664.948841424,1,11699,100,4094217,-1
56665.550448209,1,11700,100,4095849,1
56665.926774971,1,11701,100,4105079,-1
56666.70823721,4,11696,100,4104809,1
56667.072094025,5,11673,100,4125903,1
56668.098952646,3,11682,100,4116602,1
56668.579528749,5,11666,100,4129209,1
56668.937218559,3,11691,100,4118855,1
56669.562385808,1,11702,100,4104576,-1
56670.095696518,3,11697,100,4106497,-1
56670.597064882,4,11695,100,4101714,1
56671.42439315,3,11669,100,4139037,-1
56671.85330298,4,11700,100,4095849,1
56672.826903035,4,11690,100,4113192,1
56673.473533556,1,11703,100,4077282,1
56673.808292596,4,11703,100,4077282,1
56674.577902235,1,11704,100,4063282,1
56674.977978935,1,11705,100,4072246,-1
56675.622480177,3,11702,100,4104576,-1
56675.892526519,3,11704,100,4063282,1
56676.187843457,5,11678,100,4137065,-1
56676.663482697,1,11706,100,4069106,1
56677.200075198,3,11670,100,4134759,-1
56677.687150693,1,11707,100,4067056,1
56678.433584596,1,11708,100,4064826,1
56678.80785564,3,11676,100,4140738,-1
56679.583534287,3,11679,100,4127637,-1
56680.452934898,1,11709,100,4067474,-1
56680.774777369,1,11710,100,4066321,-1
56681.109573952,1,11711,100,4065442,1
56681.562808645,1,11712,100,4071846,1
56682.181422529,5,11699,100,4094217,-1
56682.554364279,3,11701,100,4105079,-1
56682.904708365,3,11712,100,4071846,1
56683.296213564,1,11713,100,4071228,1
56683.67684941,4,11710,100,4066321,-1
56685.619071459,1,11714,100,4081527,1
56687.200769774,4,11709,100,4067474,-1
56687.774913999,4,11689,100,4109805,1
56688.137948459,1,11715,100,4080280,-1
56688.609794579,1,11716,100,4080822,-1
56689.028461237,1,11717,100,4080104,-1
56689.652181324,3,11711,100,4065442,1
56690.286375938,4,11714,100,4081527,1
56690.80418787,3,11717,100,4080104,-1
56691.545784772,1,11718,100,4069903,-1
56692.148170544,5,11681,100,4122386,-1
56693.520680263,4,11708,100,4064826,1
56694.636262276,1,11719,100,4056717,1
56695.132310461,1,11720,100,4058006,1
56695.857623847,3,11664,100,4133997,-1
56697.035259966,3,11716,100,4080822,-1
56697.557632893,3,11720,100,4058006,1
56698.307240674,5,11657,100,4124605,-1
56698.979259353,4,11692,100,4122146,1
56699.773511584,5,11705,100,4072246,-1
56700.501973208,1,11721,100,4073753,1
56701.070607409,1,11722,100,4066631,1
56701.808584152,1,11723,100,4070527,1
56702.229831718,1,11724,100,4074330,-1
56702.656508495,5,11646,100,4117694,-1
56703.565810661,3,11685,100,4128600,-1
56704.336882803,1,11725,100,4057581,1
56705.067905315,5,11657,100,4124605,-1
56705.786910385,4,11643,100,4108630,1
56706.073251563,4,11706,100,4069106,1
56706.849221236,1,11726,100,4052916,1
56707.119143294,3,11725,100,4057581,1
56707.688672995,1,11727,100,4054919,-1
56708.214333238,1,11728,100,4054812,1
56708.627518274,1,11729,100,4054412,1
56709.229130752,1,11730,100,4047194,-1
56709.879224692,3,11727,100,4054919,-1
56710.358672414,1,11731,100,4048930,-1
56710.840301065,1,11732,100,4047688,-1
56711.16625709,1,11733,100,4049766,-1
56711.921920975,5,11718,100,4069903,-1
56712.271726557,1,11734,100,4055215,1
56712.750150549,1,11735,100,4053311,-1
56713.400241375,3,11726,100,4052916,1
56714.159314337,4,11707,100,4067056,1
56714.59193396,1,11736,100,4043521,-1
56715.004666763,1,11737,100,4051762,-1
56715.752546164,3,11722,100,4066631,1
56716.119469082,3,11735,100,4053311,-1
56716.755670703,1,11738,100,4039644,1
56717.1363842,1,11739,100,4042345,-1
56717.610125921,1,11740,100,4039964,-1
56718.365838305,3,11740,100,4039964,-1
56719.6492495,3,11663,100,4133304,-1
56720.112154399,1,11741,100,4042348,-1
56720.542895054,1,11742,100,4036711,1
56721.137922265,1,11743,100,4042345,1
56721.724093905,3,11731,100,4048930,-1
56722.245405245,1,11744,100,4037190,-1
56722.813097576,1,11745,100,4040590,-1
56723.591212433,1,11746,100,4040164,-1
56724.283332659,1,11747,100,4037726,-1
56724.722596892,3,11698,100,4105419,-1
56725.447507686,3,11729,100,4054412,1
56726.197915629,1,11748,100,4032850,-1
56726.742479715,3,11747,100,4037726,-1
56727.180765798,5,11721,100,4073753,1
56727.481486794,1,11749,100,4027796,1
56727.860233845,3,11748,100,4032850,-1
56728.948899101,4,11743,100,4042345,1
56729.702316798,5,11728,100,4054812,1
56730.251127697,4,11713,100,4071228,1
56730.605820616,1,11750,100,4031929,1
56731.387055342,5,11749,100,4027796,1
56731.829051625,4,11719,100,4056717,1
56732.266049528,1,11751,100,4028850,-1
56732.80183884,5,11736,100,4043521,-1
56733.361439884,3,11730,100,4047194,-1
56733.938921771,1,11752,100,4019732,-1
56734.434234328,5,11739,100,4042345,-1
56734.871544954,4,11750,100,4031929,1
56735.615348331,4,11734,100,4055215,1
56736.314899645,3,11751,100,4028850,-1
56736.832550355,5,11733,100,4049766,-1
56737.202087008,3,11724,100,4074330,-1
56738.183884737,1,11753,100,4027836,-1
56738.621423803,1,11754,200,4033642,-1
56739.024228751,3,11752,100,4019732,-1
56739.552375257,3,11753,100,4027836,-1
56740.095949711,1,11755,100,4034010,-1
56740.746725304,1,11756,100,4030346,-1
56741.090631696,1,11757,100,4028589,1
56741.702104197,1,11758,100,4027465,-1
56742.122004479,5,11756,100,4030346,-1
56742.519368895,3,11745,100,4040590,-1
56742.84725607,4,11738,100,4039644,1
56743.343970323,1,11759,100,4005872,1
56743.829974099,1,11760,100,4010260,-1
56744.245978593,3,11715,100,4080280,-1
56744.608110684,5,11758,100,4027465,-1
56744.927056868,4,11759,100,4005872,1
56745.634201339,1,11761,100,4001279,1
56745.944879858,3,11761,100,4001279,1
56746.541415915,1,11762,100,4001198,-1
56746.966363021,5,11688,100,4117445,-1
56747.593378968,1,11763,100,4007650,1
56748.263499144,3,11723,100,4070527,1
56748.770938879,5,11760,100,4010260,-1
56749.535307363,1,11764,100,4011557,1
56749.897017975,4,11742,100,4036711,1
56750.496461428,5,11744,100,4037190,-1
56750.92904783,5,11763,100,4007650,1
56751.335564247,5,11764,100,4011557,1
56751.998584815,1,11765,100,4031095,-1
56752.282729932,1,11766,100,4033969,-1
56752.99512162,1,11767,100,4032738,1
56753.327175384,3,11755,100,4034010,-1
56753.831414347,1,11768,100,4033567,1
56754.507774701,1,11769,100,4033682,1
56755.211564799,3,11757,100,4028589,1
56755.988472042,1,11770,100,4032738,1
56756.426813005,1,11771,100,4032969,-1
56757.074811746,3,11765,100,4031095,-1
56757.356252471,1,11772,100,4028512,-1
56757.914621536,1,11773,100,4024844,-1
56758.504903218,1,11774,100,4022747,1
56758.999988639,4,11768,100,4033567,1
56759.522183368,4,11767,100,4032738,1
56760.21732179,1,11775,100,4019026,1
56760.561964655,2,11754,100,4033642,-1
56761.315986421,3,11732,100,4047688,-1
56761.983792965,5,11771,100,4032969,-1
56762.780164282,5,11737,100,4051762,-1
56763.991621612,3,11741,100,4042348,-1
56764.486757526,3,11772,100,4028512,-1
56765.191083524,5,11762,100,4001198,-1
56765.565175643,3,11766,100,4033969,-1
56765.98170691,4,11770,100,4032738,1
56766.331205637,1,11776,100,4016839,1
56767.035754154,5,11746,100,4040164,-1
56767.374992935,1,11777,100,4019046,1
56767.950630374,1,11778,100,4021202,-1
56768.690363027,3,11754,100,4033642,-1
56769.201922456,1,11779,100,4019666,1
56769.484243113,1,11780,100,4024990,-1
56770.126650861,1,11781,100,4014007,1
56770.886640985,1,11782,100,4018482,1
56771.578806688,5,11776,100,4016839,1
56772.045503125,3,11779,100,4019666,1
56772.780748267,4,11775,100,4019026,1
56773.228443444,3,11780,100,4024990,-1
56773.746431847,3,11769,100,4033682,1
56774.139941517,1,11783,100,4006952,-1
56774.633605123,3,11777,100,4019046,1
56775.957235473,4,11782,100,4018482,1
56776.521247407,4,11783,100,4006952,-1
56777.218292519,3,11773,100,4024844,-1
56777.664230308,1,11784,100,4011220,-1
56778.120416611,3,11774,100,4022747,1
56778.568135093,5,11784,100,4011220,-1
56779.345666229,1,11785,100,4016665,1
56779.87784748,1,11786,100,4023770,-1
56780.602927715,4,11786,100,4023770,-1
56781.368564037,3,11781,100,4014007,1
56781.732699712,1,11787,100,4020133,1
56782.226106111,4,11778,100,4021202,-1
56783.015544421,3,11787,100,4020133,1
56783.687868722,1,11788,100,4019678,-1
56784.613610331,4,11785,100,4016665,1
56785.118870613,4,11788,100,4019678,-1
56785.78482352,1,11789,100,4022358,-1
56786.076607598,3,11789,100,4022358,-1
56786.698829501,1,11790,200,4017823,1
56787.151632085,2,11790,100,4017823,1
56787.867123281,1,11791,100,4012167,1
56788.470194571,1,11792,100,4013569,1
56788.854604008,1,11793,100,4025531,1
56789.951680845,3,11790,100,4017823,1
56790.64612278,3,11791,100,4012167,1
56791.357523272,5,11793,100,4025531,1
56792.303475709,1,11794,100,4034022,1
56792.58646434,3,11794,100,4034022,1
56793.067985032,3,11792,100,4013569,1
56793.796295724,1,11795,100,4030833,-1
56794.115236143,5,11795,100,4030833,-1
56794.82095544,1,11796,100,4025546,1
56795.30667779,1,11797,100,4029026,-1
56795.832524744,4,11797,100,4029026,-1
56796.355714969,3,11796,100,4025546,1
56796.992144411,1,11798,100,4022786,-1
56797.70775498,3,11798,100,4022786,-1
56798.009488286,1,11799,100,4024063,1
56798.678078693,3,11799,100,4024063,1
56799.142774832,1,11800,100,4024086,-1
56799.591306104,5,11800,100,4024086,-1
56800.300574528,1,11801,100,4020665,1
56801.477897288,3,11801,100,4020665,1
56802.091215079,1,11802,100,4022097,1
56802.427695333,5,11802,100,4022097,1
56802.726593395,1,11803,100,4021223,1
56804.065140538,4,11803,100,4021223,1
56804.469071253,1,11804,100,4027369,1
56805.046819541,4,11804,100,4027369,1
56805.676775763,1,11805,100,4024556,1
56806.44531095,1,11806,100,4022486,-1
56806.998047665,3,11805,100,4024556,1
56807.533233518,4,11806,100,4022486,-1
56807.980654497,1,11807,100,4020402,-1
56808.670871591,5,11807,100,4020402,-1
56809.025440659,1,11808,100,4015118,1
56809.776598664,4,11808,100,4015118,1
56810.205063917,1,11809,100,4011050,-1
56810.489562301,3,11809,100,4011050,-1
56810.955696767,1,11810,100,4017045,-1
56811.684525702,1,11811,100,4018298,-1
56812.318641534,1,11812,100,4013271,1
56813.011599375,1,11813,100,4014272,1
56813.401546554,5,11813,100,4014272,1
56814.187306705,3,11810,100,4017045,-1
56814.576542061,4,11811,100,4018298,-1
56815.090224837,4,11812,100,4013271,1
56815.362446176,1,11814,100,4037104,-1
56815.682985429,1,11815,100,4033682,1
56816.334716587,1,11816,100,4035348,1
56816.984432979,1,11817,100,4037616,-1
56817.30176676,3,11816,100,4035348,1
56818.433386826,1,11818,100,4042519,-1
56819.147531934,1,11819,100,4040455,1
56819.804985959,4,11814,100,4037104,-1
56820.072557029,4,11817,100,4037616,-1
56820.655686831,3,11815,100,4033682,1
56821.388999143,3,11819,100,4040455,1
56822.121910533,1,11820,100,4047659,-1
56822.864964743,1,11821,100,4039354,1
56823.372579802,3,11821,100,4039354,1
56824.050358973,1,11822,100,4042491,-1
56824.333972076,1,11823,100,4037051,1
56825.591901907,1,11824,100,4043665,-1
56826.250835522,1,11825,100,4033865,-1
56826.888276081,5,11825,100,4033865,-1
56828.002159331,3,11824,100,4043665,-1
56828.88070725,1,11826,100,4044276,1
56829.526247958,3,11818,100,4042519,-1
56829.943560889,4,11822,100,4042491,-1
56830.588004521,4,11826,100,4044276,1
56831.476399661,3,11823,100,4037051,1
56832.080496821,1,11827,100,4038518,1
56832.487803657,1,11828,100,4038919,-1
56832.915793625,3,11828,100,4038919,-1
56833.526450839,1,11829,100,4034196,1
56834.05188667,4,11827,100,4038518,1
56834.429217608,1,11830,100,4027641,1
56834.796616241,5,11829,100,4034196,1
56835.129031962,1,11831,100,4032271,-1
56835.709721417,1,11832,100,4032974,-1
56836.178649792,3,11830,100,4027641,1
56836.679758396,4,11831,100,4032271,-1
56837.180418193,1,11833,100,4024374,-1
56837.833839038,4,11833,100,4024374,-1
56838.470764573,4,11832,100,4032974,-1
56839.197734004,1,11834,100,4015738,1
56839.697972209,1,11835,100,4026277,-1
56840.001398554,1,11836,100,4017597,-1
56840.467718693,3,11835,100,4026277,-1
56840.87098079,1,11837,100,4014142,-1
56841.654780151,3,11837,100,4014142,-1
56842.110807006,1,11838,100,4005746,1
56842.525760345,1,11839,100,4011899,1
56842.969894607,3,11834,100,4015738,1
56843.533289324,3,11836,100,4017597,-1
56844.495118802,3,11838,100,4005746,1
56845.062197739,1,11840,100,4007426,-1
56845.443630122,1,11841,100,4001267,-1
56846.218539522,3,11840,100,4007426,-1
56846.594528588,3,11839,100,4011899,1
56847.222846801,1,11842,100,4010150,-1
56847.798374098,5,11841,100,4001267,-1
56848.529128786,1,11843,100,4006618,1
56848.961988428,1,11844,100,4007290,1
56849.43228519,1,11845,100,3999191,-1
56849.930961802,4,11843,100,4006618,1
56850.691324478,1,11846,100,3996948,-1
56851.424453103,4,11846,100,3996948,-1
56851.9480885,4,11845,100,3999191,-1
56852.480815569,3,11820,100,4047659,-1
56853.038421739,1,11847,100,4000061,1
56853.767219009,3,11844,100,4007290,1
56854.538030421,3,11842,100,4010150,-1
56854.862534423,1,11848,100,4007841,-1
56855.430531611,5,11847,100,4000061,1
56855.916544055,1,11849,100,3996594,-1
56856.439490378,1,11850,100,3995579,-1
56856.898265839,1,11851,100,3983181,1
56857.404351578,3,11848,100,4007841,-1
56858.080807424,3,11851,100,3983181,1
56858.682347226,1,11852,100,3993029,-1
56859.130130168,1,11853,100,3989092,1
56859.478971347,3,11853,100,3989092,1
56860.969975702,3,11850,100,3995579,-1
56861.355873555,3,11852,100,3993029,-1
56862.741532248,1,11854,100,4004283,-1
56863.128805067,5,11854,100,4004283,-1
56863.606835365,1,11855,100,3998522,-1
56864.314220551,3,11849,100,3996594,-1
56864.842427087,1,11856,100,4002179,-1
56865.168725382,4,11855,100,3998522,-1
56865.781978262,1,11857,100,3999264,-1
56866.242901012,3,11856,100,4002179,-1
56866.700927442,1,11858,100,3999460,1
56867.143621117,1,11859,100,4003464,-1
56868.358992416,3,11859,100,4003464,-1
56868.83085568,1,11860,100,3986045,1
56869.354623872,4,11858,100,3999460,1
56870.241406951,1,11861,100,3973920,1
56870.84789602,3,11861,100,3973920,1
56871.595134916,3,11860,100,3986045,1
56872.2265425,3,11857,100,3999264,-1
56872.564576048,1,11862,100,3982532,1
56873.267897879,4,11862,100,3982532,1
56873.708753273,1,11863,100,3978902,1
56874.39345723,1,11864,100,3983276,1
56874.791924647,1,11865,100,3989905,1
56875.151971539,5,11865,100,3989905,1
56875.890507983,3,11863,100,3978902,1
56876.436556385,4,11864,100,3983276,1
56877.189386289,1,11866,100,3979908,1
56877.749970203,3,11866,100,3979908,1
56878.24652061,1,11867,100,3978618,-1
56878.573655701,1,11868,100,3974248,1
56878.915559965,4,11868,100,3974248,1
56879.652612521,3,11867,100,3978618,-1
56880.315380858,1,11869,100,3961979,-1
56880.765781841,3,11869,100,3961979,-1
56881.45145021,1,11870,100,3968000,-1
56882.083965801,3,11870,100,3968000,-1
56882.413308322,1,11871,100,3972208,-1
56882.843686196,4,11871,100,3972208,-1
56883.199780559,1,11872,100,3978647,1
56883.665608113,3,11872,100,3978647,1
56883.950620201,1,11873,100,3971734,-1
56884.593926849,1,11874,100,3972715,-1
56885.194155115,4,11873,100,3971734,-1
56885.834615966,3,11874,100,3972715,-1
56886.234270779,1,11875,100,3976700,-1
56886.546878479,4,11875,100,3976700,-1
56886.936453109,1,11876,100,3977838,-1
56887.566430854,1,11877,100,3980829,-1
56888.340410982,3,11877,100,3980829,-1
56889.093794935,1,11878,100,3971555,1
56889.601905531,1,11879,100,3972764,1
56890.349233338,5,11876,100,3977838,-1
56890.785163699,4,11878,100,3971555,1
56891.265494024,5,11879,100,3972764,1
56891.655143906,1,11880,100,3976907,1
56892.423043443,1,11881,100,3978569,1
56892.987734624,1,11882,100,3984082,-1
56893.716467219,1,11883,100,3978615,1
56894.31250864,1,11884,100,3977091,1
56894.739583622,1,11885,100,3985396,1
56895.46883907,3,11882,100,3984082,-1
56896.361138385,3,11884,100,3977091,1
56896.663702329,1,11886,100,3979697,1
56897.00970951,1,11887,100,3975014,1
56897.958764567,1,11888,100,3982356,-1
56898.664392797,1,11889,100,3978993,1
56898.929136044,1,11890,100,3976530,1
56899.407190716,5,11880,100,3976907,1
56900.087152329,4,11890,100,3976530,1
56900.348086763,4,11885,100,3985396,1
56900.931573197,3,11886,100,3979697,1
56901.517291781,1,11891,100,3959994,-1
56902.198359459,4,11887,100,3975014,1
56902.635800323,3,11881,100,3978569,1
56903.123186812,3,11883,100,3978615,1
56903.447085309,3,11891,100,3959994,-1
56904.11192479,3,11889,100,3978993,1
56904.751797745,5,11888,100,3982356,-1
56905.450871906,1,11892,100,3961584,-1
56905.785212988,3,11892,100,3961584,-1
56906.397833897,1,11893,100,3967764,1
56906.766736438,1,11894,100,3966358,1
56907.309209472,1,11895,100,3969193,1
56907.631126061,1,11896,100,3971408,1
56908.298924734,1,11897,100,3975784,-1
56908.957265634,3,11893,100,3967764,1
56909.606621986,4,11897,100,3975784,-1
56910.222348992,1,11898,100,3972320,1
56910.906018868,1,11899,200,3973031,1
56911.525373653,1,11900,100,3980391,1
56912.084679288,1,11901,100,3986289,1
56912.77974334,5,11900,100,3980391,1
56913.520552687,1,11902,100,3989374,-1
56914.256013108,5,11895,100,3969193,1
56914.688022639,3,11899,200,3973031,1
56915.269490681,5,11901,100,3986289,1
56915.785735035,3,11896,100,3971408,1
56916.326641849,1,11903,100,3981986,-1
56916.949868384,1,11904,100,3981161,1
56918.189867742,1,11905,100,3967217,1
56918.740194926,1,11906,100,3973844,-1
56919.202917133,4,11904,100,3981161,1
56919.708621469,1,11907,100,3971577,1
56920.161882871,3,11894,100,3966358,1
56920.432084638,3,11903,100,3981986,-1
56920.799865425,1,11908,100,3969950,-1
56921.081953059,3,11908,100,3969950,-1
56921.639853295,1,11909,100,3974858,-1
56921.929718365,4,11898,100,3972320,1
56922.452610929,3,11905,100,3967217,1
56923.216952729,3,11902,100,3989374,-1
56923.558861428,1,11910,100,3973556,-1
56924.127715267,1,11911,100,3971321,-1
56924.536277803,3,11909,100,3974858,-1
56925.129710272,4,11911,100,3971321,-1
56925.621502289,1,11912,100,3966240,1
56926.210190372,1,11913,100,3966994,-1
56926.694038245,1,11914,100,3963959,1
56927.02738329,4,11910,100,3973556,-1
56927.543484592,3,11907,100,3971577,1
56928.133895182,1,11915,100,3973755,-1
56928.628284497,1,11916,100,3970180,1
56929.0403873,5,11906,100,3973844,-1
56929.688269873,1,11917,100,3967091,1
56930.202545253,1,11918,100,3962952,1
56931.185311721,3,11913,100,3966994,-1
56931.869427114,1,11919,100,3961861,-1
56932.417210345,1,11920,100,3950664,1
56932.921887185,1,11921,100,3953112,-1
56933.628822519,1,11922,100,3955700,-1
56934.250764733,3,11916,100,3970180,1
56934.72314064,1,11923,100,3947135,1
56936.031963659,4,11914,100,3963959,1
56936.323710269,3,11919,100,3961861,-1
56936.818997582,1,11924,100,3947811,-1
56937.399692502,1,11925,100,3940210,1
56937.764838582,1,11926,100,3942600,-1
56938.071699501,3,11920,100,3950664,1
56938.946796647,3,11921,100,3953112,-1
56939.363615175,1,11927,100,3954748,-1
56939.75698964,3,11927,100,3954748,-1
56940.024944442,3,11922,100,3955700,-1
56940.440179043,3,11926,100,3942600,-1
56940.701516526,1,11928,100,3948181,1
56941.241931806,3,11912,100,3966240,1
56941.886016412,1,11929,100,3950343,1
56942.291066712,1,11930,100,3949863,1
56942.809994206,1,11931,100,3946690,1
56943.485400262,3,11915,100,3973755,-1
56944.15837094,4,11918,100,3962952,1
56944.814034139,5,11928,100,3948181,1
56945.32977823,4,11924,100,3947811,-1
56945.607205915,5,11923,100,3947135,1
56945.867484107,1,11932,100,3953656,1
56947.456073248,1,11933,100,3949642,1
56947.971637961,3,11933,100,3949642,1
56948.447292557,1,11934,100,3955828,1
56949.208746852,4,11934,100,3955828,1
56949.950039204,1,11935,100,3954436,1
56950.40467551,5,11932,100,3953656,1
56950.791327468,1,11936,100,3957167,1
56951.294688025,1,11937,100,3960792,-1
56951.731731131,3,11930,100,3949863,1
56952.40223791,3,11929,100,3950343,1
56952.693242913,1,11938,100,3945746,1
56953.202112051,1,11939,100,3946441,-1
56953.836245059,5,11938,100,3945746,1
56954.334508819,1,11940,100,3941781,-1
56954.947639972,1,11941,100,3935105,1
56955.711281646,4,11931,100,3946690,1
56956.197819523,1,11942,100,3942874,1
56956.471198137,1,11943,100,3938672,1
56956.835161201,1,11944,100,3945537,1
56957.529230092,5,11936,100,3957167,1
56957.93298548,1,11945,100,3943872,-1
56958.312749614,5,11942,100,3942874,1
56958.881246774,1,11946,100,3941193,1
56959.21065521,1,11947,100,3941426,1
56959.644173528,3,11944,100,3945537,1
56960.314900092,3,11941,100,3935105,1
56960.802560856,4,11945,100,3943872,-1
56961.539757973,5,11925,100,3940210,1
56961.880733573,5,11943,100,3938672,1
56962.159731589,4,11940,100,3941781,-1
56962.537190975,3,11917,100,3967091,1
56963.07660412,4,11935,100,3954436,1
56963.693306485,4,11939,100,3946441,-1
56964.456970416,1,11948,100,3952057,1
56964.729051345,1,11949,100,3956353,1
56966.209929682,1,11950,100,3951885,1
56967.034196356,1,11951,100,3949545,-1
56967.561731571,3,11947,100,3941426,1
56968.317935394,5,11951,100,3949545,-1
56968.855513387,5,11950,100,3951885,1
56969.408557643,3,11949,100,3956353,1
56970.099989125,1,11952,100,3955635,-1
56970.378268849,5,11946,100,3941193,1
56970.880868609,1,11953,100,3956311,1
56971.972176641,4,11953,100,3956311,1
56972.673975762,3,11948,100,3952057,1
56973.244227583,1,11954,100,3962366,-1
56973.870155939,3,11937,100,3960792,-1
56974.166658349,1,11955,100,3959968,1
56974.723582668,4,11955,100,3959968,1
56975.211627819,3,11952,100,3955635,-1
56975.890872663,1,11956,100,3954038,1
56976.447221715,5,11954,100,3962366,-1
56977.121879486,3,11956,100,3954038,1
56977.643738847,1,11957,100,3935466,1
56978.410173785,5,11957,100,3935466,1
56978.863788171,1,11958,100,3946896,-1
56980.156583726,1,11959,100,3941778,1
56980.624721674,3,11959,100,3941778,1
56981.077281935,1,11960,100,3936451,1
56981.776049544,5,11960,100,3936451,1
56982.229539179,1,11961,100,3938704,-1
56982.905104065,1,11962,100,3938635,1
56983.783446477,3,11962,100,3938635,1
56984.324552194,1,11963,100,3938801,-1
56984.583497082,3,11961,100,3938704,-1
56985.143210369,4,11963,100,3938801,-1
56985.587039732,3,11958,100,3946896,-1
56986.348447489,1,11964,100,3924323,1
56987.289171891,1,11965,100,3928903,-1
56988.04242446,3,11964,100,3924323,1
56988.717276016,1,11966,100,3930795,-1
56989.059260641,1,11967,100,3937228,-1
56989.402513859,1,11968,100,3925194,1
56990.128025063,3,11968,100,3925194,1
56990.856286069,3,11967,100,3937228,-1
56991.197207183,3,11965,100,3928903,-1
56991.510619024,3,11966,100,3930795,-1
56991.893778304,1,11969,100,3917478,1
56992.159921906,1,11970,100,3907944,-1
56992.576900043,3,11970,100,3907944,-1
56993.0245994,4,11969,100,3917478,1
56993.742796807,1,11971,100,3902986,-1
56994.137687045,1,11972,100,3893432,1
56994.910441748,3,11971,100,3902986,-1
56995.288653393,1,11973,100,3896801,1
56995.574948176,1,11974,100,3901627,-1
56996.09846662,1,11975,100,3900218,-1
56996.695960059,1,11976,100,3892453,1
56997.591316193,3,11976,100,3892453,1
56997.85456609,1,11977,200,3887351,1
56998.503119531,1,11978,100,3878784,-1
56999.155807348,3,11978,100,3878784,-1
56999.530960339,1,11979,100,3879535,1
57000.114314346,1,11980,100,3876369,-1
57000.7171304,3,11977,200,3887351,1
57001.357798901,1,11981,100,3878015,-1
57001.913428128,1,11982,100,3871069,1
57002.51658165,3,11975,100,3900218,-1
57002.831541305,1,11983,100,3869913,-1
57003.448039806,4,11972,100,3893432,1
57004.153522528,3,11974,100,3901627,-1
57004.619699632,1,11984,100,3872861,1
57005.208454302,3,11981,100,3878015,-1
57005.498195729,4,11973,100,3896801,1
57005.991760011,1,11985,100,3879133,-1
57006.547885852,3,11984,100,3872861,1
57006.840856518,3,11985,100,3879133,-1
57007.371976562,1,11986,100,3887139,-1
57007.867076665,3,11986,100,3887139,-1
57008.542372408,5,11982,100,3871069,1
57008.877712778,3,11980,100,3876369,-1
57009.306170318,5,11983,100,3869913,-1
57010.005673133,1,11987,100,3887880,1
57011.616566527,3,11979,100,3879535,1
57011.905843366,5,11987,100,3887880,1
57012.415109509,1,11988,100,3882877,1
57013.101567632,1,11989,100,3880333,-1
57013.366093792,1,11990,100,3878416,1
57014.081859582,4,11989,100,3880333,-1
57014.793269752,4,11988,100,3882877,1
57015.216690889,3,11990,100,3878416,1
57015.589096607,1,11991,100,3893994,-1
57016.284169294,1,11992,100,3897200,-1
57017.316149848,1,11993,100,3894616,1
57018.008809154,4,11991,100,3893994,-1
57018.384906063,5,11992,100,3897200,-1
57018.970377462,1,11994,100,3889479,-1
57019.37272812,4,11993,100,3894616,1
57020.103131408,1,11995,100,3887673,1
57021.136533107,4,11995,100,3887673,1
57021.599672883,3,11994,100,3889479,-1
57022.335146815,1,11996,100,3883521,-1
57022.624766522,1,11997,100,3874149,-1
57023.12038328,3,11997,100,3874149,-1
57024.184230047,4,11996,100,3883521,-1
57024.786270761,1,11998,100,3874199,-1
57025.085511963,3,11998,100,3874199,-1
57025.511157762,1,11999,100,3869439,1
57025.890720681,4,11999,100,3869439,1
57026.561080662,1,12000,100,3873621,-1
57026.871402645,1,12001,100,3881596,1
57027.633267771,1,12002,100,3883921,1
57028.123460649,3,12002,100,3883921,1
57028.558664775,3,12000,100,3873621,-1
57029.997240762,1,12003,100,3884622,-1
57030.372410774,1,12004,100,3889235,-1
57031.074822741,1,12005,100,3889121,-1
57031.616519477,5,12003,100,3884622,-1
57032.037628648,3,12001,100,3881596,1
57032.342569992,3,12005,100,3889121,-1
57032.836019377,1,12006,100,3895762,1
57033.459660695,3,12006,100,3895762,1
57034.210789351,3,12004,100,3889235,-1
57034.74073182,1,12007,100,3897957,-1
57035.499289352,4,12007,100,3897957,-1
57035.90102328,1,12008,100,3901937,1
57036.943581215,4,12008,100,3901937,1
57037.380322279,1,12009,100,3904668,-1
57038.130018094,1,12010,100,3896659,-1
57038.424482485,5,12010,100,3896659,-1
57039.175395233,1,12011,100,3893741,1
57040.358589958,1,12012,100,3897984,-1
57040.980382407,5,12011,100,3893741,1
57041.762740742,1,12013,100,3887848,1
57042.182691503,4,12009,100,3904668,-1
57042.844381148,1,12014,100,3899312,1
57043.160508952,3,12012,100,3897984,-1
57043.691288475,1,12015,100,3915205,-1
57044.322694274,5,12014,100,3899312,1
57044.955652291,1,12016,100,3912931,1
57045.462779713,1,12017,100,3918343,-1
57045.7284463,3,12017,100,3918343,-1
57046.20029384,1,12018,100,3915141,1
57046.761534442,5,12015,100,3915205,-1
57047.268207777,1,12019,100,3909866,1
57048.447587124,1,12020,100,3914985,1
57048.746431824,1,12021,100,3914208,-1
57049.210640344,3,12020,100,3914985,1
57049.533648782,3,12018,100,3915141,1
57049.821542737,1,12022,100,3919916,1
57051.062039347,3,12013,100,3887848,1
57051.822206944,1,12023,100,3908914,1
57052.386584053,1,12024,100,3915723,-1
57053.14333597,1,12025,100,3909451,1
57053.472934475,3,12019,100,3909866,1
57054.215158274,5,12021,100,3914208,-1
57054.775403462,4,12016,100,3912931,1
57055.52659958,1,12026,100,3908031,1
57056.187467384,1,12027,100,3918720,1
57056.76964652,3,12026,100,3908031,1
57057.456009391,1,12028,100,3908427,-1
57057.934541094,3,12022,100,3919916,1
57058.470334429,3,12027,100,3918720,1
57058.998986113,3,12023,100,3908914,1
57059.589990651,3,12028,100,3908427,-1
57059.951719438,1,12029,100,3916967,-1
57061.132041461,4,12025,100,3909451,1
57061.410058219,4,12029,100,3916967,-1
57062.092102077,5,12024,100,3915723,-1
57062.768350805,1,12030,100,3913661,1
57063.227678733,5,12030,100,3913661,1
57063.945603833,1,12031,100,3916807,1
57064.534161667,1,12032,100,3912180,1
57065.253577583,3,12032,100,3912180,1
57065.715931226,5,12031,100,3916807,1
57066.101989021,1,12033,100,3910044,-1
57066.672436607,5,12033,100,3910044,-1
57066.990819281,1,12034,100,3906415,-1
57067.321256061,3,12034,100,3906415,-1
57067.840346372,1,12035,100,3909717,1
57068.208860453,1,12036,100,3905083,1
57068.626836091,1,12037,100,3902705,1
57069.204177437,4,12035,100,3909717,1
57069.919824535,1,12038,100,3905374,-1
57070.609175955,1,12039,100,3902743,-1
57071.112826976,3,12037,100,3902705,1
57071.839228894,5,12038,100,3905374,-1
57072.265600181,1,12040,100,3908515,1
57072.830865492,3,12036,100,3905083,1
57073.329200387,3,12039,100,3902743,-1
57074.028833953,1,12041,100,3911251,1
57074.625292663,1,12042,100,3911197,-1
57075.052275222,1,12043,100,3916213,-1
57075.819324392,5,12041,100,3911251,1
57076.155048785,5,12043,100,3916213,-1
57076.87961918,4,12040,100,3908515,1
57077.188254286,1,12044,100,3915172,-1
57077.477790694,1,12045,100,3912589,1
57078.105482331,1,12046,100,3906683,-1
57078.388286322,3,12046,100,3906683,-1
57078.857824397,1,12047,100,3900642,1
57079.28273413,3,12045,100,3912589,1
57079.798047012,4,12047,100,3900642,1
57080.05814537,1,12048,100,3901522,-1
57080.699097349,5,12042,100,3911197,-1
57081.187879982,5,12044,100,3915172,-1
57081.914975204,3,12048,100,3901522,-1
57082.312284262,1,12049,100,3894556,-1
57083.210228002,3,12049,100,3894556,-1
57083.570175867,1,12050,100,3891372,-1
57084.065561677,3,12050,100,3891372,-1
57084.547683882,1,12051,100,3894013,1
57084.85547005,4,12051,100,3894013,1
57085.232684673,1,12052,100,3897731,-1
57085.630890689,3,12052,100,3897731,-1
57085.913374379,1,12053,100,3893293,1
57086.601817233,4,12053,100,3893293,1
57087.158531579,1,12054,100,3898254,-1
57087.567470254,5,12054,100,3898254,-1
57087.832515566,1,12055,100,3889433,-1
57088.475188623,3,12055,100,3889433,-1
57089.190417221,1,12056,100,3884683,-1
57089.774042207,3,12056,100,3884683,-1
57090.379833058,1,12057,100,3889655,-1
57090.858156213,3,12057,100,3889655,-1
57091.395467233,1,12058,100,3895134,1
57092.122410597,3,12058,100,3895134,1
57092.836745656,1,12059,100,3890043,-1
57093.250957195,1,12060,100,3897072,1
57093.717043128,3,12060,100,3897072,1
57094.023974947,3,12059,100,3890043,-1
57094.318964701,1,12061,100,3895699,1
57094.711395603,1,12062,100,3888554,1
57096.151593867,1,12063,100,3896999,1
57096.772653944,4,12063,100,3896999,1
57097.968671532,1,12064,100,3894649,-1
57098.533745257,1,12065,100,3891004,-1
57098.933099259,5,12065,100,3891004,-1
57099.410290461,5,12062,100,3888554,1
57099.997120097,1,12066,100,3890294,-1
57100.59537549,3,12061,100,3895699,1
57101.110950214,1,12067,100,3888342,1
57102.137059012,3,12066,100,3890294,-1
57102.719655619,1,12068,100,3890433,1
57103.283842898,1,12069,100,3888850,1
57103.832012596,3,12067,100,3888342,1
57104.714663366,3,12068,100,3890433,1
57105.251999201,5,12069,100,3888850,1
57105.617961209,4,12064,100,3894649,-1
57106.084649835,1,12070,100,3885272,-1
57106.702874178,3,12070,100,3885272,-1
57107.218023132,1,12071,100,3890643,-1
57107.555154037,5,12071,100,3890643,-1
57108.277758233,1,12072,100,3900687,-1
57108.567526471,1,12073,100,3895686,-1
57108.955302883,1,12074,100,3893154,1
57109.435381341,4,12073,100,3895686,-1
57110.169760645,4,12072,100,3900687,-1
57110.498018735,1,12075,100,3901792,1
57110.939581427,1,12076,100,3909107,-1
57111.436009445,3,12074,100,3893154,1
57111.809436945,4,12075,100,3901792,1
57112.243461386,3,12076,100,3909107,-1
57112.802038601,1,12077,100,3894097,-1
57113.212579339,3,12077,100,3894097,-1
57113.539293327,1,12078,100,3892740,-1
57113.888122955,4,12078,100,3892740,-1
57114.374841709,1,12079,100,3893922,-1
57114.719407229,3,12079,100,3893922,-1
57115.362994524,1,12080,100,3898168,-1
57116.124592236,1,12081,100,3904036,-1
57117.51379173,3,12080,100,3898168,-1
57117.979022061,1,12082,100,3891070,1
57118.460977854,4,12081,100,3904036,-1
57119.151891113,4,12082,100,3891070,1
57119.908736699,1,12083,100,3903672,1
57120.365921394,4,12083,100,3903672,1
57120.796218998,1,12084,100,3902644,1
57121.283170974,1,12085,100,3912330,-1
57121.686912469,1,12086,100,3905462,-1
57122.056338078,1,12087,100,3899649,1
57122.779499787,5,12085,100,3912330,-1
57123.555579606,3,12084,100,3902644,1
57124.107206311,3,12086,100,3905462,-1
57124.473833469,1,12088,100,3893339,-1
57125.071783746,1,12089,100,3890797,1
57125.376010173,1,12090,100,3894356,-1
57125.767044143,1,12091,100,3893949,1
57126.162505889,3,12087,100,3899649,1
57126.489459767,1,12092,100,3895144,1
57127.01189885,5,12092,100,3895144,1
57127.36570753,1,12093,100,3885603,1
57127.775385215,1,12094,100,3882419,1
57128.062048973,1,12095,100,3885506,-1
57129.150329218,1,12096,100,3890084,-1
57129.786159747,3,12091,100,3893949,1
57130.096148767,3,12096,100,3890084,-1
57130.911386576,1,12097,100,3891293,1
57131.381021251,3,12094,100,3882419,1
57132.066406493,1,12098,100,3892072,-1
57132.716370257,1,12099,100,3885533,1
57133.659628855,1,12100,100,3893047,-1
57134.231705221,4,12089,100,3890797,1
57134.936847605,3,12093,100,3885603,1
57135.866880011,3,12090,100,3894356,-1
57136.133533348,1,12101,100,3892156,-1
57136.41654895,3,12097,100,3891293,1
57137.091372363,1,12102,100,3883728,-1
57137.366165419,4,12099,100,3885533,1
57137.971359529,4,12098,100,3892072,-1
57138.729881479,1,12103,100,3882061,-1
57139.336721327,4,12103,100,3882061,-1
57139.662576041,3,12102,100,3883728,-1
57140.228081245,3,12100,100,3893047,-1
57140.559360035,1,12104,100,3874578,-1
57140.838552745,1,12105,100,3873129,-1
57141.311850893,1,12106,100,3874347,-1
57141.73156329,1,12107,100,3874469,-1
57142.346390846,1,12108,100,3868760,1
57142.832009662,1,12109,100,3866868,-1
57143.15023516,4,12108,100,3868760,1
57144.184848124,3,12088,100,3893339,-1
57144.799757273,3,12109,100,3866868,-1
57145.187208038,4,12095,100,3885506,-1
57145.57841856,3,12106,100,3874347,-1
57145.848780523,3,12105,100,3873129,-1
57146.124128901,3,12104,100,3874578,-1
57146.714205765,1,12110,100,3860625,-1
57147.427371805,1,12111,100,3861291,-1
57148.157848434,1,12112,100,3862921,-1
57148.880097435,1,12113,100,3859248,-1
57149.560835005,3,12111,100,3861291,-1
57149.997352951,1,12114,100,3861019,-1
57150.33859324,3,12110,100,3860625,-1
57150.881635582,4,12113,100,3859248,-1
57151.584011199,4,12114,100,3861019,-1
57151.966236453,1,12115,100,3863206,-1
57152.310581561,3,12101,100,3892156,-1
57152.971945662,3,12115,100,3863206,-1
57153.584254248,1,12116,100,3861925,1
57154.121918568,1,12117,100,3861682,-1
57154.601996137,1,12118,100,3862282,-1
57155.148209844,3,12118,100,3862282,-1
57155.907315041,1,12119,100,3862349,-1
57156.77004414,1,12120,100,3853225,-1
57157.300058291,1,12121,100,3855925,-1
57157.777799174,4,12120,100,3853225,-1
57158.037256588,3,12119,100,3862349,-1
57158.697081224,3,12121,100,3855925,-1
57159.334606178,1,12122,100,3862948,-1
57159.908204693,1,12123,100,3859271,-1
57160.336867071,3,12112,100,3862921,-1
57160.850782062,5,12122,100,3862948,-1
57161.31431106,3,12116,100,3861925,1
57162.038826608,3,12123,100,3859271,-1
57162.60153648,1,12124,100,3857881,1
57162.891634531,3,12124,100,3857881,1
57163.334973032,1,12125,100,3857465,-1
57163.85600634,3,12117,100,3861682,-1
57164.151789701,1,12126,100,3848193,1
57164.743313806,4,12126,100,3848193,1
57165.252298129,1,12127,100,3845718,1
57165.777920086,3,12127,100,3845718,1
57166.175676546,1,12128,100,3852646,1
57166.56811842,3,12107,100,3874469,-1
57167.25456902,1,12129,100,3849881,1
57167.943574501,1,12130,100,3853016,-1
57168.401695975,1,12131,100,3853095,-1
57169.103061005,1,12132,100,3851049,1
57170.182473246,1,12133,100,3852555,-1
57171.197326537,1,12134,100,3847441,-1
57171.799315538,4,12129,100,3849881,1
57172.211166435,3,12132,100,3851049,1
57172.816835652,1,12135,100,3847609,1
57173.162687599,3,12133,100,3852555,-1
57174.384094863,1,12136,100,3852316,1
57174.684417886,1,12137,100,3855031,-1
57175.377459847,4,12131,100,3853095,-1
57175.726752876,1,12138,100,3853586,1
57176.418426393,5,12128,100,3852646,1
57177.137641138,1,12139,100,3852995,1
57178.153233003,1,12140,100,3852681,1
57178.851353051,3,12139,100,3852995,1
57179.432395692,3,12138,100,3853586,1
57179.766615755,1,12141,100,3860525,-1
57180.097141592,4,12136,100,3852316,1
57181.519420056,1,12142,100,3855176,-1
57182.010413336,1,12143,100,3855255,-1
57182.369606552,3,12125,100,3857465,-1
57182.756636794,3,12142,100,3855176,-1
57183.028464067,3,12130,100,3853016,-1
57183.648704637,1,12144,100,3852913,1
57183.964276505,3,12140,100,3852681,1
57184.662116975,1,12145,100,3846548,-1
57185.010628357,3,12135,100,3847609,1
57185.622204456,1,12146,100,3849145,1
57186.048419613,3,12146,100,3849145,1
57186.621925012,3,12137,100,3855031,-1
57187.000034169,3,12143,100,3855255,-1
57187.873332571,1,12147,100,3849474,-1
57188.319625239,1,12148,100,3847079,-1
57188.74185042,1,12149,100,3846908,1
57189.669488478,3,12148,100,3847079,-1
57190.252261726,1,12150,100,3848956,1
57191.513732132,1,12151,100,3844974,1
57192.249390397,1,12152,100,3840594,-1
57192.621783416,3,12149,100,3846908,1
57193.314676886,3,12152,100,3840594,-1
57193.72563582,3,12144,100,3852913,1
57194.477134555,1,12153,100,3837064,1
57195.549485803,3,12145,100,3846548,-1
57195.919577945,4,12150,100,3848956,1
57196.667900725,3,12151,100,3844974,1
57196.938469591,1,12154,100,3842205,-1
57197.427835297,3,12134,100,3847441,-1
57197.720261672,4,12147,100,3849474,-1
57198.206055773,5,12153,100,3837064,1
57198.901487041,4,12154,100,3842205,-1
57199.32404073,1,12155,100,3852768,-1
57199.601918825,3,12141,100,3860525,-1
57200.14879625,3,12155,100,3852768,-1
57200.450733966,1,12156,100,3855347,1
57201.191350351,5,12156,100,3855347,1
57201.708686258,1,12157,100,3866961,1
57202.000517198,4,12157,100,3866961,1
57202.573684414,1,12158,100,3871199,1
57203.163538666,1,12159,100,3879687,-1
57203.887233433,1,12160,100,3877655,-1
57204.358706208,3,12158,100,3871199,1
57205.091772442,1,12161,100,3864319,-1
57205.793988025,5,12161,100,3864319,-1
57206.483271188,1,12162,100,3855439,-1
57207.116534294,5,12162,100,3855439,-1
57207.525450153,3,12160,100,3877655,-1
57207.780395822,5,12159,100,3879687,-1
57208.089841608,1,12163,100,3858303,-1
57208.801058263,4,12163,100,3858303,-1
57209.290586683,1,12164,100,3855905,1
57209.732404418,4,12164,100,3855905,1
57210.23659755,1,12165,100,3861803,1
57210.77300065,1,12166,100,3861921,1
57211.450156725,3,12166,100,3861921,1
57212.14998964,1,12167,100,3878214,1
57212.496521516,1,12168,100,3877421,1
57213.130810565,3,12167,100,3878214,1
57213.707440439,1,12169,100,3880121,-1
57214.078512709,3,12169,100,3880121,-1
57214.728316034,1,12170,100,3875026,1
57215.195662791,1,12171,100,3869653,1
57215.51939189,3,12168,100,3877421,1
57216.013496748,3,12165,100,3861803,1
57216.40557811,3,12171,100,3869653,1
57216.733820032,1,12172,100,3883834,-1
57217.482839968,1,12173,100,3873697,1
57217.892692064,5,12170,100,3875026,1
57218.453406281,5,12172,100,3883834,-1
57219.141083755,1,12174,100,3867293,-1
57219.51212741,3,12174,100,3867293,-1
57219.858802404,3,12173,100,3873697,1
57220.547039392,1,12175,100,3854539,1
57221.021300423,1,12176,100,3852455,1
57221.506063166,5,12176,100,3852455,1
57221.929426498,3,12175,100,3854539,1
57222.339093753,1,12177,100,3852647,1
57222.803520949,1,12178,100,3849581,1
57223.415534535,3,12177,100,3852647,1
57223.837373044,1,12179,100,3856360,1
57224.662812891,3,12179,100,3856360,1
57225.082412593,3,12178,100,3849581,1
57225.769526673,1,12180,100,3852630,1
57226.426778959,1,12181,100,3858862,-1
57226.847635234,1,12182,100,3853529,1
57227.298691219,1,12183,100,3854636,-1
57227.783822581,1,12184,100,3857552,1
57228.347347529,1,12185,100,3860372,-1
57228.828075425,4,12183,100,3854636,-1
57230.161374638,1,12186,100,3859141,1
57230.848070103,4,12181,100,3858862,-1
57231.350131763,3,12180,100,3852630,1
57231.609978341,1,12187,100,3863889,-1
57232.10076655,4,12186,100,3859141,1
57233.256563274,5,12185,100,3860372,-1
57233.694257235,1,12188,100,3861326,1
57234.121502031,1,12189,100,3871242,-1
57234.443099861,1,12190,100,3865188,1
57234.802954987,1,12191,100,3868583,1
57235.445926038,1,12192,100,3870603,1
57236.040972805,1,12193,100,3866993,-1
57236.567290105,1,12194,100,3863124,1
57236.94287642,5,12191,100,3868583,1
57237.668645494,1,12195,100,3862600,-1
57238.23214826,1,12196,100,3872656,-1
57238.741482598,4,12190,100,3865188,1
57239.001551359,4,12187,100,3863889,-1
57239.475072851,4,12195,100,3862600,-1
57239.787361558,1,12197,100,3866323,1
57240.530539737,1,12198,100,3867751,1
57241.006754551,1,12199,100,3877201,1
57241.362436757,3,12196,100,3872656,-1
57241.728904424,5,12194,100,3863124,1
57242.47400356,4,12189,100,3871242,-1
57242.800910769,3,12197,100,3866323,1
57243.75889335,1,12200,100,3869866,1
57244.294614696,1,12201,100,3875035,1
57244.643517056,1,12202,100,3881498,1
57245.152809948,4,12193,100,3866993,-1
57245.888806739,1,12203,100,3875161,1
57247.08627441,1,12204,100,3878273,1
57247.649897298,1,12205,100,3878897,-1
57248.064708859,1,12206,100,3868198,1
57248.51332011,4,12201,100,3875035,1
57249.202324148,1,12207,100,3867282,-1
57249.710874212,3,12206,100,3868198,1
57250.224589245,1,12208,100,3864922,-1
57250.489344574,5,12207,100,3867282,-1
57250.886772138,5,12205,100,3878897,-1
57251.425512626,5,12184,100,3857552,1
57252.124816543,3,12182,100,3853529,1
57252.584673591,1,12209,100,3864882,-1
57253.077516021,4,12203,100,3875161,1
57253.368199338,1,12210,100,3858946,-1
57254.098645618,3,12192,100,3870603,1
57254.375934308,5,12199,100,3877201,1
57254.750634008,1,12211,100,3867518,-1
57255.309202411,1,12212,100,3871585,-1
57256.350895436,1,12213,100,3879985,-1
57256.958438032,3,12208,100,3864922,-1
57257.335585806,3,12202,100,3881498,1
57257.699839556,1,12214,100,3874633,1
57258.910586873,5,12209,100,3864882,-1
57259.288961597,1,12215,100,3888871,1
57259.791489506,1,12216,100,3891032,-1
57260.222786791,1,12217,100,3879814,1
57260.966710284,3,12212,100,3871585,-1
57261.501609059,1,12218,100,3874221,1
57262.072034066,5,12204,100,3878273,1
57262.358126127,1,12219,100,3879500,-1
57262.949549888,3,12214,100,3874633,1
57263.534775753,4,12217,100,3879814,1
57264.203467221,4,12198,100,3867751,1
57264.488151729,1,12220,100,3878708,1
57265.203009122,3,12219,100,3879500,-1
57265.53344785,1,12221,100,3870112,1
57266.065862349,3,12188,100,3861326,1
57266.78398738,1,12222,100,3869485,1
57267.18046061,4,12222,100,3869485,1
57267.804639122,3,12210,100,3858946,-1
57268.28199392,3,12218,100,3874221,1
57268.956726374,4,12200,100,3869866,1
57269.548721342,1,12223,100,3865324,1
57270.398798485,5,12220,100,3878708,1
57270.706292444,4,12221,100,3870112,1
57271.285438124,3,12223,100,3865324,1
57271.595043065,4,12215,100,3888871,1
57272.442172353,3,12211,100,3867518,-1
57272.899570279,5,12216,100,3891032,-1
57274.632590639,3,12213,100,3879985,-1
57275.36600108,1,12224,100,3862062,1
57276.100735138,1,12225,100,3865985,-1
57276.631258267,4,12224,100,3862062,1
57277.095093682,1,12226,100,3859517,-1
57277.355077549,1,12227,100,3864358,-1
57277.936818053,1,12228,100,3861442,1
57278.853677405,3,12225,100,3865985,-1
57279.80362491,1,12229,100,3866797,-1
57280.371465821,1,12230,100,3866302,-1
57280.846606475,1,12231,100,3862969,1
57281.112658439,4,12231,100,3862969,1
57281.460874313,4,12227,100,3864358,-1
57282.411760289,1,12232,100,3865878,1
57282.93666885,4,12226,100,3859517,-1
57283.569221545,1,12233,100,3869596,1
57283.882786959,4,12230,100,3866302,-1
57284.490540854,1,12234,100,3874198,1
57284.93071992,1,12235,100,3874222,1
57285.310538185,3,12233,100,3869596,1
57285.833722697,1,12236,100,3881243,-1
57286.217528273,3,12236,100,3881243,-1
57286.770946138,1,12237,100,3872671,1
57287.03343481,1,12238,100,3875277,1
57287.617341647,5,12234,100,3874198,1
57288.504490716,3,12237,100,3872671,1
57288.775977786,3,12232,100,3865878,1
57289.642391194,3,12235,100,3874222,1
57290.040763138,1,12239,100,3857649,-1
57290.41564351,3,12238,100,3875277,1
57291.030952929,1,12240,100,3864575,-1
57291.693268569,4,12239,100,3857649,-1
57292.30797149,5,12240,100,3864575,-1
57292.932415669,1,12241,100,3867192,1
57293.456834531,3,12229,100,3866797,-1
57293.856813788,1,12242,100,3864087,-1
57294.254801777,1,12243,100,3856873,1
57294.947311625,5,12228,100,3861442,1
57295.454714312,1,12244,100,3860765,1
57295.921049134,1,12245,100,3866024,1
57296.248274399,1,12246,100,3862237,1
57296.5236035,3,12245,100,3866024,1
57296.824082113,3,12246,100,3862237,1
57297.166242238,4,12242,100,3864087,-1
57297.85041969,1,12247,100,3866241,1
57298.502967083,3,12244,100,3860765,1
57298.82097621,3,12241,100,3867192,1
57299.335385066,1,12248,100,3874468,-1
57299.961296991,1,12249,100,3868250,-1
57300.623412837,1,12250,100,3871122,-1
57301.140236041,1,12251,100,3879522,1
57301.68534743,4,12249,100,3868250,-1
57302.138232938,4,12250,100,3871122,-1
57302.864890115,1,12252,100,3872394,-1
57304.081861306,1,12253,100,3879399,1
57304.60980894,1,12254,100,3873539,1
57304.892900124,5,12252,100,3872394,-1
57306.188983112,1,12255,100,3876124,1
57306.766830157,5,12255,100,3876124,1
57307.268561685,3,12243,100,3856873,1
57307.867139749,1,12256,100,3880158,1
57308.413780814,1,12257,100,3892519,1
57309.141505366,1,12258,100,3892150,1
57309.457830093,1,12259,100,3898832,-1
57310.156439443,4,12248,100,3874468,-1
57310.733867166,1,12260,100,3894087,1
57311.150082245,5,12260,100,3894087,1
57311.743960171,3,12258,100,3892150,1
57312.373367635,1,12261,100,3901156,-1
57312.81327441,1,12262,100,3899294,-1
57313.242334976,3,12261,100,3901156,-1
57313.502623318,3,12251,100,3879522,1
57313.813122909,1,12263,100,3882740,1
57314.171538563,3,12257,100,3892519,1
57314.878659454,3,12262,100,3899294,-1
57315.196134492,3,12256,100,3880158,1
57315.818545061,3,12254,100,3873539,1
57316.438063127,3,12247,100,3866241,1
57318.458428999,4,12263,100,3882740,1
57318.933575668,3,12259,100,3898832,-1
57319.313770797,1,12264,100,3879387,-1
57319.740273427,4,12253,100,3879399,1
57320.029624607,4,12264,100,3879387,-1
57320.299972755,1,12265,100,3878664,-1
57320.844775582,4,12265,100,3878664,-1
57321.500895553,1,12266,100,3876173,-1
57322.16838302,1,12267,100,3871242,1
57322.48300927,4,12267,100,3871242,1
57323.137584145,4,12266,100,3876173,-1
57323.586076229,1,12268,100,3877181,-1
57324.231677619,1,12269,100,3880543,-1
57324.74980563,5,12269,100,3880543,-1
57325.461746437,4,12268,100,3877181,-1
57325.810310042,1,12270,100,3888480,-1
57326.092702066,1,12271,100,3887935,1
57326.73525917,1,12272,100,3887804,1
57327.37230263,4,12271,100,3887935,1
57327.627048654,5,12270,100,3888480,-1
57328.093226922,4,12272,100,3887804,1
57328.527460388,1,12273,100,3886472,1
57328.983609431,1,12274,100,3891103,-1
57329.549590243,3,12273,100,3886472,1
57330.048545113,1,12275,100,3885977,-1
57330.403397039,1,12276,100,3887398,1
57330.819673045,1,12277,100,3886695,-1
57331.370378187,1,12278,100,3882903,1
57332.808053796,3,12276,100,3887398,1
57333.22108656,1,12279,100,3885700,1
57333.883078455,3,12277,100,3886695,-1
57334.592975028,1,12280,100,3896570,-1
57335.219350634,1,12281,100,3895099,-1
57335.884301442,1,12282,100,3903573,-1
57336.56472106,4,12282,100,3903573,-1
57336.943681744,3,12280,100,3896570,-1
57337.305871546,3,12279,100,3885700,1
57338.052121202,4,12274,100,3891103,-1
57338.704807003,1,12283,100,3898225,-1
57339.328900624,3,12275,100,3885977,-1
57339.950866855,1,12284,100,3894847,1
57340.604462528,1,12285,100,3892657,1
57341.204911249,1,12286,100,3899875,-1
57341.833022923,3,12278,100,3882903,1
57342.230416088,1,12287,100,3900985,-1
57342.71484463,1,12288,100,3901433,1
57343.122107465,1,12289,100,3914045,-1
57343.81328955,4,12286,100,3899875,-1
57344.063925229,1,12290,100,3908231,1
57344.38030467,3,12289,100,3914045,-1
57345.045594739,3,12283,100,3898225,-1
57345.509291915,1,12291,100,3910876,-1
57346.005102147,3,12287,100,3900985,-1
57347.405595215,1,12292,100,3903394,1
57348.045589381,3,12281,100,3895099,-1
57348.731335748,1,12293,100,3902977,1
57349.166359343,1,12294,100,3903869,-1
57349.606771245,1,12295,100,3915468,-1
57350.191924286,1,12296,100,3915947,-1
57350.455227015,3,12288,100,3901433,1
57350.755264479,1,12297,100,3906184,1
57351.449935945,1,12298,100,3906198,-1
57351.715961878,5,12293,100,3902977,1
57352.450217709,3,12298,100,3906198,-1
57353.130091101,1,12299,100,3900432,-1
57353.453507247,1,12300,100,3894267,1
57354.159543051,1,12301,100,3902611,1
57354.492232001,3,12300,100,3894267,1
57355.163452403,4,12301,100,3902611,1
57355.782929809,3,12285,100,3892657,1
57356.16810789,4,12297,100,3906184,1
57356.619533697,1,12302,100,3891217,-1
57357.289412906,1,12303,100,3887621,1
57357.694564614,1,12304,100,3888349,1
57358.23577784,1,12305,100,3891632,-1
57358.901304785,1,12306,100,3882970,1
57359.350347483,4,12292,100,3903394,1
57360.08027963,4,12284,100,3894847,1
57360.599800434,3,12296,100,3915947,-1
57361.173713516,1,12307,100,3887903,-1
57361.631937533,1,12308,100,3889709,-1
57361.986972143,4,12307,100,3887903,-1
57362.517611376,1,12309,100,3889800,1
57362.870688967,4,12305,100,3891632,-1
57363.261420321,1,12310,100,3892579,-1
57364.733752227,5,12294,100,3903869,-1
57365.265911827,5,12304,100,3888349,1
57365.937923139,3,12302,100,3891217,-1
57366.201834332,1,12311,100,3885284,1
57366.456625773,3,12291,100,3910876,-1
57367.912761779,1,12312,100,3881235,-1
57368.227332273,1,12313,100,3875522,-1
57368.705985195,1,12314,100,3861865,-1
57369.427876275,1,12315,100,3864271,-1
57369.925461724,3,12299,100,3900432,-1
57370.474195915,4,12311,100,3885284,1
57371.397057112,3,12315,100,3864271,-1
57371.967701716,4,12306,100,3882970,1
57372.219880015,1,12316,100,3858779,1
57372.774405523,1,12317,100,3863304,1
57373.357555176,1,12318,100,3876058,-1
57374.079241468,4,12290,100,3908231,1
57374.38921534,3,12308,100,3889709,-1
57375.106341852,1,12319,100,3862568,1
57375.609000839,5,12310,100,3892579,-1
57376.215506857,4,12313,100,3875522,-1
57376.479931288,1,12320,100,3878151,1
57377.364167652,1,12321,100,3879709,1
57377.849148702,1,12322,100,3878756,1
57378.725339764,3,12322,100,3878756,1
57379.680508999,4,12318,100,3876058,-1
57379.94433531,3,12319,100,3862568,1
57380.579436196,1,12323,100,3869993,1
57380.869895361,3,12321,100,3879709,1
57381.706268451,3,12295,100,3915468,-1
57382.19681556,1,12324,100,3867620,1
57382.51815463,3,12320,100,3878151,1
57383.395257709,3,12323,100,3869993,1
57383.891726043,4,12314,100,3861865,-1
57384.621331365,3,12324,100,3867620,1
57385.208107558,1,12325,100,3879745,1
57385.559011574,1,12326,100,3877850,1
57386.03599515,1,12327,100,3882967,1
57387.317726772,1,12328,100,3872048,1
57387.577518453,4,12327,100,3882967,1
57388.033381373,1,12329,100,3870710,1
57388.693556175,4,12325,100,3879745,1
57389.193413646,1,12330,100,3873197,1
57389.777817108,3,12309,100,3889800,1
57390.432883082,3,12317,100,3863304,1
57391.096295095,1,12331,100,3879076,1
57391.380216831,3,12312,100,3881235,-1
57391.669561488,3,12303,100,3887621,1
57392.685021648,1,12332,100,3880991,-1
57393.312285055,3,12330,100,3873197,1
57393.571290156,1,12333,100,3889120,-1
57394.138338981,1,12334,100,3888832,-1
57394.637322806,1,12335,100,3887690,1
57395.205065345,1,12336,100,3890780,1
57395.741575818,3,12332,100,3880991,-1
57396.305878318,3,12334,100,3888832,-1
57396.974566798,1,12337,100,3899725,1
57397.686739896,1,12338,100,3909455,1
57397.952682305,1,12339,100,3916267,-1
57398.239630909,3,12333,100,3889120,-1
57398.678871404,3,12336,100,3890780,1
57399.12078834,3,12339,100,3916267,-1
57399.825015867,1,12340,100,3918579,-1
57400.118540538,1,12341,100,3916738,-1
57400.535792245,4,12341,100,3916738,-1
57400.942075303,4,12340,100,3918579,-1
57401.592173574,3,12331,100,3879076,1
57402.004351136,3,12328,100,3872048,1
57402.555518821,5,12329,100,3870710,1
57402.86553438,4,12335,100,3887690,1
57403.31769154,5,12337,100,3899725,1
57403.734402584,1,12342,100,3915149,1
57404.331029167,5,12326,100,3877850,1
57405.155783292,4,12342,100,3915149,1
57405.855369853,5,12338,100,3909455,1
57406.361316184,3,12316,100,3858779,1
57406.863822632,1,12343,100,3915439,-1
57407.333917593,1,12344,100,3916755,1
57408.040127215,3,12343,100,3915439,-1
57408.564192325,1,12345,100,3903021,1
57408.94225463,1,12346,100,3910004,1
57409.4210755,4,12346,100,3910004,1
57410.11800392,1,12347,100,3916125,-1
57410.625312657,3,12347,100,3916125,-1
57411.018721047,1,12348,100,3917788,1
57411.573216479,4,12348,100,3917788,1
57412.168433784,1,12349,100,3923542,1
57412.491942744,3,12344,100,3916755,1
57412.986232214,3,12349,100,3923542,1
57413.38175618,1,12350,100,3935178,-1
57413.944293035,1,12351,100,3922913,1
57414.610395444,1,12352,100,3928820,-1
57414.915359563,3,12350,100,3935178,-1
57415.20750347,1,12353,100,3925830,-1
57416.300996077,3,12345,100,3903021,1
57416.779520796,1,12354,100,3928959,-1
57417.417057275,1,12355,100,3927236,1
57417.974282869,1,12356,100,3929462,-1
57418.573079657,1,12357,100,3923924,1
57419.083288246,1,12358,100,3922571,1
57419.553699813,3,12354,100,3928959,-1
57420.141873429,1,12359,100,3930143,-1
57420.839870313,1,12360,100,3929691,1
57421.376856506,3,12351,100,3922913,1
57422.079303581,1,12361,100,3930989,1
57422.48829997,1,12362,100,3930211,1
57423.086628819,3,12361,100,3930989,1
57423.361313683,1,12363,100,3931245,1
57423.947138106,3,12353,100,3925830,-1
57424.288155598,5,12357,100,3923924,1
57424.625585134,5,12360,100,3929691,1
57424.988945376,1,12364,100,3940355,-1
57426.963429521,3,12363,100,3931245,1
57428.088879811,1,12365,100,3945953,-1
57428.81388149,1,12366,100,3945399,1
57429.463547892,3,12355,100,3927236,1
57430.124110352,3,12362,100,3930211,1
57430.740130099,5,12356,100,3929462,-1
57431.102202172,4,12359,100,3930143,-1
57432.159113285,3,12366,100,3945399,1
57432.574786711,3,12364,100,3940355,-1
57433.196227183,1,12367,100,3976515,-1
57433.562882281,1,12368,100,3978974,-1
57434.698626417,1,12369,100,3970363,1
57435.323772924,1,12370,100,3976078,1
57435.722718711,4,12365,100,3945953,-1
57436.19615695,3,12369,100,3970363,1
57436.852127701,3,12367,100,3976515,-1
57437.357226945,1,12371,100,3975537,-1
57437.62044607,1,12372,100,3970595,1
57438.339392986,1,12373,100,3960411,1
57438.830058405,4,12352,100,3928820,-1
57439.416320758,1,12374,100,3952066,-1
57439.723140063,1,12375,100,3959401,1
57440.191301773,1,12376,100,3955517,-1
57440.53094045,1,12377,100,3954562,-1
57441.012885577,3,12375,100,3959401,1
57441.630626868,3,12372,100,3970595,1
57442.118327564,1,12378,100,3944853,1
57442.593268074,1,12379,100,3946603,1
57443.311721988,3,12377,100,3954562,-1
57443.722884642,3,12370,100,3976078,1
57444.026731431,4,12373,100,3960411,1
57444.364980801,4,12376,100,3955517,-1
57444.852621444,1,12380,100,3957831,1
57445.386121142,1,12381,100,3957282,1
57445.79180388,4,12374,100,3952066,-1
57446.593137062,1,12382,100,3957547,-1
57447.006395839,5,12378,100,3944853,1
57447.478594797,3,12379,100,3946603,1
57447.758824402,3,12382,100,3957547,-1
57448.034049598,1,12383,100,3964859,-1
57448.668947507,1,12384,100,3969607,-1
57449.198962245,1,12385,100,3969582,1
57449.48419045,1,12386,100,3970421,-1
57450.100528719,1,12387,100,3974624,-1
57450.456572393,3,12358,100,3922571,1
57451.009817836,1,12388,100,3970815,1
57451.467384701,1,12389,100,3968508,-1
57452.201106879,1,12390,100,3956404,1
57452.843188993,1,12391,100,3961213,-1
57453.566561825,1,12392,100,3957056,1
57453.840136879,4,12388,100,3970815,1
57454.435405174,4,12385,100,3969582,1
57455.110076938,1,12393,100,3968449,-1
57455.898109277,1,12394,100,3969920,-1
57456.443291069,1,12395,100,3965340,-1
57456.870168726,5,12380,100,3957831,1
57457.323693418,3,12381,100,3957282,1
57458.033936993,1,12396,100,3969640,-1
57458.68125508,1,12397,100,3957909,1
57459.717339817,4,12393,100,3968449,-1
57460.390020826,3,12395,100,3965340,-1
57460.642320839,1,12398,100,3980463,1
57461.032262538,1,12399,100,3980508,1
57461.649830215,1,12400,100,3980512,-1
57462.035226419,1,12401,100,3980623,1
57462.590966663,3,12386,100,3970421,-1
57462.963560389,4,12387,100,3974624,-1
57463.583898068,1,12402,100,3979926,1
57464.12986914,5,12402,100,3979926,1
57464.52471958,3,12368,100,3978974,-1
57465.166344006,1,12403,100,3973614,-1
57465.523681911,5,12392,100,3957056,1
57466.168009377,3,12394,100,3969920,-1
57466.713242879,3,12396,100,3969640,-1
57467.442792234,4,12383,100,3964859,-1
57468.171986521,1,12404,100,3975779,1
57468.9026198,4,12399,100,3980508,1
57469.161451005,1,12405,100,3984464,1
57469.735708007,3,12403,100,3973614,-1
57470.370928259,4,12391,100,3961213,-1
57471.60844062,3,12384,100,3969607,-1
57472.447837151,1,12406,100,3997325,-1
57472.868366113,3,12397,100,3957909,1
57473.294059455,4,12400,100,3980512,-1
57473.735235538,5,12401,100,3980623,1
57474.461577407,1,12407,100,3992524,-1
57475.14645739,3,12406,100,3997325,-1
57475.877338009,3,12390,100,3956404,1
57476.194608428,1,12408,100,3980132,1
57476.800231325,1,12409,100,3980577,-1
57477.417487647,5,12389,100,3968508,-1
57477.775177815,3,12405,100,3984464,1
57478.356045762,5,12398,100,3980463,1
57479.00446289,5,12409,100,3980577,-1
57479.502048471,4,12404,100,3975779,1
57480.20600817,3,12371,100,3975537,-1
57480.595845779,3,12407,100,3992524,-1
57480.906570777,4,12408,100,3980132,1
57481.238561519,1,12410,100,3963304,-1
57481.966769248,3,12410,100,3963304,-1
57482.661646012,1,12411,100,3955130,-1
57483.028230513,1,12412,100,3960465,-1
57483.608877062,3,12412,100,3960465,-1
57484.285924022,3,12411,100,3955130,-1
57484.748093701,1,12413,100,3959390,1
57485.445837926,1,12414,100,3953529,-1
57485.95526597,3,12413,100,3959390,1
57487.205085705,3,12414,100,3953529,-1
57487.565991859,1,12415,100,3942857,1
57487.953747456,3,12415,100,3942857,1
57488.287848298,1,12416,100,3944314,1
57488.828141764,1,12417,100,3948447,-1
57489.4396873,3,12417,100,3948447,-1
57489.733140497,3,12416,100,3944314,1
57490.161087551,1,12418,100,3940542,1
57490.774777068,1,12419,100,3943518,-1
57491.384375272,1,12420,100,3934556,-1
57491.870105101,3,12419,100,3943518,-1
57492.272134318,1,12421,100,3933444,-1
57492.902911761,4,12418,100,3940542,1
57493.349290706,1,12422,100,3936633,-1
57494.00248416,3,12421,100,3933444,-1
57494.390297979,1,12423,100,3934601,-1
57494.725276781,1,12424,100,3931060,-1
57495.172158449,4,12422,100,3936633,-1
57495.811309469,4,12423,100,3934601,-1
57496.296660295,1,12425,100,3921360,1
57496.780165258,3,12420,100,3934556,-1
57497.452086781,3,12425,100,3921360,1
57497.774668643,3,12424,100,3931060,-1
57498.039336793,1,12426,100,3922103,1
57498.347078903,1,12427,100,3922251,-1
57498.891118784,1,12428,100,3917261,-1
57499.614602704,5,12427,100,3922251,-1
57499.963825115,3,12426,100,3922103,1
57500.358973589,3,12428,100,3917261,-1
57500.637423863,1,12429,100,3901378,-1
57501.29273382,3,12429,100,3901378,-1
57501.877769501,1,12430,100,3902977,1
57502.196530401,1,12431,100,3909168,1
57502.865525619,3,12431,100,3909168,1
57503.253335853,3,12430,100,3902977,1
57503.506647579,1,12432,100,3915328,-1
57503.942233798,1,12433,100,3905094,-1
57504.361078847,1,12434,100,3899859,-1
57504.676853231,3,12434,100,3899859,-1
57505.544552362,1,12435,100,3900472,1
57506.508399377,3,12435,100,3900472,1
57506.779170749,1,12436,100,3898576,-1
57507.07215679,4,12436,100,3898576,-1
57507.386005372,1,12437,100,3908757,1
57507.895044179,1,12438,100,3907436,1
57508.430150431,3,12433,100,3905094,-1
57509.113237858,1,12439,100,3910764,1
57509.537416657,3,12437,100,3908757,1
57509.805597846,1,12440,100,3901115,1
57510.298074049,3,12439,100,3910764,1
57510.780569511,3,12440,100,3901115,1
57511.181728166,1,12441,100,3905268,-1
57511.73378075,1,12442,100,3903404,-1
57512.407043347,1,12443,100,3905464,1
57512.954326892,3,12442,100,3903404,-1
57513.471102542,3,12438,100,3907436,1
57514.036142804,4,12443,100,3905464,1
57514.516504048,1,12444,100,3899682,-1
57515.246827545,1,12445,100,3899159,1
57515.62153361,5,12441,100,3905268,-1
57515.99818165,1,12446,100,3906941,-1
57516.299945996,1,12447,100,3902712,1
57516.633122542,3,12446,100,3906941,-1
57517.336456944,4,12444,100,3899682,-1
57517.794887958,1,12448,100,3913619,-1
57518.093988472,5,12432,100,3915328,-1
57518.591179641,1,12449,100,3904448,1
57519.149441108,1,12450,100,3912284,-1
57519.627419267,4,12450,100,3912284,-1
57520.065143316,3,12445,100,3899159,1
57521.174641263,1,12451,100,3919996,1
57521.65364362,1,12452,100,3925075,1
57523.096690517,4,12448,100,3913619,-1
57523.54039466,3,12449,100,3904448,1
57524.259926512,1,12453,100,3925428,-1
57524.563809573,4,12452,100,3925075,1
57525.968475497,1,12454,100,3929480,-1
57526.352006228,1,12455,100,3928495,1
57526.867187454,3,12447,100,3902712,1
57527.423284246,3,12451,100,3919996,1
57528.648672757,1,12456,100,3921894,-1
57529.271887128,1,12457,100,3919514,1
57529.973211327,1,12458,100,3919181,1
57530.643210517,3,12456,100,3921894,-1
57531.187302551,1,12459,100,3913451,1
57531.617276596,1,12460,100,3923557,-1
57532.201242991,3,12460,100,3923557,-1
57532.898210845,1,12461,100,3919487,1
57533.350486893,3,12461,100,3919487,1
57533.725584967,4,12455,100,3928495,1
57534.123660412,3,12454,100,3929480,-1
57534.803238697,3,12457,100,3919514,1
57536.448828399,5,12459,100,3913451,1
57536.739327154,5,12458,100,3919181,1
57537.150562294,3,12453,100,3925428,-1
57537.623268518,1,12462,100,3927754,1
57538.059565688,1,12463,100,3926560,1
57538.679943691,1,12464,100,3936260,-1
57539.168014567,4,12464,100,3936260,-1
57540.102026957,3,12462,100,3927754,1
57540.510433622,1,12465,100,3938360,1
57541.110284102,3,12463,100,3926560,1
57541.416894828,3,12465,100,3938360,1
57541.771152782,1,12466,100,3950429,-1
57542.486598667,1,12467,100,3955688,-1
57542.970726602,3,12466,100,3950429,-1
57543.221650541,3,12467,100,3955688,-1
57543.837458742,1,12468,100,3963810,1
57544.343376034,3,12468,100,3963810,1
57544.789854497,1,12469,100,3963160,-1
57545.137961227,4,12469,100,3963160,-1
57545.670431143,1,12470,100,3963945,-1
57546.374336391,1,12471,100,3972339,-1
57546.74304676,3,12471,100,3972339,-1
57549.165049155,5,12470,100,3963945,-1
57549.505090889,1,12472,100,3967754,-1
57549.928284383,4,12472,100,3967754,-1
57550.225978741,1,12473,100,3958159,-1
57550.856090529,4,12473,100,3958159,-1
57551.23611338,1,12474,100,3948599,-1
57551.966499149,1,12475,100,3941952,1
57552.454417985,4,12474,100,3948599,-1
57552.852858435,4,12475,100,3941952,1
57553.534825954,1,12476,100,3953496,-1
57553.852253642,4,12476,100,3953496,-1
57554.326720529,1,12477,100,3949146,-1
57554.742940063,1,12478,100,3947566,-1
57555.215350617,3,12477,100,3949146,-1
57555.720219781,1,12479,100,3946591,-1
57556.148804664,4,12478,100,3947566,-1
57556.543176363,1,12480,100,3949348,-1
57557.24023304,4,12479,100,3946591,-1
57557.643607962,3,12480,100,3949348,-1
57558.23327922,1,12481,100,3940357,-1
57559.472175909,3,12481,100,3940357,-1
57560.043761349,1,12482,100,3935184,1
57560.509495944,1,12483,100,3939638,1
57561.190203142,1,12484,100,3950042,1
57561.741916165,1,12485,100,3944403,-1
57562.824429867,4,12484,100,3950042,1
57563.259417257,3,12482,100,3935184,1
57563.846621968,3,12483,100,3939638,1
57564.134561865,1,12486,100,3945787,1
57564.62548918,1,12487,100,3951162,1
57564.958507621,3,12486,100,3945787,1
57565.456307731,1,12488,100,3954179,1
57566.025857226,3,12485,100,3944403,-1
57566.286055877,1,12489,100,3964743,-1
57566.614633956,1,12490,100,3973269,-1
57567.443045793,3,12489,100,3964743,-1
57568.107694317,1,12491,100,3972403,1
57568.689674314,3,12487,100,3951162,1
57569.099334167,3,12488,100,3954179,1
57569.495870954,1,12492,100,3959428,1
57570.56845398,4,12492,100,3959428,1
57570.917687171,5,12491,100,3972403,1
57571.351423849,4,12490,100,3973269,-1
57571.67737178,1,12493,100,3967471,1
57572.777252416,4,12493,100,3967471,1
57573.255358319,1,12494,100,3963099,-1
57573.744127046,5,12494,100,3963099,-1
57574.282540789,1,12495,100,3960493,-1
57574.970709928,1,12496,100,3958582,-1
57575.483776458,1,12497,100,3961834,-1
57575.838840502,1,12498,100,3959566,-1
57576.214023196,1,12499,100,3958382,1
57576.922300465,4,12495,100,3960493,-1
57577.885302065,1,12500,100,3963846,1
57578.567841835,1,12501,100,3955165,1
57578.850645315,1,12502,100,3952073,1
57579.357429517,1,12503,100,3955241,1
57579.845277016,4,12503,100,3955241,1
57580.531839801,1,12504,100,3945762,-1
57581.198247541,4,12502,100,3952073,1
57581.492672482,1,12505,100,3946090,-1
57581.757467653,3,12498,100,3959566,-1
57582.806488268,3,12497,100,3961834,-1
57583.419883856,3,12496,100,3958582,-1
57583.892044046,5,12505,100,3946090,-1
57584.36028593,1,12506,100,3965025,-1
57584.914817442,1,12507,100,3978693,-1
57585.57230069,1,12508,100,3969932,-1
57586.139609731,5,12499,100,3958382,1
57586.809619015,4,12504,100,3945762,-1
57587.227343864,4,12506,100,3965025,-1
57587.690200118,1,12509,100,3972925,1
57588.310358596,3,12500,100,3963846,1
57588.602147449,4,12509,100,3972925,1
57589.267746084,5,12501,100,3955165,1
57589.692516267,5,12508,100,3969932,-1
57590.412376888,3,12507,100,3978693,-1
57590.97824918,1,12510,100,3960721,1
57591.616085107,4,12510,100,3960721,1
57592.15033211,1,12511,100,3954600,1
57592.485147908,3,12511,100,3954600,1
57592.932499463,1,12512,100,3949287,1
57594.002041626,1,12513,100,3955115,1
57594.306439532,1,12514,100,3961711,-1
57594.691322823,1,12515,100,3957207,1
57595.30205337,1,12516,100,3960798,-1
57595.890442193,3,12514,100,3961711,-1
57596.603792737,3,12516,100,3960798,-1
57597.248518852,3,12512,100,3949287,1
57597.97229203,1,12517,100,3954257,-1
57598.563271092,3,12517,100,3954257,-1
57598.984730829,4,12513,100,3955115,1
57599.506860469,4,12515,100,3957207,1
57599.874437777,1,12518,100,3936277,1
